timestamp,user,method,endpoint,latency_ms,http_status,outcome,failed,phase
1791234923.4738562,kiemthugialap004@gmail.com,POST,/auth/login,348.402,200,ok,0,warmup
1791234923.4750404,kiemthugialap006@gmail.com,POST,/auth/login,348.794,200,ok,0,warmup
1791234923.476289,kiemthugialap001@gmail.com,POST,/auth/login,358.086,200,ok,0,warmup
1791234923.4873219,kiemthugialap009@gmail.com,POST,/auth/login,359.688,200,ok,0,warmup
1791234923.4885743,kiemthugialap010@gmail.com,POST,/auth/login,360.556,200,ok,0,warmup
1791234923.4939492,kiemthugialap007@gmail.com,POST,/auth/login,367.131,200,ok,0,warmup
1791234923.5001867,kiemthugialap006@gmail.com,GET,/concerts,25.028,200,ok,0,warmup
1791234923.503972,kiemthugialap004@gmail.com,GET,/concerts,29.933,200,ok,0,warmup
1791234923.506232,kiemthugialap001@gmail.com,GET,/concerts,29.846,200,ok,0,warmup
1791234923.5081258,kiemthugialap011@gmail.com,POST,/auth/login,379.729,200,ok,0,warmup
1791234923.5100567,kiemthugialap009@gmail.com,GET,/concerts,22.609,200,ok,0,warmup
1791234923.512038,kiemthugialap010@gmail.com,GET,/concerts,23.36,200,ok,0,warmup
1791234923.5171394,kiemthugialap007@gmail.com,GET,/concerts,23.078,200,ok,0,warmup
1791234923.520591,kiemthugialap006@gmail.com,GET,/concerts/{id}/ticket-types,20.243,200,ok,0,warmup
1791234923.5220172,kiemthugialap005@gmail.com,POST,/auth/login,396.164,200,ok,0,warmup
1791234923.5243995,kiemthugialap004@gmail.com,GET,/concerts/{id}/ticket-types,20.203,200,ok,0,warmup
1791234923.5277898,kiemthugialap001@gmail.com,GET,/concerts/{id}/ticket-types,21.452,200,ok,0,warmup
1791234923.5288274,kiemthugialap011@gmail.com,GET,/concerts,20.604,200,ok,0,warmup
1791234923.5324569,kiemthugialap007@gmail.com,GET,/concerts/{id}/ticket-types,15.207,200,ok,0,warmup
1791234923.5364313,kiemthugialap009@gmail.com,GET,/concerts/{id}/ticket-types,26.268,200,ok,0,warmup
1791234923.545007,kiemthugialap010@gmail.com,GET,/concerts/{id}/ticket-types,32.873,200,ok,0,warmup
1791234923.5535617,kiemthugialap005@gmail.com,GET,/concerts,31.417,200,ok,0,warmup
1791234923.5553813,kiemthugialap006@gmail.com,POST,/orders,34.608,201,ok,0,warmup
1791234923.5595973,kiemthugialap012@gmail.com,POST,/auth/login,430.857,200,ok,0,warmup
1791234923.5634546,kiemthugialap011@gmail.com,GET,/concerts/{id}/ticket-types,34.522,200,ok,0,warmup
1791234923.5689392,kiemthugialap001@gmail.com,POST,/orders,40.978,201,ok,0,warmup
1791234923.570314,kiemthugialap009@gmail.com,GET,/concerts/{id}/ticket-types,33.763,200,ok,0,warmup
1791234923.5742152,kiemthugialap010@gmail.com,GET,/concerts?on_sale=true,29.076,200,ok,0,warmup
1791234923.5749502,kiemthugialap005@gmail.com,GET,/concerts/{id}/ticket-types,21.263,200,ok,0,warmup
1791234923.576543,kiemthugialap012@gmail.com,GET,/concerts,16.85,200,ok,0,warmup
1791234923.5797396,kiemthugialap013@gmail.com,POST,/auth/login,450.698,200,ok,0,warmup
1791234923.5857162,kiemthugialap007@gmail.com,POST,/orders,53.141,201,ok,0,warmup
1791234923.5872045,kiemthugialap012@gmail.com,GET,/concerts/{id}/ticket-types,10.571,200,ok,0,warmup
1791234923.5885592,kiemthugialap013@gmail.com,GET,/concerts,8.72,200,ok,0,warmup
1791234923.5934887,kiemthugialap013@gmail.com,GET,/concerts/{id}/ticket-types,4.841,200,ok,0,warmup
1791234923.5966313,kiemthugialap012@gmail.com,POST,/orders,9.324,201,ok,0,warmup
1791234923.6033964,kiemthugialap013@gmail.com,GET,/concerts/{id},9.791,200,ok,0,warmup
1791234923.6039612,kiemthugialap011@gmail.com,POST,/orders,40.394,201,ok,0,warmup
1791234923.6201239,kiemthugialap005@gmail.com,POST,/orders,45.012,201,ok,0,warmup
1791234923.6350796,kiemthugialap004@gmail.com,POST,/orders,110.56,201,ok,0,warmup
1791234923.6378956,kiemthugialap002@gmail.com,POST,/auth/login,513.607,200,ok,0,warmup
1791234923.6416242,kiemthugialap002@gmail.com,GET,/concerts,3.604,200,ok,0,warmup
1791234923.6452947,kiemthugialap002@gmail.com,GET,/concerts/{id}/ticket-types,3.553,200,ok,0,warmup
1791234923.6515846,kiemthugialap002@gmail.com,POST,/orders,6.166,201,ok,0,warmup
1791234923.6927888,kiemthugialap014@gmail.com,POST,/auth/login,563.432,200,ok,0,warmup
1791234923.6959896,kiemthugialap014@gmail.com,GET,/concerts,2.988,200,ok,0,warmup
1791234923.6996014,kiemthugialap014@gmail.com,GET,/concerts/{id}/ticket-types,3.503,200,ok,0,warmup
1791234923.702901,kiemthugialap003@gmail.com,POST,/auth/login,577.968,200,ok,0,warmup
1791234923.703869,kiemthugialap014@gmail.com,GET,/concerts/{id}/ticket-types,4.164,200,ok,0,warmup
1791234923.7053423,kiemthugialap003@gmail.com,GET,/concerts,2.356,200,ok,0,warmup
1791234923.7079685,kiemthugialap003@gmail.com,GET,/concerts/{id}/ticket-types,2.547,200,ok,0,warmup
1791234923.7151496,kiemthugialap003@gmail.com,POST,/orders,7.071,201,ok,0,warmup
1791234923.7504935,kiemthugialap016@gmail.com,POST,/auth/login,620.536,200,ok,0,warmup
1791234923.7542841,kiemthugialap017@gmail.com,POST,/auth/login,624.048,200,ok,0,warmup
1791234923.756815,kiemthugialap016@gmail.com,GET,/concerts,6.167,200,ok,0,warmup
1791234923.759436,kiemthugialap020@gmail.com,POST,/auth/login,628.416,200,ok,0,warmup
1791234923.7607267,kiemthugialap017@gmail.com,GET,/concerts,6.296,200,ok,0,warmup
1791234923.7662125,kiemthugialap019@gmail.com,POST,/auth/login,635.471,200,ok,0,warmup
1791234923.7672644,kiemthugialap018@gmail.com,POST,/auth/login,636.808,200,ok,0,warmup
1791234923.7678397,kiemthugialap020@gmail.com,GET,/concerts,8.312,200,ok,0,warmup
1791234923.7684088,kiemthugialap016@gmail.com,GET,/concerts/{id}/ticket-types,11.491,200,ok,0,warmup
1791234923.7706866,kiemthugialap015@gmail.com,POST,/auth/login,641.021,200,ok,0,warmup
1791234923.771408,kiemthugialap017@gmail.com,GET,/concerts/{id}/ticket-types,10.596,200,ok,0,warmup
1791234923.7724144,kiemthugialap008@gmail.com,POST,/auth/login,645.187,200,ok,0,warmup
1791234923.7777638,kiemthugialap019@gmail.com,GET,/concerts,11.429,200,ok,0,warmup
1791234923.7807593,kiemthugialap018@gmail.com,GET,/concerts,13.392,200,ok,0,warmup
1791234923.7845893,kiemthugialap017@gmail.com,GET,/concerts,13.088,200,ok,0,warmup
1791234923.7847772,kiemthugialap015@gmail.com,GET,/concerts,13.956,200,ok,0,warmup
1791234923.7852194,kiemthugialap020@gmail.com,GET,/concerts/{id}/ticket-types,17.316,200,ok,0,warmup
1791234923.7868643,kiemthugialap008@gmail.com,GET,/concerts,14.377,200,ok,0,warmup
1791234923.7888386,kiemthugialap016@gmail.com,POST,/orders,20.331,201,ok,0,warmup
1791234923.792986,kiemthugialap019@gmail.com,GET,/concerts/{id}/ticket-types,15.06,200,ok,0,warmup
1791234923.7970965,kiemthugialap018@gmail.com,GET,/concerts/{id}/ticket-types,16.212,200,ok,0,warmup
1791234923.799159,kiemthugialap020@gmail.com,GET,/concerts/{id}/ticket-types,13.857,200,ok,0,warmup
1791234923.79936,kiemthugialap015@gmail.com,GET,/concerts/{id}/ticket-types,14.524,200,ok,0,warmup
1791234923.7998788,kiemthugialap008@gmail.com,GET,/concerts/{id}/ticket-types,12.946,200,ok,0,warmup
1791234923.8063939,kiemthugialap018@gmail.com,GET,/concerts/{id},9.184,200,ok,0,warmup
1791234923.810245,kiemthugialap019@gmail.com,POST,/orders,17.074,201,ok,0,warmup
1791234923.8276017,kiemthugialap008@gmail.com,POST,/orders,27.633,201,ok,0,warmup
1791234923.84574,kiemthugialap015@gmail.com,POST,/orders,46.293,201,ok,0,warmup
1791234924.6139436,kiemthugialap028@gmail.com,POST,/auth/login,472.418,200,ok,0,warmup
1791234924.6145022,kiemthugialap039@gmail.com,POST,/auth/login,468.812,200,ok,0,warmup
1791234924.614899,kiemthugialap033@gmail.com,POST,/auth/login,470.906,200,ok,0,warmup
1791234924.6153526,kiemthugialap038@gmail.com,POST,/auth/login,469.872,200,ok,0,warmup
1791234924.6215203,kiemthugialap034@gmail.com,POST,/auth/login,477.225,200,ok,0,warmup
1791234924.6223464,kiemthugialap024@gmail.com,POST,/auth/login,482.665,200,ok,0,warmup
1791234924.6288447,kiemthugialap004@gmail.com,GET,/concerts,208.021,200,ok,0,warmup
1791234924.6327605,kiemthugialap037@gmail.com,POST,/auth/login,487.631,200,ok,0,warmup
1791234924.6334357,kiemthugialap005@gmail.com,GET,/orders/me,255.984,200,ok,0,warmup
1791234924.6342845,kiemthugialap008@gmail.com,GET,/orders/me,213.012,200,ok,0,warmup
1791234924.6361904,kiemthugialap001@gmail.com,GET,/orders/me,328.134,200,ok,0,warmup
1791234924.6364472,kiemthugialap038@gmail.com,GET,/concerts,21.014,200,ok,0,warmup
1791234924.6386313,kiemthugialap019@gmail.com,GET,/concerts/{id},139.727,200,ok,0,warmup
1791234924.6414082,kiemthugialap028@gmail.com,GET,/concerts,27.348,200,ok,0,warmup
1791234924.6426525,kiemthugialap012@gmail.com,GET,/orders/me,60.118,200,ok,0,warmup
1791234924.6430109,kiemthugialap015@gmail.com,GET,/orders/me,49.565,200,ok,0,warmup
1791234924.6431444,kiemthugialap023@gmail.com,POST,/auth/login,503.796,200,ok,0,warmup
1791234924.645927,kiemthugialap024@gmail.com,GET,/concerts,23.505,200,ok,0,warmup
1791234924.647109,kiemthugialap033@gmail.com,GET,/concerts,32.138,200,ok,0,warmup
1791234924.6481075,kiemthugialap039@gmail.com,GET,/concerts,33.531,200,ok,0,warmup
1791234924.6500127,kiemthugialap023@gmail.com,GET,/concerts,6.802,200,ok,0,warmup
1791234924.652041,kiemthugialap037@gmail.com,GET,/concerts,19.195,200,ok,0,warmup
1791234924.6551604,kiemthugialap024@gmail.com,GET,/concerts/{id}/ticket-types,9.157,200,ok,0,warmup
1791234924.6559737,kiemthugialap011@gmail.com,GET,/orders/me,27.921,200,ok,0,warmup
1791234924.6573205,kiemthugialap028@gmail.com,GET,/concerts/{id}/ticket-types,15.833,200,ok,0,warmup
1791234924.6593344,kiemthugialap034@gmail.com,GET,/concerts,37.724,200,ok,0,warmup
1791234924.6614623,kiemthugialap026@gmail.com,POST,/auth/login,521.078,200,ok,0,warmup
1791234924.6641767,kiemthugialap038@gmail.com,GET,/concerts/{id}/ticket-types,27.633,200,ok,0,warmup
1791234924.6651962,kiemthugialap033@gmail.com,GET,/concerts/{id}/ticket-types,18.0,200,ok,0,warmup
1791234924.6677623,kiemthugialap039@gmail.com,GET,/concerts/{id}/ticket-types,19.57,200,ok,0,warmup
1791234924.6716835,kiemthugialap037@gmail.com,GET,/concerts/{id}/ticket-types,19.547,200,ok,0,warmup
1791234924.6727176,kiemthugialap028@gmail.com,GET,/concerts?on_sale=true,15.306,200,ok,0,warmup
1791234924.6767802,kiemthugialap023@gmail.com,GET,/concerts/{id}/ticket-types,26.683,200,ok,0,warmup
1791234924.6785467,kiemthugialap026@gmail.com,GET,/concerts,17.002,200,ok,0,warmup
1791234924.679624,kiemthugialap034@gmail.com,GET,/concerts/{id}/ticket-types,20.22,200,ok,0,warmup
1791234924.6815946,kiemthugialap024@gmail.com,POST,/orders,26.342,201,ok,0,warmup
1791234924.6837044,kiemthugialap033@gmail.com,GET,/concerts/{id}/ticket-types,18.415,200,ok,0,warmup
1791234924.6848762,kiemthugialap039@gmail.com,GET,/concerts/{id},17.023,200,ok,0,warmup
1791234924.6863651,kiemthugialap025@gmail.com,POST,/auth/login,546.374,200,ok,0,warmup
1791234924.7001429,kiemthugialap026@gmail.com,GET,/concerts/{id}/ticket-types,21.52,200,ok,0,warmup
1791234924.7010942,kiemthugialap025@gmail.com,GET,/concerts,14.657,200,ok,0,warmup
1791234924.7031753,kiemthugialap026@gmail.com,GET,/concerts?on_sale=true,2.947,200,ok,0,warmup
1791234924.7046366,kiemthugialap025@gmail.com,GET,/concerts/{id}/ticket-types,3.478,200,ok,0,warmup
1791234924.706196,kiemthugialap040@gmail.com,POST,/auth/login,560.245,200,ok,0,warmup
1791234924.709889,kiemthugialap040@gmail.com,GET,/concerts,3.625,200,ok,0,warmup
1791234924.7115543,kiemthugialap022@gmail.com,POST,/auth/login,572.55,200,ok,0,warmup
1791234924.7124343,kiemthugialap025@gmail.com,POST,/orders,7.719,201,ok,0,warmup
1791234924.7274542,kiemthugialap029@gmail.com,POST,/auth/login,585.392,200,ok,0,warmup
1791234924.7293074,kiemthugialap030@gmail.com,POST,/auth/login,586.707,200,ok,0,warmup
1791234924.748996,kiemthugialap029@gmail.com,GET,/concerts,21.431,200,ok,0,warmup
1791234924.7520623,kiemthugialap022@gmail.com,GET,/concerts,40.427,200,ok,0,warmup
1791234924.7530954,kiemthugialap037@gmail.com,POST,/orders,81.306,201,ok,0,warmup
1791234924.753266,kiemthugialap040@gmail.com,GET,/concerts/{id}/ticket-types,43.311,200,ok,0,warmup
1791234924.7539682,kiemthugialap030@gmail.com,GET,/concerts,24.578,200,ok,0,warmup
1791234924.7576349,kiemthugialap036@gmail.com,POST,/auth/login,612.771,200,ok,0,warmup
1791234924.7591512,kiemthugialap029@gmail.com,GET,/concerts/{id}/ticket-types,10.047,200,ok,0,warmup
1791234924.7603357,kiemthugialap022@gmail.com,GET,/concerts/{id}/ticket-types,8.178,200,ok,0,warmup
1791234924.7658327,kiemthugialap030@gmail.com,GET,/concerts/{id}/ticket-types,11.753,200,ok,0,warmup
1791234924.7667332,kiemthugialap038@gmail.com,POST,/orders,102.457,201,ok,0,warmup
1791234924.7675786,kiemthugialap036@gmail.com,GET,/concerts,9.864,200,ok,0,warmup
1791234924.7715764,kiemthugialap036@gmail.com,GET,/concerts/{id}/ticket-types,3.909,200,ok,0,warmup
1791234924.7749352,kiemthugialap030@gmail.com,POST,/orders,8.99,201,ok,0,warmup
1791234924.7842999,kiemthugialap022@gmail.com,GET,/concerts/{id}/ticket-types,23.844,200,ok,0,warmup
1791234924.7862487,kiemthugialap023@gmail.com,POST,/orders,109.365,201,ok,0,warmup
1791234924.7958186,kiemthugialap016@gmail.com,GET,/orders/me,17.311,200,ok,0,warmup
1791234924.7966075,kiemthugialap034@gmail.com,POST,/orders,116.894,201,ok,0,warmup
1791234924.8024125,kiemthugialap029@gmail.com,POST,/orders,43.145,201,ok,0,warmup
1791234924.807863,kiemthugialap036@gmail.com,POST,/orders,36.167,201,ok,0,warmup
1791234924.8147945,kiemthugialap040@gmail.com,POST,/orders,61.439,201,ok,0,warmup
1791234924.822415,kiemthugialap009@gmail.com,POST,/orders,7.412,201,ok,0,warmup
1791234924.8370798,kiemthugialap020@gmail.com,GET,/concerts/{id}/ticket-types,4.188,200,ok,0,warmup
1791234924.878551,kiemthugialap032@gmail.com,POST,/auth/login,734.873,200,ok,0,warmup
1791234924.8815722,kiemthugialap032@gmail.com,GET,/concerts,2.898,200,ok,0,warmup
1791234924.884715,kiemthugialap032@gmail.com,GET,/concerts/{id}/ticket-types,3.025,200,ok,0,warmup
1791234924.886577,kiemthugialap021@gmail.com,POST,/auth/login,748.699,200,ok,0,warmup
1791234924.891079,kiemthugialap021@gmail.com,GET,/concerts,4.41,200,ok,0,warmup
1791234924.8933613,kiemthugialap032@gmail.com,POST,/orders,8.553,201,ok,0,warmup
1791234924.8947763,kiemthugialap027@gmail.com,POST,/auth/login,753.806,200,ok,0,warmup
1791234924.8981266,kiemthugialap035@gmail.com,POST,/auth/login,753.548,200,ok,0,warmup
1791234924.8990116,kiemthugialap021@gmail.com,GET,/concerts/{id}/ticket-types,7.845,200,ok,0,warmup
1791234924.8995712,kiemthugialap027@gmail.com,GET,/concerts,4.709,200,ok,0,warmup
1791234924.9021082,kiemthugialap035@gmail.com,GET,/concerts,3.902,200,ok,0,warmup
1791234924.9032943,kiemthugialap031@gmail.com,POST,/auth/login,760.17,200,ok,0,warmup
1791234924.9088297,kiemthugialap031@gmail.com,GET,/concerts,5.45,200,ok,0,warmup
1791234924.9106405,kiemthugialap027@gmail.com,GET,/concerts/{id}/ticket-types,10.992,200,ok,0,warmup
1791234924.9115787,kiemthugialap035@gmail.com,GET,/concerts/{id}/ticket-types,9.399,200,ok,0,warmup
1791234924.9124832,kiemthugialap021@gmail.com,POST,/orders,13.396,201,ok,0,warmup
1791234924.9150577,kiemthugialap027@gmail.com,GET,/concerts,4.326,200,ok,0,warmup
1791234924.9153764,kiemthugialap035@gmail.com,GET,/concerts/{id},3.733,200,ok,0,warmup
1791234924.9181325,kiemthugialap031@gmail.com,GET,/concerts/{id}/ticket-types,9.216,200,ok,0,warmup
1791234924.9202254,kiemthugialap031@gmail.com,GET,/concerts?on_sale=true,2.019,200,ok,0,warmup
1791234924.9543488,kiemthugialap017@gmail.com,GET,/concerts/{id}/ticket-types,3.998,200,ok,0,warmup
1791234925.1011915,kiemthugialap013@gmail.com,POST,/orders,9.107,201,ok,0,warmup
1791234925.1188354,kiemthugialap018@gmail.com,POST,/orders,5.895,201,ok,0,warmup
1791234925.1793828,kiemthugialap014@gmail.com,GET,/concerts/{id}/ticket-types,27.775,200,ok,0,warmup
1791234925.516533,kiemthugialap043@gmail.com,POST,/auth/login,362.658,200,ok,0,warmup
1791234925.5211053,kiemthugialap026@gmail.com,GET,/concerts/{id}/ticket-types,14.065,200,ok,0,warmup
1791234925.591925,kiemthugialap053@gmail.com,POST,/auth/login,434.076,200,ok,0,warmup
1791234925.593045,kiemthugialap041@gmail.com,POST,/auth/login,440.841,200,ok,0,warmup
1791234925.5936837,kiemthugialap045@gmail.com,POST,/auth/login,438.734,200,ok,0,warmup
1791234925.597673,kiemthugialap021@gmail.com,GET,/orders/me,26.352,200,ok,0,warmup
1791234925.598834,kiemthugialap034@gmail.com,GET,/concerts?on_sale=true,91.276,200,ok,0,warmup
1791234925.6004734,kiemthugialap015@gmail.com,GET,/orders/me,92.632,200,ok,0,warmup
1791234925.6020195,kiemthugialap007@gmail.com,GET,/orders/me,92.124,200,ok,0,warmup
1791234925.6029773,kiemthugialap037@gmail.com,GET,/concerts?on_sale=true,92.786,200,ok,0,warmup
1791234925.6043277,kiemthugialap006@gmail.com,GET,/concerts/{id},96.222,200,ok,0,warmup
1791234925.609878,kiemthugialap052@gmail.com,POST,/auth/login,452.327,200,ok,0,warmup
1791234925.6112838,kiemthugialap010@gmail.com,POST,/orders,167.189,201,ok,0,warmup
1791234925.6195917,kiemthugialap038@gmail.com,GET,/orders/me,111.222,200,ok,0,warmup
1791234925.6207802,kiemthugialap043@gmail.com,GET,/concerts,104.13,200,ok,0,warmup
1791234925.6231463,kiemthugialap002@gmail.com,GET,/orders/me,101.897,200,ok,0,warmup
1791234925.6265743,kiemthugialap004@gmail.com,GET,/orders/me,89.91,200,ok,0,warmup
1791234925.6342146,kiemthugialap051@gmail.com,POST,/auth/login,477.012,200,ok,0,warmup
1791234925.6354268,kiemthugialap041@gmail.com,GET,/concerts,42.279,200,ok,0,warmup
1791234925.6375957,kiemthugialap058@gmail.com,POST,/auth/login,473.925,200,ok,0,warmup
1791234925.6391108,kiemthugialap053@gmail.com,GET,/concerts,47.083,200,ok,0,warmup
1791234925.6420677,kiemthugialap052@gmail.com,GET,/concerts,32.087,200,ok,0,warmup
1791234925.643982,kiemthugialap051@gmail.com,GET,/concerts,9.677,200,ok,0,warmup
1791234925.646895,kiemthugialap043@gmail.com,GET,/concerts/{id}/ticket-types,26.009,200,ok,0,warmup
1791234925.6477983,kiemthugialap056@gmail.com,POST,/auth/login,488.912,200,ok,0,warmup
1791234925.6494322,kiemthugialap035@gmail.com,GET,/concerts/{id},24.131,200,ok,0,warmup
1791234925.6518104,kiemthugialap041@gmail.com,GET,/concerts/{id}/ticket-types,16.301,200,ok,0,warmup
1791234925.6525486,kiemthugialap045@gmail.com,GET,/concerts,58.794,200,ok,0,warmup
1791234925.65328,kiemthugialap059@gmail.com,POST,/auth/login,488.875,200,ok,0,warmup
1791234925.6547651,kiemthugialap058@gmail.com,GET,/concerts,17.092,200,ok,0,warmup
1791234925.6618905,kiemthugialap051@gmail.com,GET,/concerts/{id}/ticket-types,17.818,200,ok,0,warmup
1791234925.662704,kiemthugialap053@gmail.com,GET,/concerts/{id}/ticket-types,23.48,200,ok,0,warmup
1791234925.6647801,kiemthugialap052@gmail.com,GET,/concerts/{id}/ticket-types,22.619,200,ok,0,warmup
1791234925.6696877,kiemthugialap056@gmail.com,GET,/concerts,21.786,200,ok,0,warmup
1791234925.6706026,kiemthugialap059@gmail.com,GET,/concerts,17.23,200,ok,0,warmup
1791234925.6722522,kiemthugialap043@gmail.com,POST,/orders,25.254,201,ok,0,warmup
1791234925.675762,kiemthugialap045@gmail.com,GET,/concerts/{id}/ticket-types,23.12,200,ok,0,warmup
1791234925.6768324,kiemthugialap058@gmail.com,GET,/concerts/{id}/ticket-types,21.992,200,ok,0,warmup
1791234925.6821697,kiemthugialap046@gmail.com,POST,/auth/login,526.799,200,ok,0,warmup
1791234925.6918483,kiemthugialap055@gmail.com,POST,/auth/login,533.418,200,ok,0,warmup
1791234925.6948345,kiemthugialap052@gmail.com,POST,/orders,29.96,201,ok,0,warmup
1791234925.6955893,kiemthugialap056@gmail.com,GET,/concerts/{id}/ticket-types,25.8,200,ok,0,warmup
1791234925.70119,kiemthugialap047@gmail.com,POST,/auth/login,545.425,200,ok,0,warmup
1791234925.7023983,kiemthugialap045@gmail.com,POST,/orders,26.533,201,ok,0,warmup
1791234925.7065737,kiemthugialap053@gmail.com,GET,/concerts?on_sale=true,43.78,200,ok,0,warmup
1791234925.7077208,kiemthugialap051@gmail.com,GET,/concerts,45.73,200,ok,0,warmup
1791234925.7105901,kiemthugialap044@gmail.com,POST,/auth/login,556.136,200,ok,0,warmup
1791234925.7134082,kiemthugialap059@gmail.com,GET,/concerts/{id}/ticket-types,42.722,200,ok,0,warmup
1791234925.7150822,kiemthugialap046@gmail.com,GET,/concerts,32.836,200,ok,0,warmup
1791234925.717731,kiemthugialap054@gmail.com,POST,/auth/login,559.623,200,ok,0,warmup
1791234925.7181249,kiemthugialap003@gmail.com,GET,/orders/me,57.589,200,ok,0,warmup
1791234925.718688,kiemthugialap055@gmail.com,GET,/concerts,26.747,200,ok,0,warmup
1791234925.719243,kiemthugialap057@gmail.com,POST,/auth/login,557.714,200,ok,0,warmup
1791234925.72021,kiemthugialap056@gmail.com,GET,/concerts?on_sale=true,24.532,200,ok,0,warmup
1791234925.720557,kiemthugialap041@gmail.com,POST,/orders,68.675,201,ok,0,warmup
1791234925.720981,kiemthugialap047@gmail.com,GET,/concerts,19.701,200,ok,0,warmup
1791234925.725903,kiemthugialap044@gmail.com,GET,/concerts,15.222,200,ok,0,warmup
1791234925.7292118,kiemthugialap022@gmail.com,POST,/orders,46.647,201,ok,0,warmup
1791234925.732148,kiemthugialap057@gmail.com,GET,/concerts,12.812,200,ok,0,warmup
1791234925.73349,kiemthugialap046@gmail.com,GET,/concerts/{id}/ticket-types,18.323,200,ok,0,warmup
1791234925.7342005,kiemthugialap054@gmail.com,GET,/concerts,16.392,200,ok,0,warmup
1791234925.7509527,kiemthugialap054@gmail.com,GET,/concerts/{id}/ticket-types,16.657,200,ok,0,warmup
1791234925.7518368,kiemthugialap055@gmail.com,GET,/concerts/{id}/ticket-types,33.078,200,ok,0,warmup
1791234925.7530358,kiemthugialap047@gmail.com,GET,/concerts/{id}/ticket-types,31.971,200,ok,0,warmup
1791234925.7537584,kiemthugialap059@gmail.com,POST,/orders,40.268,201,ok,0,warmup
1791234925.7541547,kiemthugialap044@gmail.com,GET,/concerts/{id}/ticket-types,28.165,200,ok,0,warmup
1791234925.7553663,kiemthugialap057@gmail.com,GET,/concerts/{id}/ticket-types,23.123,200,ok,0,warmup
1791234925.761242,kiemthugialap054@gmail.com,GET,/concerts/{id},10.162,200,ok,0,warmup
1791234925.7636905,kiemthugialap047@gmail.com,GET,/concerts?on_sale=true,10.569,200,ok,0,warmup
1791234925.7640479,kiemthugialap057@gmail.com,GET,/concerts,8.616,200,ok,0,warmup
1791234925.7642803,kiemthugialap046@gmail.com,POST,/orders,30.592,201,ok,0,warmup
1791234925.7647185,kiemthugialap044@gmail.com,GET,/concerts/{id}/ticket-types,10.488,200,ok,0,warmup
1791234925.7686357,kiemthugialap055@gmail.com,POST,/orders,16.687,201,ok,0,warmup
1791234925.7832642,kiemthugialap058@gmail.com,POST,/orders,106.337,201,ok,0,warmup
1791234925.7839122,kiemthugialap024@gmail.com,GET,/concerts?on_sale=true,3.882,200,ok,0,warmup
1791234925.7970948,kiemthugialap042@gmail.com,POST,/auth/login,643.849,200,ok,0,warmup
1791234925.8026967,kiemthugialap042@gmail.com,GET,/concerts,5.456,200,ok,0,warmup
1791234925.8080888,kiemthugialap042@gmail.com,GET,/concerts/{id}/ticket-types,5.257,200,ok,0,warmup
1791234925.819318,kiemthugialap033@gmail.com,POST,/orders,12.992,201,ok,0,warmup
1791234925.825528,kiemthugialap042@gmail.com,POST,/orders,17.22,201,ok,0,warmup
1791234925.8614352,kiemthugialap060@gmail.com,POST,/auth/login,696.397,200,ok,0,warmup
1791234925.862986,kiemthugialap049@gmail.com,POST,/auth/login,706.485,200,ok,0,warmup
1791234925.866237,kiemthugialap060@gmail.com,GET,/concerts,4.662,200,ok,0,warmup
1791234925.867057,kiemthugialap049@gmail.com,GET,/concerts,3.995,200,ok,0,warmup
1791234925.870584,kiemthugialap060@gmail.com,GET,/concerts/{id}/ticket-types,4.259,200,ok,0,warmup
1791234925.871547,kiemthugialap049@gmail.com,GET,/concerts/{id}/ticket-types,4.425,200,ok,0,warmup
1791234925.8750858,kiemthugialap049@gmail.com,GET,/concerts?on_sale=true,3.452,200,ok,0,warmup
1791234925.8755572,kiemthugialap060@gmail.com,GET,/concerts/{id}/ticket-types,4.869,200,ok,0,warmup
1791234925.880271,kiemthugialap050@gmail.com,POST,/auth/login,723.375,200,ok,0,warmup
1791234925.8833287,kiemthugialap050@gmail.com,GET,/concerts,2.937,200,ok,0,warmup
1791234925.8864388,kiemthugialap050@gmail.com,GET,/concerts/{id}/ticket-types,3.024,200,ok,0,warmup
1791234925.8894794,kiemthugialap048@gmail.com,POST,/auth/login,733.344,200,ok,0,warmup
1791234925.8904655,kiemthugialap050@gmail.com,GET,/concerts,3.936,200,ok,0,warmup
1791234925.891933,kiemthugialap048@gmail.com,GET,/concerts,2.364,200,ok,0,warmup
1791234925.8946757,kiemthugialap048@gmail.com,GET,/concerts/{id}/ticket-types,2.661,200,ok,0,warmup
1791234925.897632,kiemthugialap048@gmail.com,GET,/concerts/{id}/ticket-types,2.871,200,ok,0,warmup
1791234925.9671614,kiemthugialap017@gmail.com,POST,/orders,9.895,201,ok,0,warmup
1791234925.9921167,kiemthugialap001@gmail.com,GET,/concerts/{id},5.4,200,ok,0,warmup
1791234925.9930792,kiemthugialap029@gmail.com,GET,/orders/me,5.678,200,ok,0,warmup
1791234926.0959792,kiemthugialap016@gmail.com,GET,/orders/me,5.975,200,ok,0,warmup
1791234926.1472483,kiemthugialap012@gmail.com,GET,/concerts/{id},10.973,200,ok,0,warmup
1791234926.1646821,kiemthugialap008@gmail.com,GET,/orders/me,27.506,200,ok,0,warmup
1791234926.1650934,kiemthugialap031@gmail.com,POST,/orders,26.742,201,ok,0,warmup
1791234926.4217622,kiemthugialap025@gmail.com,GET,/orders/me,238.829,200,ok,0,warmup
1791234926.4223068,kiemthugialap005@gmail.com,GET,/orders/me,247.228,200,ok,0,warmup
1791234926.4229646,kiemthugialap043@gmail.com,GET,/orders/me,158.485,200,ok,0,warmup
1791234926.5361004,kiemthugialap067@gmail.com,POST,/auth/login,379.064,200,ok,0,warmup
1791234926.6014204,kiemthugialap069@gmail.com,POST,/auth/login,443.345,200,ok,0,warmup
1791234926.6024141,kiemthugialap076@gmail.com,POST,/auth/login,440.428,200,ok,0,warmup
1791234926.603168,kiemthugialap064@gmail.com,POST,/auth/login,449.036,200,ok,0,warmup
1791234926.6210697,kiemthugialap065@gmail.com,POST,/auth/login,465.809,200,ok,0,warmup
1791234926.6286714,kiemthugialap004@gmail.com,GET,/orders/me,452.944,200,ok,0,warmup
1791234926.6307473,kiemthugialap051@gmail.com,POST,/orders,41.777,409,sold_out,0,warmup
1791234926.6323655,kiemthugialap045@gmail.com,GET,/orders/me,367.067,200,ok,0,warmup
1791234926.6340053,kiemthugialap039@gmail.com,GET,/concerts?on_sale=true,295.226,200,ok,0,warmup
1791234926.6356556,kiemthugialap052@gmail.com,GET,/concerts/{id},212.53,200,ok,0,warmup
1791234926.6365955,kiemthugialap055@gmail.com,GET,/concerts,212.782,200,ok,0,warmup
1791234926.637569,kiemthugialap009@gmail.com,GET,/concerts?on_sale=true,213.447,200,ok,0,warmup
1791234926.6389093,kiemthugialap071@gmail.com,POST,/auth/login,479.644,200,ok,0,warmup
1791234926.640983,kiemthugialap019@gmail.com,GET,/orders/me,216.158,200,ok,0,warmup
1791234926.6421561,kiemthugialap057@gmail.com,GET,/concerts/{id},216.994,200,ok,0,warmup
1791234926.6425328,kiemthugialap061@gmail.com,POST,/auth/login,491.143,200,ok,0,warmup
1791234926.6473024,kiemthugialap071@gmail.com,GET,/concerts,8.305,200,ok,0,warmup
1791234926.647781,kiemthugialap072@gmail.com,POST,/auth/login,488.09,200,ok,0,warmup
1791234926.6491563,kiemthugialap032@gmail.com,GET,/orders/me,223.339,200,ok,0,warmup
1791234926.6512065,kiemthugialap028@gmail.com,POST,/orders,225.735,409,sold_out,0,warmup
1791234926.6521819,kiemthugialap067@gmail.com,GET,/concerts,115.972,200,ok,0,warmup
1791234926.656104,kiemthugialap011@gmail.com,GET,/orders/me,127.119,200,ok,0,warmup
1791234926.6567092,kiemthugialap034@gmail.com,GET,/orders/me,127.291,200,ok,0,warmup
1791234926.6570892,kiemthugialap072@gmail.com,GET,/concerts,9.235,200,ok,0,warmup
1791234926.6596365,kiemthugialap076@gmail.com,GET,/concerts,57.142,200,ok,0,warmup
1791234926.6604452,kiemthugialap069@gmail.com,GET,/concerts,58.933,200,ok,0,warmup
1791234926.661143,kiemthugialap064@gmail.com,GET,/concerts,57.856,200,ok,0,warmup
1791234926.664688,kiemthugialap065@gmail.com,GET,/concerts,43.525,200,ok,0,warmup
1791234926.665815,kiemthugialap024@gmail.com,GET,/concerts?on_sale=true,37.935,200,ok,0,warmup
1791234926.6707332,kiemthugialap068@gmail.com,POST,/auth/login,513.1,200,ok,0,warmup
1791234926.6754804,kiemthugialap051@gmail.com,GET,/concerts/{id}/ticket-types,44.628,200,ok,0,warmup
1791234926.6790497,kiemthugialap062@gmail.com,POST,/auth/login,526.749,200,ok,0,warmup
1791234926.679721,kiemthugialap014@gmail.com,POST,/orders,48.563,201,ok,0,warmup
1791234926.6798587,kiemthugialap061@gmail.com,GET,/concerts,37.26,200,ok,0,warmup
1791234926.6802294,kiemthugialap064@gmail.com,GET,/concerts/{id}/ticket-types,19.013,200,ok,0,warmup
1791234926.6819472,kiemthugialap063@gmail.com,POST,/auth/login,528.264,200,ok,0,warmup
1791234926.6911907,kiemthugialap013@gmail.com,GET,/concerts,33.598,200,ok,0,warmup
1791234926.6954012,kiemthugialap072@gmail.com,GET,/concerts/{id}/ticket-types,38.228,200,ok,0,warmup
1791234926.6961298,kiemthugialap067@gmail.com,GET,/concerts/{id}/ticket-types,43.868,200,ok,0,warmup
1791234926.6978254,kiemthugialap076@gmail.com,GET,/concerts/{id}/ticket-types,38.097,200,ok,0,warmup
1791234926.698529,kiemthugialap071@gmail.com,GET,/concerts/{id}/ticket-types,51.149,200,ok,0,warmup
1791234926.6991975,kiemthugialap028@gmail.com,GET,/concerts/{id}/ticket-types,47.915,200,ok,0,warmup
1791234926.6993551,kiemthugialap020@gmail.com,POST,/orders,121.405,201,ok,0,warmup
1791234926.7009482,kiemthugialap017@gmail.com,GET,/concerts/{id},173.05,200,ok,0,warmup
1791234926.7011187,kiemthugialap069@gmail.com,GET,/concerts/{id}/ticket-types,40.6,200,ok,0,warmup
1791234926.7092936,kiemthugialap068@gmail.com,GET,/concerts,38.425,200,ok,0,warmup
1791234926.7097857,kiemthugialap063@gmail.com,GET,/concerts,27.762,200,ok,0,warmup
1791234926.7113981,kiemthugialap061@gmail.com,GET,/concerts/{id}/ticket-types,31.478,200,ok,0,warmup
1791234926.7120707,kiemthugialap065@gmail.com,GET,/concerts/{id}/ticket-types,47.304,200,ok,0,warmup
1791234926.7131002,kiemthugialap064@gmail.com,POST,/orders,32.801,201,ok,0,warmup
1791234926.715144,kiemthugialap062@gmail.com,GET,/concerts,36.018,200,ok,0,warmup
1791234926.715665,kiemthugialap022@gmail.com,GET,/orders/me,34.249,200,ok,0,warmup
1791234926.7180696,kiemthugialap067@gmail.com,GET,/concerts,21.851,200,ok,0,warmup
1791234926.7193804,kiemthugialap071@gmail.com,GET,/concerts,20.773,200,ok,0,warmup
1791234926.7217793,kiemthugialap074@gmail.com,POST,/auth/login,561.006,200,ok,0,warmup
1791234926.7229028,kiemthugialap007@gmail.com,GET,/orders/me,28.237,200,ok,0,warmup
1791234926.7246664,kiemthugialap072@gmail.com,GET,/concerts/{id}/ticket-types,29.156,200,ok,0,warmup
1791234926.7298558,kiemthugialap063@gmail.com,GET,/concerts/{id}/ticket-types,19.991,200,ok,0,warmup
1791234926.7306328,kiemthugialap068@gmail.com,GET,/concerts/{id}/ticket-types,21.25,200,ok,0,warmup
1791234926.7361789,kiemthugialap065@gmail.com,GET,/concerts/{id}/ticket-types,24.012,200,ok,0,warmup
1791234926.7363827,kiemthugialap061@gmail.com,GET,/concerts/{id}/ticket-types,24.904,200,ok,0,warmup
1791234926.7374268,kiemthugialap069@gmail.com,POST,/orders,36.233,201,ok,0,warmup
1791234926.7392907,kiemthugialap062@gmail.com,GET,/concerts/{id}/ticket-types,24.073,200,ok,0,warmup
1791234926.742453,kiemthugialap077@gmail.com,POST,/auth/login,580.115,200,ok,0,warmup
1791234926.7448902,kiemthugialap040@gmail.com,GET,/orders/me,30.247,200,ok,0,warmup
1791234926.7459812,kiemthugialap074@gmail.com,GET,/concerts,24.119,200,ok,0,warmup
1791234926.7494318,kiemthugialap063@gmail.com,GET,/concerts?on_sale=true,19.478,200,ok,0,warmup
1791234926.7496002,kiemthugialap023@gmail.com,GET,/concerts/{id},18.568,200,ok,0,warmup
1791234926.7507627,kiemthugialap026@gmail.com,POST,/orders,34.741,201,ok,0,warmup
1791234926.7509017,kiemthugialap075@gmail.com,POST,/auth/login,589.612,200,ok,0,warmup
1791234926.756056,kiemthugialap012@gmail.com,GET,/orders/me,27.636,200,ok,0,warmup
1791234926.759364,kiemthugialap074@gmail.com,GET,/concerts/{id}/ticket-types,13.287,200,ok,0,warmup
1791234926.760476,kiemthugialap077@gmail.com,GET,/concerts,17.931,200,ok,0,warmup
1791234926.7624536,kiemthugialap075@gmail.com,GET,/concerts,11.488,200,ok,0,warmup
1791234926.763234,kiemthugialap068@gmail.com,POST,/orders,32.529,201,ok,0,warmup
1791234926.764786,kiemthugialap030@gmail.com,GET,/concerts/{id},11.215,200,ok,0,warmup
1791234926.7677147,kiemthugialap077@gmail.com,GET,/concerts/{id}/ticket-types,7.163,200,ok,0,warmup
1791234926.768735,kiemthugialap075@gmail.com,GET,/concerts/{id}/ticket-types,6.21,200,ok,0,warmup
1791234926.7718816,kiemthugialap066@gmail.com,POST,/auth/login,615.962,200,ok,0,warmup
1791234926.7734897,kiemthugialap062@gmail.com,POST,/orders,34.093,201,ok,0,warmup
1791234926.7738717,kiemthugialap074@gmail.com,GET,/concerts/{id}/ticket-types,14.407,200,ok,0,warmup
1791234926.78042,kiemthugialap066@gmail.com,GET,/concerts,8.439,200,ok,0,warmup
1791234926.7814572,kiemthugialap075@gmail.com,GET,/concerts/{id}/ticket-types,12.64,200,ok,0,warmup
1791234926.7817805,kiemthugialap036@gmail.com,GET,/concerts/{id},9.454,200,ok,0,warmup
1791234926.7821417,kiemthugialap077@gmail.com,POST,/orders,14.356,201,ok,0,warmup
1791234926.788307,kiemthugialap076@gmail.com,POST,/orders,90.375,201,ok,0,warmup
1791234926.7888944,kiemthugialap066@gmail.com,GET,/concerts/{id}/ticket-types,8.376,200,ok,0,warmup
1791234926.7934,kiemthugialap066@gmail.com,GET,/concerts/{id}/ticket-types,4.377,200,ok,0,warmup
1791234926.8139594,kiemthugialap070@gmail.com,POST,/auth/login,655.125,200,ok,0,warmup
1791234926.816743,kiemthugialap070@gmail.com,GET,/concerts,2.681,200,ok,0,warmup
1791234926.8202884,kiemthugialap070@gmail.com,GET,/concerts/{id}/ticket-types,3.39,200,ok,0,warmup
1791234926.8233418,kiemthugialap070@gmail.com,GET,/concerts/{id}/ticket-types,2.936,200,ok,0,warmup
1791234926.8538043,kiemthugialap058@gmail.com,GET,/orders/me,5.59,200,ok,0,warmup
1791234926.8604603,kiemthugialap047@gmail.com,POST,/orders,6.344,201,ok,0,warmup
1791234926.8734524,kiemthugialap079@gmail.com,POST,/auth/login,710.349,200,ok,0,warmup
1791234926.8758368,kiemthugialap078@gmail.com,POST,/auth/login,713.164,200,ok,0,warmup
1791234926.879077,kiemthugialap042@gmail.com,GET,/concerts,8.051,200,ok,0,warmup
1791234926.884132,kiemthugialap078@gmail.com,GET,/concerts,8.171,200,ok,0,warmup
1791234926.884925,kiemthugialap079@gmail.com,GET,/concerts,11.321,200,ok,0,warmup
1791234926.88557,kiemthugialap031@gmail.com,GET,/orders/me,15.214,200,ok,0,warmup
1791234926.8900716,kiemthugialap018@gmail.com,GET,/orders/me,8.175,200,ok,0,warmup
1791234926.8910992,kiemthugialap079@gmail.com,GET,/concerts/{id}/ticket-types,6.049,200,ok,0,warmup
1791234926.8921742,kiemthugialap078@gmail.com,GET,/concerts/{id}/ticket-types,7.932,200,ok,0,warmup
1791234926.8977954,kiemthugialap073@gmail.com,POST,/auth/login,737.544,200,ok,0,warmup
1791234926.9032574,kiemthugialap079@gmail.com,POST,/orders,12.053,201,ok,0,warmup
1791234926.9125128,kiemthugialap080@gmail.com,POST,/auth/login,749.107,200,ok,0,warmup
1791234926.91962,kiemthugialap080@gmail.com,GET,/concerts,6.963,200,ok,0,warmup
1791234926.9211109,kiemthugialap078@gmail.com,POST,/orders,28.855,201,ok,0,warmup
1791234926.9214816,kiemthugialap073@gmail.com,GET,/concerts,23.58,200,ok,0,warmup
1791234926.92215,kiemthugialap027@gmail.com,GET,/concerts/{id}/ticket-types,23.573,200,ok,0,warmup
1791234926.9246252,kiemthugialap080@gmail.com,GET,/concerts/{id}/ticket-types,4.881,200,ok,0,warmup
1791234926.9274917,kiemthugialap015@gmail.com,GET,/orders/me,14.505,200,ok,0,warmup
1791234926.9281495,kiemthugialap073@gmail.com,GET,/concerts/{id}/ticket-types,6.601,200,ok,0,warmup
1791234926.935376,kiemthugialap080@gmail.com,POST,/orders,10.62,201,ok,0,warmup
1791234926.9442651,kiemthugialap073@gmail.com,POST,/orders,15.993,201,ok,0,warmup
1791234926.9769428,kiemthugialap029@gmail.com,GET,/orders/me,6.148,200,ok,0,warmup
1791234927.0079858,kiemthugialap043@gmail.com,GET,/orders/me,9.175,200,ok,0,warmup
1791234927.0231748,kiemthugialap050@gmail.com,GET,/concerts,4.228,200,ok,0,warmup
1791234927.0707304,kiemthugialap002@gmail.com,GET,/orders/me,6.018,200,ok,0,warmup
1791234927.0893364,kiemthugialap021@gmail.com,GET,/orders/me,8.508,200,ok,0,warmup
1791234927.0898166,kiemthugialap001@gmail.com,GET,/orders/me,8.24,200,ok,0,warmup
1791234927.106446,kiemthugialap056@gmail.com,POST,/orders,7.419,409,sold_out,0,warmup
1791234927.1085331,kiemthugialap044@gmail.com,GET,/concerts,4.191,200,ok,0,warmup
1791234927.1103926,kiemthugialap056@gmail.com,GET,/concerts/{id}/ticket-types,3.817,200,ok,0,warmup
1791234927.1142433,kiemthugialap010@gmail.com,GET,/orders/me,3.694,200,ok,0,warmup
1791234927.1652248,kiemthugialap053@gmail.com,POST,/orders,16.044,201,ok,0,warmup
1791234927.472036,kiemthugialap083@gmail.com,POST,/auth/login,317.679,200,ok,0,warmup
1791234927.4750032,kiemthugialap085@gmail.com,POST,/auth/login,319.593,200,ok,0,warmup
1791234927.4760787,kiemthugialap084@gmail.com,POST,/auth/login,321.175,200,ok,0,warmup
1791234927.4924695,kiemthugialap098@gmail.com,POST,/auth/login,329.817,200,ok,0,warmup
1791234927.5190516,kiemthugialap087@gmail.com,POST,/auth/login,362.524,200,ok,0,warmup
1791234927.5351741,kiemthugialap086@gmail.com,POST,/auth/login,379.283,200,ok,0,warmup
1791234927.5378444,kiemthugialap091@gmail.com,POST,/auth/login,379.173,200,ok,0,warmup
1791234927.538641,kiemthugialap072@gmail.com,GET,/concerts/{id},185.916,200,ok,0,warmup
1791234927.5445175,kiemthugialap041@gmail.com,GET,/orders/me,190.605,200,ok,0,warmup
1791234927.5463436,kiemthugialap014@gmail.com,GET,/orders/me,191.884,200,ok,0,warmup
1791234927.5538094,kiemthugialap082@gmail.com,POST,/auth/login,399.995,200,ok,0,warmup
1791234927.5595603,kiemthugialap026@gmail.com,GET,/orders/me,203.303,200,ok,0,warmup
1791234927.560089,kiemthugialap037@gmail.com,GET,/concerts?on_sale=true,200.79,200,ok,0,warmup
1791234927.5605545,kiemthugialap065@gmail.com,POST,/orders,205.573,201,ok,0,warmup
1791234927.5620055,kiemthugialap093@gmail.com,POST,/auth/login,402.045,200,ok,0,warmup
1791234927.5663493,kiemthugialap046@gmail.com,GET,/concerts/{id},164.17,200,ok,0,warmup
1791234927.571142,kiemthugialap035@gmail.com,GET,/concerts/{id}/ticket-types,212.598,200,ok,0,warmup
1791234927.571715,kiemthugialap092@gmail.com,POST,/auth/login,412.389,200,ok,0,warmup
1791234927.5774922,kiemthugialap060@gmail.com,POST,/orders,175.786,201,ok,0,warmup
1791234927.5816307,kiemthugialap083@gmail.com,GET,/concerts,109.368,200,ok,0,warmup
1791234927.5834222,kiemthugialap034@gmail.com,GET,/orders/me,125.446,200,ok,0,warmup
1791234927.5867476,kiemthugialap006@gmail.com,GET,/orders/me,129.79,200,ok,0,warmup
1791234927.5869539,kiemthugialap040@gmail.com,GET,/orders/me,120.239,200,ok,0,warmup
1791234927.5883803,kiemthugialap057@gmail.com,POST,/orders,188.523,201,ok,0,warmup
1791234927.5894413,kiemthugialap085@gmail.com,GET,/concerts,114.34,200,ok,0,warmup
1791234927.5907092,kiemthugialap084@gmail.com,GET,/concerts,114.547,200,ok,0,warmup
1791234927.5921018,kiemthugialap098@gmail.com,GET,/concerts,99.493,200,ok,0,warmup
1791234927.5991573,kiemthugialap017@gmail.com,GET,/orders/me,105.886,200,ok,0,warmup
1791234927.5994153,kiemthugialap087@gmail.com,GET,/concerts,80.208,200,ok,0,warmup
1791234927.6041336,kiemthugialap079@gmail.com,GET,/orders/me,90.158,200,ok,0,warmup
1791234927.6073852,kiemthugialap091@gmail.com,GET,/concerts,69.421,200,ok,0,warmup
1791234927.6083276,kiemthugialap049@gmail.com,POST,/orders,114.718,201,ok,0,warmup
1791234927.608507,kiemthugialap086@gmail.com,GET,/concerts,73.176,200,ok,0,warmup
1791234927.6103256,kiemthugialap073@gmail.com,GET,/orders/me,74.276,200,ok,0,warmup
1791234927.6169498,kiemthugialap003@gmail.com,GET,/orders/me,77.925,200,ok,0,warmup
1791234927.6180534,kiemthugialap095@gmail.com,POST,/auth/login,456.971,200,ok,0,warmup
1791234927.6216571,kiemthugialap082@gmail.com,GET,/concerts,67.697,200,ok,0,warmup
1791234927.6253438,kiemthugialap100@gmail.com,POST,/auth/login,461.656,200,ok,0,warmup
1791234927.6278093,kiemthugialap067@gmail.com,GET,/concerts?on_sale=true,81.315,200,ok,0,warmup
1791234927.6305947,kiemthugialap093@gmail.com,GET,/concerts,68.512,200,ok,0,warmup
1791234927.631313,kiemthugialap089@gmail.com,POST,/auth/login,473.875,200,ok,0,warmup
1791234927.6333625,kiemthugialap091@gmail.com,GET,/concerts/{id}/ticket-types,25.849,200,ok,0,warmup
1791234927.6345134,kiemthugialap070@gmail.com,POST,/orders,89.399,201,ok,0,warmup
1791234927.6349185,kiemthugialap092@gmail.com,GET,/concerts,63.121,200,ok,0,warmup
1791234927.638305,kiemthugialap038@gmail.com,GET,/orders/me,40.093,200,ok,0,warmup
1791234927.6426206,kiemthugialap032@gmail.com,GET,/concerts,72.734,200,ok,0,warmup
1791234927.6440125,kiemthugialap083@gmail.com,GET,/concerts/{id}/ticket-types,62.229,200,ok,0,warmup
1791234927.6467388,kiemthugialap088@gmail.com,POST,/auth/login,489.834,200,ok,0,warmup
1791234927.647752,kiemthugialap081@gmail.com,POST,/auth/login,494.499,200,ok,0,warmup
1791234927.6487355,kiemthugialap085@gmail.com,GET,/concerts/{id}/ticket-types,59.19,200,ok,0,warmup
1791234927.6556413,kiemthugialap059@gmail.com,GET,/concerts?on_sale=true,94.835,200,ok,0,warmup
1791234927.6600068,kiemthugialap087@gmail.com,GET,/concerts/{id}/ticket-types,60.49,200,ok,0,warmup
1791234927.6607444,kiemthugialap078@gmail.com,GET,/concerts?on_sale=true,116.051,200,ok,0,warmup
1791234927.6614802,kiemthugialap095@gmail.com,GET,/concerts,43.34,200,ok,0,warmup
1791234927.662135,kiemthugialap098@gmail.com,GET,/concerts/{id}/ticket-types,69.962,200,ok,0,warmup
1791234927.6628287,kiemthugialap086@gmail.com,GET,/concerts/{id}/ticket-types,54.259,200,ok,0,warmup
1791234927.6634665,kiemthugialap100@gmail.com,GET,/concerts,38.019,200,ok,0,warmup
1791234927.6658955,kiemthugialap082@gmail.com,GET,/concerts/{id}/ticket-types,44.147,200,ok,0,warmup
1791234927.667282,kiemthugialap084@gmail.com,GET,/concerts/{id}/ticket-types,76.448,200,ok,0,warmup
1791234927.6760023,kiemthugialap020@gmail.com,GET,/orders/me,56.6,200,ok,0,warmup
1791234927.678297,kiemthugialap089@gmail.com,GET,/concerts,46.82,200,ok,0,warmup
1791234927.6791685,kiemthugialap093@gmail.com,GET,/concerts/{id}/ticket-types,48.494,200,ok,0,warmup
1791234927.6810238,kiemthugialap092@gmail.com,GET,/concerts/{id}/ticket-types,46.02,200,ok,0,warmup
1791234927.6872983,kiemthugialap088@gmail.com,GET,/concerts,40.434,200,ok,0,warmup
1791234927.6883392,kiemthugialap081@gmail.com,GET,/concerts,40.502,200,ok,0,warmup
1791234927.69254,kiemthugialap091@gmail.com,POST,/orders,59.048,201,ok,0,warmup
1791234927.6930423,kiemthugialap007@gmail.com,GET,/orders/me,60.747,200,ok,0,warmup
1791234927.7042127,kiemthugialap084@gmail.com,GET,/concerts,36.759,200,ok,0,warmup
1791234927.7051134,kiemthugialap019@gmail.com,GET,/orders/me,59.156,200,ok,0,warmup
1791234927.7053177,kiemthugialap095@gmail.com,GET,/concerts/{id}/ticket-types,43.762,200,ok,0,warmup
1791234927.711388,kiemthugialap082@gmail.com,GET,/concerts/{id}/ticket-types,45.361,200,ok,0,warmup
1791234927.711883,kiemthugialap083@gmail.com,POST,/orders,67.749,201,ok,0,warmup
1791234927.7131534,kiemthugialap093@gmail.com,GET,/concerts/{id}/ticket-types,33.894,200,ok,0,warmup
1791234927.7154133,kiemthugialap081@gmail.com,GET,/concerts/{id}/ticket-types,26.985,200,ok,0,warmup
1791234927.7246628,kiemthugialap022@gmail.com,GET,/orders/me,42.65,200,ok,0,warmup
1791234927.7269783,kiemthugialap086@gmail.com,POST,/orders,64.054,201,ok,0,warmup
1791234927.728558,kiemthugialap089@gmail.com,GET,/concerts/{id}/ticket-types,50.164,200,ok,0,warmup
1791234927.7296019,kiemthugialap092@gmail.com,GET,/concerts/{id}/ticket-types,48.475,200,ok,0,warmup
1791234927.7299154,kiemthugialap088@gmail.com,GET,/concerts/{id}/ticket-types,42.511,200,ok,0,warmup
1791234927.7347248,kiemthugialap100@gmail.com,GET,/concerts/{id}/ticket-types,71.174,200,ok,0,warmup
1791234927.73567,kiemthugialap039@gmail.com,GET,/concerts/{id}/ticket-types,71.84,200,ok,0,warmup
1791234927.7385173,kiemthugialap087@gmail.com,POST,/orders,78.357,201,ok,0,warmup
1791234927.742949,kiemthugialap099@gmail.com,POST,/auth/login,579.764,200,ok,0,warmup
1791234927.7449472,kiemthugialap096@gmail.com,POST,/auth/login,583.467,200,ok,0,warmup
1791234927.7467294,kiemthugialap090@gmail.com,POST,/auth/login,588.822,200,ok,0,warmup
1791234927.7513623,kiemthugialap096@gmail.com,GET,/concerts,6.325,200,ok,0,warmup
1791234927.7534435,kiemthugialap090@gmail.com,GET,/concerts,6.608,200,ok,0,warmup
1791234927.7616704,kiemthugialap099@gmail.com,GET,/concerts,18.575,200,ok,0,warmup
1791234927.7623644,kiemthugialap033@gmail.com,GET,/orders/me,72.283,200,ok,0,warmup
1791234927.762719,kiemthugialap100@gmail.com,GET,/concerts?on_sale=true,27.898,200,ok,0,warmup
1791234927.7630386,kiemthugialap094@gmail.com,POST,/auth/login,602.496,200,ok,0,warmup
1791234927.7640662,kiemthugialap098@gmail.com,POST,/orders,101.853,201,ok,0,warmup
1791234927.7658648,kiemthugialap088@gmail.com,GET,/concerts/{id}/ticket-types,35.86,200,ok,0,warmup
1791234927.766065,kiemthugialap089@gmail.com,GET,/concerts/{id}/ticket-types,37.406,200,ok,0,warmup
1791234927.7689068,kiemthugialap096@gmail.com,GET,/concerts/{id}/ticket-types,17.448,200,ok,0,warmup
1791234927.7781615,kiemthugialap081@gmail.com,POST,/orders,62.617,201,ok,0,warmup
1791234927.7786136,kiemthugialap094@gmail.com,GET,/concerts,15.505,200,ok,0,warmup
1791234927.7792614,kiemthugialap090@gmail.com,GET,/concerts/{id}/ticket-types,25.729,200,ok,0,warmup
1791234927.7807505,kiemthugialap099@gmail.com,GET,/concerts/{id}/ticket-types,18.975,200,ok,0,warmup
1791234927.7865674,kiemthugialap043@gmail.com,GET,/orders/me,25.966,200,ok,0,warmup
1791234927.786826,kiemthugialap052@gmail.com,GET,/orders/me,26.971,200,ok,0,warmup
1791234927.7883909,kiemthugialap021@gmail.com,GET,/concerts/{id},22.172,200,ok,0,warmup
1791234927.7885225,kiemthugialap011@gmail.com,GET,/orders/me,28.223,200,ok,0,warmup
1791234927.790322,kiemthugialap063@gmail.com,POST,/orders,74.111,201,ok,0,warmup
1791234927.7908156,kiemthugialap097@gmail.com,POST,/auth/login,628.871,200,ok,0,warmup
1791234927.7996433,kiemthugialap094@gmail.com,GET,/concerts/{id}/ticket-types,20.932,200,ok,0,warmup
1791234927.806142,kiemthugialap094@gmail.com,GET,/concerts?on_sale=true,6.379,200,ok,0,warmup
1791234927.8064854,kiemthugialap013@gmail.com,GET,/orders/me,26.882,200,ok,0,warmup
1791234927.80661,kiemthugialap096@gmail.com,POST,/orders,37.623,201,ok,0,warmup
1791234927.8082652,kiemthugialap016@gmail.com,GET,/concerts?on_sale=true,24.129,200,ok,0,warmup
1791234927.8086581,kiemthugialap097@gmail.com,GET,/concerts,17.762,200,ok,0,warmup
1791234927.8153818,kiemthugialap048@gmail.com,POST,/orders,140.189,201,ok,0,warmup
1791234927.8156946,kiemthugialap004@gmail.com,GET,/orders/me,26.295,200,ok,0,warmup
1791234927.8158865,kiemthugialap077@gmail.com,GET,/orders/me,24.353,200,ok,0,warmup
1791234927.816408,kiemthugialap097@gmail.com,GET,/concerts/{id}/ticket-types,7.678,200,ok,0,warmup
1791234927.8236647,kiemthugialap097@gmail.com,POST,/orders,7.151,201,ok,0,warmup
1791234927.829048,kiemthugialap023@gmail.com,GET,/orders/me,47.892,200,ok,0,warmup
1791234927.8296998,kiemthugialap090@gmail.com,POST,/orders,50.36,201,ok,0,warmup
1791234927.8523707,kiemthugialap076@gmail.com,GET,/concerts?on_sale=true,26.548,200,ok,0,warmup
1791234927.8529592,kiemthugialap095@gmail.com,POST,/orders,147.551,201,ok,0,warmup
1791234927.8630357,kiemthugialap099@gmail.com,POST,/orders,82.16,201,ok,0,warmup
1791234927.8721097,kiemthugialap062@gmail.com,GET,/orders/me,8.599,200,ok,0,warmup
1791234927.8777716,kiemthugialap054@gmail.com,POST,/orders,160.045,201,ok,0,warmup
1791234927.8903787,kiemthugialap085@gmail.com,POST,/orders,241.532,201,ok,0,warmup
1791234927.8947556,kiemthugialap008@gmail.com,GET,/concerts/{id},7.422,200,ok,0,warmup
1791234927.9068246,kiemthugialap012@gmail.com,GET,/orders/me,4.753,200,ok,0,warmup
1791234927.923692,kiemthugialap030@gmail.com,GET,/orders/me,6.208,200,ok,0,warmup
1791234927.987832,kiemthugialap025@gmail.com,GET,/orders/me,5.967,200,ok,0,warmup
1791234928.0399017,kiemthugialap053@gmail.com,GET,/orders/me,4.408,200,ok,0,warmup
1791234928.0721588,kiemthugialap005@gmail.com,GET,/orders/me,5.928,200,ok,0,warmup
1791234928.0923574,kiemthugialap074@gmail.com,POST,/orders,10.255,201,ok,0,warmup
1791234928.1227863,kiemthugialap009@gmail.com,GET,/orders/me,22.527,200,ok,0,warmup
1791234928.1244302,kiemthugialap056@gmail.com,POST,/orders,25.111,201,ok,0,warmup
1791234928.1386185,kiemthugialap014@gmail.com,GET,/orders/me,6.749,200,ok,0,warmup
1791234928.2018454,kiemthugialap018@gmail.com,GET,/orders/me,5.46,200,ok,0,steady
1791234928.2474174,kiemthugialap038@gmail.com,GET,/concerts?on_sale=true,7.762,200,ok,0,steady
1791234928.248192,kiemthugialap022@gmail.com,GET,/orders/me,7.866,200,ok,0,steady
1791234928.2486348,kiemthugialap002@gmail.com,GET,/orders/me,7.946,200,ok,0,steady
1791234928.2607622,kiemthugialap091@gmail.com,GET,/concerts,3.575,200,ok,0,steady
1791234928.268503,kiemthugialap051@gmail.com,GET,/concerts/{id}/ticket-types,6.297,200,ok,0,steady
1791234928.2690446,kiemthugialap046@gmail.com,GET,/orders/me,8.084,200,ok,0,steady
1791234928.269367,kiemthugialap045@gmail.com,GET,/concerts?on_sale=true,7.596,200,ok,0,steady
1791234928.3578873,kiemthugialap094@gmail.com,POST,/orders,12.536,201,ok,0,steady
1791234928.364368,kiemthugialap100@gmail.com,GET,/concerts?on_sale=true,6.157,200,ok,0,steady
1791234928.3665624,kiemthugialap089@gmail.com,GET,/concerts/{id}/ticket-types,7.689,200,ok,0,steady
1791234928.3745644,kiemthugialap057@gmail.com,GET,/orders/me,7.697,200,ok,0,steady
1791234928.3794453,kiemthugialap061@gmail.com,GET,/concerts/{id},4.621,200,ok,0,steady
1791234928.386757,kiemthugialap027@gmail.com,POST,/orders,10.944,201,ok,0,steady
1791234928.4088547,kiemthugialap090@gmail.com,GET,/concerts,9.069,200,ok,0,steady
1791234928.4098563,kiemthugialap011@gmail.com,GET,/orders/me,9.141,200,ok,0,steady
1791234928.4246771,kiemthugialap064@gmail.com,GET,/orders/me,7.491,200,ok,0,steady
1791234928.4555132,kiemthugialap076@gmail.com,GET,/concerts/{id},6.57,200,ok,0,steady
1791234928.5264094,kiemthugialap080@gmail.com,GET,/orders/me,10.756,200,ok,0,steady
1791234928.527038,kiemthugialap054@gmail.com,GET,/orders/me,10.301,200,ok,0,steady
1791234928.540939,kiemthugialap070@gmail.com,GET,/orders/me,6.726,200,ok,0,steady
1791234928.558528,kiemthugialap068@gmail.com,GET,/orders/me,9.186,200,ok,0,steady
1791234928.5616937,kiemthugialap059@gmail.com,GET,/orders/me,13.355,200,ok,0,steady
1791234928.5625787,kiemthugialap028@gmail.com,POST,/orders,13.628,201,ok,0,steady
1791234928.5680325,kiemthugialap075@gmail.com,GET,/concerts,9.262,200,ok,0,steady
1791234928.573784,kiemthugialap024@gmail.com,GET,/orders/me,14.489,200,ok,0,steady
1791234928.5752904,kiemthugialap071@gmail.com,POST,/orders,15.631,409,sold_out,0,steady
1791234928.5762866,kiemthugialap047@gmail.com,GET,/orders/me,8.024,200,ok,0,steady
1791234928.578506,kiemthugialap071@gmail.com,GET,/concerts/{id}/ticket-types,3.127,200,ok,0,steady
1791234928.6228096,kiemthugialap055@gmail.com,GET,/orders/me,19.454,200,ok,0,steady
1791234928.628088,kiemthugialap050@gmail.com,POST,/orders,25.98,201,ok,0,steady
1791234928.6374757,kiemthugialap037@gmail.com,GET,/orders/me,9.001,200,ok,0,steady
1791234928.6392655,kiemthugialap036@gmail.com,GET,/orders/me,16.252,200,ok,0,steady
1791234928.641002,kiemthugialap066@gmail.com,POST,/orders,25.05,201,ok,0,steady
1791234928.6415539,kiemthugialap042@gmail.com,GET,/concerts?on_sale=true,8.978,200,ok,0,steady
1791234928.6553411,kiemthugialap079@gmail.com,GET,/orders/me,6.291,200,ok,0,steady
1791234928.670867,kiemthugialap034@gmail.com,GET,/orders/me,6.163,200,ok,0,steady
1791234928.6766708,kiemthugialap044@gmail.com,POST,/orders,5.581,409,sold_out,0,steady
1791234928.6873953,kiemthugialap030@gmail.com,GET,/concerts/{id},10.012,200,ok,0,steady
1791234928.6882272,kiemthugialap044@gmail.com,GET,/concerts/{id}/ticket-types,11.446,200,ok,0,steady
1791234928.691705,kiemthugialap065@gmail.com,GET,/orders/me,14.105,200,ok,0,steady
1791234928.6940494,kiemthugialap029@gmail.com,GET,/orders/me,16.895,200,ok,0,steady
1791234928.6983304,kiemthugialap067@gmail.com,POST,/orders,17.703,409,sold_out,0,steady
1791234928.7059536,kiemthugialap013@gmail.com,GET,/orders/me,13.426,200,ok,0,steady
1791234928.706144,kiemthugialap069@gmail.com,GET,/orders/me,14.273,200,ok,0,steady
1791234928.7087617,kiemthugialap067@gmail.com,GET,/concerts/{id}/ticket-types,10.311,200,ok,0,steady
1791234928.7099788,kiemthugialap092@gmail.com,POST,/orders,17.724,201,ok,0,steady
1791234928.710475,kiemthugialap015@gmail.com,GET,/orders/me,13.409,200,ok,0,steady
1791234928.7676966,kiemthugialap004@gmail.com,GET,/orders/me,5.017,200,ok,0,steady
1791234928.778905,kiemthugialap008@gmail.com,GET,/orders/me,4.051,200,ok,0,steady
1791234928.7943363,kiemthugialap087@gmail.com,GET,/orders/me,4.63,200,ok,0,steady
1791234928.8120837,kiemthugialap058@gmail.com,GET,/orders/me,6.032,200,ok,0,steady
1791234928.8124723,kiemthugialap022@gmail.com,GET,/orders/me,7.195,200,ok,0,steady
1791234928.8436787,kiemthugialap031@gmail.com,GET,/concerts?on_sale=true,5.426,200,ok,0,steady
1791234928.8453445,kiemthugialap085@gmail.com,GET,/orders/me,7.666,200,ok,0,steady
1791234928.9368086,kiemthugialap062@gmail.com,GET,/orders/me,4.997,200,ok,0,steady
1791234928.9435232,kiemthugialap089@gmail.com,POST,/orders,6.53,409,sold_out,0,steady
1791234928.9469535,kiemthugialap089@gmail.com,GET,/concerts/{id}/ticket-types,3.316,200,ok,0,steady
1791234928.9518015,kiemthugialap023@gmail.com,GET,/orders/me,4.661,200,ok,0,steady
1791234928.9562066,kiemthugialap010@gmail.com,GET,/orders/me,4.215,200,ok,0,steady
1791234928.983859,kiemthugialap002@gmail.com,GET,/orders/me,10.493,200,ok,0,steady
1791234928.9894717,kiemthugialap078@gmail.com,GET,/orders/me,16.723,200,ok,0,steady
1791234928.991777,kiemthugialap035@gmail.com,POST,/orders,19.792,409,sold_out,0,steady
1791234928.9949775,kiemthugialap052@gmail.com,GET,/orders/me,10.662,200,ok,0,steady
1791234928.9970245,kiemthugialap035@gmail.com,GET,/concerts/{id}/ticket-types,5.153,200,ok,0,steady
1791234929.0223734,kiemthugialap072@gmail.com,GET,/concerts/{id}/ticket-types,6.431,200,ok,0,steady
1791234929.045034,kiemthugialap063@gmail.com,GET,/concerts?on_sale=true,9.533,200,ok,0,steady
1791234929.0465372,kiemthugialap001@gmail.com,GET,/concerts?on_sale=true,13.272,200,ok,0,steady
1791234929.0481322,kiemthugialap045@gmail.com,GET,/orders/me,14.363,200,ok,0,steady
1791234929.048908,kiemthugialap099@gmail.com,GET,/orders/me,17.049,200,ok,0,steady
1791234929.052788,kiemthugialap098@gmail.com,GET,/orders/me,7.489,200,ok,0,steady
1791234929.0718846,kiemthugialap081@gmail.com,GET,/concerts/{id},5.168,200,ok,0,steady
1791234929.0751233,kiemthugialap026@gmail.com,GET,/concerts,3.036,200,ok,0,steady
1791234929.105045,kiemthugialap043@gmail.com,GET,/orders/me,6.251,200,ok,0,steady
1791234929.1212595,kiemthugialap006@gmail.com,GET,/orders/me,6.017,200,ok,0,steady
1791234929.1377003,kiemthugialap046@gmail.com,GET,/concerts?on_sale=true,4.435,200,ok,0,steady
1791234929.1420848,kiemthugialap090@gmail.com,GET,/orders/me,4.207,200,ok,0,steady
1791234929.1711488,kiemthugialap095@gmail.com,GET,/concerts?on_sale=true,4.529,200,ok,0,steady
1791234929.1722188,kiemthugialap003@gmail.com,GET,/orders/me,6.831,200,ok,0,steady
1791234929.1761274,kiemthugialap024@gmail.com,GET,/orders/me,3.711,200,ok,0,steady
1791234929.1876295,kiemthugialap049@gmail.com,GET,/orders/me,10.94,200,ok,0,steady
1791234929.1892886,kiemthugialap084@gmail.com,GET,/concerts/{id}/ticket-types,11.121,200,ok,0,steady
1791234929.1897223,kiemthugialap093@gmail.com,POST,/orders,12.094,409,sold_out,0,steady
1791234929.1910536,kiemthugialap032@gmail.com,GET,/concerts/{id},3.059,200,ok,0,steady
1791234929.1928666,kiemthugialap093@gmail.com,GET,/concerts/{id}/ticket-types,3.056,200,ok,0,steady
1791234929.2192013,kiemthugialap038@gmail.com,GET,/orders/me,5.857,200,ok,0,steady
1791234929.2774305,kiemthugialap019@gmail.com,GET,/orders/me,10.449,200,ok,0,steady
1791234929.2788968,kiemthugialap077@gmail.com,GET,/orders/me,12.566,200,ok,0,steady
1791234929.279194,kiemthugialap014@gmail.com,GET,/orders/me,10.679,200,ok,0,steady
1791234929.2794545,kiemthugialap096@gmail.com,GET,/orders/me,11.398,200,ok,0,steady
1791234929.2841403,kiemthugialap009@gmail.com,GET,/orders/me,6.503,200,ok,0,steady
1791234929.2847848,kiemthugialap073@gmail.com,GET,/orders/me,6.833,200,ok,0,steady
1791234929.3230605,kiemthugialap036@gmail.com,GET,/orders/me,7.666,200,ok,0,steady
1791234929.3266342,kiemthugialap039@gmail.com,POST,/orders,12.032,201,ok,0,steady
1791234929.3775358,kiemthugialap100@gmail.com,POST,/orders,9.978,409,sold_out,0,steady
1791234929.3805661,kiemthugialap083@gmail.com,GET,/concerts/{id},14.196,200,ok,0,steady
1791234929.3850543,kiemthugialap100@gmail.com,GET,/concerts/{id}/ticket-types,7.392,200,ok,0,steady
1791234929.3863318,kiemthugialap016@gmail.com,GET,/orders/me,8.147,200,ok,0,steady
1791234929.3887243,kiemthugialap097@gmail.com,GET,/concerts,3.452,200,ok,0,steady
1791234929.3899028,kiemthugialap091@gmail.com,GET,/concerts,3.368,200,ok,0,steady
1791234929.428399,kiemthugialap040@gmail.com,GET,/orders/me,15.528,200,ok,0,steady
1791234929.436669,kiemthugialap017@gmail.com,GET,/concerts/{id},24.414,200,ok,0,steady
1791234929.4506352,kiemthugialap060@gmail.com,GET,/orders/me,36.255,200,ok,0,steady
1791234929.460134,kiemthugialap007@gmail.com,GET,/orders/me,44.474,200,ok,0,steady
1791234929.4607475,kiemthugialap011@gmail.com,GET,/orders/me,32.139,200,ok,0,steady
1791234929.4627757,kiemthugialap094@gmail.com,GET,/concerts?on_sale=true,11.889,200,ok,0,steady
1791234929.4657843,kiemthugialap061@gmail.com,POST,/orders,48.089,409,sold_out,0,steady
1791234929.4807086,kiemthugialap061@gmail.com,GET,/concerts/{id}/ticket-types,14.784,200,ok,0,steady
1791234929.4823074,kiemthugialap025@gmail.com,GET,/orders/me,15.321,200,ok,0,steady
1791234929.4865134,kiemthugialap086@gmail.com,GET,/orders/me,5.6,200,ok,0,steady
1791234929.4900987,kiemthugialap020@gmail.com,GET,/orders/me,3.387,200,ok,0,steady
1791234929.5251937,kiemthugialap070@gmail.com,GET,/concerts/{id},8.42,200,ok,0,steady
1791234929.527171,kiemthugialap048@gmail.com,GET,/orders/me,10.985,200,ok,0,steady
1791234929.5285897,kiemthugialap076@gmail.com,GET,/orders/me,13.724,200,ok,0,steady
1791234929.5312407,kiemthugialap082@gmail.com,GET,/concerts/{id},3.878,200,ok,0,steady
1791234929.556295,kiemthugialap010@gmail.com,GET,/orders/me,10.438,200,ok,0,steady
1791234929.5575645,kiemthugialap074@gmail.com,GET,/orders/me,11.146,200,ok,0,steady
1791234929.5591652,kiemthugialap041@gmail.com,GET,/orders/me,12.466,200,ok,0,steady
1791234929.5623043,kiemthugialap053@gmail.com,GET,/orders/me,5.812,200,ok,0,steady
1791234929.56807,kiemthugialap008@gmail.com,GET,/concerts,5.425,200,ok,0,steady
1791234929.6203654,kiemthugialap012@gmail.com,GET,/concerts?on_sale=true,5.972,200,ok,0,steady
1791234929.6220937,kiemthugialap021@gmail.com,GET,/orders/me,5.996,200,ok,0,steady
1791234929.6732507,kiemthugialap057@gmail.com,GET,/concerts?on_sale=true,50.97,200,ok,0,steady
1791234929.6787019,kiemthugialap092@gmail.com,GET,/concerts,4.773,200,ok,0,steady
1791234929.6802316,kiemthugialap069@gmail.com,GET,/orders/me,6.773,200,ok,0,steady
1791234929.6862268,kiemthugialap090@gmail.com,GET,/orders/me,6.974,200,ok,0,steady
1791234929.6872454,kiemthugialap088@gmail.com,POST,/orders,8.39,409,sold_out,0,steady
1791234929.6906033,kiemthugialap088@gmail.com,GET,/concerts/{id}/ticket-types,3.268,200,ok,0,steady
1791234929.697289,kiemthugialap043@gmail.com,GET,/orders/me,6.339,200,ok,0,steady
1791234929.707437,kiemthugialap018@gmail.com,GET,/orders/me,9.054,200,ok,0,steady
1791234929.761167,kiemthugialap098@gmail.com,GET,/concerts?on_sale=true,21.831,200,ok,0,steady
1791234929.7639227,kiemthugialap002@gmail.com,GET,/orders/me,25.37,200,ok,0,steady
1791234929.7653568,kiemthugialap033@gmail.com,GET,/orders/me,25.567,200,ok,0,steady
1791234929.766294,kiemthugialap052@gmail.com,GET,/orders/me,10.907,200,ok,0,steady
1791234929.7665775,kiemthugialap042@gmail.com,GET,/orders/me,11.996,200,ok,0,steady
1791234929.7685804,kiemthugialap071@gmail.com,GET,/concerts,3.078,200,ok,0,steady
1791234929.7954795,kiemthugialap004@gmail.com,GET,/orders/me,9.734,200,ok,0,steady
1791234929.796129,kiemthugialap028@gmail.com,GET,/orders/me,8.437,200,ok,0,steady
1791234929.8115878,kiemthugialap031@gmail.com,GET,/orders/me,7.578,200,ok,0,steady
1791234929.8409407,kiemthugialap087@gmail.com,GET,/concerts/{id},4.001,200,ok,0,steady
1791234929.841964,kiemthugialap023@gmail.com,GET,/orders/me,5.986,200,ok,0,steady
1791234929.9129121,kiemthugialap056@gmail.com,GET,/concerts,30.879,200,ok,0,steady
1791234929.920039,kiemthugialap034@gmail.com,GET,/orders/me,37.182,200,ok,0,steady
1791234929.921142,kiemthugialap005@gmail.com,GET,/concerts/{id},11.289,200,ok,0,steady
1791234929.9308393,kiemthugialap062@gmail.com,GET,/orders/me,19.959,200,ok,0,steady
1791234929.9312322,kiemthugialap027@gmail.com,GET,/orders/me,20.779,200,ok,0,steady
1791234929.9502237,kiemthugialap040@gmail.com,GET,/orders/me,7.029,200,ok,0,steady
1791234929.9511755,kiemthugialap036@gmail.com,GET,/orders/me,6.621,200,ok,0,steady
1791234929.9523547,kiemthugialap046@gmail.com,GET,/concerts/{id},1.982,200,ok,0,steady
1791234929.963695,kiemthugialap065@gmail.com,GET,/orders/me,4.741,200,ok,0,steady
1791234929.9799054,kiemthugialap064@gmail.com,GET,/orders/me,5.901,200,ok,0,steady
1791234930.0351863,kiemthugialap068@gmail.com,GET,/concerts?on_sale=true,11.862,200,ok,0,steady
1791234930.0372102,kiemthugialap078@gmail.com,GET,/orders/me,12.4,200,ok,0,steady
1791234930.0410721,kiemthugialap020@gmail.com,GET,/orders/me,5.518,200,ok,0,steady
1791234930.0721784,kiemthugialap094@gmail.com,GET,/concerts,6.127,200,ok,0,steady
1791234930.1076858,kiemthugialap050@gmail.com,GET,/concerts?on_sale=true,8.456,200,ok,0,steady
1791234930.1091864,kiemthugialap045@gmail.com,GET,/orders/me,11.106,200,ok,0,steady
1791234930.109622,kiemthugialap095@gmail.com,GET,/orders/me,10.159,200,ok,0,steady
1791234930.121221,kiemthugialap047@gmail.com,GET,/orders/me,7.619,200,ok,0,steady
1791234930.1335676,kiemthugialap037@gmail.com,GET,/concerts?on_sale=true,11.994,200,ok,0,steady
1791234930.1361141,kiemthugialap022@gmail.com,GET,/orders/me,12.057,200,ok,0,steady
1791234930.1425078,kiemthugialap015@gmail.com,GET,/orders/me,6.163,200,ok,0,steady
1791234930.1480675,kiemthugialap059@gmail.com,GET,/orders/me,5.293,200,ok,0,steady
1791234930.1670094,kiemthugialap084@gmail.com,POST,/orders,8.413,201,ok,0,steady
1791234930.1737995,kiemthugialap082@gmail.com,POST,/orders,6.565,201,ok,0,steady
1791234930.182377,kiemthugialap044@gmail.com,POST,/orders,8.327,201,ok,0,steady
1791234930.1956065,kiemthugialap029@gmail.com,GET,/concerts/{id},5.665,200,ok,0,steady
1791234930.2006958,kiemthugialap067@gmail.com,POST,/orders,10.062,201,ok,0,steady
1791234930.2071877,kiemthugialap013@gmail.com,GET,/concerts/{id},6.263,200,ok,0,steady
1791234930.2082565,kiemthugialap051@gmail.com,GET,/concerts?on_sale=true,6.669,200,ok,0,steady
1791234930.2130861,kiemthugialap093@gmail.com,POST,/orders,11.75,201,ok,0,steady
1791234930.2286708,kiemthugialap011@gmail.com,GET,/orders/me,21.311,200,ok,0,steady
1791234930.2312775,kiemthugialap061@gmail.com,GET,/concerts,3.646,200,ok,0,steady
1791234930.2317517,kiemthugialap006@gmail.com,GET,/concerts/{id},4.946,200,ok,0,steady
1791234930.2486002,kiemthugialap054@gmail.com,GET,/orders/me,6.594,200,ok,0,steady
1791234930.2773833,kiemthugialap033@gmail.com,GET,/orders/me,4.037,200,ok,0,steady
1791234930.3047066,kiemthugialap057@gmail.com,GET,/orders/me,9.118,200,ok,0,steady
1791234930.3067772,kiemthugialap003@gmail.com,GET,/orders/me,12.329,200,ok,0,steady
1791234930.3070798,kiemthugialap081@gmail.com,GET,/orders/me,13.473,200,ok,0,steady
1791234930.3099122,kiemthugialap080@gmail.com,GET,/concerts/{id},4.942,200,ok,0,steady
1791234930.312326,kiemthugialap038@gmail.com,GET,/orders/me,6.776,200,ok,0,steady
1791234930.3193624,kiemthugialap075@gmail.com,POST,/orders,10.984,201,ok,0,steady
1791234930.3197553,kiemthugialap049@gmail.com,GET,/orders/me,9.712,200,ok,0,steady
1791234930.3483841,kiemthugialap096@gmail.com,GET,/concerts?on_sale=true,8.828,200,ok,0,steady
1791234930.3498785,kiemthugialap063@gmail.com,GET,/orders/me,9.188,200,ok,0,steady
1791234930.3787117,kiemthugialap019@gmail.com,GET,/concerts,4.806,200,ok,0,steady
1791234930.3937001,kiemthugialap012@gmail.com,GET,/concerts,4.542,200,ok,0,steady
1791234930.41376,kiemthugialap085@gmail.com,GET,/concerts/{id},6.177,200,ok,0,steady
1791234930.4159973,kiemthugialap026@gmail.com,GET,/orders/me,7.518,200,ok,0,steady
1791234930.453514,kiemthugialap079@gmail.com,GET,/orders/me,9.048,200,ok,0,steady
1791234930.4540322,kiemthugialap055@gmail.com,GET,/orders/me,8.605,200,ok,0,steady
1791234930.4830287,kiemthugialap099@gmail.com,GET,/concerts/{id},5.864,200,ok,0,steady
1791234930.5250878,kiemthugialap072@gmail.com,POST,/orders,32.236,201,ok,0,steady
1791234930.545244,kiemthugialap056@gmail.com,GET,/orders/me,35.87,200,ok,0,steady
1791234930.550901,kiemthugialap016@gmail.com,GET,/orders/me,11.705,200,ok,0,steady
1791234930.5519812,kiemthugialap027@gmail.com,GET,/orders/me,11.453,200,ok,0,steady
1791234930.5523188,kiemthugialap023@gmail.com,GET,/orders/me,12.189,200,ok,0,steady
1791234930.5534096,kiemthugialap066@gmail.com,GET,/concerts?on_sale=true,2.342,200,ok,0,steady
1791234930.589031,kiemthugialap077@gmail.com,GET,/orders/me,4.462,200,ok,0,steady
1791234930.6802294,kiemthugialap030@gmail.com,GET,/concerts?on_sale=true,6.549,200,ok,0,steady
1791234930.6813874,kiemthugialap028@gmail.com,GET,/concerts?on_sale=true,8.02,200,ok,0,steady
1791234930.682903,kiemthugialap087@gmail.com,GET,/orders/me,10.168,200,ok,0,steady
1791234930.6848736,kiemthugialap041@gmail.com,GET,/concerts/{id},4.471,200,ok,0,steady
1791234930.6994362,kiemthugialap071@gmail.com,GET,/concerts/{id}/ticket-types,10.908,200,ok,0,steady
1791234930.7014325,kiemthugialap091@gmail.com,GET,/orders/me,12.334,200,ok,0,steady
1791234930.7045138,kiemthugialap089@gmail.com,POST,/orders,16.725,201,ok,0,steady
1791234930.7109568,kiemthugialap062@gmail.com,GET,/orders/me,11.322,200,ok,0,steady
1791234930.7621715,kiemthugialap088@gmail.com,GET,/concerts/{id}/ticket-types,6.066,200,ok,0,steady
1791234930.7626326,kiemthugialap035@gmail.com,GET,/concerts/{id}/ticket-types,7.789,200,ok,0,steady
1791234930.7655303,kiemthugialap001@gmail.com,GET,/concerts,2.759,200,ok,0,steady
1791234930.7879655,kiemthugialap073@gmail.com,GET,/orders/me,7.261,200,ok,0,steady
1791234930.7969186,kiemthugialap058@gmail.com,GET,/orders/me,8.507,200,ok,0,steady
1791234930.811494,kiemthugialap036@gmail.com,GET,/concerts/{id},4.149,200,ok,0,steady
1791234930.817094,kiemthugialap029@gmail.com,GET,/concerts/{id},5.403,200,ok,0,steady
1791234930.818492,kiemthugialap018@gmail.com,GET,/orders/me,6.084,200,ok,0,steady
1791234930.8611639,kiemthugialap005@gmail.com,GET,/concerts?on_sale=true,6.503,200,ok,0,steady
1791234930.861572,kiemthugialap039@gmail.com,GET,/concerts,7.785,200,ok,0,steady
1791234930.862488,kiemthugialap047@gmail.com,GET,/orders/me,7.532,200,ok,0,steady
1791234930.8893197,kiemthugialap074@gmail.com,GET,/concerts?on_sale=true,3.71,200,ok,0,steady
1791234930.8906698,kiemthugialap007@gmail.com,GET,/orders/me,6.106,200,ok,0,steady
1791234930.8935301,kiemthugialap040@gmail.com,GET,/orders/me,4.024,200,ok,0,steady
1791234930.8975098,kiemthugialap082@gmail.com,GET,/orders/me,3.813,200,ok,0,steady
1791234930.9018843,kiemthugialap024@gmail.com,GET,/concerts?on_sale=true,4.152,200,ok,0,steady
1791234930.925579,kiemthugialap008@gmail.com,GET,/concerts/{id},8.067,200,ok,0,steady
1791234930.929899,kiemthugialap017@gmail.com,GET,/orders/me,14.092,200,ok,0,steady
1791234930.9318435,kiemthugialap054@gmail.com,GET,/orders/me,14.797,200,ok,0,steady
1791234930.9341917,kiemthugialap060@gmail.com,GET,/orders/me,8.322,200,ok,0,steady
1791234930.9625218,kiemthugialap097@gmail.com,GET,/concerts?on_sale=true,3.641,200,ok,0,steady
1791234930.9949925,kiemthugialap009@gmail.com,GET,/concerts/{id},4.266,200,ok,0,steady
1791234931.0217948,kiemthugialap053@gmail.com,GET,/orders/me,4.921,200,ok,0,steady
1791234931.0247376,kiemthugialap084@gmail.com,GET,/orders/me,4.092,200,ok,0,steady
1791234931.0582285,kiemthugialap061@gmail.com,POST,/orders,9.066,201,ok,0,steady
1791234931.0619504,kiemthugialap032@gmail.com,GET,/orders/me,3.544,200,ok,0,steady
1791234931.1106846,kiemthugialap043@gmail.com,GET,/concerts/{id},5.45,200,ok,0,steady
1791234931.1131012,kiemthugialap076@gmail.com,GET,/concerts?on_sale=true,8.52,200,ok,0,steady
1791234931.1376367,kiemthugialap021@gmail.com,GET,/orders/me,7.651,200,ok,0,steady
1791234931.1384442,kiemthugialap081@gmail.com,GET,/concerts,10.304,200,ok,0,steady
1791234931.1466904,kiemthugialap011@gmail.com,GET,/orders/me,7.849,200,ok,0,steady
1791234931.1654696,kiemthugialap092@gmail.com,GET,/concerts,6.11,200,ok,0,steady
1791234931.1723015,kiemthugialap098@gmail.com,GET,/concerts/{id},6.36,200,ok,0,steady
1791234931.1739764,kiemthugialap014@gmail.com,GET,/orders/me,6.701,200,ok,0,steady
1791234931.2421067,kiemthugialap070@gmail.com,GET,/orders/me,19.715,200,ok,0,steady
1791234931.2426374,kiemthugialap083@gmail.com,GET,/orders/me,19.123,200,ok,0,steady
1791234931.2658353,kiemthugialap086@gmail.com,GET,/orders/me,6.814,200,ok,0,steady
1791234931.296199,kiemthugialap100@gmail.com,GET,/concerts/{id},4.89,200,ok,0,steady
1791234931.297278,kiemthugialap057@gmail.com,GET,/orders/me,6.834,200,ok,0,steady
1791234931.310051,kiemthugialap004@gmail.com,GET,/orders/me,4.645,200,ok,0,steady
1791234931.3262455,kiemthugialap068@gmail.com,GET,/orders/me,5.228,200,ok,0,steady
1791234931.3469844,kiemthugialap033@gmail.com,GET,/orders/me,9.481,200,ok,0,steady
1791234931.347481,kiemthugialap067@gmail.com,GET,/orders/me,10.986,200,ok,0,steady
1791234931.3478098,kiemthugialap079@gmail.com,GET,/orders/me,10.059,200,ok,0,steady
1791234931.3792706,kiemthugialap088@gmail.com,POST,/orders,12.415,201,ok,0,steady
1791234931.3897114,kiemthugialap048@gmail.com,GET,/orders/me,8.477,200,ok,0,steady
1791234931.3912797,kiemthugialap090@gmail.com,GET,/orders/me,11.122,200,ok,0,steady
1791234931.3915927,kiemthugialap025@gmail.com,GET,/orders/me,12.073,200,ok,0,steady
1791234931.3979864,kiemthugialap087@gmail.com,GET,/orders/me,8.079,200,ok,0,steady
1791234931.399643,kiemthugialap005@gmail.com,GET,/orders/me,9.376,200,ok,0,steady
1791234931.4047217,kiemthugialap022@gmail.com,GET,/orders/me,6.513,200,ok,0,steady
1791234931.4075022,kiemthugialap064@gmail.com,GET,/concerts/{id},2.592,200,ok,0,steady
1791234931.4110506,kiemthugialap051@gmail.com,GET,/concerts/{id}/ticket-types,3.331,200,ok,0,steady
1791234931.4144502,kiemthugialap001@gmail.com,GET,/orders/me,3.242,200,ok,0,steady
1791234931.4379063,kiemthugialap020@gmail.com,GET,/orders/me,7.841,200,ok,0,steady
1791234931.4383757,kiemthugialap034@gmail.com,GET,/orders/me,9.417,200,ok,0,steady
1791234931.4474566,kiemthugialap013@gmail.com,GET,/concerts?on_sale=true,3.397,200,ok,0,steady
1791234931.471555,kiemthugialap062@gmail.com,GET,/orders/me,9.185,200,ok,0,steady
1791234931.4721684,kiemthugialap046@gmail.com,GET,/orders/me,8.929,200,ok,0,steady
1791234931.525578,kiemthugialap054@gmail.com,GET,/concerts/{id},6.164,200,ok,0,steady
1791234931.5263085,kiemthugialap031@gmail.com,GET,/concerts/{id},6.52,200,ok,0,steady
1791234931.5266528,kiemthugialap056@gmail.com,GET,/concerts?on_sale=true,5.871,200,ok,0,steady
1791234931.5278306,kiemthugialap066@gmail.com,GET,/orders/me,10.244,200,ok,0,steady
1791234931.5399997,kiemthugialap010@gmail.com,GET,/orders/me,5.363,200,ok,0,steady
1791234931.5410292,kiemthugialap006@gmail.com,GET,/orders/me,7.679,200,ok,0,steady
1791234931.5429618,kiemthugialap069@gmail.com,GET,/concerts?on_sale=true,2.79,200,ok,0,steady
1791234931.5479019,kiemthugialap015@gmail.com,GET,/orders/me,4.717,200,ok,0,steady
1791234931.5525732,kiemthugialap045@gmail.com,GET,/concerts,4.389,200,ok,0,steady
1791234931.5710213,kiemthugialap052@gmail.com,GET,/orders/me,6.647,200,ok,0,steady
1791234931.5972605,kiemthugialap019@gmail.com,GET,/orders/me,12.975,200,ok,0,steady
1791234931.5997949,kiemthugialap071@gmail.com,POST,/orders,14.435,201,ok,0,steady
1791234931.6213658,kiemthugialap078@gmail.com,GET,/concerts/{id},4.359,200,ok,0,steady
1791234931.6229358,kiemthugialap080@gmail.com,GET,/orders/me,7.112,200,ok,0,steady
1791234931.6780787,kiemthugialap042@gmail.com,GET,/concerts,31.331,200,ok,0,steady
1791234931.6808407,kiemthugialap059@gmail.com,GET,/orders/me,35.05,200,ok,0,steady
1791234931.686885,kiemthugialap002@gmail.com,GET,/concerts?on_sale=true,8.566,200,ok,0,steady
1791234931.6883268,kiemthugialap016@gmail.com,GET,/orders/me,12.267,200,ok,0,steady
1791234931.6889224,kiemthugialap082@gmail.com,GET,/orders/me,12.06,200,ok,0,steady
1791234931.689312,kiemthugialap047@gmail.com,GET,/orders/me,10.747,200,ok,0,steady
1791234931.7138755,kiemthugialap029@gmail.com,GET,/concerts,5.677,200,ok,0,steady
1791234931.732181,kiemthugialap063@gmail.com,GET,/concerts/{id},3.754,200,ok,0,steady
1791234931.7475498,kiemthugialap037@gmail.com,GET,/concerts?on_sale=true,3.914,200,ok,0,steady
1791234931.764205,kiemthugialap085@gmail.com,GET,/orders/me,4.634,200,ok,0,steady
1791234931.780373,kiemthugialap073@gmail.com,GET,/orders/me,4.822,200,ok,0,steady
1791234931.7955153,kiemthugialap050@gmail.com,GET,/concerts?on_sale=true,5.025,200,ok,0,steady
1791234931.8330548,kiemthugialap093@gmail.com,GET,/concerts?on_sale=true,11.103,200,ok,0,steady
1791234931.8364713,kiemthugialap094@gmail.com,GET,/orders/me,12.874,200,ok,0,steady
1791234931.8385859,kiemthugialap058@gmail.com,GET,/orders/me,14.495,200,ok,0,steady
1791234931.8390858,kiemthugialap038@gmail.com,GET,/orders/me,13.256,200,ok,0,steady
1791234931.840063,kiemthugialap012@gmail.com,GET,/concerts/{id},6.806,200,ok,0,steady
1791234931.8416362,kiemthugialap065@gmail.com,GET,/concerts/{id},4.934,200,ok,0,steady
1791234931.8572986,kiemthugialap003@gmail.com,GET,/orders/me,4.119,200,ok,0,steady
1791234931.8732667,kiemthugialap036@gmail.com,GET,/concerts/{id},4.135,200,ok,0,steady
1791234931.906187,kiemthugialap061@gmail.com,GET,/orders/me,6.929,200,ok,0,steady
1791234931.9106214,kiemthugialap060@gmail.com,GET,/orders/me,4.194,200,ok,0,steady
1791234931.9217563,kiemthugialap098@gmail.com,GET,/orders/me,5.683,200,ok,0,steady
1791234931.9484968,kiemthugialap048@gmail.com,GET,/concerts?on_sale=true,4.301,200,ok,0,steady
1791234931.9511087,kiemthugialap095@gmail.com,GET,/concerts?on_sale=true,2.449,200,ok,0,steady
1791234931.9800737,kiemthugialap043@gmail.com,GET,/concerts/{id},3.966,200,ok,0,steady
1791234931.9812667,kiemthugialap041@gmail.com,GET,/orders/me,6.411,200,ok,0,steady
1791234932.0112016,kiemthugialap009@gmail.com,GET,/concerts/{id},4.419,200,ok,0,steady
1791234932.016181,kiemthugialap034@gmail.com,GET,/concerts/{id},4.155,200,ok,0,steady
1791234932.0171149,kiemthugialap049@gmail.com,GET,/orders/me,5.738,200,ok,0,steady
1791234932.0433302,kiemthugialap046@gmail.com,GET,/orders/me,5.532,200,ok,0,steady
1791234932.0609431,kiemthugialap075@gmail.com,GET,/orders/me,7.792,200,ok,0,steady
1791234932.0919816,kiemthugialap030@gmail.com,GET,/orders/me,7.856,200,ok,0,steady
1791234932.097082,kiemthugialap044@gmail.com,GET,/orders/me,4.745,200,ok,0,steady
1791234932.123917,kiemthugialap069@gmail.com,GET,/orders/me,8.876,200,ok,0,steady
1791234932.124541,kiemthugialap071@gmail.com,GET,/orders/me,7.944,200,ok,0,steady
1791234932.1821773,kiemthugialap096@gmail.com,GET,/concerts/{id},7.204,200,ok,0,steady
1791234932.186776,kiemthugialap039@gmail.com,GET,/orders/me,12.285,200,ok,0,steady
1791234932.1885881,kiemthugialap027@gmail.com,GET,/orders/me,15.544,200,ok,0,steady
1791234932.1915185,kiemthugialap059@gmail.com,GET,/concerts,5.594,200,ok,0,steady
1791234932.1964679,kiemthugialap023@gmail.com,GET,/orders/me,4.723,200,ok,0,steady
1791234932.2003908,kiemthugialap099@gmail.com,GET,/concerts,3.704,200,ok,0,steady
1791234932.2108102,kiemthugialap032@gmail.com,GET,/orders/me,6.948,200,ok,0,steady
1791234932.2281575,kiemthugialap020@gmail.com,GET,/concerts/{id},6.307,200,ok,0,steady
1791234932.2339754,kiemthugialap024@gmail.com,GET,/orders/me,14.859,200,ok,0,steady
1791234932.23526,kiemthugialap072@gmail.com,GET,/orders/me,15.076,200,ok,0,steady
1791234932.2648458,kiemthugialap047@gmail.com,GET,/orders/me,4.709,200,ok,0,steady
1791234932.2801144,kiemthugialap097@gmail.com,GET,/concerts?on_sale=true,4.88,200,ok,0,steady
1791234932.3184862,kiemthugialap021@gmail.com,GET,/concerts,4.393,200,ok,0,steady
1791234932.3512394,kiemthugialap026@gmail.com,GET,/concerts/{id},5.475,200,ok,0,steady
1791234932.3529427,kiemthugialap014@gmail.com,GET,/orders/me,8.399,200,ok,0,steady
1791234932.3534608,kiemthugialap057@gmail.com,GET,/orders/me,7.357,200,ok,0,steady
1791234932.3813038,kiemthugialap092@gmail.com,GET,/concerts,7.116,200,ok,0,steady
1791234932.3816612,kiemthugialap055@gmail.com,GET,/concerts/{id},6.706,200,ok,0,steady
1791234932.3819773,kiemthugialap010@gmail.com,GET,/concerts,6.629,200,ok,0,steady
1791234932.384071,kiemthugialap038@gmail.com,GET,/orders/me,7.583,200,ok,0,steady
1791234932.4035206,kiemthugialap076@gmail.com,GET,/orders/me,9.886,200,ok,0,steady
1791234932.4197898,kiemthugialap003@gmail.com,GET,/concerts/{id},7.057,200,ok,0,steady
1791234932.4216835,kiemthugialap066@gmail.com,GET,/orders/me,7.971,200,ok,0,steady
1791234932.4630702,kiemthugialap088@gmail.com,GET,/concerts/{id},4.193,200,ok,0,steady
1791234932.497804,kiemthugialap077@gmail.com,GET,/orders/me,8.225,200,ok,0,steady
1791234932.4982188,kiemthugialap011@gmail.com,GET,/orders/me,7.674,200,ok,0,steady
1791234932.5127442,kiemthugialap008@gmail.com,GET,/concerts/{id},6.556,200,ok,0,steady
1791234932.5131881,kiemthugialap089@gmail.com,GET,/orders/me,7.922,200,ok,0,steady
1791234932.5728774,kiemthugialap062@gmail.com,GET,/concerts,7.054,200,ok,0,steady
1791234932.5737443,kiemthugialap037@gmail.com,GET,/orders/me,7.006,200,ok,0,steady
1791234932.5742338,kiemthugialap085@gmail.com,GET,/orders/me,7.739,200,ok,0,steady
1791234932.5864089,kiemthugialap028@gmail.com,GET,/orders/me,4.857,200,ok,0,steady
1791234932.635405,kiemthugialap074@gmail.com,GET,/orders/me,10.25,200,ok,0,steady
1791234932.638899,kiemthugialap067@gmail.com,GET,/orders/me,14.808,200,ok,0,steady
1791234932.64487,kiemthugialap081@gmail.com,GET,/concerts?on_sale=true,8.215,200,ok,0,steady
1791234932.6466084,kiemthugialap031@gmail.com,GET,/orders/me,7.467,200,ok,0,steady
1791234932.6469991,kiemthugialap091@gmail.com,GET,/orders/me,11.211,200,ok,0,steady
1791234932.7013092,kiemthugialap052@gmail.com,GET,/orders/me,9.723,200,ok,0,steady
1791234932.7033634,kiemthugialap035@gmail.com,POST,/orders,10.843,201,ok,0,steady
1791234932.716146,kiemthugialap096@gmail.com,GET,/concerts?on_sale=true,7.318,200,ok,0,steady
1791234932.7170815,kiemthugialap018@gmail.com,GET,/orders/me,7.337,200,ok,0,steady
1791234932.7281828,kiemthugialap086@gmail.com,GET,/concerts?on_sale=true,4.534,200,ok,0,steady
1791234932.7761767,kiemthugialap049@gmail.com,GET,/concerts/{id},20.231,200,ok,0,steady
1791234932.7842484,kiemthugialap070@gmail.com,GET,/orders/me,29.167,200,ok,0,steady
1791234932.784605,kiemthugialap040@gmail.com,GET,/orders/me,30.283,200,ok,0,steady
1791234932.7878404,kiemthugialap043@gmail.com,GET,/concerts?on_sale=true,14.237,200,ok,0,steady
1791234932.788238,kiemthugialap012@gmail.com,GET,/concerts/{id},16.213,200,ok,0,steady
1791234932.7888937,kiemthugialap030@gmail.com,DELETE,/orders/{id},33.4,200,ok,0,steady
1791234932.8014708,kiemthugialap017@gmail.com,GET,/orders/me,14.329,200,ok,0,steady
1791234932.8358476,kiemthugialap100@gmail.com,GET,/concerts?on_sale=true,6.881,200,ok,0,steady
1791234932.840265,kiemthugialap007@gmail.com,GET,/orders/me,11.746,200,ok,0,steady
1791234932.8426332,kiemthugialap009@gmail.com,GET,/orders/me,12.813,200,ok,0,steady
1791234932.8521826,kiemthugialap013@gmail.com,GET,/orders/me,16.125,200,ok,0,steady
1791234932.8547764,kiemthugialap045@gmail.com,GET,/concerts?on_sale=true,15.514,200,ok,0,steady
1791234932.860053,kiemthugialap025@gmail.com,GET,/orders/me,23.49,200,ok,0,steady
1791234932.8619158,kiemthugialap084@gmail.com,GET,/orders/me,9.034,200,ok,0,steady
1791234932.8622758,kiemthugialap046@gmail.com,GET,/orders/me,9.901,200,ok,0,steady
1791234932.8972688,kiemthugialap004@gmail.com,GET,/orders/me,6.05,200,ok,0,steady
1791234932.9163077,kiemthugialap036@gmail.com,GET,/orders/me,8.712,200,ok,0,steady
1791234932.9177973,kiemthugialap054@gmail.com,GET,/orders/me,9.026,200,ok,0,steady
1791234932.91819,kiemthugialap098@gmail.com,GET,/orders/me,11.579,200,ok,0,steady
1791234932.9198,kiemthugialap020@gmail.com,GET,/concerts/{id},3.304,200,ok,0,steady
1791234932.9314842,kiemthugialap071@gmail.com,GET,/orders/me,4.051,200,ok,0,steady
1791234932.9642627,kiemthugialap053@gmail.com,GET,/concerts/{id},5.608,200,ok,0,steady
1791234932.9647403,kiemthugialap039@gmail.com,GET,/orders/me,4.44,200,ok,0,steady
1791234932.980512,kiemthugialap058@gmail.com,GET,/orders/me,6.009,200,ok,0,steady
1791234932.9809937,kiemthugialap087@gmail.com,GET,/orders/me,7.405,200,ok,0,steady
1791234933.0239055,kiemthugialap056@gmail.com,GET,/orders/me,7.532,200,ok,0,steady
1791234933.0280824,kiemthugialap083@gmail.com,GET,/orders/me,3.898,200,ok,0,steady
1791234933.0317116,kiemthugialap022@gmail.com,GET,/orders/me,3.425,200,ok,0,steady
1791234933.056167,kiemthugialap079@gmail.com,GET,/orders/me,7.643,200,ok,0,steady
1791234933.0584056,kiemthugialap027@gmail.com,GET,/orders/me,10.953,200,ok,0,steady
1791234933.0634336,kiemthugialap010@gmail.com,GET,/orders/me,6.931,200,ok,0,steady
1791234933.0645857,kiemthugialap068@gmail.com,GET,/orders/me,7.459,200,ok,0,steady
1791234933.0660214,kiemthugialap093@gmail.com,GET,/concerts?on_sale=true,2.432,200,ok,0,steady
1791234933.0991604,kiemthugialap065@gmail.com,GET,/orders/me,8.963,200,ok,0,steady
1791234933.100134,kiemthugialap080@gmail.com,GET,/orders/me,7.833,200,ok,0,steady
1791234933.122115,kiemthugialap095@gmail.com,GET,/orders/me,13.949,200,ok,0,steady
1791234933.1371644,kiemthugialap075@gmail.com,GET,/orders/me,10.915,200,ok,0,steady
1791234933.139794,kiemthugialap038@gmail.com,GET,/orders/me,16.545,200,ok,0,steady
1791234933.1404219,kiemthugialap051@gmail.com,POST,/orders,17.987,409,sold_out,0,steady
1791234933.1517286,kiemthugialap034@gmail.com,GET,/orders/me,14.314,200,ok,0,steady
1791234933.15255,kiemthugialap051@gmail.com,GET,/concerts/{id}/ticket-types,11.979,200,ok,0,steady
1791234933.1530154,kiemthugialap016@gmail.com,GET,/orders/me,15.104,200,ok,0,steady
1791234933.1576464,kiemthugialap002@gmail.com,GET,/concerts,4.345,200,ok,0,steady
1791234933.197898,kiemthugialap064@gmail.com,GET,/concerts?on_sale=true,5.566,200,ok,0,steady
1791234933.2569344,kiemthugialap078@gmail.com,GET,/concerts,9.819,200,ok,0,steady
1791234933.2574842,kiemthugialap005@gmail.com,GET,/orders/me,12.743,200,ok,0,steady
1791234933.257923,kiemthugialap076@gmail.com,GET,/orders/me,12.327,200,ok,0,steady
1791234933.2597916,kiemthugialap029@gmail.com,GET,/orders/me,13.068,200,ok,0,steady
1791234933.2814429,kiemthugialap015@gmail.com,GET,/orders/me,6.571,200,ok,0,steady
1791234933.2963245,kiemthugialap090@gmail.com,GET,/concerts,5.689,200,ok,0,steady
1791234933.333426,kiemthugialap077@gmail.com,GET,/concerts/{id},10.468,200,ok,0,steady
1791234933.334989,kiemthugialap014@gmail.com,GET,/orders/me,10.931,200,ok,0,steady
1791234933.3351765,kiemthugialap082@gmail.com,GET,/orders/me,10.757,200,ok,0,steady
1791234933.3360574,kiemthugialap041@gmail.com,GET,/orders/me,12.315,200,ok,0,steady
1791234933.339973,kiemthugialap061@gmail.com,GET,/orders/me,6.307,200,ok,0,steady
1791234933.3604138,kiemthugialap012@gmail.com,GET,/concerts,5.482,200,ok,0,steady
1791234933.3621714,kiemthugialap033@gmail.com,GET,/orders/me,9.058,200,ok,0,steady
1791234933.3638892,kiemthugialap050@gmail.com,GET,/concerts,3.213,200,ok,0,steady
1791234933.4133558,kiemthugialap001@gmail.com,GET,/orders/me,5.495,200,ok,0,steady
1791234933.4148867,kiemthugialap069@gmail.com,GET,/orders/me,8.144,200,ok,0,steady
1791234933.4183395,kiemthugialap003@gmail.com,GET,/orders/me,4.778,200,ok,0,steady
1791234933.4386187,kiemthugialap037@gmail.com,GET,/orders/me,5.984,200,ok,0,steady
1791234933.4390807,kiemthugialap062@gmail.com,GET,/orders/me,7.004,200,ok,0,steady
1791234933.4519744,kiemthugialap063@gmail.com,GET,/orders/me,4.316,200,ok,0,steady
1791234933.4826255,kiemthugialap021@gmail.com,GET,/concerts,3.997,200,ok,0,steady
1791234933.4952466,kiemthugialap019@gmail.com,GET,/orders/me,4.783,200,ok,0,steady
1791234933.5153036,kiemthugialap092@gmail.com,GET,/concerts?on_sale=true,7.331,200,ok,0,steady
1791234933.5157437,kiemthugialap023@gmail.com,GET,/concerts,8.2,200,ok,0,steady
1791234933.516565,kiemthugialap007@gmail.com,GET,/orders/me,9.721,200,ok,0,steady
1791234933.530262,kiemthugialap006@gmail.com,GET,/orders/me,7.902,200,ok,0,steady
1791234933.5317724,kiemthugialap071@gmail.com,GET,/orders/me,8.573,200,ok,0,steady
1791234933.533954,kiemthugialap098@gmail.com,GET,/concerts?on_sale=true,3.498,200,ok,0,steady
1791234933.5649357,kiemthugialap036@gmail.com,GET,/concerts?on_sale=true,7.765,200,ok,0,steady
1791234933.5661929,kiemthugialap084@gmail.com,GET,/orders/me,8.031,200,ok,0,steady
1791234933.5816538,kiemthugialap088@gmail.com,GET,/orders/me,8.773,200,ok,0,steady
1791234933.6070395,kiemthugialap086@gmail.com,GET,/concerts,7.132,200,ok,0,steady
1791234933.622743,kiemthugialap060@gmail.com,GET,/orders/me,7.308,200,ok,0,steady
1791234933.626686,kiemthugialap059@gmail.com,GET,/concerts/{id},3.68,200,ok,0,steady
1791234933.6362185,kiemthugialap030@gmail.com,GET,/orders/me,5.712,200,ok,0,steady
1791234933.656999,kiemthugialap044@gmail.com,GET,/orders/me,10.892,200,ok,0,steady
1791234933.6578696,kiemthugialap094@gmail.com,GET,/orders/me,10.985,200,ok,0,steady
1791234933.6853077,kiemthugialap042@gmail.com,GET,/concerts/{id},6.815,200,ok,0,steady
1791234933.6872046,kiemthugialap073@gmail.com,GET,/orders/me,10.109,200,ok,0,steady
1791234933.7151043,kiemthugialap097@gmail.com,GET,/orders/me,5.534,200,ok,0,steady
1791234933.7398882,kiemthugialap024@gmail.com,GET,/orders/me,7.408,200,ok,0,steady
1791234933.7883954,kiemthugialap089@gmail.com,GET,/concerts,9.062,200,ok,0,steady
1791234933.7893093,kiemthugialap074@gmail.com,GET,/concerts,10.781,200,ok,0,steady
1791234933.7930157,kiemthugialap048@gmail.com,GET,/orders/me,12.805,200,ok,0,steady
1791234933.8145716,kiemthugialap055@gmail.com,GET,/concerts?on_sale=true,8.11,200,ok,0,steady
1791234933.8159344,kiemthugialap070@gmail.com,GET,/orders/me,8.581,200,ok,0,steady
1791234933.8500519,kiemthugialap052@gmail.com,GET,/concerts/{id},5.894,200,ok,0,steady
1791234933.9074934,kiemthugialap047@gmail.com,GET,/concerts,6.902,200,ok,0,steady
1791234933.9087045,kiemthugialap095@gmail.com,GET,/orders/me,9.108,200,ok,0,steady
1791234933.9362285,kiemthugialap017@gmail.com,GET,/orders/me,5.663,200,ok,0,steady
1791234933.993702,kiemthugialap069@gmail.com,GET,/orders/me,8.247,200,ok,0,steady
1791234934.016187,kiemthugialap028@gmail.com,GET,/concerts?on_sale=true,5.665,200,ok,0,steady
1791234934.0178611,kiemthugialap099@gmail.com,GET,/orders/me,8.969,200,ok,0,steady
1791234934.0248141,kiemthugialap014@gmail.com,GET,/orders/me,8.304,200,ok,0,steady
1791234934.0464172,kiemthugialap045@gmail.com,GET,/concerts,18.397,200,ok,0,steady
1791234934.0468738,kiemthugialap021@gmail.com,GET,/concerts/{id},19.52,200,ok,0,steady
1791234934.0609496,kiemthugialap012@gmail.com,GET,/orders/me,32.61,200,ok,0,steady
1791234934.0645657,kiemthugialap077@gmail.com,GET,/orders/me,20.35,200,ok,0,steady
1791234934.065072,kiemthugialap035@gmail.com,GET,/orders/me,19.895,200,ok,0,steady
1791234934.080459,kiemthugialap032@gmail.com,GET,/orders/me,5.541,200,ok,0,steady
1791234934.0814455,kiemthugialap038@gmail.com,GET,/orders/me,7.037,200,ok,0,steady
1791234934.08546,kiemthugialap036@gmail.com,GET,/concerts/{id},3.888,200,ok,0,steady
1791234934.0862646,kiemthugialap025@gmail.com,GET,/orders/me,5.638,200,ok,0,steady
1791234934.0942354,kiemthugialap098@gmail.com,GET,/concerts?on_sale=true,4.109,200,ok,0,steady
1791234934.127659,kiemthugialap096@gmail.com,GET,/orders/me,6.301,200,ok,0,steady
1791234934.1456757,kiemthugialap040@gmail.com,DELETE,/orders/{id},9.24,200,ok,0,steady
1791234934.1498551,kiemthugialap083@gmail.com,GET,/concerts,3.876,200,ok,0,steady
1791234934.183323,kiemthugialap072@gmail.com,GET,/concerts/{id},5.037,200,ok,0,steady
1791234934.1859457,kiemthugialap061@gmail.com,GET,/concerts,2.441,200,ok,0,steady
1791234934.2209437,kiemthugialap003@gmail.com,GET,/orders/me,11.648,200,ok,0,steady
1791234934.222193,kiemthugialap026@gmail.com,GET,/orders/me,11.54,200,ok,0,steady
1791234934.2225385,kiemthugialap062@gmail.com,GET,/orders/me,10.253,200,ok,0,steady
1791234934.2421615,kiemthugialap020@gmail.com,GET,/orders/me,5.841,200,ok,0,steady
1791234934.2473881,kiemthugialap053@gmail.com,GET,/orders/me,4.942,200,ok,0,steady
1791234934.251614,kiemthugialap087@gmail.com,GET,/orders/me,4.013,200,ok,0,steady
1791234934.2701695,kiemthugialap057@gmail.com,GET,/concerts?on_sale=true,5.034,200,ok,0,steady
1791234934.2716343,kiemthugialap043@gmail.com,GET,/orders/me,8.084,200,ok,0,steady
1791234934.2992103,kiemthugialap085@gmail.com,GET,/concerts/{id},6.338,200,ok,0,steady
1791234934.2997487,kiemthugialap071@gmail.com,GET,/concerts,6.103,200,ok,0,steady
1791234934.314435,kiemthugialap066@gmail.com,GET,/orders/me,5.997,200,ok,0,steady
1791234934.3296628,kiemthugialap042@gmail.com,GET,/concerts?on_sale=true,5.251,200,ok,0,steady
1791234934.3352242,kiemthugialap067@gmail.com,GET,/orders/me,5.308,200,ok,0,steady
1791234934.3743947,kiemthugialap050@gmail.com,GET,/concerts/{id},7.167,200,ok,0,steady
1791234934.3759434,kiemthugialap015@gmail.com,GET,/orders/me,9.382,200,ok,0,steady
1791234934.3763525,kiemthugialap058@gmail.com,GET,/orders/me,8.919,200,ok,0,steady
1791234934.391468,kiemthugialap054@gmail.com,GET,/orders/me,9.546,200,ok,0,steady
1791234934.391672,kiemthugialap002@gmail.com,GET,/orders/me,8.985,200,ok,0,steady
1791234934.3977876,kiemthugialap008@gmail.com,GET,/orders/me,8.395,200,ok,0,steady
1791234934.3985064,kiemthugialap068@gmail.com,GET,/orders/me,9.802,200,ok,0,steady
1791234934.424425,kiemthugialap011@gmail.com,GET,/concerts?on_sale=true,8.896,200,ok,0,steady
1791234934.42612,kiemthugialap073@gmail.com,GET,/orders/me,8.185,200,ok,0,steady
1791234934.4265463,kiemthugialap075@gmail.com,GET,/orders/me,9.794,200,ok,0,steady
1791234934.4339085,kiemthugialap007@gmail.com,GET,/concerts?on_sale=true,3.799,200,ok,0,steady
1791234934.4400601,kiemthugialap084@gmail.com,GET,/concerts/{id},5.629,200,ok,0,steady
1791234934.441947,kiemthugialap091@gmail.com,GET,/concerts/{id},7.896,200,ok,0,steady
1791234934.445648,kiemthugialap022@gmail.com,GET,/orders/me,5.264,200,ok,0,steady
1791234934.4641938,kiemthugialap093@gmail.com,GET,/concerts/{id},9.644,200,ok,0,steady
1791234934.46487,kiemthugialap033@gmail.com,GET,/concerts?on_sale=true,9.192,200,ok,0,steady
1791234934.4984586,kiemthugialap079@gmail.com,GET,/orders/me,22.327,200,ok,0,steady
1791234934.4998674,kiemthugialap056@gmail.com,GET,/orders/me,8.711,200,ok,0,steady
1791234934.5027792,kiemthugialap046@gmail.com,GET,/orders/me,4.098,200,ok,0,steady
1791234934.5084243,kiemthugialap047@gmail.com,GET,/concerts/{id},5.149,200,ok,0,steady
1791234934.5094774,kiemthugialap078@gmail.com,GET,/orders/me,6.561,200,ok,0,steady
1791234934.5334551,kiemthugialap081@gmail.com,GET,/orders/me,11.272,200,ok,0,steady
1791234934.5341904,kiemthugialap088@gmail.com,GET,/concerts?on_sale=true,8.951,200,ok,0,steady
1791234934.534719,kiemthugialap004@gmail.com,GET,/orders/me,11.291,200,ok,0,steady
1791234934.5411813,kiemthugialap031@gmail.com,GET,/orders/me,6.263,200,ok,0,steady
1791234934.5576148,kiemthugialap037@gmail.com,GET,/orders/me,5.563,200,ok,0,steady
1791234934.5622356,kiemthugialap082@gmail.com,GET,/orders/me,4.316,200,ok,0,steady
1791234934.5988054,kiemthugialap010@gmail.com,GET,/orders/me,5.486,200,ok,0,steady
1791234934.606069,kiemthugialap039@gmail.com,GET,/orders/me,7.035,200,ok,0,steady
1791234934.6064825,kiemthugialap009@gmail.com,GET,/orders/me,6.58,200,ok,0,steady
1791234934.644979,kiemthugialap080@gmail.com,GET,/concerts?on_sale=true,4.066,200,ok,0,steady
1791234934.661868,kiemthugialap092@gmail.com,GET,/orders/me,6.043,200,ok,0,steady
1791234934.6868553,kiemthugialap001@gmail.com,GET,/orders/me,15.624,200,ok,0,steady
1791234934.6874087,kiemthugialap013@gmail.com,GET,/orders/me,17.228,200,ok,0,steady
1791234934.697193,kiemthugialap049@gmail.com,GET,/orders/me,7.085,200,ok,0,steady
1791234934.70304,kiemthugialap052@gmail.com,GET,/orders/me,5.268,200,ok,0,steady
1791234934.724257,kiemthugialap018@gmail.com,GET,/concerts/{id},9.71,200,ok,0,steady
1791234934.7273962,kiemthugialap096@gmail.com,GET,/orders/me,13.954,200,ok,0,steady
1791234934.730334,kiemthugialap100@gmail.com,POST,/orders,15.401,201,ok,0,steady
1791234934.7357035,kiemthugialap074@gmail.com,GET,/orders/me,5.168,200,ok,0,steady
1791234934.7482316,kiemthugialap012@gmail.com,GET,/orders/me,23.659,200,ok,0,steady
1791234934.7576525,kiemthugialap041@gmail.com,GET,/orders/me,13.133,200,ok,0,steady
1791234934.795755,kiemthugialap076@gmail.com,GET,/concerts?on_sale=true,3.34,200,ok,0,steady
1791234934.7961376,kiemthugialap065@gmail.com,GET,/concerts,5.082,200,ok,0,steady
1791234934.8797486,kiemthugialap064@gmail.com,GET,/orders/me,5.978,200,ok,0,steady
1791234934.911207,kiemthugialap053@gmail.com,GET,/concerts?on_sale=true,6.2,200,ok,0,steady
1791234934.9256604,kiemthugialap005@gmail.com,GET,/orders/me,5.368,200,ok,0,steady
1791234934.946439,kiemthugialap011@gmail.com,GET,/concerts,8.314,200,ok,0,steady
1791234934.948002,kiemthugialap034@gmail.com,GET,/orders/me,10.774,200,ok,0,steady
1791234934.9483159,kiemthugialap038@gmail.com,GET,/orders/me,9.048,200,ok,0,steady
1791234934.9546947,kiemthugialap023@gmail.com,GET,/orders/me,7.668,200,ok,0,steady
1791234934.9586315,kiemthugialap051@gmail.com,POST,/orders,11.995,201,ok,0,steady
1791234934.97391,kiemthugialap099@gmail.com,GET,/orders/me,6.204,200,ok,0,steady
1791234935.0055861,kiemthugialap027@gmail.com,GET,/orders/me,6.898,200,ok,0,steady
1791234935.0067563,kiemthugialap008@gmail.com,GET,/orders/me,7.146,200,ok,0,steady
1791234935.008433,kiemthugialap094@gmail.com,GET,/concerts/{id},2.611,200,ok,0,steady
1791234935.018109,kiemthugialap063@gmail.com,GET,/concerts/{id},3.389,200,ok,0,steady
1791234935.0351562,kiemthugialap079@gmail.com,GET,/orders/me,4.915,200,ok,0,steady
1791234935.0691764,kiemthugialap022@gmail.com,GET,/concerts,7.181,200,ok,0,steady
1791234935.0711439,kiemthugialap055@gmail.com,GET,/orders/me,8.284,200,ok,0,steady
1791234935.0742283,kiemthugialap016@gmail.com,GET,/concerts?on_sale=true,4.734,200,ok,0,steady
1791234935.118648,kiemthugialap059@gmail.com,GET,/orders/me,14.365,200,ok,0,steady
1791234935.1199408,kiemthugialap068@gmail.com,GET,/orders/me,14.591,200,ok,0,steady
1791234935.1204014,kiemthugialap043@gmail.com,GET,/concerts/{id},13.113,200,ok,0,steady
1791234935.1213546,kiemthugialap029@gmail.com,GET,/orders/me,8.501,200,ok,0,steady
1791234935.1244328,kiemthugialap015@gmail.com,GET,/orders/me,5.633,200,ok,0,steady
1791234935.150839,kiemthugialap024@gmail.com,GET,/orders/me,6.441,200,ok,0,steady
1791234935.1547694,kiemthugialap044@gmail.com,GET,/concerts?on_sale=true,3.652,200,ok,0,steady
1791234935.195341,kiemthugialap010@gmail.com,GET,/concerts/{id},20.94,200,ok,0,steady
1791234935.1973429,kiemthugialap036@gmail.com,GET,/orders/me,21.592,200,ok,0,steady
1791234935.1998723,kiemthugialap088@gmail.com,GET,/concerts?on_sale=true,4.163,200,ok,0,steady
1791234935.272151,kiemthugialap020@gmail.com,GET,/orders/me,5.085,200,ok,0,steady
1791234935.3037243,kiemthugialap090@gmail.com,GET,/orders/me,5.118,200,ok,0,steady
1791234935.329495,kiemthugialap041@gmail.com,GET,/orders/me,7.649,200,ok,0,steady
1791234935.3584552,kiemthugialap035@gmail.com,GET,/orders/me,9.738,200,ok,0,steady
1791234935.3599398,kiemthugialap048@gmail.com,GET,/orders/me,10.409,200,ok,0,steady
1791234935.360249,kiemthugialap019@gmail.com,GET,/orders/me,13.399,200,ok,0,steady
1791234935.361984,kiemthugialap071@gmail.com,GET,/concerts,3.222,200,ok,0,steady
1791234935.3648872,kiemthugialap062@gmail.com,GET,/orders/me,4.53,200,ok,0,steady
1791234935.4033878,kiemthugialap021@gmail.com,GET,/orders/me,10.797,200,ok,0,steady
1791234935.4066253,kiemthugialap070@gmail.com,DELETE,/orders/{id},13.171,200,ok,0,steady
1791234935.41361,kiemthugialap086@gmail.com,GET,/concerts,3.739,200,ok,0,steady
1791234935.4491625,kiemthugialap066@gmail.com,GET,/orders/me,7.84,200,ok,0,steady
1791234935.4579737,kiemthugialap075@gmail.com,GET,/orders/me,8.521,200,ok,0,steady
1791234935.4595964,kiemthugialap006@gmail.com,GET,/orders/me,8.984,200,ok,0,steady
1791234935.477805,kiemthugialap060@gmail.com,GET,/concerts/{id},6.149,200,ok,0,steady
1791234935.4799912,kiemthugialap003@gmail.com,GET,/orders/me,7.319,200,ok,0,steady
1791234935.4804714,kiemthugialap004@gmail.com,GET,/orders/me,9.425,200,ok,0,steady
1791234935.4989755,kiemthugialap069@gmail.com,GET,/orders/me,12.064,200,ok,0,steady
1791234935.5002692,kiemthugialap093@gmail.com,GET,/orders/me,13.977,200,ok,0,steady
1791234935.5005808,kiemthugialap031@gmail.com,GET,/orders/me,13.387,200,ok,0,steady
1791234935.5045404,kiemthugialap046@gmail.com,GET,/orders/me,5.34,200,ok,0,steady
1791234935.5271187,kiemthugialap077@gmail.com,GET,/concerts,8.241,200,ok,0,steady
1791234935.529234,kiemthugialap001@gmail.com,GET,/concerts/{id},9.715,200,ok,0,steady
1791234935.5299497,kiemthugialap017@gmail.com,GET,/orders/me,10.784,200,ok,0,steady
1791234935.5303178,kiemthugialap018@gmail.com,GET,/orders/me,12.0,200,ok,0,steady
1791234935.5603461,kiemthugialap056@gmail.com,GET,/concerts,9.675,200,ok,0,steady
1791234935.5624146,kiemthugialap058@gmail.com,GET,/orders/me,12.178,200,ok,0,steady
1791234935.5641308,kiemthugialap085@gmail.com,GET,/orders/me,14.512,200,ok,0,steady
1791234935.5710561,kiemthugialap096@gmail.com,GET,/orders/me,9.686,200,ok,0,steady
1791234935.5732644,kiemthugialap030@gmail.com,POST,/orders,12.729,201,ok,0,steady
1791234935.6097472,kiemthugialap083@gmail.com,GET,/concerts/{id},7.043,200,ok,0,steady
1791234935.611766,kiemthugialap061@gmail.com,GET,/orders/me,10.309,200,ok,0,steady
1791234935.6122818,kiemthugialap078@gmail.com,GET,/orders/me,9.907,200,ok,0,steady
1791234935.6402974,kiemthugialap065@gmail.com,GET,/concerts?on_sale=true,16.274,200,ok,0,steady
1791234935.640732,kiemthugialap094@gmail.com,GET,/concerts/{id},14.577,200,ok,0,steady
1791234935.641117,kiemthugialap063@gmail.com,GET,/orders/me,17.487,200,ok,0,steady
1791234935.6413915,kiemthugialap076@gmail.com,GET,/orders/me,18.14,200,ok,0,steady
1791234935.6415856,kiemthugialap089@gmail.com,GET,/orders/me,19.416,200,ok,0,steady
1791234935.6723504,kiemthugialap073@gmail.com,GET,/orders/me,9.206,200,ok,0,steady
1791234935.6728673,kiemthugialap100@gmail.com,GET,/orders/me,9.226,200,ok,0,steady
1791234935.6824539,kiemthugialap097@gmail.com,GET,/concerts,4.309,200,ok,0,steady
1791234935.7000258,kiemthugialap024@gmail.com,GET,/orders/me,5.674,200,ok,0,steady
1791234935.7474203,kiemthugialap050@gmail.com,GET,/orders/me,6.101,200,ok,0,steady
1791234935.806813,kiemthugialap045@gmail.com,GET,/concerts?on_sale=true,7.259,200,ok,0,steady
1791234935.807972,kiemthugialap014@gmail.com,GET,/orders/me,7.461,200,ok,0,steady
1791234935.8656614,kiemthugialap025@gmail.com,GET,/orders/me,23.07,200,ok,0,steady
1791234935.867116,kiemthugialap034@gmail.com,GET,/orders/me,25.759,200,ok,0,steady
1791234935.8693287,kiemthugialap013@gmail.com,GET,/orders/me,22.056,200,ok,0,steady
1791234935.8705056,kiemthugialap039@gmail.com,GET,/orders/me,11.981,200,ok,0,steady
1791234935.898446,kiemthugialap048@gmail.com,GET,/concerts/{id},6.177,200,ok,0,steady
1791234935.90322,kiemthugialap095@gmail.com,GET,/orders/me,4.523,200,ok,0,steady
1791234935.9112911,kiemthugialap038@gmail.com,GET,/concerts?on_sale=true,3.871,200,ok,0,steady
1791234935.9330633,kiemthugialap040@gmail.com,GET,/orders/me,8.517,200,ok,0,steady
1791234935.934858,kiemthugialap047@gmail.com,GET,/orders/me,11.666,200,ok,0,steady
1791234935.9352891,kiemthugialap005@gmail.com,GET,/orders/me,11.199,200,ok,0,steady
1791234935.9382951,kiemthugialap044@gmail.com,GET,/orders/me,4.959,200,ok,0,steady
1791234935.9588554,kiemthugialap072@gmail.com,GET,/concerts/{id},4.46,200,ok,0,steady
1791234935.959782,kiemthugialap020@gmail.com,GET,/orders/me,5.995,200,ok,0,steady
1791234935.9843888,kiemthugialap022@gmail.com,GET,/orders/me,5.646,200,ok,0,steady
1791234935.9876096,kiemthugialap054@gmail.com,GET,/concerts?on_sale=true,3.037,200,ok,0,steady
1791234936.0161395,kiemthugialap028@gmail.com,GET,/concerts/{id},5.096,200,ok,0,steady
1791234936.019421,kiemthugialap035@gmail.com,GET,/orders/me,9.819,200,ok,0,steady
1791234936.021649,kiemthugialap032@gmail.com,GET,/orders/me,9.868,200,ok,0,steady
1791234936.023571,kiemthugialap052@gmail.com,GET,/orders/me,7.181,200,ok,0,steady
1791234936.0526578,kiemthugialap092@gmail.com,GET,/concerts?on_sale=true,3.821,200,ok,0,steady
1791234936.0883894,kiemthugialap098@gmail.com,GET,/concerts,7.723,200,ok,0,steady
1791234936.0889714,kiemthugialap026@gmail.com,GET,/concerts?on_sale=true,9.312,200,ok,0,steady
1791234936.0908027,kiemthugialap036@gmail.com,GET,/orders/me,9.768,200,ok,0,steady
1791234936.116059,kiemthugialap057@gmail.com,GET,/orders/me,8.054,200,ok,0,steady
1791234936.11657,kiemthugialap067@gmail.com,GET,/orders/me,9.754,200,ok,0,steady
1791234936.1284537,kiemthugialap011@gmail.com,GET,/concerts?on_sale=true,5.624,200,ok,0,steady
1791234936.1520433,kiemthugialap064@gmail.com,GET,/orders/me,6.503,200,ok,0,steady
1791234936.181223,kiemthugialap049@gmail.com,GET,/concerts,5.435,200,ok,0,steady
1791234936.1827857,kiemthugialap041@gmail.com,GET,/concerts?on_sale=true,8.132,200,ok,0,steady
1791234936.186555,kiemthugialap084@gmail.com,GET,/orders/me,5.091,200,ok,0,steady
1791234936.1883001,kiemthugialap042@gmail.com,GET,/orders/me,5.381,200,ok,0,steady
1791234936.1895294,kiemthugialap007@gmail.com,GET,/concerts,2.857,200,ok,0,steady
1791234936.210248,kiemthugialap061@gmail.com,GET,/orders/me,3.983,200,ok,0,steady
1791234936.243304,kiemthugialap087@gmail.com,GET,/orders/me,4.947,200,ok,0,steady
1791234936.2486398,kiemthugialap078@gmail.com,GET,/concerts?on_sale=true,5.154,200,ok,0,steady
1791234936.2498188,kiemthugialap023@gmail.com,GET,/orders/me,6.04,200,ok,0,steady
1791234936.2522056,kiemthugialap024@gmail.com,GET,/orders/me,3.339,200,ok,0,steady
1791234936.2745848,kiemthugialap004@gmail.com,GET,/concerts/{id},5.866,200,ok,0,steady
1791234936.3227732,kiemthugialap081@gmail.com,GET,/concerts?on_sale=true,4.282,200,ok,0,steady
1791234936.3414311,kiemthugialap027@gmail.com,GET,/concerts,5.8,200,ok,0,steady
1791234936.341846,kiemthugialap018@gmail.com,GET,/concerts,8.417,200,ok,0,steady
1791234936.3429985,kiemthugialap094@gmail.com,GET,/orders/me,8.537,200,ok,0,steady
1791234936.367363,kiemthugialap002@gmail.com,GET,/orders/me,6.236,200,ok,0,steady
1791234936.3983698,kiemthugialap021@gmail.com,GET,/concerts/{id},5.029,200,ok,0,steady
1791234936.430188,kiemthugialap033@gmail.com,GET,/orders/me,17.99,200,ok,0,steady
1791234936.434775,kiemthugialap095@gmail.com,GET,/orders/me,20.494,200,ok,0,steady
1791234936.4361157,kiemthugialap091@gmail.com,GET,/orders/me,23.306,200,ok,0,steady
1791234936.439711,kiemthugialap100@gmail.com,GET,/orders/me,11.174,200,ok,0,steady
1791234936.4409056,kiemthugialap075@gmail.com,GET,/orders/me,13.039,200,ok,0,steady
1791234936.441922,kiemthugialap015@gmail.com,GET,/concerts/{id},6.939,200,ok,0,steady
1791234936.4676423,kiemthugialap055@gmail.com,GET,/concerts/{id},7.529,200,ok,0,steady
1791234936.4687493,kiemthugialap037@gmail.com,GET,/orders/me,8.91,200,ok,0,steady
1791234936.4690773,kiemthugialap062@gmail.com,GET,/orders/me,10.085,200,ok,0,steady
1791234936.472047,kiemthugialap008@gmail.com,GET,/orders/me,4.217,200,ok,0,steady
1791234936.497801,kiemthugialap079@gmail.com,GET,/orders/me,7.074,200,ok,0,steady
1791234936.5214221,kiemthugialap054@gmail.com,GET,/orders/me,4.71,200,ok,0,steady
1791234936.52611,kiemthugialap045@gmail.com,GET,/orders/me,4.479,200,ok,0,steady
1791234936.5376143,kiemthugialap082@gmail.com,GET,/concerts,5.108,200,ok,0,steady
1791234936.5386379,kiemthugialap080@gmail.com,GET,/orders/me,5.6,200,ok,0,steady
1791234936.5895398,kiemthugialap009@gmail.com,GET,/orders/me,8.35,200,ok,0,steady
1791234936.590156,kiemthugialap048@gmail.com,GET,/orders/me,7.634,200,ok,0,steady
1791234936.622145,kiemthugialap093@gmail.com,GET,/concerts,7.927,200,ok,0,steady
1791234936.6246946,kiemthugialap043@gmail.com,GET,/orders/me,12.153,200,ok,0,steady
1791234936.6250603,kiemthugialap088@gmail.com,GET,/orders/me,13.365,200,ok,0,steady
1791234936.640409,kiemthugialap056@gmail.com,GET,/concerts/{id},3.549,200,ok,0,steady
1791234936.6571393,kiemthugialap051@gmail.com,GET,/orders/me,4.789,200,ok,0,steady
1791234936.6768754,kiemthugialap068@gmail.com,GET,/orders/me,9.183,200,ok,0,steady
1791234936.6821036,kiemthugialap012@gmail.com,GET,/orders/me,13.347,200,ok,0,steady
1791234936.7043567,kiemthugialap007@gmail.com,GET,/orders/me,6.236,200,ok,0,steady
1791234936.7078276,kiemthugialap089@gmail.com,GET,/orders/me,3.301,200,ok,0,steady
1791234936.7116334,kiemthugialap074@gmail.com,GET,/orders/me,3.626,200,ok,0,steady
1791234936.737272,kiemthugialap050@gmail.com,GET,/orders/me,7.183,200,ok,0,steady
1791234936.7422729,kiemthugialap031@gmail.com,GET,/orders/me,4.796,200,ok,0,steady
1791234936.7634034,kiemthugialap039@gmail.com,GET,/orders/me,8.402,200,ok,0,steady
1791234936.817583,kiemthugialap092@gmail.com,GET,/concerts/{id},41.458,200,ok,0,steady
1791234936.8214576,kiemthugialap013@gmail.com,GET,/concerts/{id},5.762,200,ok,0,steady
1791234936.8254328,kiemthugialap097@gmail.com,GET,/concerts,9.162,200,ok,0,steady
1791234936.8307612,kiemthugialap077@gmail.com,GET,/orders/me,9.043,200,ok,0,steady
1791234936.8543556,kiemthugialap053@gmail.com,GET,/orders/me,16.368,200,ok,0,steady
1791234936.8584685,kiemthugialap096@gmail.com,GET,/concerts/{id},3.836,200,ok,0,steady
1791234936.8653166,kiemthugialap090@gmail.com,GET,/orders/me,6.594,200,ok,0,steady
1791234936.8671978,kiemthugialap076@gmail.com,GET,/orders/me,6.808,200,ok,0,steady
1791234936.872449,kiemthugialap099@gmail.com,GET,/orders/me,6.796,200,ok,0,steady
1791234936.8758738,kiemthugialap063@gmail.com,GET,/concerts?on_sale=true,3.108,200,ok,0,steady
1791234936.8883312,kiemthugialap085@gmail.com,GET,/orders/me,5.772,200,ok,0,steady
1791234936.89286,kiemthugialap058@gmail.com,GET,/concerts/{id},4.236,200,ok,0,steady
1791234936.9039834,kiemthugialap016@gmail.com,GET,/orders/me,6.386,200,ok,0,steady
1791234936.928191,kiemthugialap002@gmail.com,GET,/orders/me,7.179,200,ok,0,steady
1791234936.9316266,kiemthugialap020@gmail.com,DELETE,/orders/{id},11.3,200,ok,0,steady
1791234936.940365,kiemthugialap001@gmail.com,GET,/concerts,11.907,200,ok,0,steady
1791234936.9439454,kiemthugialap060@gmail.com,GET,/concerts,3.262,200,ok,0,steady
1791234936.9735353,kiemthugialap069@gmail.com,GET,/orders/me,5.206,200,ok,0,steady
1791234936.9886475,kiemthugialap004@gmail.com,GET,/orders/me,4.91,200,ok,0,steady
1791234936.99718,kiemthugialap006@gmail.com,GET,/orders/me,6.113,200,ok,0,steady
1791234937.011728,kiemthugialap078@gmail.com,GET,/orders/me,5.304,200,ok,0,steady
1791234937.0170107,kiemthugialap025@gmail.com,GET,/concerts/{id},5.065,200,ok,0,steady
1791234937.0226498,kiemthugialap005@gmail.com,GET,/concerts?on_sale=true,5.37,200,ok,0,steady
1791234937.0410988,kiemthugialap100@gmail.com,GET,/concerts/{id},21.521,200,ok,0,steady
1791234937.0415766,kiemthugialap059@gmail.com,GET,/concerts,23.312,200,ok,0,steady
1791234937.048582,kiemthugialap003@gmail.com,GET,/orders/me,29.822,200,ok,0,steady
1791234937.0512326,kiemthugialap061@gmail.com,GET,/concerts,13.88,200,ok,0,steady
1791234937.052293,kiemthugialap042@gmail.com,GET,/orders/me,13.651,200,ok,0,steady
1791234937.0529418,kiemthugialap057@gmail.com,GET,/orders/me,14.645,200,ok,0,steady
1791234937.0715945,kiemthugialap024@gmail.com,GET,/concerts,11.24,200,ok,0,steady
1791234937.107705,kiemthugialap082@gmail.com,GET,/orders/me,10.033,200,ok,0,steady
1791234937.1083212,kiemthugialap071@gmail.com,GET,/orders/me,12.455,200,ok,0,steady
1791234937.1087358,kiemthugialap065@gmail.com,GET,/orders/me,13.245,200,ok,0,steady
1791234937.1095057,kiemthugialap034@gmail.com,GET,/orders/me,15.017,200,ok,0,steady
1791234937.1352162,kiemthugialap029@gmail.com,GET,/orders/me,10.572,200,ok,0,steady
1791234937.1358595,kiemthugialap086@gmail.com,GET,/orders/me,10.078,200,ok,0,steady
1791234937.163324,kiemthugialap098@gmail.com,GET,/concerts?on_sale=true,7.934,200,ok,0,steady
1791234937.1649659,kiemthugialap046@gmail.com,GET,/orders/me,7.735,200,ok,0,steady
1791234937.174404,kiemthugialap010@gmail.com,DELETE,/orders/{id},9.136,200,ok,0,steady
1791234937.2079914,kiemthugialap023@gmail.com,GET,/orders/me,10.0,200,ok,0,steady
1791234937.21302,kiemthugialap070@gmail.com,GET,/orders/me,4.733,200,ok,0,steady
1791234937.2220492,kiemthugialap075@gmail.com,GET,/orders/me,5.076,200,ok,0,steady
1791234937.2393496,kiemthugialap080@gmail.com,GET,/concerts,6.302,200,ok,0,steady
1791234937.240689,kiemthugialap052@gmail.com,GET,/orders/me,8.42,200,ok,0,steady
1791234937.2440279,kiemthugialap027@gmail.com,GET,/concerts?on_sale=true,4.019,200,ok,0,steady
1791234937.2449298,kiemthugialap048@gmail.com,GET,/orders/me,5.404,200,ok,0,steady
1791234937.2709758,kiemthugialap072@gmail.com,GET,/orders/me,8.649,200,ok,0,steady
1791234937.2719853,kiemthugialap089@gmail.com,GET,/orders/me,8.592,200,ok,0,steady
1791234937.275073,kiemthugialap030@gmail.com,GET,/orders/me,3.909,200,ok,0,steady
1791234937.2759655,kiemthugialap079@gmail.com,GET,/orders/me,3.835,200,ok,0,steady
1791234937.2987568,kiemthugialap007@gmail.com,GET,/orders/me,5.739,200,ok,0,steady
1791234937.3390446,kiemthugialap019@gmail.com,GET,/orders/me,5.814,200,ok,0,steady
1791234937.3431919,kiemthugialap021@gmail.com,GET,/orders/me,3.989,200,ok,0,steady
1791234937.372861,kiemthugialap083@gmail.com,GET,/orders/me,7.547,200,ok,0,steady
1791234937.3763926,kiemthugialap066@gmail.com,GET,/orders/me,3.365,200,ok,0,steady
1791234937.3805368,kiemthugialap015@gmail.com,GET,/orders/me,3.966,200,ok,0,steady
1791234937.385119,kiemthugialap093@gmail.com,GET,/orders/me,4.328,200,ok,0,steady
1791234937.3892727,kiemthugialap017@gmail.com,GET,/concerts,3.988,200,ok,0,steady
1791234937.3904073,kiemthugialap008@gmail.com,GET,/orders/me,4.737,200,ok,0,steady
1791234937.4177873,kiemthugialap036@gmail.com,GET,/orders/me,6.706,200,ok,0,steady
1791234937.422212,kiemthugialap011@gmail.com,GET,/orders/me,4.188,200,ok,0,steady
1791234937.454747,kiemthugialap068@gmail.com,GET,/concerts?on_sale=true,9.06,200,ok,0,steady
1791234937.4552336,kiemthugialap032@gmail.com,GET,/concerts,10.926,200,ok,0,steady
1791234937.45557,kiemthugialap031@gmail.com,GET,/concerts?on_sale=true,12.651,200,ok,0,steady
1791234937.456993,kiemthugialap035@gmail.com,GET,/orders/me,13.431,200,ok,0,steady
1791234937.4582963,kiemthugialap067@gmail.com,GET,/orders/me,14.377,200,ok,0,steady
1791234937.4602265,kiemthugialap099@gmail.com,GET,/concerts/{id},3.074,200,ok,0,steady
1791234937.4661374,kiemthugialap074@gmail.com,GET,/orders/me,5.671,200,ok,0,steady
1791234937.5172465,kiemthugialap053@gmail.com,GET,/concerts?on_sale=true,9.827,200,ok,0,steady
1791234937.519503,kiemthugialap018@gmail.com,GET,/orders/me,11.208,200,ok,0,steady
1791234937.5201175,kiemthugialap028@gmail.com,GET,/orders/me,10.705,200,ok,0,steady
1791234937.5676432,kiemthugialap047@gmail.com,GET,/orders/me,12.932,200,ok,0,steady
1791234937.57035,kiemthugialap050@gmail.com,GET,/concerts/{id},6.342,200,ok,0,steady
1791234937.5762045,kiemthugialap064@gmail.com,GET,/concerts/{id},22.49,200,ok,0,steady
1791234937.5833995,kiemthugialap091@gmail.com,GET,/orders/me,28.993,200,ok,0,steady
1791234937.589715,kiemthugialap049@gmail.com,GET,/orders/me,13.269,200,ok,0,steady
1791234937.598103,kiemthugialap056@gmail.com,GET,/orders/me,8.201,200,ok,0,steady
1791234937.6199703,kiemthugialap004@gmail.com,GET,/orders/me,7.24,200,ok,0,steady
1791234937.6265953,kiemthugialap065@gmail.com,GET,/orders/me,6.404,200,ok,0,steady
1791234937.6341684,kiemthugialap002@gmail.com,GET,/orders/me,7.347,200,ok,0,steady
1791234937.6370711,kiemthugialap081@gmail.com,GET,/orders/me,8.387,200,ok,0,steady
1791234937.6426022,kiemthugialap073@gmail.com,GET,/orders/me,5.24,200,ok,0,steady
1791234937.6741867,kiemthugialap041@gmail.com,GET,/orders/me,12.336,200,ok,0,steady
1791234937.674757,kiemthugialap016@gmail.com,GET,/concerts,13.984,200,ok,0,steady
1791234937.6752667,kiemthugialap033@gmail.com,GET,/concerts?on_sale=true,9.312,200,ok,0,steady
1791234937.67695,kiemthugialap038@gmail.com,GET,/orders/me,15.474,200,ok,0,steady
1791234937.6776624,kiemthugialap051@gmail.com,GET,/orders/me,14.574,200,ok,0,steady
1791234937.718205,kiemthugialap063@gmail.com,GET,/concerts?on_sale=true,3.919,200,ok,0,steady
1791234937.769234,kiemthugialap022@gmail.com,GET,/orders/me,8.521,200,ok,0,steady
1791234937.7701633,kiemthugialap096@gmail.com,GET,/orders/me,8.067,200,ok,0,steady
1791234937.770592,kiemthugialap094@gmail.com,GET,/orders/me,8.797,200,ok,0,steady
1791234937.7722828,kiemthugialap057@gmail.com,GET,/orders/me,2.885,200,ok,0,steady
1791234937.8019142,kiemthugialap097@gmail.com,GET,/concerts?on_sale=true,3.82,200,ok,0,steady
1791234937.8058093,kiemthugialap014@gmail.com,GET,/orders/me,3.718,200,ok,0,steady
1791234937.8351316,kiemthugialap090@gmail.com,GET,/orders/me,6.026,200,ok,0,steady
1791234937.8535447,kiemthugialap060@gmail.com,GET,/concerts?on_sale=true,6.588,200,ok,0,steady
1791234937.8556724,kiemthugialap012@gmail.com,GET,/orders/me,10.173,200,ok,0,steady
1791234937.8563108,kiemthugialap054@gmail.com,GET,/orders/me,10.049,200,ok,0,steady
1791234937.858749,kiemthugialap019@gmail.com,GET,/orders/me,5.045,200,ok,0,steady
1791234937.8645022,kiemthugialap077@gmail.com,GET,/concerts,3.811,200,ok,0,steady
1791234937.8814266,kiemthugialap076@gmail.com,GET,/concerts/{id},4.106,200,ok,0,steady
1791234937.9015412,kiemthugialap001@gmail.com,GET,/concerts?on_sale=true,3.913,200,ok,0,steady
1791234937.933524,kiemthugialap092@gmail.com,GET,/orders/me,4.191,200,ok,0,steady
1791234937.937874,kiemthugialap040@gmail.com,POST,/orders,4.201,409,sold_out,0,steady
1791234937.9427066,kiemthugialap040@gmail.com,GET,/concerts/{id}/ticket-types,4.72,200,ok,0,steady
1791234937.9435456,kiemthugialap044@gmail.com,GET,/orders/me,5.234,200,ok,0,steady
1791234937.9469326,kiemthugialap025@gmail.com,GET,/orders/me,4.078,200,ok,0,steady
1791234937.9818573,kiemthugialap055@gmail.com,GET,/orders/me,4.929,200,ok,0,steady
1791234938.0702486,kiemthugialap066@gmail.com,GET,/orders/me,8.865,200,ok,0,steady
1791234938.0725183,kiemthugialap026@gmail.com,GET,/orders/me,10.494,200,ok,0,steady
1791234938.078947,kiemthugialap058@gmail.com,GET,/orders/me,8.391,200,ok,0,steady
1791234938.0795941,kiemthugialap018@gmail.com,GET,/orders/me,8.391,200,ok,0,steady
1791234938.0819387,kiemthugialap068@gmail.com,GET,/orders/me,9.256,200,ok,0,steady
1791234938.0890088,kiemthugialap029@gmail.com,GET,/orders/me,5.806,200,ok,0,steady
1791234938.0894186,kiemthugialap043@gmail.com,GET,/orders/me,7.308,200,ok,0,steady
1791234938.1008968,kiemthugialap084@gmail.com,GET,/concerts,4.534,200,ok,0,steady
1791234938.1019046,kiemthugialap009@gmail.com,GET,/orders/me,6.819,200,ok,0,steady
1791234938.149711,kiemthugialap086@gmail.com,GET,/concerts/{id},6.382,200,ok,0,steady
1791234938.1501234,kiemthugialap045@gmail.com,GET,/concerts?on_sale=true,6.244,200,ok,0,steady
1791234938.150982,kiemthugialap087@gmail.com,GET,/orders/me,8.311,200,ok,0,steady
1791234938.1841226,kiemthugialap069@gmail.com,GET,/concerts?on_sale=true,7.89,200,ok,0,steady
1791234938.1854582,kiemthugialap085@gmail.com,GET,/orders/me,10.218,200,ok,0,steady
1791234938.1857836,kiemthugialap088@gmail.com,GET,/orders/me,9.263,200,ok,0,steady
1791234938.1878066,kiemthugialap037@gmail.com,GET,/orders/me,3.487,200,ok,0,steady
1791234938.2290616,kiemthugialap074@gmail.com,GET,/concerts/{id},9.493,200,ok,0,steady
1791234938.2301362,kiemthugialap093@gmail.com,GET,/orders/me,11.909,200,ok,0,steady
1791234938.230435,kiemthugialap095@gmail.com,GET,/concerts,8.968,200,ok,0,steady
1791234938.2308433,kiemthugialap079@gmail.com,GET,/orders/me,9.654,200,ok,0,steady
1791234938.2319286,kiemthugialap004@gmail.com,GET,/orders/me,12.079,200,ok,0,steady
1791234938.233835,kiemthugialap070@gmail.com,GET,/concerts/{id}/ticket-types,4.623,200,ok,0,steady
1791234938.2563155,kiemthugialap083@gmail.com,GET,/orders/me,6.769,200,ok,0,steady
1791234938.2568164,kiemthugialap031@gmail.com,GET,/orders/me,6.626,200,ok,0,steady
1791234938.2709134,kiemthugialap053@gmail.com,GET,/orders/me,5.303,200,ok,0,steady
1791234938.2897437,kiemthugialap050@gmail.com,DELETE,/orders/{id},8.274,200,ok,0,steady
1791234938.2948537,kiemthugialap071@gmail.com,GET,/orders/me,4.806,200,ok,0,steady
1791234938.3034182,kiemthugialap062@gmail.com,GET,/orders/me,7.755,200,ok,0,steady
1791234938.304033,kiemthugialap051@gmail.com,GET,/orders/me,8.941,200,ok,0,steady
1791234938.3256662,kiemthugialap005@gmail.com,GET,/concerts/{id},6.495,200,ok,0,steady
1791234938.3268528,kiemthugialap006@gmail.com,GET,/orders/me,6.78,200,ok,0,steady
1791234938.3577418,kiemthugialap067@gmail.com,GET,/concerts?on_sale=true,6.77,200,ok,0,steady
1791234938.3587856,kiemthugialap021@gmail.com,GET,/orders/me,6.606,200,ok,0,steady
1791234938.4022906,kiemthugialap032@gmail.com,GET,/orders/me,7.115,200,ok,0,steady
1791234938.4027998,kiemthugialap022@gmail.com,GET,/orders/me,8.912,200,ok,0,steady
1791234938.4213495,kiemthugialap096@gmail.com,GET,/concerts?on_sale=true,6.26,200,ok,0,steady
1791234938.4223466,kiemthugialap013@gmail.com,GET,/orders/me,6.79,200,ok,0,steady
1791234938.4501052,kiemthugialap061@gmail.com,GET,/concerts?on_sale=true,3.134,200,ok,0,steady
1791234938.484863,kiemthugialap011@gmail.com,GET,/concerts?on_sale=true,6.154,200,ok,0,steady
1791234938.4857724,kiemthugialap003@gmail.com,GET,/orders/me,6.418,200,ok,0,steady
1791234938.5024965,kiemthugialap057@gmail.com,GET,/orders/me,7.241,200,ok,0,steady
1791234938.5255308,kiemthugialap007@gmail.com,GET,/orders/me,4.985,200,ok,0,steady
1791234938.5322855,kiemthugialap059@gmail.com,GET,/concerts?on_sale=true,3.882,200,ok,0,steady
1791234938.552336,kiemthugialap020@gmail.com,GET,/orders/me,6.874,200,ok,0,steady
1791234938.5527527,kiemthugialap028@gmail.com,GET,/orders/me,6.112,200,ok,0,steady
1791234938.5670414,kiemthugialap025@gmail.com,GET,/orders/me,4.65,200,ok,0,steady
1791234938.5700307,kiemthugialap077@gmail.com,GET,/orders/me,2.825,200,ok,0,steady
1791234938.5854466,kiemthugialap002@gmail.com,GET,/orders/me,6.026,200,ok,0,steady
1791234938.5858583,kiemthugialap099@gmail.com,GET,/orders/me,5.104,200,ok,0,steady
1791234938.6005845,kiemthugialap039@gmail.com,GET,/orders/me,5.041,200,ok,0,steady
1791234938.6521618,kiemthugialap081@gmail.com,GET,/orders/me,4.301,200,ok,0,steady
1791234938.668383,kiemthugialap042@gmail.com,GET,/orders/me,4.379,200,ok,0,steady
1791234938.701264,kiemthugialap015@gmail.com,GET,/concerts,5.488,200,ok,0,steady
1791234938.7056365,kiemthugialap092@gmail.com,GET,/orders/me,4.106,200,ok,0,steady
1791234938.7321026,kiemthugialap064@gmail.com,GET,/concerts,4.834,200,ok,0,steady
1791234938.7662027,kiemthugialap046@gmail.com,GET,/orders/me,5.653,200,ok,0,steady
1791234938.769507,kiemthugialap080@gmail.com,GET,/orders/me,3.137,200,ok,0,steady
1791234938.7980456,kiemthugialap036@gmail.com,GET,/concerts/{id},4.694,200,ok,0,steady
1791234938.7991548,kiemthugialap100@gmail.com,GET,/orders/me,6.835,200,ok,0,steady
1791234938.8293092,kiemthugialap017@gmail.com,GET,/concerts?on_sale=true,4.681,200,ok,0,steady
1791234938.831598,kiemthugialap075@gmail.com,GET,/orders/me,7.543,200,ok,0,steady
1791234938.8374717,kiemthugialap049@gmail.com,GET,/orders/me,7.948,200,ok,0,steady
1791234938.837889,kiemthugialap053@gmail.com,GET,/orders/me,7.944,200,ok,0,steady
1791234938.8713953,kiemthugialap052@gmail.com,GET,/orders/me,7.827,200,ok,0,steady
1791234938.872445,kiemthugialap091@gmail.com,GET,/orders/me,8.427,200,ok,0,steady
1791234938.872772,kiemthugialap060@gmail.com,GET,/orders/me,11.461,200,ok,0,steady
1791234938.873678,kiemthugialap048@gmail.com,GET,/concerts,2.092,200,ok,0,steady
1791234938.903918,kiemthugialap016@gmail.com,GET,/orders/me,7.896,200,ok,0,steady
1791234938.9044783,kiemthugialap073@gmail.com,GET,/orders/me,10.399,200,ok,0,steady
1791234938.9048133,kiemthugialap089@gmail.com,GET,/orders/me,9.419,200,ok,0,steady
1791234938.908016,kiemthugialap023@gmail.com,GET,/orders/me,3.086,200,ok,0,steady
1791234938.9350498,kiemthugialap074@gmail.com,GET,/concerts?on_sale=true,9.038,200,ok,0,steady
1791234938.9396086,kiemthugialap072@gmail.com,GET,/orders/me,12.501,200,ok,0,steady
1791234938.941191,kiemthugialap024@gmail.com,GET,/orders/me,11.506,200,ok,0,steady
1791234938.9435444,kiemthugialap014@gmail.com,GET,/concerts/{id},3.692,200,ok,0,steady
1791234938.947686,kiemthugialap078@gmail.com,GET,/orders/me,6.314,200,ok,0,steady
1791234938.9707897,kiemthugialap047@gmail.com,GET,/orders/me,9.145,200,ok,0,steady
1791234938.9721396,kiemthugialap018@gmail.com,GET,/orders/me,9.085,200,ok,0,steady
1791234938.9744651,kiemthugialap082@gmail.com,GET,/orders/me,3.459,200,ok,0,steady
1791234938.9789553,kiemthugialap062@gmail.com,GET,/concerts?on_sale=true,4.36,200,ok,0,steady
1791234938.9809554,kiemthugialap079@gmail.com,GET,/orders/me,5.722,200,ok,0,steady
1791234938.998147,kiemthugialap030@gmail.com,GET,/concerts/{id},4.434,200,ok,0,steady
1791234939.001596,kiemthugialap027@gmail.com,GET,/concerts?on_sale=true,3.199,200,ok,0,steady
1791234939.0152876,kiemthugialap096@gmail.com,GET,/orders/me,4.705,200,ok,0,steady
1791234939.0356467,kiemthugialap034@gmail.com,GET,/concerts,9.178,200,ok,0,steady
1791234939.0364149,kiemthugialap098@gmail.com,GET,/orders/me,8.677,200,ok,0,steady
1791234939.036755,kiemthugialap058@gmail.com,GET,/orders/me,9.453,200,ok,0,steady
1791234939.0544863,kiemthugialap054@gmail.com,GET,/concerts,5.114,200,ok,0,steady
1791234939.05555,kiemthugialap045@gmail.com,GET,/orders/me,7.077,200,ok,0,steady
1791234939.1019976,kiemthugialap010@gmail.com,GET,/orders/me,5.399,200,ok,0,steady
1791234939.105564,kiemthugialap026@gmail.com,GET,/orders/me,3.361,200,ok,0,steady
1791234939.134648,kiemthugialap063@gmail.com,GET,/concerts?on_sale=true,4.886,200,ok,0,steady
1791234939.1350565,kiemthugialap086@gmail.com,GET,/concerts?on_sale=true,6.557,200,ok,0,steady
1791234939.1519797,kiemthugialap009@gmail.com,GET,/orders/me,6.028,200,ok,0,steady
1791234939.1658065,kiemthugialap093@gmail.com,GET,/orders/me,4.209,200,ok,0,steady
1791234939.1836329,kiemthugialap035@gmail.com,GET,/orders/me,5.084,200,ok,0,steady
1791234939.201185,kiemthugialap005@gmail.com,GET,/concerts/{id},6.928,200,ok,0,steady
1791234939.2016153,kiemthugialap033@gmail.com,GET,/concerts/{id},5.678,200,ok,0,steady
1791234939.2025182,kiemthugialap084@gmail.com,GET,/orders/me,6.97,200,ok,0,steady
1791234939.256552,kiemthugialap008@gmail.com,GET,/orders/me,10.817,200,ok,0,steady
1791234939.2574046,kiemthugialap038@gmail.com,GET,/orders/me,13.399,200,ok,0,steady
1791234939.2578876,kiemthugialap039@gmail.com,GET,/orders/me,12.836,200,ok,0,steady
1791234939.2592225,kiemthugialap032@gmail.com,GET,/orders/me,6.657,200,ok,0,steady
1791234939.2852447,kiemthugialap031@gmail.com,GET,/orders/me,6.438,200,ok,0,steady
1791234939.2855892,kiemthugialap001@gmail.com,GET,/orders/me,5.709,200,ok,0,steady
1791234939.3514237,kiemthugialap070@gmail.com,POST,/orders,7.585,201,ok,0,steady
1791234939.3561893,kiemthugialap041@gmail.com,GET,/orders/me,4.567,200,ok,0,steady
1791234939.3594394,kiemthugialap022@gmail.com,GET,/orders/me,3.076,200,ok,0,steady
1791234939.3860805,kiemthugialap040@gmail.com,GET,/concerts/{id}/ticket-types,8.188,200,ok,0,steady
1791234939.386534,kiemthugialap019@gmail.com,GET,/orders/me,7.645,200,ok,0,steady
1791234939.447417,kiemthugialap057@gmail.com,GET,/orders/me,20.189,200,ok,0,steady
1791234939.448899,kiemthugialap073@gmail.com,GET,/orders/me,20.635,200,ok,0,steady
1791234939.4492357,kiemthugialap090@gmail.com,GET,/orders/me,20.352,200,ok,0,steady
1791234939.45178,kiemthugialap050@gmail.com,GET,/orders/me,4.203,200,ok,0,steady
1791234939.487169,kiemthugialap006@gmail.com,GET,/orders/me,5.036,200,ok,0,steady
1791234939.518316,kiemthugialap056@gmail.com,GET,/concerts/{id},3.526,200,ok,0,steady
1791234939.5194201,kiemthugialap065@gmail.com,GET,/orders/me,5.662,200,ok,0,steady
1791234939.5513513,kiemthugialap089@gmail.com,GET,/orders/me,5.436,200,ok,0,steady
1791234939.5678966,kiemthugialap055@gmail.com,GET,/orders/me,6.237,200,ok,0,steady
1791234939.572035,kiemthugialap085@gmail.com,GET,/orders/me,6.445,200,ok,0,steady
1791234939.5907362,kiemthugialap036@gmail.com,GET,/concerts/{id},4.517,200,ok,0,steady
1791234939.591234,kiemthugialap037@gmail.com,GET,/concerts?on_sale=true,6.479,200,ok,0,steady
1791234939.6207397,kiemthugialap083@gmail.com,GET,/concerts,4.105,200,ok,0,steady
1791234939.6217802,kiemthugialap095@gmail.com,GET,/orders/me,5.76,200,ok,0,steady
1791234939.6502056,kiemthugialap067@gmail.com,GET,/concerts/{id},17.906,200,ok,0,steady
1791234939.6524498,kiemthugialap021@gmail.com,GET,/orders/me,20.911,200,ok,0,steady
1791234939.6528046,kiemthugialap097@gmail.com,GET,/orders/me,20.766,200,ok,0,steady
1791234939.6542804,kiemthugialap054@gmail.com,GET,/concerts/{id},6.165,200,ok,0,steady
1791234939.6557305,kiemthugialap066@gmail.com,GET,/orders/me,8.136,200,ok,0,steady
1791234939.6724412,kiemthugialap047@gmail.com,GET,/concerts?on_sale=true,4.519,200,ok,0,steady
1791234939.6760733,kiemthugialap099@gmail.com,GET,/orders/me,3.437,200,ok,0,steady
1791234939.7160494,kiemthugialap088@gmail.com,GET,/concerts/{id},20.959,200,ok,0,steady
1791234939.7181683,kiemthugialap094@gmail.com,GET,/orders/me,22.065,200,ok,0,steady
1791234939.7186706,kiemthugialap076@gmail.com,GET,/orders/me,22.001,200,ok,0,steady
1791234939.7196662,kiemthugialap043@gmail.com,GET,/concerts?on_sale=true,6.834,200,ok,0,steady
1791234939.7206802,kiemthugialap098@gmail.com,GET,/orders/me,10.147,200,ok,0,steady
1791234939.7844324,kiemthugialap051@gmail.com,GET,/orders/me,6.177,200,ok,0,steady
1791234939.788367,kiemthugialap060@gmail.com,GET,/concerts,3.779,200,ok,0,steady
1791234939.789919,kiemthugialap081@gmail.com,GET,/orders/me,4.709,200,ok,0,steady
1791234939.791912,kiemthugialap004@gmail.com,GET,/orders/me,3.432,200,ok,0,steady
1791234939.8182638,kiemthugialap025@gmail.com,GET,/concerts,6.147,200,ok,0,steady
1791234939.8199458,kiemthugialap068@gmail.com,GET,/orders/me,8.118,200,ok,0,steady
1791234939.8228235,kiemthugialap001@gmail.com,GET,/orders/me,12.235,200,ok,0,steady
1791234939.8252819,kiemthugialap005@gmail.com,GET,/orders/me,6.789,200,ok,0,steady
1791234939.8265865,kiemthugialap014@gmail.com,GET,/orders/me,6.461,200,ok,0,steady
1791234939.863949,kiemthugialap053@gmail.com,GET,/concerts/{id},20.296,200,ok,0,steady
1791234939.8658988,kiemthugialap012@gmail.com,GET,/orders/me,23.134,200,ok,0,steady
1791234939.8664775,kiemthugialap092@gmail.com,GET,/orders/me,23.109,200,ok,0,steady
1791234939.8693442,kiemthugialap048@gmail.com,GET,/orders/me,5.117,200,ok,0,steady
1791234939.9187446,kiemthugialap044@gmail.com,GET,/orders/me,6.485,200,ok,0,steady
1791234939.9191804,kiemthugialap042@gmail.com,GET,/orders/me,8.102,200,ok,0,steady
1791234939.9628115,kiemthugialap069@gmail.com,GET,/orders/me,20.098,200,ok,0,steady
1791234939.9636264,kiemthugialap029@gmail.com,GET,/concerts?on_sale=true,20.368,200,ok,0,steady
1791234939.9917748,kiemthugialap087@gmail.com,GET,/orders/me,7.385,200,ok,0,steady
1791234940.0117083,kiemthugialap023@gmail.com,GET,/orders/me,6.045,200,ok,0,steady
1791234940.0171442,kiemthugialap090@gmail.com,GET,/orders/me,5.132,200,ok,0,steady
1791234940.032883,kiemthugialap030@gmail.com,GET,/orders/me,5.334,200,ok,0,steady
1791234940.049547,kiemthugialap093@gmail.com,GET,/orders/me,5.223,200,ok,0,steady
1791234940.063805,kiemthugialap074@gmail.com,GET,/concerts,3.143,200,ok,0,steady
1791234940.0685284,kiemthugialap017@gmail.com,GET,/orders/me,4.564,200,ok,0,steady
1791234940.0688941,kiemthugialap100@gmail.com,GET,/concerts/{id},4.347,200,ok,0,steady
1791234940.1052682,kiemthugialap064@gmail.com,GET,/orders/me,7.491,200,ok,0,steady
1791234940.1056817,kiemthugialap007@gmail.com,GET,/orders/me,10.457,200,ok,0,steady
1791234940.1059642,kiemthugialap018@gmail.com,GET,/orders/me,8.715,200,ok,0,steady
1791234940.131926,kiemthugialap016@gmail.com,GET,/orders/me,5.482,200,ok,0,steady
1791234940.165021,kiemthugialap052@gmail.com,GET,/orders/me,6.53,200,ok,0,steady
1791234940.1969674,kiemthugialap049@gmail.com,GET,/orders/me,7.565,200,ok,0,steady
1791234940.1981282,kiemthugialap075@gmail.com,GET,/orders/me,9.66,200,ok,0,steady
1791234940.1986732,kiemthugialap080@gmail.com,DELETE,/orders/{id},11.245,200,ok,0,steady
1791234940.2059834,kiemthugialap027@gmail.com,GET,/concerts/{id},8.804,200,ok,0,steady
1791234940.2246602,kiemthugialap085@gmail.com,GET,/concerts/{id},4.943,200,ok,0,steady
1791234940.2440753,kiemthugialap071@gmail.com,GET,/orders/me,8.323,200,ok,0,steady
1791234940.2454882,kiemthugialap015@gmail.com,GET,/orders/me,8.736,200,ok,0,steady
1791234940.2481744,kiemthugialap033@gmail.com,GET,/concerts/{id},3.867,200,ok,0,steady
1791234940.2530973,kiemthugialap003@gmail.com,GET,/orders/me,4.728,200,ok,0,steady
1791234940.276007,kiemthugialap013@gmail.com,GET,/orders/me,6.94,200,ok,0,steady
1791234940.2769868,kiemthugialap059@gmail.com,GET,/orders/me,9.237,200,ok,0,steady
1791234940.2789173,kiemthugialap038@gmail.com,GET,/concerts,2.71,200,ok,0,steady
1791234940.3498576,kiemthugialap020@gmail.com,GET,/concerts/{id},5.612,200,ok,0,steady
1791234940.4003778,kiemthugialap028@gmail.com,GET,/orders/me,23.352,200,ok,0,steady
1791234940.4009616,kiemthugialap095@gmail.com,GET,/orders/me,22.353,200,ok,0,steady
1791234940.4014916,kiemthugialap011@gmail.com,GET,/orders/me,23.317,200,ok,0,steady
1791234940.4082904,kiemthugialap002@gmail.com,GET,/concerts?on_sale=true,9.511,200,ok,0,steady
1791234940.4093406,kiemthugialap039@gmail.com,GET,/orders/me,16.798,200,ok,0,steady
1791234940.4104087,kiemthugialap025@gmail.com,GET,/orders/me,16.648,200,ok,0,steady
1791234940.4116719,kiemthugialap034@gmail.com,GET,/orders/me,9.999,200,ok,0,steady
1791234940.415105,kiemthugialap088@gmail.com,GET,/orders/me,4.536,200,ok,0,steady
1791234940.4226637,kiemthugialap040@gmail.com,POST,/orders,7.372,201,ok,0,steady
1791234940.426701,kiemthugialap061@gmail.com,GET,/orders/me,3.87,200,ok,0,steady
1791234940.4484894,kiemthugialap057@gmail.com,GET,/orders/me,5.002,200,ok,0,steady
1791234940.4639342,kiemthugialap096@gmail.com,GET,/orders/me,4.891,200,ok,0,steady
1791234940.4994218,kiemthugialap077@gmail.com,GET,/concerts?on_sale=true,6.036,200,ok,0,steady
1791234940.5664518,kiemthugialap046@gmail.com,GET,/orders/me,4.999,200,ok,0,steady
1791234940.5694246,kiemthugialap087@gmail.com,GET,/orders/me,2.829,200,ok,0,steady
1791234940.5821805,kiemthugialap026@gmail.com,GET,/orders/me,4.767,200,ok,0,steady
1791234940.6199322,kiemthugialap004@gmail.com,GET,/orders/me,7.481,200,ok,0,steady
1791234940.620951,kiemthugialap078@gmail.com,GET,/orders/me,9.715,200,ok,0,steady
1791234940.6224947,kiemthugialap084@gmail.com,GET,/concerts?on_sale=true,2.403,200,ok,0,steady
1791234940.6554475,kiemthugialap017@gmail.com,GET,/orders/me,4.935,200,ok,0,steady
1791234940.6707704,kiemthugialap072@gmail.com,GET,/orders/me,4.24,200,ok,0,steady
1791234940.688542,kiemthugialap067@gmail.com,GET,/orders/me,5.826,200,ok,0,steady
1791234940.6888964,kiemthugialap081@gmail.com,GET,/orders/me,6.807,200,ok,0,steady
1791234940.7215106,kiemthugialap068@gmail.com,GET,/orders/me,7.541,200,ok,0,steady
1791234940.7219772,kiemthugialap070@gmail.com,GET,/orders/me,8.643,200,ok,0,steady
1791234940.740801,kiemthugialap090@gmail.com,DELETE,/orders/{id},7.726,200,ok,0,steady
1791234940.7553544,kiemthugialap080@gmail.com,GET,/orders/me,5.553,200,ok,0,steady
1791234940.7583477,kiemthugialap058@gmail.com,GET,/orders/me,2.805,200,ok,0,steady
1791234940.7611275,kiemthugialap033@gmail.com,GET,/orders/me,2.656,200,ok,0,steady
1791234940.803062,kiemthugialap041@gmail.com,GET,/orders/me,5.756,200,ok,0,steady
1791234940.803422,kiemthugialap014@gmail.com,GET,/orders/me,5.544,200,ok,0,steady
1791234940.836477,kiemthugialap082@gmail.com,GET,/concerts?on_sale=true,23.383,200,ok,0,steady
1791234940.8431082,kiemthugialap086@gmail.com,GET,/orders/me,28.966,200,ok,0,steady
1791234940.8433552,kiemthugialap003@gmail.com,GET,/concerts,8.34,200,ok,0,steady
1791234940.8478618,kiemthugialap079@gmail.com,GET,/orders/me,14.362,200,ok,0,steady
1791234940.8488023,kiemthugialap073@gmail.com,GET,/orders/me,14.095,200,ok,0,steady
1791234940.8499682,kiemthugialap091@gmail.com,GET,/orders/me,15.527,200,ok,0,steady
1791234940.8534923,kiemthugialap056@gmail.com,GET,/orders/me,9.985,200,ok,0,steady
1791234940.8544502,kiemthugialap019@gmail.com,GET,/orders/me,5.525,200,ok,0,steady
1791234940.8890996,kiemthugialap013@gmail.com,GET,/concerts/{id},5.641,200,ok,0,steady
1791234940.890134,kiemthugialap083@gmail.com,GET,/orders/me,7.594,200,ok,0,steady
1791234940.9424691,kiemthugialap024@gmail.com,GET,/orders/me,7.173,200,ok,0,steady
1791234940.9434922,kiemthugialap048@gmail.com,GET,/orders/me,8.496,200,ok,0,steady
1791234940.9438097,kiemthugialap009@gmail.com,GET,/orders/me,9.983,200,ok,0,steady
1791234940.945481,kiemthugialap002@gmail.com,GET,/concerts/{id},2.799,200,ok,0,steady
1791234940.9747612,kiemthugialap005@gmail.com,GET,/orders/me,11.661,200,ok,0,steady
1791234940.9751964,kiemthugialap045@gmail.com,GET,/orders/me,11.816,200,ok,0,steady
1791234940.9754848,kiemthugialap062@gmail.com,GET,/orders/me,13.393,200,ok,0,steady
1791234940.9757478,kiemthugialap011@gmail.com,GET,/orders/me,11.783,200,ok,0,steady
1791234940.9760525,kiemthugialap060@gmail.com,GET,/orders/me,12.353,200,ok,0,steady
1791234941.0025823,kiemthugialap006@gmail.com,GET,/orders/me,8.851,200,ok,0,steady
1791234941.0031588,kiemthugialap020@gmail.com,POST,/orders,8.219,409,sold_out,0,steady
1791234941.005921,kiemthugialap020@gmail.com,GET,/concerts/{id}/ticket-types,2.682,200,ok,0,steady
1791234941.0151203,kiemthugialap063@gmail.com,GET,/orders/me,5.798,200,ok,0,steady
1791234941.0844798,kiemthugialap065@gmail.com,GET,/concerts?on_sale=true,7.325,200,ok,0,steady
1791234941.0850484,kiemthugialap010@gmail.com,GET,/concerts/{id}/ticket-types,8.818,200,ok,0,steady
1791234941.085832,kiemthugialap055@gmail.com,GET,/orders/me,8.349,200,ok,0,steady
1791234941.0987718,kiemthugialap044@gmail.com,GET,/orders/me,7.1,200,ok,0,steady
1791234941.1294494,kiemthugialap043@gmail.com,GET,/concerts?on_sale=true,5.06,200,ok,0,steady
1791234941.133513,kiemthugialap032@gmail.com,GET,/orders/me,9.824,200,ok,0,steady
1791234941.1374536,kiemthugialap001@gmail.com,GET,/orders/me,7.783,200,ok,0,steady
1791234941.1654723,kiemthugialap076@gmail.com,GET,/concerts?on_sale=true,4.151,200,ok,0,steady
1791234941.169301,kiemthugialap035@gmail.com,GET,/orders/me,3.666,200,ok,0,steady
1791234941.1836407,kiemthugialap008@gmail.com,GET,/concerts/{id},6.82,200,ok,0,steady
1791234941.2004929,kiemthugialap031@gmail.com,GET,/orders/me,5.985,200,ok,0,steady
1791234941.2392747,kiemthugialap029@gmail.com,GET,/concerts,9.356,200,ok,0,steady
1791234941.2407002,kiemthugialap036@gmail.com,GET,/orders/me,10.248,200,ok,0,steady
1791234941.241043,kiemthugialap096@gmail.com,GET,/orders/me,14.859,200,ok,0,steady
1791234941.241344,kiemthugialap022@gmail.com,GET,/orders/me,9.957,200,ok,0,steady
1791234941.2432356,kiemthugialap084@gmail.com,GET,/orders/me,3.73,200,ok,0,steady
1791234941.2703664,kiemthugialap094@gmail.com,GET,/orders/me,26.958,200,ok,0,steady
1791234941.273074,kiemthugialap023@gmail.com,GET,/orders/me,29.396,200,ok,0,steady
1791234941.280125,kiemthugialap072@gmail.com,GET,/orders/me,17.999,200,ok,0,steady
1791234941.2822104,kiemthugialap066@gmail.com,GET,/concerts?on_sale=true,17.813,200,ok,0,steady
1791234941.2837303,kiemthugialap046@gmail.com,GET,/orders/me,22.968,200,ok,0,steady
1791234941.2860603,kiemthugialap021@gmail.com,GET,/orders/me,22.459,200,ok,0,steady
1791234941.2878652,kiemthugialap018@gmail.com,GET,/orders/me,23.9,200,ok,0,steady
1791234941.2883258,kiemthugialap050@gmail.com,GET,/concerts/{id}/ticket-types,21.859,200,ok,0,steady
1791234941.2899132,kiemthugialap047@gmail.com,GET,/orders/me,26.785,200,ok,0,steady
1791234941.2903595,kiemthugialap049@gmail.com,GET,/orders/me,19.777,200,ok,0,steady
1791234941.3145752,kiemthugialap089@gmail.com,GET,/concerts?on_sale=true,5.755,200,ok,0,steady
1791234941.3310347,kiemthugialap097@gmail.com,GET,/orders/me,6.47,200,ok,0,steady
1791234941.3408809,kiemthugialap098@gmail.com,GET,/orders/me,7.932,200,ok,0,steady
1791234941.3416204,kiemthugialap099@gmail.com,GET,/orders/me,10.26,200,ok,0,steady
1791234941.3682523,kiemthugialap095@gmail.com,GET,/orders/me,6.959,200,ok,0,steady
1791234941.371697,kiemthugialap054@gmail.com,GET,/orders/me,3.218,200,ok,0,steady
1791234941.417471,kiemthugialap013@gmail.com,GET,/orders/me,6.417,200,ok,0,steady
1791234941.4190903,kiemthugialap040@gmail.com,GET,/orders/me,9.363,200,ok,0,steady
1791234941.421237,kiemthugialap085@gmail.com,GET,/orders/me,3.504,200,ok,0,steady
1791234941.4392583,kiemthugialap093@gmail.com,GET,/concerts?on_sale=true,5.496,200,ok,0,steady
1791234941.4498546,kiemthugialap070@gmail.com,GET,/orders/me,4.628,200,ok,0,steady
1791234941.452901,kiemthugialap071@gmail.com,GET,/orders/me,2.914,200,ok,0,steady
1791234941.486124,kiemthugialap053@gmail.com,GET,/orders/me,8.924,200,ok,0,steady
1791234941.4865584,kiemthugialap078@gmail.com,GET,/orders/me,8.229,200,ok,0,steady
1791234941.4868462,kiemthugialap037@gmail.com,GET,/orders/me,8.028,200,ok,0,steady
1791234941.4901628,kiemthugialap091@gmail.com,GET,/orders/me,2.965,200,ok,0,steady
1791234941.5144992,kiemthugialap100@gmail.com,GET,/concerts/{id},5.165,200,ok,0,steady
1791234941.5157206,kiemthugialap024@gmail.com,GET,/concerts,5.615,200,ok,0,steady
1791234941.518293,kiemthugialap051@gmail.com,GET,/orders/me,3.526,200,ok,0,steady
1791234941.5211904,kiemthugialap061@gmail.com,GET,/orders/me,2.774,200,ok,0,steady
1791234941.5475783,kiemthugialap068@gmail.com,GET,/concerts?on_sale=true,5.508,200,ok,0,steady
1791234941.5501437,kiemthugialap075@gmail.com,GET,/orders/me,9.204,200,ok,0,steady
1791234941.5518615,kiemthugialap005@gmail.com,GET,/concerts/{id},3.342,200,ok,0,steady
1791234941.5868278,kiemthugialap004@gmail.com,GET,/orders/me,21.578,200,ok,0,steady
1791234941.5873659,kiemthugialap081@gmail.com,GET,/orders/me,21.104,200,ok,0,steady
1791234941.5877047,kiemthugialap092@gmail.com,GET,/orders/me,21.025,200,ok,0,steady
1791234941.6042728,kiemthugialap052@gmail.com,GET,/concerts?on_sale=true,6.684,200,ok,0,steady
1791234941.605637,kiemthugialap007@gmail.com,GET,/orders/me,8.993,200,ok,0,steady
1791234941.6060526,kiemthugialap069@gmail.com,GET,/orders/me,8.782,200,ok,0,steady
1791234941.6352627,kiemthugialap042@gmail.com,GET,/orders/me,6.622,200,ok,0,steady
1791234941.6531248,kiemthugialap087@gmail.com,GET,/orders/me,4.722,200,ok,0,steady
1791234941.6894355,kiemthugialap060@gmail.com,DELETE,/orders/{id},6.837,200,ok,0,steady
1791234941.7039092,kiemthugialap079@gmail.com,GET,/orders/me,5.696,200,ok,0,steady
1791234941.7211883,kiemthugialap045@gmail.com,GET,/orders/me,6.462,200,ok,0,steady
1791234941.723133,kiemthugialap088@gmail.com,GET,/orders/me,8.924,200,ok,0,steady
1791234941.727822,kiemthugialap039@gmail.com,GET,/orders/me,5.782,200,ok,0,steady
1791234941.7283053,kiemthugialap012@gmail.com,GET,/orders/me,6.901,200,ok,0,steady
1791234941.7287395,kiemthugialap019@gmail.com,GET,/concerts/{id},5.44,200,ok,0,steady
1791234941.7898037,kiemthugialap064@gmail.com,GET,/concerts?on_sale=true,7.104,200,ok,0,steady
1791234941.7903795,kiemthugialap015@gmail.com,GET,/orders/me,6.087,200,ok,0,steady
1791234941.818215,kiemthugialap066@gmail.com,GET,/concerts?on_sale=true,6.58,200,ok,0,steady
1791234941.823147,kiemthugialap080@gmail.com,POST,/orders,10.478,201,ok,0,steady
1791234941.8490005,kiemthugialap063@gmail.com,GET,/orders/me,6.3,200,ok,0,steady
1791234941.8494356,kiemthugialap030@gmail.com,GET,/orders/me,6.197,200,ok,0,steady
1791234941.8671126,kiemthugialap072@gmail.com,GET,/orders/me,7.981,200,ok,0,steady
1791234941.867619,kiemthugialap076@gmail.com,GET,/orders/me,6.308,200,ok,0,steady
1791234941.8896947,kiemthugialap027@gmail.com,GET,/orders/me,6.994,200,ok,0,steady
1791234941.890344,kiemthugialap074@gmail.com,GET,/orders/me,7.923,200,ok,0,steady
1791234941.8906422,kiemthugialap059@gmail.com,GET,/orders/me,8.707,200,ok,0,steady
1791234941.9169192,kiemthugialap028@gmail.com,GET,/concerts/{id},3.287,200,ok,0,steady
1791234941.9693048,kiemthugialap017@gmail.com,GET,/orders/me,5.122,200,ok,0,steady
1791234941.9696887,kiemthugialap056@gmail.com,GET,/orders/me,6.386,200,ok,0,steady
1791234942.0067344,kiemthugialap020@gmail.com,GET,/concerts/{id}/ticket-types,5.212,200,ok,0,steady
1791234942.0222409,kiemthugialap002@gmail.com,GET,/orders/me,5.18,200,ok,0,steady
1791234942.0255008,kiemthugialap082@gmail.com,GET,/orders/me,3.087,200,ok,0,steady
1791234942.0526578,kiemthugialap016@gmail.com,GET,/concerts?on_sale=true,3.768,200,ok,0,steady
1791234942.0889373,kiemthugialap026@gmail.com,GET,/orders/me,8.398,200,ok,0,steady
1791234942.0897806,kiemthugialap038@gmail.com,GET,/concerts,5.127,200,ok,0,steady
1791234942.1206448,kiemthugialap029@gmail.com,GET,/orders/me,8.317,200,ok,0,steady
1791234942.1211967,kiemthugialap014@gmail.com,GET,/orders/me,6.777,200,ok,0,steady
1791234942.1324584,kiemthugialap048@gmail.com,GET,/orders/me,4.936,200,ok,0,steady
1791234942.1549451,kiemthugialap057@gmail.com,GET,/orders/me,8.129,200,ok,0,steady
1791234942.1560664,kiemthugialap013@gmail.com,GET,/orders/me,11.157,200,ok,0,steady
1791234942.1565294,kiemthugialap025@gmail.com,GET,/orders/me,10.175,200,ok,0,steady
1791234942.2059178,kiemthugialap034@gmail.com,GET,/orders/me,10.423,200,ok,0,steady
1791234942.207214,kiemthugialap085@gmail.com,GET,/concerts/{id},11.995,200,ok,0,steady
1791234942.207597,kiemthugialap092@gmail.com,GET,/concerts?on_sale=true,11.188,200,ok,0,steady
1791234942.2149792,kiemthugialap010@gmail.com,POST,/orders,20.789,201,ok,0,steady
1791234942.2235818,kiemthugialap035@gmail.com,GET,/orders/me,8.285,200,ok,0,steady
1791234942.2241685,kiemthugialap098@gmail.com,GET,/orders/me,7.787,200,ok,0,steady
1791234942.228309,kiemthugialap077@gmail.com,GET,/concerts/{id},3.945,200,ok,0,steady
1791234942.2351813,kiemthugialap083@gmail.com,GET,/orders/me,27.424,200,ok,0,steady
1791234942.2371397,kiemthugialap096@gmail.com,GET,/orders/me,30.969,200,ok,0,steady
1791234942.2375622,kiemthugialap058@gmail.com,GET,/orders/me,9.031,200,ok,0,steady
1791234942.241252,kiemthugialap070@gmail.com,GET,/orders/me,5.823,200,ok,0,steady
1791234942.2416804,kiemthugialap021@gmail.com,GET,/orders/me,5.692,200,ok,0,steady
1791234942.2529373,kiemthugialap033@gmail.com,GET,/orders/me,5.055,200,ok,0,steady
1791234942.2698672,kiemthugialap024@gmail.com,GET,/concerts/{id},5.918,200,ok,0,steady
1791234942.3186243,kiemthugialap052@gmail.com,GET,/concerts,3.743,200,ok,0,steady
1791234942.3518844,kiemthugialap081@gmail.com,GET,/orders/me,6.766,200,ok,0,steady
1791234942.3523724,kiemthugialap095@gmail.com,GET,/orders/me,8.051,200,ok,0,steady
1791234942.433064,kiemthugialap100@gmail.com,GET,/orders/me,4.897,200,ok,0,steady
1791234942.4363685,kiemthugialap018@gmail.com,GET,/orders/me,3.151,200,ok,0,steady
1791234942.441031,kiemthugialap068@gmail.com,GET,/orders/me,4.23,200,ok,0,steady
1791234942.4420145,kiemthugialap009@gmail.com,GET,/orders/me,5.522,200,ok,0,steady
1791234942.443462,kiemthugialap003@gmail.com,GET,/concerts/{id},2.158,200,ok,0,steady
1791234942.5201128,kiemthugialap015@gmail.com,GET,/orders/me,5.488,200,ok,0,steady
1791234942.5353446,kiemthugialap067@gmail.com,GET,/concerts/{id},4.584,200,ok,0,steady
1791234942.5367148,kiemthugialap076@gmail.com,GET,/orders/me,8.274,200,ok,0,steady
1791234942.5398426,kiemthugialap082@gmail.com,GET,/orders/me,4.286,200,ok,0,steady
1791234942.5670924,kiemthugialap094@gmail.com,GET,/orders/me,6.199,200,ok,0,steady
1791234942.5674548,kiemthugialap090@gmail.com,GET,/orders/me,7.213,200,ok,0,steady
1791234942.599378,kiemthugialap036@gmail.com,GET,/concerts/{id},7.605,200,ok,0,steady
1791234942.6004736,kiemthugialap045@gmail.com,GET,/orders/me,7.794,200,ok,0,steady
1791234942.6113317,kiemthugialap055@gmail.com,GET,/concerts/{id},3.749,200,ok,0,steady
1791234942.6206212,kiemthugialap030@gmail.com,GET,/orders/me,5.297,200,ok,0,steady
1791234942.6235812,kiemthugialap065@gmail.com,GET,/orders/me,2.827,200,ok,0,steady
1791234942.6407678,kiemthugialap017@gmail.com,GET,/concerts/{id},8.361,200,ok,0,steady
1791234942.6462283,kiemthugialap044@gmail.com,GET,/orders/me,14.612,200,ok,0,steady
1791234942.6495316,kiemthugialap080@gmail.com,GET,/concerts/{id},13.087,200,ok,0,steady
1791234942.650061,kiemthugialap022@gmail.com,GET,/concerts?on_sale=true,17.224,200,ok,0,steady
1791234942.6517446,kiemthugialap004@gmail.com,GET,/orders/me,14.31,200,ok,0,steady
1791234942.652198,kiemthugialap073@gmail.com,GET,/orders/me,17.879,200,ok,0,steady
1791234942.669618,kiemthugialap006@gmail.com,GET,/orders/me,6.176,200,ok,0,steady
1791234942.6760538,kiemthugialap049@gmail.com,GET,/concerts/{id},6.173,200,ok,0,steady
1791234942.6778185,kiemthugialap046@gmail.com,GET,/orders/me,7.418,200,ok,0,steady
1791234942.6846218,kiemthugialap040@gmail.com,GET,/orders/me,6.585,200,ok,0,steady
1791234942.685066,kiemthugialap041@gmail.com,GET,/orders/me,8.822,200,ok,0,steady
1791234942.6981146,kiemthugialap027@gmail.com,GET,/concerts/{id},3.015,200,ok,0,steady
1791234942.734247,kiemthugialap050@gmail.com,GET,/concerts/{id}/ticket-types,6.992,200,ok,0,steady
1791234942.7353075,kiemthugialap062@gmail.com,GET,/orders/me,6.958,200,ok,0,steady
1791234942.7475173,kiemthugialap019@gmail.com,GET,/orders/me,5.541,200,ok,0,steady
1791234942.7678754,kiemthugialap016@gmail.com,GET,/orders/me,5.77,200,ok,0,steady
1791234942.7831874,kiemthugialap086@gmail.com,GET,/orders/me,4.806,200,ok,0,steady
1791234942.8169994,kiemthugialap035@gmail.com,GET,/orders/me,6.384,200,ok,0,steady
1791234942.8173847,kiemthugialap011@gmail.com,GET,/orders/me,5.665,200,ok,0,steady
1791234942.8369591,kiemthugialap043@gmail.com,GET,/concerts,7.967,200,ok,0,steady
1791234942.8374703,kiemthugialap028@gmail.com,GET,/concerts?on_sale=true,7.358,200,ok,0,steady
1791234942.837826,kiemthugialap070@gmail.com,GET,/orders/me,10.4,200,ok,0,steady
1791234942.8385963,kiemthugialap089@gmail.com,GET,/orders/me,9.283,200,ok,0,steady
1791234942.8569758,kiemthugialap042@gmail.com,GET,/orders/me,7.31,200,ok,0,steady
1791234942.8877962,kiemthugialap099@gmail.com,GET,/orders/me,6.669,200,ok,0,steady
1791234942.8888257,kiemthugialap084@gmail.com,GET,/orders/me,7.276,200,ok,0,steady
1791234942.901294,kiemthugialap010@gmail.com,GET,/orders/me,4.531,200,ok,0,steady
1791234942.9044957,kiemthugialap079@gmail.com,GET,/orders/me,3.01,200,ok,0,steady
1791234942.9535296,kiemthugialap024@gmail.com,GET,/concerts/{id},23.283,200,ok,0,steady
1791234942.9567559,kiemthugialap085@gmail.com,GET,/orders/me,27.451,200,ok,0,steady
1791234942.9575408,kiemthugialap092@gmail.com,GET,/concerts,5.575,200,ok,0,steady
1791234942.9589305,kiemthugialap066@gmail.com,GET,/orders/me,7.883,200,ok,0,steady
1791234942.9594057,kiemthugialap001@gmail.com,GET,/orders/me,7.164,200,ok,0,steady
1791234942.9920318,kiemthugialap002@gmail.com,GET,/orders/me,9.812,200,ok,0,steady
1791234942.9924226,kiemthugialap047@gmail.com,GET,/orders/me,9.482,200,ok,0,steady
1791234942.9928706,kiemthugialap023@gmail.com,GET,/orders/me,10.183,200,ok,0,steady
1791234943.0016303,kiemthugialap039@gmail.com,GET,/concerts?on_sale=true,3.636,200,ok,0,steady
1791234943.0206988,kiemthugialap087@gmail.com,GET,/orders/me,6.225,200,ok,0,steady
1791234943.021158,kiemthugialap072@gmail.com,GET,/orders/me,7.387,200,ok,0,steady
1791234943.023616,kiemthugialap005@gmail.com,GET,/concerts,2.337,200,ok,0,steady
1791234943.0351362,kiemthugialap021@gmail.com,GET,/orders/me,5.682,200,ok,0,steady
1791234943.0682683,kiemthugialap012@gmail.com,GET,/orders/me,13.485,200,ok,0,steady
1791234943.0699954,kiemthugialap032@gmail.com,GET,/orders/me,14.29,200,ok,0,steady
1791234943.0706227,kiemthugialap008@gmail.com,GET,/orders/me,14.699,200,ok,0,steady
1791234943.0711732,kiemthugialap060@gmail.com,GET,/orders/me,13.903,200,ok,0,steady
1791234943.0716717,kiemthugialap059@gmail.com,GET,/orders/me,16.204,200,ok,0,steady
1791234943.073425,kiemthugialap025@gmail.com,GET,/orders/me,17.276,200,ok,0,steady
1791234943.0751357,kiemthugialap031@gmail.com,GET,/concerts?on_sale=true,6.586,200,ok,0,steady
1791234943.0904243,kiemthugialap056@gmail.com,GET,/concerts/{id},3.826,200,ok,0,steady
1791234943.1371508,kiemthugialap096@gmail.com,GET,/concerts,3.924,200,ok,0,steady
1791234943.138255,kiemthugialap061@gmail.com,GET,/orders/me,6.383,200,ok,0,steady
1791234943.183391,kiemthugialap069@gmail.com,GET,/orders/me,5.901,200,ok,0,steady
1791234943.1858351,kiemthugialap017@gmail.com,GET,/concerts/{id},2.282,200,ok,0,steady
1791234943.188646,kiemthugialap098@gmail.com,GET,/orders/me,2.704,200,ok,0,steady
1791234943.1914163,kiemthugialap071@gmail.com,GET,/orders/me,2.666,200,ok,0,steady
1791234943.2139556,kiemthugialap091@gmail.com,GET,/concerts,4.594,200,ok,0,steady
1791234943.229591,kiemthugialap075@gmail.com,GET,/orders/me,4.878,200,ok,0,steady
1791234943.2381265,kiemthugialap097@gmail.com,GET,/orders/me,5.209,200,ok,0,steady
1791234943.2533789,kiemthugialap057@gmail.com,GET,/orders/me,4.479,200,ok,0,steady
1791234943.2683034,kiemthugialap095@gmail.com,GET,/orders/me,3.928,200,ok,0,steady
1791234943.301995,kiemthugialap041@gmail.com,GET,/orders/me,5.415,200,ok,0,steady
1791234943.3185742,kiemthugialap007@gmail.com,GET,/orders/me,6.412,200,ok,0,steady
1791234943.3220851,kiemthugialap037@gmail.com,GET,/orders/me,3.311,200,ok,0,steady
1791234943.3518367,kiemthugialap053@gmail.com,GET,/concerts?on_sale=true,8.574,200,ok,0,steady
1791234943.3549602,kiemthugialap054@gmail.com,GET,/orders/me,9.401,200,ok,0,steady
1791234943.356043,kiemthugialap022@gmail.com,GET,/orders/me,7.103,200,ok,0,steady
1791234943.3691368,kiemthugialap055@gmail.com,GET,/concerts?on_sale=true,6.782,200,ok,0,steady
1791234943.3701525,kiemthugialap009@gmail.com,GET,/orders/me,5.976,200,ok,0,steady
1791234943.3831465,kiemthugialap093@gmail.com,GET,/concerts,4.698,200,ok,0,steady
1791234943.416092,kiemthugialap081@gmail.com,GET,/concerts/{id},6.031,200,ok,0,steady
1791234943.41869,kiemthugialap014@gmail.com,GET,/orders/me,6.574,200,ok,0,steady
1791234943.422175,kiemthugialap051@gmail.com,GET,/orders/me,3.351,200,ok,0,steady
1791234943.448474,kiemthugialap073@gmail.com,GET,/concerts?on_sale=true,6.887,200,ok,0,steady
1791234943.467875,kiemthugialap078@gmail.com,GET,/orders/me,5.812,200,ok,0,steady
1791234943.5023572,kiemthugialap027@gmail.com,GET,/concerts?on_sale=true,7.747,200,ok,0,steady
1791234943.5039005,kiemthugialap016@gmail.com,GET,/orders/me,10.929,200,ok,0,steady
1791234943.5045512,kiemthugialap074@gmail.com,GET,/orders/me,11.102,200,ok,0,steady
1791234943.504917,kiemthugialap015@gmail.com,GET,/orders/me,11.232,200,ok,0,steady
1791234943.5066862,kiemthugialap068@gmail.com,GET,/concerts/{id},4.043,200,ok,0,steady
1791234943.534183,kiemthugialap013@gmail.com,GET,/orders/me,8.856,200,ok,0,steady
1791234943.5662687,kiemthugialap034@gmail.com,GET,/orders/me,5.717,200,ok,0,steady
1791234943.5852451,kiemthugialap088@gmail.com,GET,/orders/me,6.461,200,ok,0,steady
1791234943.586304,kiemthugialap064@gmail.com,GET,/orders/me,6.107,200,ok,0,steady
1791234943.5884645,kiemthugialap031@gmail.com,GET,/orders/me,3.033,200,ok,0,steady
1791234943.5996556,kiemthugialap063@gmail.com,GET,/orders/me,4.799,200,ok,0,steady
1791234943.6383746,kiemthugialap082@gmail.com,GET,/orders/me,10.282,200,ok,0,steady
1791234943.638904,kiemthugialap099@gmail.com,GET,/orders/me,10.201,200,ok,0,steady
1791234943.6634624,kiemthugialap033@gmail.com,GET,/concerts?on_sale=true,4.498,200,ok,0,steady
1791234943.7071204,kiemthugialap026@gmail.com,GET,/concerts,5.455,200,ok,0,steady
1791234943.7086983,kiemthugialap076@gmail.com,GET,/orders/me,6.445,200,ok,0,steady
1791234943.7310677,kiemthugialap094@gmail.com,GET,/concerts/{id},3.797,200,ok,0,steady
1791234943.7539983,kiemthugialap058@gmail.com,GET,/orders/me,9.539,200,ok,0,steady
1791234943.7545664,kiemthugialap029@gmail.com,GET,/orders/me,10.97,200,ok,0,steady
1791234943.7769697,kiemthugialap046@gmail.com,GET,/concerts/{id},5.064,200,ok,0,steady
1791234943.7833908,kiemthugialap060@gmail.com,POST,/orders,13.439,201,ok,0,steady
1791234943.7842567,kiemthugialap069@gmail.com,GET,/orders/me,7.106,200,ok,0,steady
1791234943.7985697,kiemthugialap100@gmail.com,GET,/concerts?on_sale=true,4.187,200,ok,0,steady
1791234943.8669257,kiemthugialap002@gmail.com,GET,/orders/me,5.953,200,ok,0,steady
1791234943.8674161,kiemthugialap036@gmail.com,GET,/orders/me,7.384,200,ok,0,steady
1791234943.8692906,kiemthugialap048@gmail.com,GET,/concerts,3.826,200,ok,0,steady
1791234943.9185843,kiemthugialap056@gmail.com,GET,/orders/me,5.444,200,ok,0,steady
1791234943.9350054,kiemthugialap090@gmail.com,GET,/concerts/{id},5.48,200,ok,0,steady
1791234943.9360142,kiemthugialap054@gmail.com,GET,/orders/me,5.357,200,ok,0,steady
1791234943.9715095,kiemthugialap049@gmail.com,GET,/orders/me,9.512,200,ok,0,steady
1791234943.972045,kiemthugialap020@gmail.com,POST,/orders,11.272,409,sold_out,0,steady
1791234943.975731,kiemthugialap020@gmail.com,GET,/concerts/{id}/ticket-types,3.608,200,ok,0,steady
1791234944.02575,kiemthugialap066@gmail.com,GET,/orders/me,13.052,200,ok,0,steady
1791234944.0268703,kiemthugialap038@gmail.com,GET,/orders/me,13.896,200,ok,0,steady
1791234944.0271664,kiemthugialap004@gmail.com,GET,/orders/me,12.868,200,ok,0,steady
1791234944.0274315,kiemthugialap052@gmail.com,GET,/orders/me,16.015,200,ok,0,steady
1791234944.0276842,kiemthugialap083@gmail.com,GET,/orders/me,14.484,200,ok,0,steady
1791234944.0313551,kiemthugialap023@gmail.com,GET,/orders/me,5.366,200,ok,0,steady
1791234944.032662,kiemthugialap007@gmail.com,GET,/orders/me,4.878,200,ok,0,steady
1791234944.035719,kiemthugialap072@gmail.com,GET,/orders/me,2.935,200,ok,0,steady
1791234944.0723903,kiemthugialap068@gmail.com,GET,/orders/me,10.534,200,ok,0,steady
1791234944.0753214,kiemthugialap013@gmail.com,GET,/orders/me,11.226,200,ok,0,steady
1791234944.0756414,kiemthugialap009@gmail.com,GET,/orders/me,12.796,200,ok,0,steady
1791234944.075921,kiemthugialap077@gmail.com,GET,/orders/me,12.126,200,ok,0,steady
1791234944.0777438,kiemthugialap010@gmail.com,GET,/orders/me,5.11,200,ok,0,steady
1791234944.1016872,kiemthugialap080@gmail.com,GET,/orders/me,6.227,200,ok,0,steady
1791234944.1021225,kiemthugialap085@gmail.com,GET,/orders/me,5.786,200,ok,0,steady
1791234944.1151047,kiemthugialap003@gmail.com,GET,/concerts/{id},4.667,200,ok,0,steady
1791234944.151473,kiemthugialap043@gmail.com,GET,/orders/me,6.445,200,ok,0,steady
1791234944.151821,kiemthugialap012@gmail.com,GET,/orders/me,5.729,200,ok,0,steady
1791234944.1676707,kiemthugialap050@gmail.com,POST,/orders,7.346,409,sold_out,0,steady
1791234944.1726162,kiemthugialap073@gmail.com,GET,/concerts/{id},4.281,200,ok,0,steady
1791234944.1731434,kiemthugialap050@gmail.com,GET,/concerts/{id}/ticket-types,5.336,200,ok,0,steady
1791234944.189839,kiemthugialap067@gmail.com,GET,/orders/me,6.921,200,ok,0,steady
1791234944.1963992,kiemthugialap018@gmail.com,GET,/orders/me,6.235,200,ok,0,steady
1791234944.1971169,kiemthugialap061@gmail.com,GET,/orders/me,6.638,200,ok,0,steady
1791234944.2297971,kiemthugialap076@gmail.com,GET,/concerts/{id},16.767,200,ok,0,steady
1791234944.2325685,kiemthugialap088@gmail.com,GET,/orders/me,20.555,200,ok,0,steady
1791234944.2339044,kiemthugialap096@gmail.com,GET,/orders/me,6.589,200,ok,0,steady
1791234944.2855341,kiemthugialap026@gmail.com,GET,/concerts/{id},4.59,200,ok,0,steady
1791234944.2902853,kiemthugialap084@gmail.com,GET,/orders/me,4.493,200,ok,0,steady
1791234944.32093,kiemthugialap037@gmail.com,GET,/concerts?on_sale=true,4.832,200,ok,0,steady
1791234944.338332,kiemthugialap059@gmail.com,GET,/orders/me,6.555,200,ok,0,steady
1791234944.3387182,kiemthugialap045@gmail.com,GET,/orders/me,6.321,200,ok,0,steady
1791234944.38841,kiemthugialap021@gmail.com,GET,/concerts,8.812,200,ok,0,steady
1791234944.3907712,kiemthugialap032@gmail.com,GET,/orders/me,9.598,200,ok,0,steady
1791234944.391186,kiemthugialap058@gmail.com,GET,/orders/me,10.505,200,ok,0,steady
1791234944.3915737,kiemthugialap089@gmail.com,GET,/orders/me,10.016,200,ok,0,steady
1791234944.41831,kiemthugialap015@gmail.com,GET,/concerts/{id},6.581,200,ok,0,steady
1791234944.419446,kiemthugialap014@gmail.com,GET,/orders/me,8.593,200,ok,0,steady
1791234944.4370537,kiemthugialap030@gmail.com,GET,/orders/me,7.017,200,ok,0,steady
1791234944.4375353,kiemthugialap056@gmail.com,GET,/orders/me,8.637,200,ok,0,steady
1791234944.465991,kiemthugialap070@gmail.com,GET,/orders/me,5.362,200,ok,0,steady
1791234944.4819043,kiemthugialap041@gmail.com,GET,/concerts?on_sale=true,4.931,200,ok,0,steady
1791234944.4850352,kiemthugialap027@gmail.com,GET,/orders/me,4.205,200,ok,0,steady
1791234944.5241973,kiemthugialap035@gmail.com,GET,/orders/me,8.464,200,ok,0,steady
1791234944.5247586,kiemthugialap022@gmail.com,GET,/concerts?on_sale=true,8.395,200,ok,0,steady
1791234944.5250816,kiemthugialap011@gmail.com,GET,/orders/me,8.369,200,ok,0,steady
1791234944.572171,kiemthugialap065@gmail.com,GET,/concerts,23.651,200,ok,0,steady
1791234944.5746908,kiemthugialap039@gmail.com,GET,/orders/me,27.081,200,ok,0,steady
1791234944.5789385,kiemthugialap006@gmail.com,GET,/orders/me,29.089,200,ok,0,steady
1791234944.5863986,kiemthugialap095@gmail.com,GET,/orders/me,23.828,200,ok,0,steady
1791234944.588325,kiemthugialap034@gmail.com,GET,/concerts/{id},15.889,200,ok,0,steady
1791234944.58868,kiemthugialap028@gmail.com,GET,/orders/me,25.282,200,ok,0,steady
1791234944.5889869,kiemthugialap062@gmail.com,GET,/orders/me,24.349,200,ok,0,steady
1791234944.589922,kiemthugialap008@gmail.com,GET,/orders/me,24.098,200,ok,0,steady
1791234944.5903895,kiemthugialap024@gmail.com,GET,/concerts,25.331,200,ok,0,steady
1791234944.59104,kiemthugialap087@gmail.com,GET,/orders/me,25.571,200,ok,0,steady
1791234944.5959194,kiemthugialap055@gmail.com,GET,/orders/me,4.676,200,ok,0,steady
1791234944.6212234,kiemthugialap047@gmail.com,GET,/orders/me,9.249,200,ok,0,steady
1791234944.6262453,kiemthugialap044@gmail.com,GET,/concerts/{id},4.694,200,ok,0,steady
1791234944.6289363,kiemthugialap040@gmail.com,GET,/concerts?on_sale=true,6.182,200,ok,0,steady
1791234944.6661844,kiemthugialap023@gmail.com,GET,/concerts,19.528,200,ok,0,steady
1791234944.6703842,kiemthugialap001@gmail.com,GET,/orders/me,26.073,200,ok,0,steady
1791234944.6708639,kiemthugialap025@gmail.com,GET,/orders/me,27.519,200,ok,0,steady
1791234944.6711938,kiemthugialap053@gmail.com,GET,/concerts/{id},11.712,200,ok,0,steady
1791234944.6715782,kiemthugialap019@gmail.com,GET,/orders/me,12.683,200,ok,0,steady
1791234944.6727595,kiemthugialap093@gmail.com,GET,/orders/me,4.938,200,ok,0,steady
1791234944.705488,kiemthugialap051@gmail.com,GET,/concerts,5.066,200,ok,0,steady
1791234944.7203012,kiemthugialap038@gmail.com,GET,/orders/me,7.452,200,ok,0,steady
1791234944.7220097,kiemthugialap086@gmail.com,GET,/concerts?on_sale=true,8.244,200,ok,0,steady
1791234944.7224698,kiemthugialap057@gmail.com,GET,/orders/me,10.611,200,ok,0,steady
1791234944.7249587,kiemthugialap079@gmail.com,GET,/orders/me,4.395,200,ok,0,steady
1791234944.7993813,kiemthugialap026@gmail.com,GET,/orders/me,7.466,200,ok,0,steady
1791234944.8186653,kiemthugialap029@gmail.com,GET,/orders/me,7.662,200,ok,0,steady
1791234944.8585877,kiemthugialap042@gmail.com,GET,/concerts/{id},7.885,200,ok,0,steady
1791234944.8604198,kiemthugialap010@gmail.com,GET,/concerts/{id},7.955,200,ok,0,steady
1791234944.8749843,kiemthugialap050@gmail.com,POST,/orders,22.106,201,ok,0,steady
1791234944.8846273,kiemthugialap074@gmail.com,GET,/orders/me,9.345,200,ok,0,steady
1791234944.905177,kiemthugialap012@gmail.com,GET,/orders/me,6.554,200,ok,0,steady
1791234944.9055278,kiemthugialap013@gmail.com,GET,/orders/me,7.466,200,ok,0,steady
1791234944.9208877,kiemthugialap005@gmail.com,GET,/orders/me,7.255,200,ok,0,steady
1791234944.9594524,kiemthugialap082@gmail.com,GET,/concerts/{id},14.977,200,ok,0,steady
1791234944.9797535,kiemthugialap092@gmail.com,GET,/orders/me,33.423,200,ok,0,steady
1791234944.980284,kiemthugialap017@gmail.com,GET,/concerts/{id},20.603,200,ok,0,steady
1791234944.9850357,kiemthugialap078@gmail.com,GET,/concerts,4.551,200,ok,0,steady
1791234945.002757,kiemthugialap060@gmail.com,GET,/concerts?on_sale=true,9.285,200,ok,0,steady
1791234945.0032454,kiemthugialap045@gmail.com,GET,/orders/me,10.425,200,ok,0,steady
1791234945.0313165,kiemthugialap089@gmail.com,GET,/concerts?on_sale=true,21.116,200,ok,0,steady
1791234945.031713,kiemthugialap009@gmail.com,GET,/orders/me,22.88,200,ok,0,steady
1791234945.032504,kiemthugialap098@gmail.com,GET,/concerts/{id},21.144,200,ok,0,steady
1791234945.0329359,kiemthugialap068@gmail.com,GET,/concerts?on_sale=true,20.793,200,ok,0,steady
1791234945.0660458,kiemthugialap071@gmail.com,GET,/orders/me,5.236,200,ok,0,steady
1791234945.0812068,kiemthugialap031@gmail.com,GET,/orders/me,4.504,200,ok,0,steady
1791234945.0981224,kiemthugialap018@gmail.com,GET,/orders/me,5.852,200,ok,0,steady
1791234945.1011462,kiemthugialap091@gmail.com,GET,/concerts,2.85,200,ok,0,steady
1791234945.1066875,kiemthugialap041@gmail.com,GET,/orders/me,5.353,200,ok,0,steady
1791234945.1070342,kiemthugialap075@gmail.com,GET,/orders/me,5.049,200,ok,0,steady
1791234945.1191857,kiemthugialap066@gmail.com,GET,/orders/me,7.682,200,ok,0,steady
1791234945.123021,kiemthugialap020@gmail.com,GET,/concerts,6.466,200,ok,0,steady
1791234945.1246543,kiemthugialap100@gmail.com,GET,/orders/me,9.381,200,ok,0,steady
1791234945.1252167,kiemthugialap088@gmail.com,GET,/orders/me,8.084,200,ok,0,steady
1791234945.1525373,kiemthugialap063@gmail.com,GET,/orders/me,8.184,200,ok,0,steady
1791234945.1529977,kiemthugialap080@gmail.com,GET,/orders/me,7.646,200,ok,0,steady
1791234945.156339,kiemthugialap085@gmail.com,GET,/orders/me,3.197,200,ok,0,steady
1791234945.2026286,kiemthugialap099@gmail.com,GET,/concerts?on_sale=true,9.56,200,ok,0,steady
1791234945.2046294,kiemthugialap096@gmail.com,GET,/orders/me,10.075,200,ok,0,steady
1791234945.2049758,kiemthugialap043@gmail.com,GET,/orders/me,9.86,200,ok,0,steady
1791234945.2052677,kiemthugialap097@gmail.com,GET,/orders/me,9.578,200,ok,0,steady
1791234945.218516,kiemthugialap016@gmail.com,GET,/concerts/{id},6.851,200,ok,0,steady
1791234945.2230415,kiemthugialap070@gmail.com,GET,/orders/me,4.253,200,ok,0,steady
1791234945.2383127,kiemthugialap064@gmail.com,GET,/orders/me,6.197,200,ok,0,steady
1791234945.2753017,kiemthugialap004@gmail.com,GET,/orders/me,5.295,200,ok,0,steady
1791234945.2788398,kiemthugialap094@gmail.com,GET,/orders/me,3.372,200,ok,0,steady
1791234945.3331766,kiemthugialap081@gmail.com,GET,/concerts,6.361,200,ok,0,steady
1791234945.3346405,kiemthugialap033@gmail.com,GET,/orders/me,6.747,200,ok,0,steady
1791234945.3392112,kiemthugialap030@gmail.com,GET,/orders/me,5.784,200,ok,0,steady
1791234945.3692253,kiemthugialap007@gmail.com,GET,/concerts?on_sale=true,4.463,200,ok,0,steady
1791234945.3701408,kiemthugialap069@gmail.com,GET,/orders/me,4.907,200,ok,0,steady
1791234945.4185808,kiemthugialap051@gmail.com,GET,/concerts?on_sale=true,5.963,200,ok,0,steady
1791234945.4195895,kiemthugialap026@gmail.com,GET,/orders/me,5.66,200,ok,0,steady
1791234945.4219627,kiemthugialap006@gmail.com,GET,/orders/me,3.247,200,ok,0,steady
1791234945.4361389,kiemthugialap049@gmail.com,GET,/orders/me,6.855,200,ok,0,steady
1791234945.4391866,kiemthugialap084@gmail.com,GET,/orders/me,4.765,200,ok,0,steady
1791234945.4731193,kiemthugialap048@gmail.com,GET,/concerts/{id},9.82,200,ok,0,steady
1791234945.4740157,kiemthugialap015@gmail.com,GET,/orders/me,8.16,200,ok,0,steady
1791234945.4743588,kiemthugialap067@gmail.com,GET,/orders/me,8.293,200,ok,0,steady
1791234945.4748445,kiemthugialap047@gmail.com,GET,/orders/me,12.619,200,ok,0,steady
1791234945.5071015,kiemthugialap083@gmail.com,GET,/orders/me,9.751,200,ok,0,steady
1791234945.5076602,kiemthugialap093@gmail.com,GET,/orders/me,10.963,200,ok,0,steady
1791234945.5080771,kiemthugialap087@gmail.com,GET,/orders/me,12.573,200,ok,0,steady
1791234945.5324502,kiemthugialap061@gmail.com,GET,/orders/me,5.608,200,ok,0,steady
1791234945.5544374,kiemthugialap022@gmail.com,GET,/orders/me,7.049,200,ok,0,steady
1791234945.554846,kiemthugialap062@gmail.com,GET,/orders/me,6.846,200,ok,0,steady
1791234945.5849128,kiemthugialap055@gmail.com,GET,/concerts?on_sale=true,3.155,200,ok,0,steady
1791234945.6007128,kiemthugialap028@gmail.com,GET,/concerts/{id},3.15,200,ok,0,steady
1791234945.603698,kiemthugialap058@gmail.com,GET,/orders/me,2.857,200,ok,0,steady
1791234945.6223807,kiemthugialap010@gmail.com,GET,/concerts?on_sale=true,8.716,200,ok,0,steady
1791234945.6234188,kiemthugialap031@gmail.com,GET,/concerts?on_sale=true,8.929,200,ok,0,steady
1791234945.6245852,kiemthugialap075@gmail.com,GET,/orders/me,9.547,200,ok,0,steady
1791234945.6248965,kiemthugialap017@gmail.com,GET,/orders/me,9.581,200,ok,0,steady
1791234945.6267278,kiemthugialap077@gmail.com,GET,/orders/me,4.177,200,ok,0,steady
1791234945.6950905,kiemthugialap024@gmail.com,GET,/concerts,49.399,200,ok,0,steady
1791234945.7030284,kiemthugialap023@gmail.com,GET,/orders/me,7.612,200,ok,0,steady
1791234945.70381,kiemthugialap008@gmail.com,GET,/orders/me,7.952,200,ok,0,steady
1791234945.7189848,kiemthugialap063@gmail.com,GET,/orders/me,7.039,200,ok,0,steady
1791234945.7232172,kiemthugialap040@gmail.com,GET,/concerts/{id},3.97,200,ok,0,steady
1791234945.7319005,kiemthugialap052@gmail.com,GET,/orders/me,4.869,200,ok,0,steady
1791234945.7505255,kiemthugialap003@gmail.com,GET,/concerts/{id},7.001,200,ok,0,steady
1791234945.7514818,kiemthugialap053@gmail.com,GET,/orders/me,8.631,200,ok,0,steady
1791234945.754837,kiemthugialap001@gmail.com,GET,/orders/me,5.84,200,ok,0,steady
1791234945.7769356,kiemthugialap046@gmail.com,GET,/orders/me,6.917,200,ok,0,steady
1791234945.778274,kiemthugialap005@gmail.com,GET,/orders/me,9.302,200,ok,0,steady
1791234945.781539,kiemthugialap037@gmail.com,GET,/concerts?on_sale=true,4.381,200,ok,0,steady
1791234945.7851105,kiemthugialap002@gmail.com,GET,/orders/me,6.637,200,ok,0,steady
1791234945.785467,kiemthugialap036@gmail.com,GET,/orders/me,6.235,200,ok,0,steady
1791234945.7893703,kiemthugialap079@gmail.com,GET,/orders/me,3.766,200,ok,0,steady
1791234945.8211927,kiemthugialap054@gmail.com,GET,/orders/me,4.642,200,ok,0,steady
1791234945.8536413,kiemthugialap088@gmail.com,GET,/concerts?on_sale=true,5.452,200,ok,0,steady
1791234945.87184,kiemthugialap090@gmail.com,POST,/orders,8.956,409,sold_out,0,steady
1791234945.87589,kiemthugialap090@gmail.com,GET,/concerts/{id}/ticket-types,3.856,200,ok,0,steady
1791234945.8996818,kiemthugialap073@gmail.com,GET,/orders/me,4.987,200,ok,0,steady
1791234945.9555604,kiemthugialap076@gmail.com,GET,/concerts?on_sale=true,12.496,200,ok,0,steady
1791234945.9565403,kiemthugialap086@gmail.com,GET,/orders/me,14.716,200,ok,0,steady
1791234945.9569724,kiemthugialap038@gmail.com,GET,/orders/me,14.43,200,ok,0,steady
1791234945.9589949,kiemthugialap044@gmail.com,GET,/orders/me,15.493,200,ok,0,steady
1791234945.9597201,kiemthugialap018@gmail.com,GET,/orders/me,14.73,200,ok,0,steady
1791234946.000241,kiemthugialap072@gmail.com,GET,/concerts?on_sale=true,5.825,200,ok,0,steady
1791234946.0167413,kiemthugialap099@gmail.com,GET,/orders/me,6.682,200,ok,0,steady
1791234946.031369,kiemthugialap032@gmail.com,GET,/orders/me,5.133,200,ok,0,steady
1791234946.0393686,kiemthugialap070@gmail.com,GET,/orders/me,7.763,200,ok,0,steady
1791234946.03991,kiemthugialap014@gmail.com,GET,/orders/me,6.979,200,ok,0,steady
1791234946.040238,kiemthugialap045@gmail.com,GET,/orders/me,8.207,200,ok,0,steady
1791234946.0665267,kiemthugialap015@gmail.com,GET,/orders/me,6.657,200,ok,0,steady
1791234946.0712528,kiemthugialap050@gmail.com,GET,/orders/me,7.086,200,ok,0,steady
1791234946.0717318,kiemthugialap011@gmail.com,GET,/concerts/{id},5.009,200,ok,0,steady
1791234946.1333447,kiemthugialap043@gmail.com,GET,/orders/me,6.044,200,ok,0,steady
1791234946.1723223,kiemthugialap016@gmail.com,GET,/orders/me,11.089,200,ok,0,steady
1791234946.1745043,kiemthugialap065@gmail.com,GET,/orders/me,9.719,200,ok,0,steady
1791234946.1749468,kiemthugialap021@gmail.com,GET,/orders/me,11.089,200,ok,0,steady
1791234946.2699473,kiemthugialap095@gmail.com,GET,/concerts?on_sale=true,7.375,200,ok,0,steady
1791234946.2710254,kiemthugialap025@gmail.com,GET,/orders/me,8.942,200,ok,0,steady
1791234946.2713642,kiemthugialap059@gmail.com,GET,/orders/me,10.386,200,ok,0,steady
1791234946.2741325,kiemthugialap098@gmail.com,GET,/concerts?on_sale=true,2.657,200,ok,0,steady
1791234946.2744544,kiemthugialap013@gmail.com,GET,/orders/me,4.325,200,ok,0,steady
1791234946.3139472,kiemthugialap019@gmail.com,GET,/concerts/{id},8.209,200,ok,0,steady
1791234946.314429,kiemthugialap039@gmail.com,GET,/concerts/{id},8.533,200,ok,0,steady
1791234946.315054,kiemthugialap084@gmail.com,GET,/concerts,9.877,200,ok,0,steady
1791234946.3161077,kiemthugialap056@gmail.com,GET,/orders/me,10.633,200,ok,0,steady
1791234946.31662,kiemthugialap062@gmail.com,GET,/orders/me,12.59,200,ok,0,steady
1791234946.3333354,kiemthugialap008@gmail.com,GET,/orders/me,4.7,200,ok,0,steady
1791234946.36532,kiemthugialap078@gmail.com,GET,/concerts?on_sale=true,3.416,200,ok,0,steady
1791234946.3684573,kiemthugialap082@gmail.com,GET,/orders/me,2.982,200,ok,0,steady
1791234946.3712068,kiemthugialap006@gmail.com,GET,/orders/me,2.64,200,ok,0,steady
1791234946.4187644,kiemthugialap027@gmail.com,GET,/orders/me,7.637,200,ok,0,steady
1791234946.4197903,kiemthugialap083@gmail.com,GET,/orders/me,7.325,200,ok,0,steady
1791234946.4219594,kiemthugialap040@gmail.com,GET,/orders/me,3.014,200,ok,0,steady
1791234946.4314375,kiemthugialap061@gmail.com,GET,/orders/me,4.525,200,ok,0,steady
1791234946.4522524,kiemthugialap034@gmail.com,GET,/concerts?on_sale=true,7.088,200,ok,0,steady
1791234946.4535222,kiemthugialap020@gmail.com,GET,/concerts/{id},8.741,200,ok,0,steady
1791234946.454639,kiemthugialap077@gmail.com,GET,/orders/me,9.198,200,ok,0,steady
1791234946.455048,kiemthugialap035@gmail.com,GET,/orders/me,11.267,200,ok,0,steady
1791234946.4568722,kiemthugialap058@gmail.com,GET,/orders/me,4.389,200,ok,0,steady
1791234946.4840329,kiemthugialap076@gmail.com,GET,/orders/me,4.689,200,ok,0,steady
1791234946.4869945,kiemthugialap091@gmail.com,GET,/orders/me,2.826,200,ok,0,steady
1791234946.4994237,kiemthugialap029@gmail.com,GET,/concerts,3.994,200,ok,0,steady
1791234946.524717,kiemthugialap093@gmail.com,GET,/orders/me,7.187,200,ok,0,steady
1791234946.5385635,kiemthugialap022@gmail.com,GET,/orders/me,5.541,200,ok,0,steady
1791234946.541179,kiemthugialap074@gmail.com,GET,/concerts?on_sale=true,2.397,200,ok,0,steady
1791234946.5510938,kiemthugialap031@gmail.com,GET,/concerts?on_sale=true,2.995,200,ok,0,steady
1791234946.5550785,kiemthugialap060@gmail.com,GET,/orders/me,3.826,200,ok,0,steady
1791234946.5847557,kiemthugialap057@gmail.com,GET,/concerts?on_sale=true,3.62,200,ok,0,steady
1791234946.585139,kiemthugialap088@gmail.com,GET,/concerts?on_sale=true,4.788,200,ok,0,steady
1791234946.634387,kiemthugialap042@gmail.com,GET,/orders/me,5.108,200,ok,0,steady
1791234946.638269,kiemthugialap096@gmail.com,GET,/concerts/{id},3.295,200,ok,0,steady
1791234946.6393843,kiemthugialap080@gmail.com,GET,/orders/me,4.809,200,ok,0,steady
1791234946.66699,kiemthugialap081@gmail.com,GET,/orders/me,5.651,200,ok,0,steady
1791234946.6709654,kiemthugialap100@gmail.com,GET,/concerts?on_sale=true,3.82,200,ok,0,steady
1791234946.6719527,kiemthugialap064@gmail.com,GET,/orders/me,4.5,200,ok,0,steady
1791234946.6800609,kiemthugialap012@gmail.com,GET,/concerts?on_sale=true,3.572,200,ok,0,steady
1791234946.6991198,kiemthugialap055@gmail.com,GET,/orders/me,5.872,200,ok,0,steady
1791234946.7220082,kiemthugialap030@gmail.com,GET,/orders/me,6.1,200,ok,0,steady
1791234946.7228966,kiemthugialap041@gmail.com,GET,/orders/me,6.213,200,ok,0,steady
1791234946.7379875,kiemthugialap071@gmail.com,GET,/orders/me,5.928,200,ok,0,steady
1791234946.7383893,kiemthugialap026@gmail.com,GET,/orders/me,6.816,200,ok,0,steady
1791234946.7530537,kiemthugialap009@gmail.com,GET,/orders/me,5.572,200,ok,0,steady
1791234946.7667236,kiemthugialap052@gmail.com,GET,/orders/me,4.806,200,ok,0,steady
1791234946.769978,kiemthugialap092@gmail.com,GET,/orders/me,3.118,200,ok,0,steady
1791234946.7995403,kiemthugialap028@gmail.com,GET,/concerts?on_sale=true,3.652,200,ok,0,steady
1791234946.8230171,kiemthugialap063@gmail.com,GET,/orders/me,8.242,200,ok,0,steady
1791234946.8235512,kiemthugialap085@gmail.com,GET,/orders/me,11.034,200,ok,0,steady
1791234946.8240192,kiemthugialap011@gmail.com,GET,/orders/me,10.521,200,ok,0,steady
1791234946.869857,kiemthugialap087@gmail.com,GET,/orders/me,4.557,200,ok,0,steady
1791234946.902663,kiemthugialap004@gmail.com,GET,/orders/me,5.738,200,ok,0,steady
1791234946.942906,kiemthugialap068@gmail.com,GET,/concerts,6.676,200,ok,0,steady
1791234946.9459136,kiemthugialap037@gmail.com,GET,/orders/me,8.33,200,ok,0,steady
1791234946.9486482,kiemthugialap001@gmail.com,GET,/orders/me,11.529,200,ok,0,steady
1791234946.951498,kiemthugialap016@gmail.com,GET,/orders/me,8.4,200,ok,0,steady
1791234946.952944,kiemthugialap017@gmail.com,GET,/orders/me,9.446,200,ok,0,steady
1791234946.9557238,kiemthugialap007@gmail.com,GET,/concerts,3.964,200,ok,0,steady
1791234946.957031,kiemthugialap094@gmail.com,GET,/orders/me,3.954,200,ok,0,steady
1791234946.9893985,kiemthugialap023@gmail.com,GET,/concerts,9.372,200,ok,0,steady
1791234946.9928396,kiemthugialap006@gmail.com,GET,/concerts/{id},12.11,200,ok,0,steady
1791234947.0130084,kiemthugialap089@gmail.com,GET,/orders/me,28.12,200,ok,0,steady
1791234947.0141313,kiemthugialap036@gmail.com,GET,/concerts/{id},24.507,200,ok,0,steady
1791234947.0174253,kiemthugialap033@gmail.com,GET,/concerts/{id},6.784,200,ok,0,steady
1791234947.049568,kiemthugialap067@gmail.com,GET,/concerts,5.889,200,ok,0,steady
1791234947.0504413,kiemthugialap019@gmail.com,GET,/orders/me,5.113,200,ok,0,steady
1791234947.066154,kiemthugialap048@gmail.com,GET,/orders/me,6.668,200,ok,0,steady
1791234947.0835066,kiemthugialap049@gmail.com,GET,/orders/me,7.765,200,ok,0,steady
1791234947.0845814,kiemthugialap032@gmail.com,GET,/orders/me,8.444,200,ok,0,steady
1791234947.0849035,kiemthugialap002@gmail.com,GET,/orders/me,9.902,200,ok,0,steady
1791234947.086573,kiemthugialap066@gmail.com,GET,/orders/me,2.92,200,ok,0,steady
1791234947.1111965,kiemthugialap027@gmail.com,GET,/concerts?on_sale=true,4.246,200,ok,0,steady
1791234947.115306,kiemthugialap047@gmail.com,GET,/orders/me,3.945,200,ok,0,steady
1791234947.1390884,kiemthugialap097@gmail.com,GET,/concerts?on_sale=true,5.862,200,ok,0,steady
1791234947.1685753,kiemthugialap045@gmail.com,GET,/orders/me,7.552,200,ok,0,steady
1791234947.1689682,kiemthugialap077@gmail.com,GET,/orders/me,7.02,200,ok,0,steady
1791234947.1992025,kiemthugialap072@gmail.com,GET,/orders/me,5.521,200,ok,0,steady
1791234947.2334588,kiemthugialap079@gmail.com,GET,/orders/me,6.257,200,ok,0,steady
1791234947.2379754,kiemthugialap051@gmail.com,GET,/concerts?on_sale=true,7.101,200,ok,0,steady
1791234947.2390156,kiemthugialap054@gmail.com,GET,/orders/me,7.378,200,ok,0,steady
1791234947.2565866,kiemthugialap082@gmail.com,GET,/orders/me,6.235,200,ok,0,steady
1791234947.2699444,kiemthugialap069@gmail.com,GET,/concerts/{id},4.119,200,ok,0,steady
1791234947.288496,kiemthugialap061@gmail.com,GET,/concerts,6.822,200,ok,0,steady
1791234947.2905319,kiemthugialap071@gmail.com,GET,/orders/me,8.15,200,ok,0,steady
1791234947.2967994,kiemthugialap052@gmail.com,GET,/orders/me,7.554,200,ok,0,steady
1791234947.2976239,kiemthugialap013@gmail.com,GET,/orders/me,8.907,200,ok,0,steady
1791234947.2986887,kiemthugialap056@gmail.com,GET,/orders/me,7.994,200,ok,0,steady
1791234947.318228,kiemthugialap086@gmail.com,GET,/concerts,4.742,200,ok,0,steady
1791234947.3532724,kiemthugialap026@gmail.com,GET,/orders/me,7.451,200,ok,0,steady
1791234947.3671994,kiemthugialap039@gmail.com,GET,/orders/me,5.001,200,ok,0,steady
1791234947.4349697,kiemthugialap088@gmail.com,GET,/concerts,5.521,200,ok,0,steady
1791234947.4363685,kiemthugialap046@gmail.com,GET,/orders/me,9.158,200,ok,0,steady
1791234947.4382255,kiemthugialap030@gmail.com,GET,/concerts/{id},3.045,200,ok,0,steady
1791234947.4742663,kiemthugialap010@gmail.com,GET,/orders/me,4.71,200,ok,0,steady
1791234947.5063703,kiemthugialap044@gmail.com,GET,/orders/me,4.734,200,ok,0,steady
1791234947.5340643,kiemthugialap093@gmail.com,GET,/concerts/{id},5.5,200,ok,0,steady
1791234947.535093,kiemthugialap060@gmail.com,GET,/orders/me,5.337,200,ok,0,steady
1791234947.567566,kiemthugialap036@gmail.com,GET,/orders/me,5.677,200,ok,0,steady
1791234947.5891206,kiemthugialap084@gmail.com,GET,/concerts?on_sale=true,6.198,200,ok,0,steady
1791234947.5902216,kiemthugialap031@gmail.com,GET,/orders/me,6.572,200,ok,0,steady
1791234947.6033099,kiemthugialap029@gmail.com,GET,/concerts/{id},4.626,200,ok,0,steady
1791234947.6037266,kiemthugialap043@gmail.com,GET,/concerts?on_sale=true,4.369,200,ok,0,steady
1791234947.6215806,kiemthugialap070@gmail.com,GET,/orders/me,6.942,200,ok,0,steady
1791234947.6232133,kiemthugialap016@gmail.com,GET,/orders/me,7.285,200,ok,0,steady
1791234947.6235301,kiemthugialap075@gmail.com,GET,/orders/me,7.874,200,ok,0,steady
1791234947.6271908,kiemthugialap003@gmail.com,GET,/concerts,5.423,200,ok,0,steady
1791234947.6298306,kiemthugialap096@gmail.com,GET,/orders/me,6.139,200,ok,0,steady
1791234947.6304436,kiemthugialap050@gmail.com,GET,/orders/me,8.03,200,ok,0,steady
1791234947.6327493,kiemthugialap037@gmail.com,GET,/orders/me,5.438,200,ok,0,steady
1791234947.6505349,kiemthugialap059@gmail.com,GET,/orders/me,5.066,200,ok,0,steady
1791234947.6674101,kiemthugialap067@gmail.com,GET,/concerts/{id},5.205,200,ok,0,steady
1791234947.669014,kiemthugialap024@gmail.com,GET,/orders/me,7.483,200,ok,0,steady
1791234947.6712172,kiemthugialap053@gmail.com,GET,/orders/me,5.121,200,ok,0,steady
1791234947.69246,kiemthugialap057@gmail.com,GET,/orders/me,8.783,200,ok,0,steady
1791234947.6977684,kiemthugialap090@gmail.com,POST,/orders,15.151,201,ok,0,steady
1791234947.702113,kiemthugialap005@gmail.com,GET,/concerts,3.595,200,ok,0,steady
1791234947.7046282,kiemthugialap073@gmail.com,GET,/concerts/{id},2.353,200,ok,0,steady
1791234947.7185984,kiemthugialap012@gmail.com,GET,/orders/me,25.839,200,ok,0,steady
1791234947.7379367,kiemthugialap015@gmail.com,GET,/concerts,6.757,200,ok,0,steady
1791234947.7390215,kiemthugialap047@gmail.com,GET,/orders/me,8.645,200,ok,0,steady
1791234947.741349,kiemthugialap091@gmail.com,GET,/concerts,2.18,200,ok,0,steady
1791234947.768104,kiemthugialap077@gmail.com,GET,/concerts,4.742,200,ok,0,steady
1791234947.7691138,kiemthugialap021@gmail.com,GET,/orders/me,6.83,200,ok,0,steady
1791234947.8113153,kiemthugialap080@gmail.com,GET,/orders/me,9.105,200,ok,0,steady
1791234947.8119287,kiemthugialap089@gmail.com,GET,/orders/me,10.771,200,ok,0,steady
1791234947.812337,kiemthugialap066@gmail.com,GET,/orders/me,8.798,200,ok,0,steady
1791234947.812801,kiemthugialap025@gmail.com,GET,/orders/me,10.369,200,ok,0,steady
1791234947.8326342,kiemthugialap006@gmail.com,GET,/concerts?on_sale=true,3.995,200,ok,0,steady
1791234947.8503199,kiemthugialap063@gmail.com,GET,/orders/me,5.256,200,ok,0,steady
1791234947.8532493,kiemthugialap018@gmail.com,GET,/orders/me,2.79,200,ok,0,steady
1791234947.865233,kiemthugialap078@gmail.com,GET,/concerts/{id},4.62,200,ok,0,steady
1791234947.8885403,kiemthugialap092@gmail.com,GET,/concerts/{id},9.248,200,ok,0,steady
1791234947.8916295,kiemthugialap062@gmail.com,GET,/orders/me,14.147,200,ok,0,steady
1791234947.892003,kiemthugialap048@gmail.com,GET,/orders/me,13.073,200,ok,0,steady
1791234947.8923748,kiemthugialap017@gmail.com,GET,/orders/me,12.787,200,ok,0,steady
1791234947.8929343,kiemthugialap014@gmail.com,GET,/orders/me,12.081,200,ok,0,steady
1791234947.8934164,kiemthugialap058@gmail.com,GET,/orders/me,10.601,200,ok,0,steady
1791234947.91871,kiemthugialap035@gmail.com,GET,/concerts/{id},5.734,200,ok,0,steady
1791234947.934471,kiemthugialap055@gmail.com,GET,/orders/me,7.102,200,ok,0,steady
1791234947.9545386,kiemthugialap065@gmail.com,GET,/orders/me,8.249,200,ok,0,steady
1791234947.9549332,kiemthugialap022@gmail.com,GET,/orders/me,7.668,200,ok,0,steady
1791234947.9573686,kiemthugialap038@gmail.com,GET,/concerts?on_sale=true,2.322,200,ok,0,steady
1791234947.983568,kiemthugialap072@gmail.com,GET,/orders/me,4.649,200,ok,0,steady
1791234948.0013285,kiemthugialap095@gmail.com,GET,/orders/me,4.888,200,ok,0,steady
1791234948.0256197,kiemthugialap099@gmail.com,GET,/orders/me,5.356,200,ok,0,steady
1791234948.0574174,kiemthugialap008@gmail.com,GET,/orders/me,5.091,200,ok,0,steady
1791234948.0605438,kiemthugialap039@gmail.com,GET,/concerts?on_sale=true,2.918,200,ok,0,steady
1791234948.0648143,kiemthugialap004@gmail.com,GET,/concerts/{id},4.036,200,ok,0,steady
1791234948.1039524,kiemthugialap023@gmail.com,GET,/orders/me,6.017,200,ok,0,steady
1791234948.1250432,kiemthugialap041@gmail.com,GET,/orders/me,6.701,200,ok,0,steady
1791234948.125451,kiemthugialap087@gmail.com,GET,/orders/me,7.995,200,ok,0,steady
1791234948.1707015,kiemthugialap074@gmail.com,GET,/orders/me,5.591,200,ok,0,steady
1791234948.174657,kiemthugialap034@gmail.com,GET,/orders/me,3.793,200,ok,0,steady
1791234948.1863377,kiemthugialap068@gmail.com,GET,/orders/me,5.862,200,ok,0,steady
1791234948.2172086,kiemthugialap053@gmail.com,GET,/orders/me,5.52,200,ok,0,steady
1791234948.233561,kiemthugialap019@gmail.com,GET,/orders/me,4.583,200,ok,0,steady
1791234948.2499526,kiemthugialap098@gmail.com,GET,/concerts,3.83,200,ok,0,steady
1791234948.2513397,kiemthugialap010@gmail.com,GET,/orders/me,6.07,200,ok,0,steady
1791234948.2816367,kiemthugialap020@gmail.com,GET,/concerts,19.909,200,ok,0,steady
1791234948.287055,kiemthugialap100@gmail.com,DELETE,/orders/{id},24.748,200,ok,0,steady
1791234948.292628,kiemthugialap083@gmail.com,GET,/orders/me,5.268,200,ok,0,steady
1791234948.3213885,kiemthugialap076@gmail.com,GET,/orders/me,10.699,200,ok,0,steady
1791234948.3219922,kiemthugialap071@gmail.com,GET,/orders/me,10.771,200,ok,0,steady
1791234948.3224351,kiemthugialap040@gmail.com,GET,/orders/me,12.418,200,ok,0,steady
1791234948.3269656,kiemthugialap032@gmail.com,GET,/orders/me,4.381,200,ok,0,steady
1791234948.3523161,kiemthugialap082@gmail.com,GET,/orders/me,5.585,200,ok,0,steady
1791234948.352764,kiemthugialap069@gmail.com,GET,/orders/me,7.199,200,ok,0,steady
1791234948.3719864,kiemthugialap049@gmail.com,GET,/orders/me,9.529,200,ok,0,steady
1791234948.3737586,kiemthugialap044@gmail.com,GET,/orders/me,12.051,200,ok,0,steady
1791234948.3757873,kiemthugialap005@gmail.com,GET,/orders/me,12.381,200,ok,0,steady
1791234948.3810916,kiemthugialap077@gmail.com,GET,/concerts/{id},6.668,200,ok,0,steady
1791234948.3815494,kiemthugialap003@gmail.com,GET,/orders/me,9.297,200,ok,0,steady
1791234948.3834238,kiemthugialap086@gmail.com,GET,/orders/me,9.491,200,ok,0,steady
1791234948.3888478,kiemthugialap013@gmail.com,GET,/orders/me,7.152,200,ok,0,steady
1791234948.3892155,kiemthugialap070@gmail.com,GET,/concerts/{id},5.573,200,ok,0,steady
1791234948.3895268,kiemthugialap085@gmail.com,GET,/orders/me,7.235,200,ok,0,steady
1791234948.4193783,kiemthugialap046@gmail.com,GET,/concerts,7.844,200,ok,0,steady
1791234948.4199767,kiemthugialap042@gmail.com,GET,/concerts,9.531,200,ok,0,steady
1791234948.421108,kiemthugialap092@gmail.com,GET,/orders/me,10.021,200,ok,0,steady
1791234948.4376912,kiemthugialap064@gmail.com,GET,/concerts,4.452,200,ok,0,steady
1791234948.4532125,kiemthugialap075@gmail.com,GET,/orders/me,4.142,200,ok,0,steady
1791234948.5024111,kiemthugialap011@gmail.com,GET,/concerts,4.826,200,ok,0,steady
1791234948.5034764,kiemthugialap096@gmail.com,GET,/orders/me,6.802,200,ok,0,steady
1791234948.504927,kiemthugialap081@gmail.com,GET,/concerts?on_sale=true,2.376,200,ok,0,steady
1791234948.5182676,kiemthugialap047@gmail.com,GET,/concerts,4.453,200,ok,0,steady
1791234948.5194302,kiemthugialap037@gmail.com,GET,/orders/me,6.279,200,ok,0,steady
1791234948.5400932,kiemthugialap094@gmail.com,GET,/orders/me,8.601,200,ok,0,steady
1791234948.5412672,kiemthugialap056@gmail.com,GET,/orders/me,7.444,200,ok,0,steady
1791234948.5425222,kiemthugialap009@gmail.com,GET,/concerts,2.23,200,ok,0,steady
1791234948.567229,kiemthugialap050@gmail.com,GET,/orders/me,5.169,200,ok,0,steady
1791234948.5827181,kiemthugialap027@gmail.com,GET,/concerts,4.785,200,ok,0,steady
1791234948.600942,kiemthugialap022@gmail.com,GET,/concerts,7.72,200,ok,0,steady
1791234948.6023724,kiemthugialap001@gmail.com,GET,/orders/me,6.956,200,ok,0,steady
1791234948.602733,kiemthugialap031@gmail.com,GET,/orders/me,8.916,200,ok,0,steady
1791234948.6534276,kiemthugialap023@gmail.com,GET,/orders/me,4.619,200,ok,0,steady
1791234948.6685364,kiemthugialap026@gmail.com,GET,/orders/me,3.941,200,ok,0,steady
1791234948.6731439,kiemthugialap028@gmail.com,GET,/orders/me,4.462,200,ok,0,steady
1791234948.674002,kiemthugialap006@gmail.com,GET,/orders/me,5.031,200,ok,0,steady
1791234948.6759632,kiemthugialap051@gmail.com,GET,/orders/me,2.691,200,ok,0,steady
1791234948.6781673,kiemthugialap054@gmail.com,GET,/concerts/{id},2.057,200,ok,0,steady
1791234948.7195323,kiemthugialap091@gmail.com,GET,/orders/me,6.793,200,ok,0,steady
1791234948.7199354,kiemthugialap058@gmail.com,GET,/orders/me,5.791,200,ok,0,steady
1791234948.7551877,kiemthugialap017@gmail.com,GET,/orders/me,7.708,200,ok,0,steady
1791234948.7676225,kiemthugialap079@gmail.com,GET,/orders/me,5.803,200,ok,0,steady
1791234948.7712815,kiemthugialap002@gmail.com,GET,/orders/me,3.466,200,ok,0,steady
1791234948.8152041,kiemthugialap059@gmail.com,GET,/orders/me,4.943,200,ok,0,steady
1791234948.8339455,kiemthugialap052@gmail.com,GET,/concerts?on_sale=true,5.095,200,ok,0,steady
1791234948.8349452,kiemthugialap093@gmail.com,GET,/orders/me,4.749,200,ok,0,steady
1791234948.8554773,kiemthugialap016@gmail.com,GET,/orders/me,5.184,200,ok,0,steady
1791234948.8611834,kiemthugialap014@gmail.com,GET,/orders/me,5.486,200,ok,0,steady
1791234948.861592,kiemthugialap007@gmail.com,GET,/orders/me,5.002,200,ok,0,steady
1791234948.8839352,kiemthugialap033@gmail.com,GET,/orders/me,5.06,200,ok,0,steady
1791234948.9165668,kiemthugialap097@gmail.com,GET,/orders/me,4.916,200,ok,0,steady
1791234948.9215305,kiemthugialap049@gmail.com,GET,/orders/me,4.289,200,ok,0,steady
1791234948.9218712,kiemthugialap041@gmail.com,GET,/orders/me,5.169,200,ok,0,steady
1791234948.9302685,kiemthugialap043@gmail.com,GET,/orders/me,3.996,200,ok,0,steady
1791234948.9332974,kiemthugialap044@gmail.com,GET,/orders/me,2.901,200,ok,0,steady
1791234948.9706676,kiemthugialap089@gmail.com,GET,/concerts,4.904,200,ok,0,steady
1791234948.9718957,kiemthugialap005@gmail.com,GET,/orders/me,5.663,200,ok,0,steady
1791234948.986132,kiemthugialap066@gmail.com,GET,/concerts/{id},4.518,200,ok,0,steady
1791234948.986561,kiemthugialap080@gmail.com,GET,/concerts/{id},4.373,200,ok,0,steady
1791234949.0195928,kiemthugialap060@gmail.com,GET,/orders/me,7.818,200,ok,0,steady
1791234949.0537267,kiemthugialap056@gmail.com,GET,/orders/me,5.575,200,ok,0,steady
1791234949.0540745,kiemthugialap094@gmail.com,GET,/orders/me,6.428,200,ok,0,steady
1791234949.0703518,kiemthugialap099@gmail.com,GET,/orders/me,5.753,200,ok,0,steady
1791234949.0707061,kiemthugialap036@gmail.com,GET,/orders/me,5.477,200,ok,0,steady
1791234949.0859935,kiemthugialap086@gmail.com,GET,/orders/me,5.34,200,ok,0,steady
1791234949.125721,kiemthugialap037@gmail.com,GET,/concerts?on_sale=true,11.871,200,ok,0,steady
1791234949.1262114,kiemthugialap020@gmail.com,GET,/concerts?on_sale=true,11.799,200,ok,0,steady
1791234949.126599,kiemthugialap090@gmail.com,GET,/concerts,13.794,200,ok,0,steady
1791234949.1269302,kiemthugialap062@gmail.com,GET,/concerts?on_sale=true,12.813,200,ok,0,steady
1791234949.1275964,kiemthugialap045@gmail.com,GET,/concerts/{id},12.857,200,ok,0,steady
1791234949.1285756,kiemthugialap012@gmail.com,GET,/orders/me,11.61,200,ok,0,steady
1791234949.155665,kiemthugialap065@gmail.com,GET,/concerts?on_sale=true,8.771,200,ok,0,steady
1791234949.15612,kiemthugialap009@gmail.com,GET,/concerts?on_sale=true,9.753,200,ok,0,steady
1791234949.1564608,kiemthugialap095@gmail.com,GET,/orders/me,11.632,200,ok,0,steady
1791234949.156912,kiemthugialap029@gmail.com,GET,/orders/me,10.853,200,ok,0,steady
1791234949.1672018,kiemthugialap088@gmail.com,GET,/orders/me,5.168,200,ok,0,steady
1791234949.1847303,kiemthugialap073@gmail.com,GET,/orders/me,6.72,200,ok,0,steady
1791234949.1993868,kiemthugialap070@gmail.com,GET,/orders/me,5.113,200,ok,0,steady
1791234949.2171857,kiemthugialap038@gmail.com,GET,/orders/me,4.533,200,ok,0,steady
1791234949.272584,kiemthugialap061@gmail.com,GET,/concerts,6.921,200,ok,0,steady
1791234949.2736819,kiemthugialap030@gmail.com,GET,/orders/me,7.271,200,ok,0,steady
1791234949.2889645,kiemthugialap067@gmail.com,GET,/concerts?on_sale=true,4.276,200,ok,0,steady
1791234949.3058324,kiemthugialap053@gmail.com,GET,/orders/me,5.567,200,ok,0,steady
1791234949.3201134,kiemthugialap015@gmail.com,GET,/concerts/{id},4.188,200,ok,0,steady
1791234949.3385377,kiemthugialap084@gmail.com,GET,/orders/me,6.973,200,ok,0,steady
1791234949.3389692,kiemthugialap026@gmail.com,GET,/orders/me,6.873,200,ok,0,steady
1791234949.3536897,kiemthugialap023@gmail.com,GET,/orders/me,5.702,200,ok,0,steady
1791234949.3685014,kiemthugialap048@gmail.com,GET,/orders/me,5.523,200,ok,0,steady
1791234949.400929,kiemthugialap072@gmail.com,GET,/orders/me,6.419,200,ok,0,steady
1791234949.4157662,kiemthugialap092@gmail.com,GET,/concerts?on_sale=true,4.953,200,ok,0,steady
1791234949.4170437,kiemthugialap074@gmail.com,GET,/orders/me,4.444,200,ok,0,steady
1791234949.4501865,kiemthugialap024@gmail.com,GET,/orders/me,7.327,200,ok,0,steady
1791234949.49,kiemthugialap032@gmail.com,GET,/orders/me,4.619,200,ok,0,steady
1791234949.504786,kiemthugialap025@gmail.com,GET,/concerts/{id},3.376,200,ok,0,steady
1791234949.5219362,kiemthugialap093@gmail.com,GET,/concerts,4.97,200,ok,0,steady
1791234949.5231209,kiemthugialap096@gmail.com,GET,/orders/me,5.594,200,ok,0,steady
1791234949.5363607,kiemthugialap059@gmail.com,GET,/concerts,3.579,200,ok,0,steady
1791234949.556444,kiemthugialap080@gmail.com,GET,/concerts,7.477,200,ok,0,steady
1791234949.557899,kiemthugialap005@gmail.com,GET,/orders/me,9.493,200,ok,0,steady
1791234949.558326,kiemthugialap018@gmail.com,GET,/orders/me,9.002,200,ok,0,steady
1791234949.572171,kiemthugialap041@gmail.com,GET,/orders/me,6.927,200,ok,0,steady
1791234949.5725837,kiemthugialap007@gmail.com,GET,/orders/me,8.102,200,ok,0,steady
1791234949.6159725,kiemthugialap099@gmail.com,GET,/concerts/{id},4.312,200,ok,0,steady
1791234949.6193707,kiemthugialap068@gmail.com,GET,/orders/me,3.249,200,ok,0,steady
1791234949.6317732,kiemthugialap049@gmail.com,GET,/concerts?on_sale=true,4.105,200,ok,0,steady
1791234949.6337378,kiemthugialap078@gmail.com,GET,/orders/me,4.672,200,ok,0,steady
1791234949.6677935,kiemthugialap063@gmail.com,GET,/concerts?on_sale=true,6.318,200,ok,0,steady
1791234949.6694298,kiemthugialap100@gmail.com,GET,/orders/me,8.902,200,ok,0,steady
1791234949.6738374,kiemthugialap036@gmail.com,GET,/orders/me,5.418,200,ok,0,steady
1791234949.674767,kiemthugialap071@gmail.com,GET,/orders/me,6.813,200,ok,0,steady
1791234949.6774127,kiemthugialap057@gmail.com,GET,/orders/me,3.438,200,ok,0,steady
1791234949.6924405,kiemthugialap034@gmail.com,GET,/orders/me,6.486,200,ok,0,steady
1791234949.7170367,kiemthugialap043@gmail.com,GET,/concerts?on_sale=true,5.911,200,ok,0,steady
1791234949.7347422,kiemthugialap082@gmail.com,GET,/concerts/{id},4.984,200,ok,0,steady
1791234949.7397394,kiemthugialap020@gmail.com,POST,/orders,11.007,201,ok,0,steady
1791234949.7414727,kiemthugialap028@gmail.com,GET,/orders/me,6.53,200,ok,0,steady
1791234949.7685387,kiemthugialap003@gmail.com,GET,/orders/me,28.548,200,ok,0,steady
1791234949.7690635,kiemthugialap055@gmail.com,GET,/orders/me,28.725,200,ok,0,steady
1791234949.7695427,kiemthugialap021@gmail.com,GET,/concerts/{id},7.762,200,ok,0,steady
1791234949.7699375,kiemthugialap017@gmail.com,GET,/concerts,9.513,200,ok,0,steady
1791234949.7878408,kiemthugialap073@gmail.com,GET,/orders/me,10.131,200,ok,0,steady
1791234949.7901096,kiemthugialap081@gmail.com,GET,/concerts/{id},8.238,200,ok,0,steady
1791234949.7906747,kiemthugialap014@gmail.com,GET,/orders/me,7.496,200,ok,0,steady
1791234949.7929702,kiemthugialap035@gmail.com,GET,/orders/me,4.898,200,ok,0,steady
1791234949.8002746,kiemthugialap047@gmail.com,GET,/orders/me,5.0,200,ok,0,steady
1791234949.834701,kiemthugialap004@gmail.com,GET,/concerts,5.593,200,ok,0,steady
1791234949.8366416,kiemthugialap085@gmail.com,GET,/orders/me,8.305,200,ok,0,steady
1791234949.8395953,kiemthugialap012@gmail.com,GET,/orders/me,4.747,200,ok,0,steady
1791234949.8483796,kiemthugialap087@gmail.com,GET,/concerts,3.323,200,ok,0,steady
1791234949.8664367,kiemthugialap033@gmail.com,GET,/concerts/{id},3.969,200,ok,0,steady
1791234949.8694816,kiemthugialap045@gmail.com,GET,/orders/me,2.892,200,ok,0,steady
1791234949.8721838,kiemthugialap031@gmail.com,GET,/orders/me,2.592,200,ok,0,steady
1791234949.8748088,kiemthugialap079@gmail.com,GET,/orders/me,2.519,200,ok,0,steady
1791234949.877599,kiemthugialap010@gmail.com,GET,/orders/me,2.685,200,ok,0,steady
1791234949.9270713,kiemthugialap006@gmail.com,GET,/orders/me,5.64,200,ok,0,steady
1791234949.9327219,kiemthugialap026@gmail.com,GET,/orders/me,5.392,200,ok,0,steady
1791234949.9429736,kiemthugialap095@gmail.com,GET,/orders/me,4.885,200,ok,0,steady
1791234949.9437618,kiemthugialap037@gmail.com,GET,/orders/me,6.507,200,ok,0,steady
1791234949.9468634,kiemthugialap027@gmail.com,GET,/orders/me,3.757,200,ok,0,steady
1791234949.9576397,kiemthugialap060@gmail.com,GET,/orders/me,4.409,200,ok,0,steady
1791234949.984246,kiemthugialap083@gmail.com,GET,/orders/me,5.251,200,ok,0,steady
1791234950.0273921,kiemthugialap075@gmail.com,GET,/orders/me,10.179,200,ok,0,steady
1791234950.0278609,kiemthugialap008@gmail.com,GET,/orders/me,10.298,200,ok,0,steady
1791234950.0282502,kiemthugialap022@gmail.com,GET,/orders/me,10.868,200,ok,0,steady
1791234950.0297081,kiemthugialap039@gmail.com,GET,/orders/me,13.342,200,ok,0,steady
1791234950.0302012,kiemthugialap091@gmail.com,GET,/orders/me,13.258,200,ok,0,steady
1791234950.033261,kiemthugialap076@gmail.com,GET,/orders/me,4.782,200,ok,0,steady
1791234950.0495312,kiemthugialap019@gmail.com,GET,/concerts?on_sale=true,4.01,200,ok,0,steady
1791234950.103615,kiemthugialap046@gmail.com,GET,/concerts,4.88,200,ok,0,steady
1791234950.1366959,kiemthugialap058@gmail.com,GET,/orders/me,6.279,200,ok,0,steady
1791234950.1371155,kiemthugialap040@gmail.com,GET,/orders/me,9.501,200,ok,0,steady
1791234950.137434,kiemthugialap070@gmail.com,GET,/orders/me,8.638,200,ok,0,steady
1791234950.1861138,kiemthugialap069@gmail.com,GET,/concerts?on_sale=true,8.637,200,ok,0,steady
1791234950.1880114,kiemthugialap077@gmail.com,GET,/orders/me,7.596,200,ok,0,steady
1791234950.1906216,kiemthugialap009@gmail.com,GET,/concerts,3.872,200,ok,0,steady
1791234950.191603,kiemthugialap052@gmail.com,GET,/orders/me,5.292,200,ok,0,steady
1791234950.2182186,kiemthugialap098@gmail.com,GET,/orders/me,7.666,200,ok,0,steady
1791234950.2187788,kiemthugialap025@gmail.com,GET,/orders/me,7.137,200,ok,0,steady
1791234950.239242,kiemthugialap099@gmail.com,GET,/concerts?on_sale=true,6.451,200,ok,0,steady
1791234950.2396708,kiemthugialap013@gmail.com,GET,/concerts/{id},5.857,200,ok,0,steady
1791234950.2404487,kiemthugialap062@gmail.com,GET,/orders/me,7.027,200,ok,0,steady
1791234950.2673395,kiemthugialap034@gmail.com,GET,/concerts,3.152,200,ok,0,steady
1791234950.3033707,kiemthugialap093@gmail.com,GET,/orders/me,7.283,200,ok,0,steady
1791234950.3037057,kiemthugialap043@gmail.com,GET,/orders/me,6.616,200,ok,0,steady
1791234950.3346503,kiemthugialap064@gmail.com,GET,/orders/me,5.795,200,ok,0,steady
1791234950.3418283,kiemthugialap054@gmail.com,GET,/orders/me,6.937,200,ok,0,steady
1791234950.342837,kiemthugialap042@gmail.com,GET,/orders/me,7.03,200,ok,0,steady
1791234950.3453677,kiemthugialap080@gmail.com,GET,/orders/me,3.336,200,ok,0,steady
1791234950.3648338,kiemthugialap088@gmail.com,GET,/concerts?on_sale=true,3.916,200,ok,0,steady
1791234950.405676,kiemthugialap068@gmail.com,GET,/orders/me,8.768,200,ok,0,steady
1791234950.4070144,kiemthugialap097@gmail.com,GET,/orders/me,11.184,200,ok,0,steady
1791234950.40733,kiemthugialap011@gmail.com,GET,/orders/me,10.053,200,ok,0,steady
1791234950.4083138,kiemthugialap015@gmail.com,GET,/concerts/{id},2.367,200,ok,0,steady
1791234950.4117663,kiemthugialap090@gmail.com,GET,/orders/me,3.296,200,ok,0,steady
1791234950.4211266,kiemthugialap002@gmail.com,GET,/concerts?on_sale=true,4.375,200,ok,0,steady
1791234950.4234712,kiemthugialap050@gmail.com,GET,/orders/me,4.259,200,ok,0,steady
1791234950.442926,kiemthugialap049@gmail.com,GET,/orders/me,6.941,200,ok,0,steady
1791234950.4433765,kiemthugialap061@gmail.com,GET,/orders/me,5.412,200,ok,0,steady
1791234950.47357,kiemthugialap001@gmail.com,GET,/orders/me,6.051,200,ok,0,steady
1791234950.4769475,kiemthugialap045@gmail.com,GET,/orders/me,3.169,200,ok,0,steady
1791234950.5215833,kiemthugialap066@gmail.com,GET,/concerts/{id},5.91,200,ok,0,steady
1791234950.541335,kiemthugialap067@gmail.com,GET,/orders/me,5.469,200,ok,0,steady
1791234950.5574098,kiemthugialap089@gmail.com,GET,/orders/me,5.1,200,ok,0,steady
1791234950.5722342,kiemthugialap032@gmail.com,GET,/orders/me,3.981,200,ok,0,steady
1791234950.5753284,kiemthugialap051@gmail.com,GET,/orders/me,2.948,200,ok,0,steady
1791234950.6002727,kiemthugialap036@gmail.com,GET,/orders/me,4.83,200,ok,0,steady
1791234950.6049488,kiemthugialap079@gmail.com,GET,/orders/me,4.504,200,ok,0,steady
1791234950.6081202,kiemthugialap008@gmail.com,GET,/orders/me,2.994,200,ok,0,steady
1791234950.6105382,kiemthugialap016@gmail.com,GET,/concerts?on_sale=true,2.263,200,ok,0,steady
1791234950.6703658,kiemthugialap096@gmail.com,GET,/concerts/{id},4.564,200,ok,0,steady
1791234950.7024608,kiemthugialap044@gmail.com,GET,/orders/me,5.087,200,ok,0,steady
1791234950.7191427,kiemthugialap063@gmail.com,GET,/concerts/{id},5.964,200,ok,0,steady
1791234950.7202733,kiemthugialap012@gmail.com,GET,/orders/me,6.624,200,ok,0,steady
1791234950.7227259,kiemthugialap075@gmail.com,GET,/concerts/{id},2.292,200,ok,0,steady
1791234950.736614,kiemthugialap100@gmail.com,POST,/orders,7.663,409,sold_out,0,steady
1791234950.7398243,kiemthugialap100@gmail.com,GET,/concerts/{id}/ticket-types,3.066,200,ok,0,steady
1791234950.7428968,kiemthugialap084@gmail.com,GET,/orders/me,2.924,200,ok,0,steady
1791234950.786679,kiemthugialap056@gmail.com,GET,/orders/me,6.963,200,ok,0,steady
1791234950.7905936,kiemthugialap048@gmail.com,GET,/concerts,3.726,200,ok,0,steady
1791234950.835219,kiemthugialap024@gmail.com,GET,/concerts?on_sale=true,4.668,200,ok,0,steady
1791234950.8363712,kiemthugialap095@gmail.com,GET,/orders/me,8.347,200,ok,0,steady
1791234950.849825,kiemthugialap027@gmail.com,GET,/orders/me,5.811,200,ok,0,steady
1791234950.8534362,kiemthugialap060@gmail.com,GET,/orders/me,5.207,200,ok,0,steady
1791234950.8563766,kiemthugialap087@gmail.com,GET,/concerts?on_sale=true,2.741,200,ok,0,steady
1791234950.8837488,kiemthugialap094@gmail.com,GET,/orders/me,4.961,200,ok,0,steady
1791234950.939339,kiemthugialap003@gmail.com,GET,/orders/me,10.149,200,ok,0,steady
1791234950.9406755,kiemthugialap029@gmail.com,GET,/orders/me,9.519,200,ok,0,steady
1791234950.9409866,kiemthugialap059@gmail.com,GET,/orders/me,10.46,200,ok,0,steady
1791234950.9412682,kiemthugialap074@gmail.com,GET,/orders/me,10.366,200,ok,0,steady
1791234950.9421043,kiemthugialap086@gmail.com,GET,/concerts,2.55,200,ok,0,steady
1791234950.9444726,kiemthugialap099@gmail.com,GET,/orders/me,3.1,200,ok,0,steady
1791234950.9495273,kiemthugialap065@gmail.com,GET,/orders/me,4.745,200,ok,0,steady
1791234950.9905894,kiemthugialap053@gmail.com,GET,/orders/me,5.49,200,ok,0,steady
1791234951.0230331,kiemthugialap039@gmail.com,GET,/orders/me,5.965,200,ok,0,steady
1791234951.0260515,kiemthugialap034@gmail.com,GET,/orders/me,2.831,200,ok,0,steady
1791234951.0374343,kiemthugialap013@gmail.com,GET,/orders/me,4.727,200,ok,0,steady
1791234951.0540113,kiemthugialap083@gmail.com,GET,/orders/me,5.218,200,ok,0,steady
1791234951.0689948,kiemthugialap010@gmail.com,GET,/orders/me,4.552,200,ok,0,steady
1791234951.0729094,kiemthugialap018@gmail.com,GET,/orders/me,3.745,200,ok,0,steady
1791234951.0830011,kiemthugialap078@gmail.com,GET,/concerts/{id},4.06,200,ok,0,steady
1791234951.0839462,kiemthugialap038@gmail.com,GET,/concerts,3.924,200,ok,0,steady
1791234951.0862749,kiemthugialap020@gmail.com,GET,/orders/me,3.102,200,ok,0,steady
1791234951.1012485,kiemthugialap030@gmail.com,GET,/orders/me,4.754,200,ok,0,steady
1791234951.1370268,kiemthugialap009@gmail.com,GET,/orders/me,7.462,200,ok,0,steady
1791234951.1374564,kiemthugialap028@gmail.com,GET,/orders/me,5.992,200,ok,0,steady
1791234951.1505783,kiemthugialap092@gmail.com,GET,/orders/me,5.678,200,ok,0,steady
1791234951.1866357,kiemthugialap019@gmail.com,GET,/concerts/{id},5.191,200,ok,0,steady
1791234951.1870413,kiemthugialap085@gmail.com,GET,/concerts/{id},4.759,200,ok,0,steady
1791234951.1994843,kiemthugialap040@gmail.com,GET,/orders/me,4.272,200,ok,0,steady
1791234951.2167754,kiemthugialap072@gmail.com,GET,/concerts?on_sale=true,5.231,200,ok,0,steady
1791234951.217861,kiemthugialap004@gmail.com,GET,/orders/me,5.387,200,ok,0,steady
1791234951.2368398,kiemthugialap068@gmail.com,GET,/concerts?on_sale=true,6.922,200,ok,0,steady
1791234951.2383206,kiemthugialap022@gmail.com,GET,/orders/me,8.852,200,ok,0,steady
1791234951.238802,kiemthugialap023@gmail.com,GET,/orders/me,10.607,200,ok,0,steady
1791234951.282976,kiemthugialap096@gmail.com,GET,/concerts,5.408,200,ok,0,steady
1791234951.2845924,kiemthugialap021@gmail.com,GET,/orders/me,8.088,200,ok,0,steady
1791234951.3058126,kiemthugialap097@gmail.com,GET,/orders/me,6.495,200,ok,0,steady
1791234951.3062115,kiemthugialap007@gmail.com,GET,/orders/me,7.419,200,ok,0,steady
1791234951.320113,kiemthugialap041@gmail.com,GET,/orders/me,5.363,200,ok,0,steady
1791234951.3210504,kiemthugialap051@gmail.com,GET,/orders/me,6.791,200,ok,0,steady
1791234951.3228939,kiemthugialap012@gmail.com,GET,/orders/me,2.615,200,ok,0,steady
1791234951.3331141,kiemthugialap080@gmail.com,GET,/concerts?on_sale=true,2.855,200,ok,0,steady
1791234951.3848486,kiemthugialap042@gmail.com,GET,/concerts?on_sale=true,5.741,200,ok,0,steady
1791234951.3860095,kiemthugialap058@gmail.com,GET,/orders/me,5.592,200,ok,0,steady
1791234951.4086123,kiemthugialap075@gmail.com,GET,/orders/me,7.271,200,ok,0,steady
1791234951.4091396,kiemthugialap005@gmail.com,GET,/orders/me,8.727,200,ok,0,steady
1791234951.4648366,kiemthugialap082@gmail.com,GET,/orders/me,4.705,200,ok,0,steady
1791234951.4873812,kiemthugialap027@gmail.com,GET,/concerts/{id},7.736,200,ok,0,steady
1791234951.4888015,kiemthugialap017@gmail.com,GET,/concerts,10.176,200,ok,0,steady
1791234951.489724,kiemthugialap052@gmail.com,GET,/orders/me,10.601,200,ok,0,steady
1791234951.4900968,kiemthugialap054@gmail.com,GET,/orders/me,12.24,200,ok,0,steady
1791234951.4920576,kiemthugialap061@gmail.com,GET,/orders/me,4.449,200,ok,0,steady
1791234951.4989362,kiemthugialap036@gmail.com,GET,/concerts,3.476,200,ok,0,steady
1791234951.5021842,kiemthugialap057@gmail.com,GET,/concerts,3.091,200,ok,0,steady
1791234951.5064454,kiemthugialap035@gmail.com,GET,/concerts,6.696,200,ok,0,steady
1791234951.5083473,kiemthugialap055@gmail.com,GET,/concerts/{id},6.041,200,ok,0,steady
1791234951.5093112,kiemthugialap087@gmail.com,GET,/orders/me,9.269,200,ok,0,steady
1791234951.5100088,kiemthugialap002@gmail.com,GET,/orders/me,7.178,200,ok,0,steady
1791234951.5140846,kiemthugialap015@gmail.com,GET,/orders/me,7.208,200,ok,0,steady
1791234951.5144944,kiemthugialap070@gmail.com,GET,/orders/me,7.934,200,ok,0,steady
1791234951.5338778,kiemthugialap098@gmail.com,GET,/concerts/{id},4.083,200,ok,0,steady
1791234951.534819,kiemthugialap006@gmail.com,GET,/orders/me,5.925,200,ok,0,steady
1791234951.582803,kiemthugialap071@gmail.com,GET,/concerts?on_sale=true,3.76,200,ok,0,steady
1791234951.606362,kiemthugialap043@gmail.com,GET,/concerts/{id},4.534,200,ok,0,steady
1791234951.6365616,kiemthugialap079@gmail.com,GET,/concerts/{id},7.722,200,ok,0,steady
1791234951.6370304,kiemthugialap031@gmail.com,GET,/concerts/{id},7.39,200,ok,0,steady
1791234951.6499784,kiemthugialap090@gmail.com,GET,/concerts?on_sale=true,5.133,200,ok,0,steady
1791234951.6512244,kiemthugialap026@gmail.com,GET,/concerts,7.2,200,ok,0,steady
1791234951.6538277,kiemthugialap073@gmail.com,GET,/orders/me,3.653,200,ok,0,steady
1791234951.668615,kiemthugialap014@gmail.com,GET,/orders/me,6.967,200,ok,0,steady
1791234951.6987834,kiemthugialap033@gmail.com,GET,/orders/me,5.512,200,ok,0,steady
1791234951.7341561,kiemthugialap093@gmail.com,GET,/orders/me,6.16,200,ok,0,steady
1791234951.7680132,kiemthugialap050@gmail.com,GET,/orders/me,8.031,200,ok,0,steady
1791234951.769482,kiemthugialap048@gmail.com,GET,/orders/me,8.485,200,ok,0,steady
1791234951.7734764,kiemthugialap067@gmail.com,GET,/orders/me,4.926,200,ok,0,steady
1791234951.7744575,kiemthugialap047@gmail.com,GET,/orders/me,6.275,200,ok,0,steady
1791234951.779805,kiemthugialap081@gmail.com,GET,/orders/me,6.162,200,ok,0,steady
1791234951.781663,kiemthugialap072@gmail.com,GET,/orders/me,7.082,200,ok,0,steady
1791234951.7832353,kiemthugialap025@gmail.com,GET,/orders/me,5.105,200,ok,0,steady
1791234951.821594,kiemthugialap046@gmail.com,GET,/orders/me,6.321,200,ok,0,steady
1791234951.837711,kiemthugialap076@gmail.com,GET,/orders/me,8.733,200,ok,0,steady
1791234951.8390286,kiemthugialap064@gmail.com,GET,/orders/me,8.949,200,ok,0,steady
1791234951.8407323,kiemthugialap004@gmail.com,GET,/concerts,2.822,200,ok,0,steady
1791234951.900015,kiemthugialap037@gmail.com,GET,/orders/me,5.758,200,ok,0,steady
1791234951.9044936,kiemthugialap083@gmail.com,GET,/orders/me,4.201,200,ok,0,steady
1791234951.9068236,kiemthugialap060@gmail.com,GET,/concerts,2.157,200,ok,0,steady
1791234951.9143565,kiemthugialap008@gmail.com,GET,/orders/me,4.362,200,ok,0,steady
1791234951.9394672,kiemthugialap021@gmail.com,GET,/concerts?on_sale=true,4.298,200,ok,0,steady
1791234951.968825,kiemthugialap084@gmail.com,GET,/orders/me,7.465,200,ok,0,steady
1791234951.9692085,kiemthugialap099@gmail.com,GET,/orders/me,6.848,200,ok,0,steady
1791234951.983722,kiemthugialap013@gmail.com,GET,/concerts?on_sale=true,4.288,200,ok,0,steady
1791234951.9841342,kiemthugialap091@gmail.com,GET,/concerts,5.932,200,ok,0,steady
1791234952.0164793,kiemthugialap017@gmail.com,GET,/orders/me,5.61,200,ok,0,steady
1791234952.02038,kiemthugialap012@gmail.com,GET,/orders/me,3.706,200,ok,0,steady
1791234952.040635,kiemthugialap066@gmail.com,GET,/orders/me,8.071,200,ok,0,steady
1791234952.0416112,kiemthugialap035@gmail.com,GET,/orders/me,8.289,200,ok,0,steady
1791234952.043553,kiemthugialap028@gmail.com,GET,/orders/me,2.738,200,ok,0,steady
1791234952.0682502,kiemthugialap020@gmail.com,GET,/orders/me,5.691,200,ok,0,steady
1791234952.0686007,kiemthugialap010@gmail.com,GET,/orders/me,7.397,200,ok,0,steady
1791234952.0879319,kiemthugialap015@gmail.com,GET,/concerts?on_sale=true,10.036,200,ok,0,steady
1791234952.0889125,kiemthugialap011@gmail.com,GET,/orders/me,9.291,200,ok,0,steady
1791234952.0892944,kiemthugialap049@gmail.com,GET,/orders/me,10.05,200,ok,0,steady
1791234952.0897224,kiemthugialap096@gmail.com,GET,/orders/me,8.943,200,ok,0,steady
1791234952.117036,kiemthugialap065@gmail.com,GET,/orders/me,7.475,200,ok,0,steady
1791234952.1175008,kiemthugialap088@gmail.com,GET,/orders/me,8.466,200,ok,0,steady
1791234952.1341405,kiemthugialap045@gmail.com,GET,/concerts,4.808,200,ok,0,steady
1791234952.1366487,kiemthugialap036@gmail.com,GET,/concerts?on_sale=true,5.833,200,ok,0,steady
1791234952.1426725,kiemthugialap059@gmail.com,GET,/orders/me,7.518,200,ok,0,steady
1791234952.1429973,kiemthugialap032@gmail.com,GET,/orders/me,8.131,200,ok,0,steady
1791234952.1432714,kiemthugialap069@gmail.com,GET,/orders/me,8.845,200,ok,0,steady
1791234952.1441007,kiemthugialap062@gmail.com,GET,/concerts,2.093,200,ok,0,steady
1791234952.1469486,kiemthugialap019@gmail.com,GET,/concerts?on_sale=true,2.679,200,ok,0,steady
1791234952.1722023,kiemthugialap077@gmail.com,GET,/orders/me,8.254,200,ok,0,steady
1791234952.1731553,kiemthugialap029@gmail.com,GET,/orders/me,10.642,200,ok,0,steady
1791234952.1734724,kiemthugialap074@gmail.com,GET,/orders/me,9.95,200,ok,0,steady
1791234952.173771,kiemthugialap034@gmail.com,GET,/orders/me,8.821,200,ok,0,steady
1791234952.1758137,kiemthugialap026@gmail.com,GET,/orders/me,3.441,200,ok,0,steady
1791234952.185364,kiemthugialap098@gmail.com,GET,/concerts,6.551,200,ok,0,steady
1791234952.2080348,kiemthugialap082@gmail.com,GET,/concerts,12.596,200,ok,0,steady
1791234952.2118046,kiemthugialap001@gmail.com,GET,/orders/me,15.158,200,ok,0,steady
1791234952.2135432,kiemthugialap024@gmail.com,GET,/orders/me,15.33,200,ok,0,steady
1791234952.222497,kiemthugialap063@gmail.com,GET,/orders/me,8.631,200,ok,0,steady
1791234952.2330537,kiemthugialap051@gmail.com,GET,/orders/me,10.12,200,ok,0,steady
1791234952.2830658,kiemthugialap022@gmail.com,GET,/concerts,4.123,200,ok,0,steady
1791234952.287193,kiemthugialap085@gmail.com,GET,/orders/me,3.897,200,ok,0,steady
1791234952.2987216,kiemthugialap089@gmail.com,GET,/orders/me,4.477,200,ok,0,steady
1791234952.320847,kiemthugialap094@gmail.com,GET,/concerts/{id},10.797,200,ok,0,steady
1791234952.321484,kiemthugialap087@gmail.com,GET,/concerts/{id},10.582,200,ok,0,steady
1791234952.3226335,kiemthugialap031@gmail.com,GET,/orders/me,12.082,200,ok,0,steady
1791234952.3715749,kiemthugialap092@gmail.com,GET,/orders/me,8.983,200,ok,0,steady
1791234952.3741252,kiemthugialap009@gmail.com,GET,/orders/me,12.457,200,ok,0,steady
1791234952.3756645,kiemthugialap080@gmail.com,GET,/concerts,3.693,200,ok,0,steady
1791234952.4018533,kiemthugialap004@gmail.com,GET,/orders/me,5.814,200,ok,0,steady
1791234952.40375,kiemthugialap006@gmail.com,GET,/orders/me,9.202,200,ok,0,steady
1791234952.4057834,kiemthugialap027@gmail.com,GET,/concerts,3.662,200,ok,0,steady
1791234952.4354718,kiemthugialap039@gmail.com,GET,/concerts/{id},6.412,200,ok,0,steady
1791234952.440482,kiemthugialap052@gmail.com,GET,/orders/me,4.779,200,ok,0,steady
1791234952.4496648,kiemthugialap042@gmail.com,GET,/concerts?on_sale=true,5.201,200,ok,0,steady
1791234952.4562216,kiemthugialap076@gmail.com,GET,/orders/me,6.187,200,ok,0,steady
1791234952.4567444,kiemthugialap030@gmail.com,GET,/orders/me,6.352,200,ok,0,steady
1791234952.4668753,kiemthugialap055@gmail.com,GET,/concerts?on_sale=true,4.77,200,ok,0,steady
1791234952.48465,kiemthugialap023@gmail.com,GET,/orders/me,6.654,200,ok,0,steady
1791234952.498487,kiemthugialap016@gmail.com,GET,/orders/me,4.874,200,ok,0,steady
1791234952.5165138,kiemthugialap047@gmail.com,GET,/orders/me,6.588,200,ok,0,steady
1791234952.516954,kiemthugialap070@gmail.com,GET,/orders/me,6.128,200,ok,0,steady
1791234952.5564957,kiemthugialap056@gmail.com,GET,/orders/me,12.28,200,ok,0,steady
1791234952.561195,kiemthugialap100@gmail.com,POST,/orders,18.266,201,ok,0,steady
1791234952.563598,kiemthugialap086@gmail.com,GET,/concerts?on_sale=true,12.732,200,ok,0,steady
1791234952.5663407,kiemthugialap046@gmail.com,GET,/concerts,4.901,200,ok,0,steady
1791234952.5825438,kiemthugialap044@gmail.com,GET,/orders/me,30.505,200,ok,0,steady
1791234952.5839028,kiemthugialap061@gmail.com,GET,/orders/me,31.377,200,ok,0,steady
1791234952.5869818,kiemthugialap078@gmail.com,GET,/orders/me,4.151,200,ok,0,steady
1791234952.601605,kiemthugialap003@gmail.com,GET,/orders/me,6.3,200,ok,0,steady
1791234952.6045275,kiemthugialap084@gmail.com,GET,/concerts/{id},2.721,200,ok,0,steady
1791234952.6151505,kiemthugialap054@gmail.com,GET,/orders/me,4.212,200,ok,0,steady
1791234952.6187975,kiemthugialap053@gmail.com,GET,/orders/me,3.435,200,ok,0,steady
1791234952.631914,kiemthugialap041@gmail.com,GET,/concerts?on_sale=true,3.895,200,ok,0,steady
1791234952.6710308,kiemthugialap095@gmail.com,GET,/concerts/{id},5.094,200,ok,0,steady
1791234952.6724107,kiemthugialap097@gmail.com,GET,/orders/me,5.631,200,ok,0,steady
1791234952.7000215,kiemthugialap064@gmail.com,GET,/concerts/{id},3.874,200,ok,0,steady
1791234952.731119,kiemthugialap021@gmail.com,GET,/concerts/{id},4.103,200,ok,0,steady
1791234952.7350476,kiemthugialap008@gmail.com,GET,/orders/me,3.763,200,ok,0,steady
1791234952.7871838,kiemthugialap075@gmail.com,GET,/orders/me,21.726,200,ok,0,steady
1791234952.7875628,kiemthugialap060@gmail.com,GET,/orders/me,22.69,200,ok,0,steady
1791234952.8064394,kiemthugialap017@gmail.com,GET,/orders/me,7.616,200,ok,0,steady
1791234952.837686,kiemthugialap038@gmail.com,GET,/orders/me,9.616,200,ok,0,steady
1791234952.8678136,kiemthugialap018@gmail.com,GET,/orders/me,6.643,200,ok,0,steady
1791234952.8684702,kiemthugialap011@gmail.com,GET,/orders/me,8.003,200,ok,0,steady
1791234952.8701138,kiemthugialap058@gmail.com,GET,/concerts,5.189,200,ok,0,steady
1791234952.8910062,kiemthugialap094@gmail.com,GET,/orders/me,4.747,200,ok,0,steady
1791234952.938861,kiemthugialap029@gmail.com,GET,/orders/me,9.735,200,ok,0,steady
1791234952.939574,kiemthugialap007@gmail.com,GET,/orders/me,11.204,200,ok,0,steady
1791234952.9450626,kiemthugialap040@gmail.com,GET,/orders/me,5.288,200,ok,0,steady
1791234952.9775808,kiemthugialap039@gmail.com,GET,/concerts/{id},7.355,200,ok,0,steady
1791234952.9789507,kiemthugialap033@gmail.com,GET,/orders/me,6.76,200,ok,0,steady
1791234953.0028985,kiemthugialap032@gmail.com,GET,/concerts,6.731,200,ok,0,steady
1791234953.0041044,kiemthugialap023@gmail.com,GET,/orders/me,9.288,200,ok,0,steady
1791234953.0048716,kiemthugialap014@gmail.com,GET,/orders/me,9.102,200,ok,0,steady
1791234953.0061367,kiemthugialap057@gmail.com,GET,/concerts?on_sale=true,3.01,200,ok,0,steady
1791234953.0173798,kiemthugialap077@gmail.com,GET,/orders/me,6.362,200,ok,0,steady
1791234953.0237846,kiemthugialap019@gmail.com,GET,/orders/me,6.09,200,ok,0,steady
1791234953.0242214,kiemthugialap028@gmail.com,GET,/orders/me,5.87,200,ok,0,steady
1791234953.0500004,kiemthugialap072@gmail.com,GET,/orders/me,5.405,200,ok,0,steady
1791234953.0550125,kiemthugialap010@gmail.com,GET,/orders/me,4.216,200,ok,0,steady
1791234953.056205,kiemthugialap025@gmail.com,GET,/orders/me,6.039,200,ok,0,steady
1791234953.058378,kiemthugialap065@gmail.com,GET,/concerts,2.965,200,ok,0,steady
1791234953.0592432,kiemthugialap099@gmail.com,GET,/orders/me,4.113,200,ok,0,steady
1791234953.0618982,kiemthugialap012@gmail.com,GET,/orders/me,3.358,200,ok,0,steady
1791234953.097952,kiemthugialap056@gmail.com,GET,/concerts/{id},20.328,200,ok,0,steady
1791234953.0994966,kiemthugialap063@gmail.com,GET,/concerts/{id},22.842,200,ok,0,steady
1791234953.1016543,kiemthugialap024@gmail.com,GET,/orders/me,13.496,200,ok,0,steady
1791234953.1021523,kiemthugialap034@gmail.com,GET,/concerts/{id},3.906,200,ok,0,steady
1791234953.1342793,kiemthugialap079@gmail.com,GET,/concerts?on_sale=true,4.763,200,ok,0,steady
1791234953.1540663,kiemthugialap092@gmail.com,GET,/orders/me,9.945,200,ok,0,steady
1791234953.1883302,kiemthugialap004@gmail.com,GET,/concerts,8.622,200,ok,0,steady
1791234953.1898503,kiemthugialap071@gmail.com,GET,/orders/me,8.858,200,ok,0,steady
1791234953.1974077,kiemthugialap049@gmail.com,GET,/orders/me,8.837,200,ok,0,steady
1791234953.1978574,kiemthugialap068@gmail.com,GET,/orders/me,7.857,200,ok,0,steady
1791234953.2001426,kiemthugialap026@gmail.com,GET,/concerts?on_sale=true,4.951,200,ok,0,steady
1791234953.21573,kiemthugialap067@gmail.com,GET,/orders/me,4.363,200,ok,0,steady
1791234953.2321084,kiemthugialap088@gmail.com,GET,/orders/me,4.679,200,ok,0,steady
1791234953.2642565,kiemthugialap006@gmail.com,GET,/concerts/{id},5.101,200,ok,0,steady
1791234953.286085,kiemthugialap036@gmail.com,GET,/orders/me,4.668,200,ok,0,steady
1791234953.3077908,kiemthugialap098@gmail.com,GET,/orders/me,7.778,200,ok,0,steady
1791234953.3082006,kiemthugialap048@gmail.com,GET,/orders/me,7.686,200,ok,0,steady
1791234953.33445,kiemthugialap078@gmail.com,GET,/orders/me,5.172,200,ok,0,steady
1791234953.351805,kiemthugialap051@gmail.com,GET,/orders/me,6.466,200,ok,0,steady
1791234953.3522766,kiemthugialap052@gmail.com,GET,/orders/me,5.81,200,ok,0,steady
1791234953.3859303,kiemthugialap060@gmail.com,GET,/orders/me,8.433,200,ok,0,steady
1791234953.386415,kiemthugialap047@gmail.com,GET,/orders/me,9.701,200,ok,0,steady
1791234953.389769,kiemthugialap090@gmail.com,GET,/orders/me,3.226,200,ok,0,steady
1791234953.4064538,kiemthugialap005@gmail.com,GET,/orders/me,6.564,200,ok,0,steady
1791234953.4357688,kiemthugialap045@gmail.com,GET,/concerts?on_sale=true,5.514,200,ok,0,steady
1791234953.4372628,kiemthugialap093@gmail.com,GET,/orders/me,6.304,200,ok,0,steady
1791234953.4376383,kiemthugialap081@gmail.com,GET,/orders/me,9.666,200,ok,0,steady
1791234953.4481165,kiemthugialap003@gmail.com,GET,/orders/me,4.44,200,ok,0,steady
1791234953.5044951,kiemthugialap089@gmail.com,GET,/concerts/{id},7.476,200,ok,0,steady
1791234953.5058415,kiemthugialap037@gmail.com,GET,/orders/me,9.3,200,ok,0,steady
1791234953.5062058,kiemthugialap002@gmail.com,GET,/orders/me,10.999,200,ok,0,steady
1791234953.5392804,kiemthugialap043@gmail.com,GET,/orders/me,6.556,200,ok,0,steady
1791234953.5451684,kiemthugialap064@gmail.com,GET,/orders/me,4.835,200,ok,0,steady
1791234953.5470011,kiemthugialap001@gmail.com,GET,/orders/me,7.465,200,ok,0,steady
1791234953.5503662,kiemthugialap016@gmail.com,GET,/concerts/{id},4.962,200,ok,0,steady
1791234953.5546987,kiemthugialap062@gmail.com,GET,/orders/me,4.129,200,ok,0,steady
1791234953.586838,kiemthugialap087@gmail.com,GET,/orders/me,6.738,200,ok,0,steady
1791234953.624882,kiemthugialap025@gmail.com,GET,/concerts/{id},7.365,200,ok,0,steady
1791234953.6274307,kiemthugialap073@gmail.com,GET,/orders/me,10.603,200,ok,0,steady
1791234953.6279116,kiemthugialap028@gmail.com,GET,/orders/me,9.573,200,ok,0,steady
1791234953.6675754,kiemthugialap063@gmail.com,GET,/concerts?on_sale=true,4.723,200,ok,0,steady
1791234953.7054684,kiemthugialap082@gmail.com,GET,/concerts?on_sale=true,9.23,200,ok,0,steady
1791234953.707856,kiemthugialap050@gmail.com,GET,/orders/me,9.2,200,ok,0,steady
1791234953.7082434,kiemthugialap017@gmail.com,GET,/orders/me,13.4,200,ok,0,steady
1791234953.7084043,kiemthugialap019@gmail.com,GET,/orders/me,10.232,200,ok,0,steady
1791234953.7410161,kiemthugialap020@gmail.com,GET,/concerts,5.753,200,ok,0,steady
1791234953.7414205,kiemthugialap031@gmail.com,GET,/concerts,5.39,200,ok,0,steady
1791234953.7424197,kiemthugialap083@gmail.com,GET,/orders/me,6.121,200,ok,0,steady
1791234953.7739966,kiemthugialap059@gmail.com,GET,/concerts,6.84,200,ok,0,steady
1791234953.7743845,kiemthugialap058@gmail.com,GET,/orders/me,6.264,200,ok,0,steady
1791234953.7904823,kiemthugialap094@gmail.com,GET,/concerts/{id},5.865,200,ok,0,steady
1791234953.791009,kiemthugialap013@gmail.com,GET,/orders/me,7.394,200,ok,0,steady
1791234953.7913363,kiemthugialap042@gmail.com,GET,/orders/me,8.371,200,ok,0,steady
1791234953.819994,kiemthugialap091@gmail.com,GET,/orders/me,20.327,200,ok,0,steady
1791234953.8217962,kiemthugialap092@gmail.com,GET,/orders/me,23.017,200,ok,0,steady
1791234953.822751,kiemthugialap004@gmail.com,GET,/orders/me,10.566,200,ok,0,steady
1791234953.8231378,kiemthugialap023@gmail.com,GET,/orders/me,10.013,200,ok,0,steady
1791234953.8259907,kiemthugialap065@gmail.com,GET,/orders/me,5.255,200,ok,0,steady
1791234953.8264496,kiemthugialap015@gmail.com,GET,/orders/me,6.28,200,ok,0,steady
1791234953.866468,kiemthugialap012@gmail.com,GET,/orders/me,5.194,200,ok,0,steady
1791234953.9010942,kiemthugialap074@gmail.com,GET,/orders/me,6.147,200,ok,0,steady
1791234953.9041395,kiemthugialap018@gmail.com,GET,/orders/me,2.895,200,ok,0,steady
1791234953.9070213,kiemthugialap066@gmail.com,GET,/orders/me,2.766,200,ok,0,steady
1791234953.9332848,kiemthugialap099@gmail.com,GET,/concerts,5.826,200,ok,0,steady
1791234953.9347725,kiemthugialap046@gmail.com,GET,/orders/me,6.267,200,ok,0,steady
1791234953.9384763,kiemthugialap084@gmail.com,GET,/orders/me,3.567,200,ok,0,steady
1791234953.9418046,kiemthugialap040@gmail.com,GET,/orders/me,3.178,200,ok,0,steady
1791234953.9512138,kiemthugialap052@gmail.com,GET,/orders/me,5.625,200,ok,0,steady
1791234953.9676247,kiemthugialap096@gmail.com,GET,/orders/me,5.952,200,ok,0,steady
1791234954.0167968,kiemthugialap030@gmail.com,GET,/orders/me,6.497,200,ok,0,steady
1791234954.0173292,kiemthugialap035@gmail.com,GET,/orders/me,7.888,200,ok,0,steady
1791234954.0586843,kiemthugialap085@gmail.com,GET,/orders/me,17.685,200,ok,0,steady
1791234954.0593467,kiemthugialap069@gmail.com,GET,/orders/me,17.236,200,ok,0,steady
1791234954.0676987,kiemthugialap076@gmail.com,GET,/orders/me,17.432,200,ok,0,steady
1791234954.0687356,kiemthugialap100@gmail.com,GET,/orders/me,17.069,200,ok,0,steady
1791234954.1341882,kiemthugialap007@gmail.com,GET,/orders/me,5.144,200,ok,0,steady
1791234954.1564703,kiemthugialap032@gmail.com,GET,/orders/me,10.42,200,ok,0,steady
1791234954.1570716,kiemthugialap036@gmail.com,GET,/orders/me,12.41,200,ok,0,steady
1791234954.1585646,kiemthugialap075@gmail.com,GET,/orders/me,8.285,200,ok,0,steady
1791234954.1591368,kiemthugialap009@gmail.com,GET,/orders/me,9.786,200,ok,0,steady
1791234954.1870675,kiemthugialap095@gmail.com,GET,/concerts/{id},6.97,200,ok,0,steady
1791234954.1891444,kiemthugialap027@gmail.com,GET,/orders/me,10.974,200,ok,0,steady
1791234954.1896007,kiemthugialap033@gmail.com,GET,/orders/me,10.244,200,ok,0,steady
1791234954.1934068,kiemthugialap011@gmail.com,GET,/orders/me,6.071,200,ok,0,steady
1791234954.1971474,kiemthugialap060@gmail.com,GET,/concerts/{id},3.533,200,ok,0,steady
1791234954.200104,kiemthugialap038@gmail.com,GET,/concerts,2.778,200,ok,0,steady
1791234954.2343476,kiemthugialap055@gmail.com,GET,/orders/me,6.053,200,ok,0,steady
1791234954.2376347,kiemthugialap003@gmail.com,GET,/orders/me,10.071,200,ok,0,steady
1791234954.2401376,kiemthugialap029@gmail.com,GET,/orders/me,5.57,200,ok,0,steady
1791234954.2479615,kiemthugialap022@gmail.com,GET,/concerts?on_sale=true,4.504,200,ok,0,steady
1791234954.2550492,kiemthugialap020@gmail.com,GET,/concerts,6.818,200,ok,0,steady
1791234954.255653,kiemthugialap080@gmail.com,GET,/concerts?on_sale=true,6.385,200,ok,0,steady
1791234954.2994633,kiemthugialap034@gmail.com,GET,/concerts?on_sale=true,5.285,200,ok,0,steady
1791234954.300747,kiemthugialap025@gmail.com,GET,/orders/me,7.228,200,ok,0,steady
1791234954.3027163,kiemthugialap053@gmail.com,GET,/orders/me,3.048,200,ok,0,steady
1791234954.317348,kiemthugialap024@gmail.com,GET,/orders/me,4.688,200,ok,0,steady
1791234954.3510015,kiemthugialap054@gmail.com,GET,/orders/me,6.545,200,ok,0,steady
1791234954.3536763,kiemthugialap086@gmail.com,GET,/concerts?on_sale=true,2.456,200,ok,0,steady
1791234954.387373,kiemthugialap056@gmail.com,GET,/concerts,5.135,200,ok,0,steady
1791234954.3883793,kiemthugialap021@gmail.com,GET,/orders/me,5.638,200,ok,0,steady
1791234954.4016871,kiemthugialap008@gmail.com,GET,/orders/me,3.827,200,ok,0,steady
1791234954.4177709,kiemthugialap070@gmail.com,GET,/concerts?on_sale=true,2.986,200,ok,0,steady
1791234954.4185631,kiemthugialap059@gmail.com,GET,/concerts,4.894,200,ok,0,steady
1791234954.4207973,kiemthugialap079@gmail.com,GET,/orders/me,2.903,200,ok,0,steady
1791234954.4345012,kiemthugialap016@gmail.com,GET,/orders/me,5.158,200,ok,0,steady
1791234954.4728155,kiemthugialap090@gmail.com,GET,/orders/me,5.396,200,ok,0,steady
1791234954.5224557,kiemthugialap044@gmail.com,GET,/orders/me,8.725,200,ok,0,steady
1791234954.5228775,kiemthugialap061@gmail.com,GET,/orders/me,10.088,200,ok,0,steady
1791234954.5231688,kiemthugialap093@gmail.com,GET,/orders/me,10.683,200,ok,0,steady
1791234954.523467,kiemthugialap071@gmail.com,GET,/orders/me,11.592,200,ok,0,steady
1791234954.5504868,kiemthugialap068@gmail.com,GET,/concerts,5.885,200,ok,0,steady
1791234954.551713,kiemthugialap051@gmail.com,GET,/orders/me,5.476,200,ok,0,steady
1791234954.5552695,kiemthugialap026@gmail.com,GET,/concerts?on_sale=true,4.652,200,ok,0,steady
1791234954.5556223,kiemthugialap052@gmail.com,GET,/concerts/{id},4.714,200,ok,0,steady
1791234954.5564895,kiemthugialap002@gmail.com,GET,/orders/me,4.642,200,ok,0,steady
1791234954.5690587,kiemthugialap045@gmail.com,GET,/concerts/{id},6.677,200,ok,0,steady
1791234954.5701597,kiemthugialap041@gmail.com,GET,/orders/me,8.323,200,ok,0,steady
1791234954.6256237,kiemthugialap042@gmail.com,GET,/orders/me,4.646,200,ok,0,steady
1791234954.6298957,kiemthugialap014@gmail.com,GET,/concerts/{id},3.641,200,ok,0,steady
1791234954.6309664,kiemthugialap097@gmail.com,GET,/orders/me,5.212,200,ok,0,steady
1791234954.657803,kiemthugialap023@gmail.com,GET,/orders/me,5.068,200,ok,0,steady
1791234954.660947,kiemthugialap006@gmail.com,GET,/orders/me,2.984,200,ok,0,steady
1791234954.6687872,kiemthugialap017@gmail.com,GET,/concerts/{id},4.113,200,ok,0,steady
1791234954.6877887,kiemthugialap082@gmail.com,GET,/orders/me,4.989,200,ok,0,steady
1791234954.6918654,kiemthugialap099@gmail.com,GET,/orders/me,3.902,200,ok,0,steady
1791234954.695777,kiemthugialap067@gmail.com,GET,/orders/me,3.701,200,ok,0,steady
1791234954.7202058,kiemthugialap039@gmail.com,GET,/concerts?on_sale=true,5.408,200,ok,0,steady
1791234954.7374122,kiemthugialap088@gmail.com,GET,/orders/me,6.591,200,ok,0,steady
1791234954.738365,kiemthugialap058@gmail.com,GET,/orders/me,8.008,200,ok,0,steady
1791234954.7403798,kiemthugialap048@gmail.com,GET,/orders/me,2.799,200,ok,0,steady
1791234954.7431386,kiemthugialap043@gmail.com,GET,/orders/me,2.642,200,ok,0,steady
1791234954.7681165,kiemthugialap049@gmail.com,GET,/orders/me,5.273,200,ok,0,steady
1791234954.8397384,kiemthugialap030@gmail.com,GET,/concerts?on_sale=true,11.906,200,ok,0,steady
1791234954.8424973,kiemthugialap066@gmail.com,GET,/orders/me,12.056,200,ok,0,steady
1791234954.8428128,kiemthugialap003@gmail.com,GET,/orders/me,10.821,200,ok,0,steady
1791234954.843353,kiemthugialap098@gmail.com,GET,/orders/me,13.312,200,ok,0,steady
1791234954.843521,kiemthugialap020@gmail.com,GET,/orders/me,14.061,200,ok,0,steady
1791234954.8670604,kiemthugialap087@gmail.com,GET,/orders/me,4.575,200,ok,0,steady
1791234954.869826,kiemthugialap072@gmail.com,GET,/orders/me,2.629,200,ok,0,steady
1791234954.8865607,kiemthugialap055@gmail.com,GET,/orders/me,8.148,200,ok,0,steady
1791234954.888641,kiemthugialap037@gmail.com,GET,/concerts,3.281,200,ok,0,steady
1791234954.9102352,kiemthugialap078@gmail.com,GET,/concerts/{id},7.495,200,ok,0,steady
1791234954.9134378,kiemthugialap077@gmail.com,GET,/orders/me,11.828,200,ok,0,steady
1791234954.9139822,kiemthugialap060@gmail.com,GET,/orders/me,11.615,200,ok,0,steady
1791234954.9153516,kiemthugialap012@gmail.com,GET,/concerts?on_sale=true,4.917,200,ok,0,steady
1791234954.9424975,kiemthugialap022@gmail.com,GET,/concerts,9.482,200,ok,0,steady
1791234954.9435909,kiemthugialap005@gmail.com,GET,/orders/me,9.71,200,ok,0,steady
1791234954.9440994,kiemthugialap046@gmail.com,GET,/orders/me,9.749,200,ok,0,steady
1791234954.9475875,kiemthugialap091@gmail.com,GET,/orders/me,4.893,200,ok,0,steady
1791234954.9690123,kiemthugialap019@gmail.com,GET,/orders/me,7.01,200,ok,0,steady
1791234954.9694488,kiemthugialap047@gmail.com,GET,/orders/me,6.926,200,ok,0,steady
1791234954.9867625,kiemthugialap010@gmail.com,GET,/orders/me,9.105,200,ok,0,steady
1791234954.98717,kiemthugialap057@gmail.com,GET,/orders/me,8.612,200,ok,0,steady
1791234954.9926643,kiemthugialap092@gmail.com,GET,/orders/me,7.749,200,ok,0,steady
1791234954.9930937,kiemthugialap095@gmail.com,GET,/orders/me,7.93,200,ok,0,steady
1791234954.9934304,kiemthugialap001@gmail.com,GET,/orders/me,9.192,200,ok,0,steady
1791234955.0164928,kiemthugialap033@gmail.com,GET,/concerts?on_sale=true,5.104,200,ok,0,steady
1791234955.0331907,kiemthugialap053@gmail.com,GET,/concerts/{id},5.972,200,ok,0,steady
1791234955.070325,kiemthugialap084@gmail.com,GET,/concerts,9.641,200,ok,0,steady
1791234955.0719547,kiemthugialap065@gmail.com,GET,/concerts?on_sale=true,11.028,200,ok,0,steady
1791234955.0722845,kiemthugialap089@gmail.com,GET,/concerts,11.992,200,ok,0,steady
1791234955.073214,kiemthugialap074@gmail.com,GET,/orders/me,11.808,200,ok,0,steady
1791234955.0735407,kiemthugialap061@gmail.com,GET,/orders/me,14.414,200,ok,0,steady
1791234955.0768175,kiemthugialap064@gmail.com,GET,/concerts,6.27,200,ok,0,steady
1791234955.07825,kiemthugialap013@gmail.com,GET,/orders/me,7.287,200,ok,0,steady
1791234955.0786173,kiemthugialap069@gmail.com,GET,/orders/me,6.222,200,ok,0,steady
1791234955.0981765,kiemthugialap027@gmail.com,GET,/orders/me,7.132,200,ok,0,steady
1791234955.101304,kiemthugialap071@gmail.com,GET,/orders/me,6.003,200,ok,0,steady
1791234955.1406076,kiemthugialap062@gmail.com,GET,/orders/me,5.407,200,ok,0,steady
1791234955.1735127,kiemthugialap056@gmail.com,GET,/concerts/{id},5.502,200,ok,0,steady
1791234955.1749787,kiemthugialap035@gmail.com,GET,/orders/me,7.272,200,ok,0,steady
1791234955.1754405,kiemthugialap040@gmail.com,GET,/orders/me,8.578,200,ok,0,steady
1791234955.2039387,kiemthugialap063@gmail.com,GET,/orders/me,5.182,200,ok,0,steady
1791234955.2055378,kiemthugialap041@gmail.com,GET,/concerts/{id},3.56,200,ok,0,steady
1791234955.2391362,kiemthugialap008@gmail.com,GET,/concerts?on_sale=true,5.412,200,ok,0,steady
1791234955.2708833,kiemthugialap025@gmail.com,GET,/concerts/{id},5.814,200,ok,0,steady
1791234955.302826,kiemthugialap081@gmail.com,GET,/concerts,5.787,200,ok,0,steady
1791234955.303393,kiemthugialap026@gmail.com,GET,/concerts?on_sale=true,6.66,200,ok,0,steady
1791234955.3041887,kiemthugialap094@gmail.com,GET,/orders/me,8.305,200,ok,0,steady
1791234955.3148675,kiemthugialap079@gmail.com,GET,/concerts/{id},3.913,200,ok,0,steady
1791234955.352252,kiemthugialap100@gmail.com,GET,/orders/me,7.327,200,ok,0,steady
1791234955.3845823,kiemthugialap042@gmail.com,GET,/orders/me,8.2,200,ok,0,steady
1791234955.386105,kiemthugialap093@gmail.com,GET,/orders/me,8.881,200,ok,0,steady
1791234955.3885224,kiemthugialap015@gmail.com,GET,/orders/me,3.69,200,ok,0,steady
1791234955.4154704,kiemthugialap032@gmail.com,GET,/orders/me,7.728,200,ok,0,steady
1791234955.4173706,kiemthugialap029@gmail.com,GET,/orders/me,8.805,200,ok,0,steady
1791234955.4202108,kiemthugialap028@gmail.com,GET,/concerts,4.414,200,ok,0,steady
1791234955.422677,kiemthugialap075@gmail.com,GET,/orders/me,5.117,200,ok,0,steady
1791234955.4980693,kiemthugialap046@gmail.com,GET,/orders/me,4.632,200,ok,0,steady
1791234955.5234861,kiemthugialap083@gmail.com,GET,/orders/me,8.117,200,ok,0,steady
1791234955.5239303,kiemthugialap073@gmail.com,GET,/orders/me,7.186,200,ok,0,steady
1791234955.533823,kiemthugialap068@gmail.com,GET,/orders/me,4.556,200,ok,0,steady
1791234955.5524242,kiemthugialap002@gmail.com,GET,/concerts/{id},4.212,200,ok,0,steady
1791234955.55282,kiemthugialap024@gmail.com,GET,/concerts/{id},5.633,200,ok,0,steady
1791234955.5537403,kiemthugialap031@gmail.com,GET,/orders/me,7.819,200,ok,0,steady
1791234955.5659785,kiemthugialap007@gmail.com,GET,/concerts/{id},4.335,200,ok,0,steady
1791234955.600351,kiemthugialap009@gmail.com,GET,/orders/me,6.273,200,ok,0,steady
1791234955.6158772,kiemthugialap080@gmail.com,GET,/concerts,3.668,200,ok,0,steady
1791234955.6413653,kiemthugialap086@gmail.com,GET,/orders/me,6.683,200,ok,0,steady
1791234955.642442,kiemthugialap018@gmail.com,GET,/orders/me,8.739,200,ok,0,steady
1791234955.6443653,kiemthugialap027@gmail.com,GET,/orders/me,2.786,200,ok,0,steady
1791234955.670354,kiemthugialap034@gmail.com,GET,/concerts/{id},9.217,200,ok,0,steady
1791234955.6714394,kiemthugialap017@gmail.com,GET,/orders/me,9.572,200,ok,0,steady
1791234955.7146924,kiemthugialap096@gmail.com,GET,/concerts?on_sale=true,4.56,200,ok,0,steady
1791234955.7157066,kiemthugialap050@gmail.com,GET,/orders/me,6.587,200,ok,0,steady
1791234955.727913,kiemthugialap090@gmail.com,GET,/concerts/{id},3.262,200,ok,0,steady
1791234955.754549,kiemthugialap052@gmail.com,GET,/concerts,4.29,200,ok,0,steady
1791234955.7557633,kiemthugialap070@gmail.com,GET,/orders/me,6.116,200,ok,0,steady
1791234955.7715278,kiemthugialap039@gmail.com,GET,/orders/me,5.055,200,ok,0,steady
1791234955.7720187,kiemthugialap059@gmail.com,GET,/orders/me,6.667,200,ok,0,steady
1791234955.7745564,kiemthugialap022@gmail.com,GET,/concerts?on_sale=true,2.367,200,ok,0,steady
1791234955.801832,kiemthugialap054@gmail.com,GET,/concerts/{id},4.2,200,ok,0,steady
1791234955.803499,kiemthugialap016@gmail.com,GET,/orders/me,6.453,200,ok,0,steady
1791234955.8047006,kiemthugialap069@gmail.com,GET,/concerts?on_sale=true,2.741,200,ok,0,steady
1791234955.807514,kiemthugialap004@gmail.com,GET,/orders/me,2.709,200,ok,0,steady
1791234955.8765237,kiemthugialap049@gmail.com,GET,/orders/me,5.003,200,ok,0,steady
1791234955.90375,kiemthugialap040@gmail.com,GET,/concerts/{id},8.787,200,ok,0,steady
1791234955.9055727,kiemthugialap085@gmail.com,GET,/orders/me,9.724,200,ok,0,steady
1791234955.9065473,kiemthugialap079@gmail.com,GET,/orders/me,9.137,200,ok,0,steady
1791234955.90684,kiemthugialap062@gmail.com,GET,/orders/me,9.796,200,ok,0,steady
1791234955.9095347,kiemthugialap081@gmail.com,GET,/orders/me,3.811,200,ok,0,steady
1791234955.911124,kiemthugialap055@gmail.com,GET,/orders/me,4.179,200,ok,0,steady
1791234955.935689,kiemthugialap072@gmail.com,GET,/concerts,9.391,200,ok,0,steady
1791234955.937419,kiemthugialap042@gmail.com,GET,/orders/me,7.259,200,ok,0,steady
1791234955.9383836,kiemthugialap053@gmail.com,GET,/orders/me,10.336,200,ok,0,steady
1791234955.9387057,kiemthugialap066@gmail.com,GET,/orders/me,11.459,200,ok,0,steady
1791234955.9406605,kiemthugialap021@gmail.com,GET,/orders/me,3.1,200,ok,0,steady
1791234955.9681294,kiemthugialap076@gmail.com,GET,/concerts,5.29,200,ok,0,steady
1791234955.9899802,kiemthugialap012@gmail.com,GET,/orders/me,4.149,200,ok,0,steady
1791234956.0066934,kiemthugialap037@gmail.com,GET,/orders/me,5.357,200,ok,0,steady
1791234956.0228057,kiemthugialap011@gmail.com,GET,/orders/me,5.446,200,ok,0,steady
1791234956.0265954,kiemthugialap038@gmail.com,GET,/concerts,3.641,200,ok,0,steady
1791234956.0276854,kiemthugialap019@gmail.com,GET,/orders/me,4.427,200,ok,0,steady
1791234956.0601037,kiemthugialap057@gmail.com,GET,/concerts/{id},11.335,200,ok,0,steady
1791234956.060569,kiemthugialap061@gmail.com,GET,/orders/me,10.143,200,ok,0,steady
1791234956.0609233,kiemthugialap014@gmail.com,GET,/orders/me,11.126,200,ok,0,steady
1791234956.061264,kiemthugialap035@gmail.com,GET,/orders/me,11.117,200,ok,0,steady
1791234956.0835364,kiemthugialap036@gmail.com,GET,/orders/me,5.046,200,ok,0,steady
1791234956.100684,kiemthugialap084@gmail.com,GET,/orders/me,5.925,200,ok,0,steady
1791234956.119786,kiemthugialap077@gmail.com,GET,/orders/me,6.05,200,ok,0,steady
1791234956.1201956,kiemthugialap097@gmail.com,GET,/orders/me,8.884,200,ok,0,steady
1791234956.120497,kiemthugialap047@gmail.com,GET,/orders/me,7.874,200,ok,0,steady
1791234956.1320348,kiemthugialap046@gmail.com,GET,/orders/me,5.444,200,ok,0,steady
1791234956.1534379,kiemthugialap043@gmail.com,GET,/orders/me,4.871,200,ok,0,steady
1791234956.1728144,kiemthugialap007@gmail.com,GET,/orders/me,6.361,200,ok,0,steady
1791234956.1731963,kiemthugialap029@gmail.com,GET,/orders/me,6.127,200,ok,0,steady
1791234956.2043538,kiemthugialap073@gmail.com,GET,/orders/me,5.538,200,ok,0,steady
1791234956.2051806,kiemthugialap006@gmail.com,GET,/orders/me,6.97,200,ok,0,steady
1791234956.2072053,kiemthugialap078@gmail.com,GET,/orders/me,2.72,200,ok,0,steady
1791234956.2405074,kiemthugialap032@gmail.com,GET,/concerts?on_sale=true,9.671,200,ok,0,steady
1791234956.2410002,kiemthugialap045@gmail.com,GET,/concerts/{id},11.329,200,ok,0,steady
1791234956.268211,kiemthugialap098@gmail.com,GET,/orders/me,36.653,200,ok,0,steady
1791234956.270438,kiemthugialap013@gmail.com,GET,/orders/me,39.197,200,ok,0,steady
1791234956.2745192,kiemthugialap058@gmail.com,GET,/concerts/{id},13.437,200,ok,0,steady
1791234956.277214,kiemthugialap005@gmail.com,GET,/orders/me,5.504,200,ok,0,steady
1791234956.298917,kiemthugialap002@gmail.com,GET,/concerts,4.444,200,ok,0,steady
1791234956.3026712,kiemthugialap003@gmail.com,GET,/orders/me,3.6,200,ok,0,steady
1791234956.3341668,kiemthugialap018@gmail.com,GET,/orders/me,8.383,200,ok,0,steady
1791234956.3470092,kiemthugialap044@gmail.com,GET,/orders/me,5.625,200,ok,0,steady
1791234956.36206,kiemthugialap023@gmail.com,GET,/orders/me,5.004,200,ok,0,steady
1791234956.3701124,kiemthugialap010@gmail.com,GET,/orders/me,6.954,200,ok,0,steady
1791234956.3713412,kiemthugialap065@gmail.com,GET,/concerts?on_sale=true,9.077,200,ok,0,steady
1791234956.3875792,kiemthugialap087@gmail.com,GET,/concerts/{id},3.276,200,ok,0,steady
1791234956.4052773,kiemthugialap022@gmail.com,GET,/concerts,4.321,200,ok,0,steady
1791234956.4063797,kiemthugialap099@gmail.com,GET,/orders/me,6.032,200,ok,0,steady
1791234956.4377186,kiemthugialap026@gmail.com,GET,/orders/me,5.686,200,ok,0,steady
1791234956.4425335,kiemthugialap060@gmail.com,GET,/orders/me,4.673,200,ok,0,steady
1791234956.4428718,kiemthugialap031@gmail.com,GET,/orders/me,4.706,200,ok,0,steady
1791234956.4881284,kiemthugialap051@gmail.com,GET,/orders/me,25.66,200,ok,0,steady
1791234956.4902725,kiemthugialap090@gmail.com,GET,/concerts,26.549,200,ok,0,steady
1791234956.4908724,kiemthugialap020@gmail.com,GET,/orders/me,27.613,200,ok,0,steady
1791234956.4918919,kiemthugialap093@gmail.com,GET,/orders/me,27.843,200,ok,0,steady
1791234956.5081065,kiemthugialap071@gmail.com,GET,/orders/me,30.07,200,ok,0,steady
1791234956.5112307,kiemthugialap068@gmail.com,GET,/orders/me,22.792,200,ok,0,steady
1791234956.5139837,kiemthugialap048@gmail.com,GET,/orders/me,21.802,200,ok,0,steady
1791234956.5154326,kiemthugialap063@gmail.com,GET,/orders/me,7.16,200,ok,0,steady
1791234956.5188346,kiemthugialap066@gmail.com,GET,/orders/me,3.216,200,ok,0,steady
1791234956.5455844,kiemthugialap085@gmail.com,GET,/concerts?on_sale=true,6.328,200,ok,0,steady
1791234956.5486414,kiemthugialap064@gmail.com,GET,/orders/me,10.332,200,ok,0,steady
1791234956.5490372,kiemthugialap054@gmail.com,GET,/orders/me,9.371,200,ok,0,steady
1791234956.5520575,kiemthugialap024@gmail.com,GET,/concerts/{id},2.891,200,ok,0,steady
1791234956.5677366,kiemthugialap089@gmail.com,GET,/concerts,5.254,200,ok,0,steady
1791234956.5688243,kiemthugialap001@gmail.com,GET,/orders/me,7.258,200,ok,0,steady
1791234956.5877273,kiemthugialap088@gmail.com,GET,/orders/me,4.752,200,ok,0,steady
1791234956.6059353,kiemthugialap057@gmail.com,GET,/concerts/{id},5.924,200,ok,0,steady
1791234956.6073332,kiemthugialap067@gmail.com,GET,/orders/me,8.264,200,ok,0,steady
1791234956.6387124,kiemthugialap011@gmail.com,GET,/orders/me,7.994,200,ok,0,steady
1791234956.6392493,kiemthugialap096@gmail.com,GET,/orders/me,7.893,200,ok,0,steady
1791234956.6395533,kiemthugialap100@gmail.com,GET,/orders/me,7.309,200,ok,0,steady
1791234956.653541,kiemthugialap083@gmail.com,GET,/orders/me,6.067,200,ok,0,steady
1791234956.6539214,kiemthugialap041@gmail.com,GET,/orders/me,7.45,200,ok,0,steady
1791234956.6914628,kiemthugialap053@gmail.com,GET,/orders/me,8.121,200,ok,0,steady
1791234956.6927288,kiemthugialap027@gmail.com,GET,/orders/me,28.576,200,ok,0,steady
1791234956.693064,kiemthugialap082@gmail.com,GET,/orders/me,29.898,200,ok,0,steady
1791234956.6970086,kiemthugialap052@gmail.com,GET,/orders/me,33.08,200,ok,0,steady
1791234956.6988022,kiemthugialap074@gmail.com,GET,/orders/me,10.415,200,ok,0,steady
1791234956.7231135,kiemthugialap025@gmail.com,GET,/concerts/{id},20.096,200,ok,0,steady
1791234956.7244782,kiemthugialap055@gmail.com,GET,/concerts,21.145,200,ok,0,steady
1791234956.7259278,kiemthugialap030@gmail.com,GET,/orders/me,23.67,200,ok,0,steady
1791234956.7281864,kiemthugialap037@gmail.com,GET,/orders/me,4.872,200,ok,0,steady
1791234956.828459,kiemthugialap033@gmail.com,GET,/orders/me,20.197,200,ok,0,steady
1791234956.828968,kiemthugialap092@gmail.com,GET,/orders/me,21.458,200,ok,0,steady
1791234956.8635995,kiemthugialap069@gmail.com,GET,/orders/me,6.633,200,ok,0,steady
1791234956.8645813,kiemthugialap091@gmail.com,GET,/orders/me,8.515,200,ok,0,steady
1791234956.8670394,kiemthugialap045@gmail.com,GET,/orders/me,3.294,200,ok,0,steady
1791234956.90938,kiemthugialap043@gmail.com,GET,/orders/me,7.749,200,ok,0,steady
1791234956.9453545,kiemthugialap006@gmail.com,GET,/orders/me,12.166,200,ok,0,steady
1791234956.9474766,kiemthugialap073@gmail.com,GET,/orders/me,12.834,200,ok,0,steady
1791234956.948025,kiemthugialap008@gmail.com,GET,/orders/me,13.876,200,ok,0,steady
1791234956.9507337,kiemthugialap095@gmail.com,GET,/orders/me,5.128,200,ok,0,steady
1791234956.970506,kiemthugialap010@gmail.com,GET,/orders/me,6.027,200,ok,0,steady
1791234957.0034382,kiemthugialap050@gmail.com,GET,/orders/me,6.935,200,ok,0,steady
1791234957.0051658,kiemthugialap078@gmail.com,GET,/concerts/{id},7.721,200,ok,0,steady
1791234957.0085318,kiemthugialap097@gmail.com,GET,/orders/me,10.097,200,ok,0,steady
1791234957.0136924,kiemthugialap018@gmail.com,GET,/orders/me,4.931,200,ok,0,steady
1791234957.0173829,kiemthugialap023@gmail.com,GET,/concerts?on_sale=true,3.485,200,ok,0,steady
1791234957.0569246,kiemthugialap002@gmail.com,GET,/orders/me,4.607,200,ok,0,steady
1791234957.101716,kiemthugialap056@gmail.com,GET,/concerts?on_sale=true,6.346,200,ok,0,steady
1791234957.1020985,kiemthugialap004@gmail.com,GET,/concerts/{id},8.078,200,ok,0,steady
1791234957.1023755,kiemthugialap028@gmail.com,GET,/concerts/{id},7.505,200,ok,0,steady
1791234957.1228514,kiemthugialap012@gmail.com,GET,/concerts/{id},6.394,200,ok,0,steady
1791234957.1243215,kiemthugialap094@gmail.com,GET,/orders/me,8.794,200,ok,0,steady
1791234957.1271796,kiemthugialap059@gmail.com,GET,/orders/me,4.084,200,ok,0,steady
1791234957.1530678,kiemthugialap016@gmail.com,GET,/orders/me,6.751,200,ok,0,steady
1791234957.1545262,kiemthugialap068@gmail.com,GET,/concerts,8.946,200,ok,0,steady
1791234957.158665,kiemthugialap009@gmail.com,GET,/orders/me,5.382,200,ok,0,steady
1791234957.1988342,kiemthugialap058@gmail.com,GET,/orders/me,5.287,200,ok,0,steady
1791234957.2240815,kiemthugialap080@gmail.com,GET,/orders/me,6.835,200,ok,0,steady
1791234957.227534,kiemthugialap015@gmail.com,GET,/orders/me,3.211,200,ok,0,steady
1791234957.2330158,kiemthugialap038@gmail.com,GET,/orders/me,5.344,200,ok,0,steady
1791234957.2340782,kiemthugialap090@gmail.com,GET,/orders/me,5.45,200,ok,0,steady
1791234957.2360759,kiemthugialap075@gmail.com,GET,/orders/me,2.894,200,ok,0,steady
1791234957.2487514,kiemthugialap049@gmail.com,GET,/orders/me,4.264,200,ok,0,steady
1791234957.2658665,kiemthugialap007@gmail.com,GET,/orders/me,5.373,200,ok,0,steady
1791234957.2852407,kiemthugialap042@gmail.com,GET,/orders/me,6.888,200,ok,0,steady
1791234957.285859,kiemthugialap072@gmail.com,GET,/orders/me,8.747,200,ok,0,steady
1791234957.3227267,kiemthugialap014@gmail.com,GET,/orders/me,6.719,200,ok,0,steady
1791234957.3524365,kiemthugialap036@gmail.com,GET,/orders/me,18.511,200,ok,0,steady
1791234957.3672779,kiemthugialap020@gmail.com,GET,/orders/me,32.64,200,ok,0,steady
1791234957.3743353,kiemthugialap035@gmail.com,GET,/concerts,22.64,200,ok,0,steady
1791234957.375702,kiemthugialap064@gmail.com,GET,/concerts/{id},10.131,200,ok,0,steady
1791234957.3763218,kiemthugialap001@gmail.com,GET,/orders/me,25.695,200,ok,0,steady
1791234957.377227,kiemthugialap013@gmail.com,GET,/orders/me,11.098,200,ok,0,steady
1791234957.3776023,kiemthugialap003@gmail.com,GET,/orders/me,27.839,200,ok,0,steady
1791234957.4058263,kiemthugialap065@gmail.com,GET,/orders/me,9.119,200,ok,0,steady
1791234957.4062352,kiemthugialap051@gmail.com,GET,/orders/me,10.525,200,ok,0,steady
1791234957.4065185,kiemthugialap027@gmail.com,GET,/orders/me,9.395,200,ok,0,steady
1791234957.4171553,kiemthugialap032@gmail.com,GET,/orders/me,5.43,200,ok,0,steady
1791234957.420307,kiemthugialap034@gmail.com,GET,/orders/me,2.982,200,ok,0,steady
1791234957.4694638,kiemthugialap079@gmail.com,GET,/orders/me,7.278,200,ok,0,steady
1791234957.5004413,kiemthugialap086@gmail.com,GET,/concerts,4.215,200,ok,0,steady
1791234957.5014682,kiemthugialap070@gmail.com,GET,/orders/me,6.277,200,ok,0,steady
1791234957.5376081,kiemthugialap029@gmail.com,GET,/concerts?on_sale=true,6.35,200,ok,0,steady
1791234957.5419064,kiemthugialap062@gmail.com,GET,/orders/me,4.029,200,ok,0,steady
1791234957.5566084,kiemthugialap077@gmail.com,GET,/concerts,4.851,200,ok,0,steady
1791234957.558292,kiemthugialap081@gmail.com,GET,/orders/me,8.029,200,ok,0,steady
1791234957.5644248,kiemthugialap040@gmail.com,GET,/orders/me,5.85,200,ok,0,steady
1791234957.5697935,kiemthugialap017@gmail.com,GET,/orders/me,4.945,200,ok,0,steady
1791234957.604375,kiemthugialap076@gmail.com,GET,/orders/me,6.375,200,ok,0,steady
1791234957.6195028,kiemthugialap039@gmail.com,GET,/concerts,5.106,200,ok,0,steady
1791234957.620464,kiemthugialap089@gmail.com,GET,/orders/me,7.329,200,ok,0,steady
1791234957.6243203,kiemthugialap084@gmail.com,GET,/orders/me,3.705,200,ok,0,steady
1791234957.6400971,kiemthugialap078@gmail.com,GET,/orders/me,5.979,200,ok,0,steady
1791234957.6593623,kiemthugialap028@gmail.com,GET,/concerts/{id},6.612,200,ok,0,steady
1791234957.6599882,kiemthugialap100@gmail.com,GET,/concerts/{id},6.375,200,ok,0,steady
1791234957.6603932,kiemthugialap091@gmail.com,GET,/concerts/{id},7.113,200,ok,0,steady
1791234957.6678302,kiemthugialap095@gmail.com,GET,/orders/me,6.806,200,ok,0,steady
1791234957.66831,kiemthugialap026@gmail.com,GET,/orders/me,7.783,200,ok,0,steady
1791234957.705702,kiemthugialap023@gmail.com,GET,/concerts/{id},4.538,200,ok,0,steady
1791234957.7068353,kiemthugialap053@gmail.com,GET,/orders/me,6.558,200,ok,0,steady
1791234957.784177,kiemthugialap074@gmail.com,GET,/orders/me,6.511,200,ok,0,steady
1791234957.784678,kiemthugialap063@gmail.com,GET,/orders/me,7.694,200,ok,0,steady
1791234957.8229606,kiemthugialap098@gmail.com,GET,/orders/me,14.106,200,ok,0,steady
1791234957.8234484,kiemthugialap019@gmail.com,GET,/orders/me,13.729,200,ok,0,steady
1791234957.8237994,kiemthugialap037@gmail.com,GET,/orders/me,11.246,200,ok,0,steady
1791234957.8241053,kiemthugialap080@gmail.com,GET,/orders/me,14.104,200,ok,0,steady
1791234957.824582,kiemthugialap047@gmail.com,GET,/orders/me,14.313,200,ok,0,steady
1791234957.8422976,kiemthugialap021@gmail.com,GET,/orders/me,6.409,200,ok,0,steady
1791234957.871177,kiemthugialap097@gmail.com,GET,/orders/me,9.728,200,ok,0,steady
1791234957.8716545,kiemthugialap069@gmail.com,GET,/orders/me,9.203,200,ok,0,steady
1791234957.8719914,kiemthugialap031@gmail.com,GET,/orders/me,8.515,200,ok,0,steady
1791234957.9155922,kiemthugialap030@gmail.com,GET,/concerts/{id},4.805,200,ok,0,steady
1791234957.9159815,kiemthugialap058@gmail.com,GET,/concerts,6.538,200,ok,0,steady
1791234957.9341776,kiemthugialap083@gmail.com,GET,/concerts,4.609,200,ok,0,steady
1791234957.9377673,kiemthugialap073@gmail.com,GET,/orders/me,3.431,200,ok,0,steady
1791234957.9720461,kiemthugialap025@gmail.com,GET,/orders/me,4.617,200,ok,0,steady
1791234957.975677,kiemthugialap071@gmail.com,GET,/orders/me,3.353,200,ok,0,steady
1791234957.978716,kiemthugialap059@gmail.com,GET,/orders/me,2.9,200,ok,0,steady
1791234958.0005908,kiemthugialap022@gmail.com,GET,/concerts/{id},4.756,200,ok,0,steady
1791234958.0365946,kiemthugialap061@gmail.com,GET,/concerts,6.014,200,ok,0,steady
1791234958.0381289,kiemthugialap051@gmail.com,GET,/orders/me,8.776,200,ok,0,steady
1791234958.049645,kiemthugialap032@gmail.com,GET,/concerts/{id},5.324,200,ok,0,steady
1791234958.0501435,kiemthugialap065@gmail.com,GET,/concerts/{id},5.107,200,ok,0,steady
1791234958.0691981,kiemthugialap092@gmail.com,GET,/concerts?on_sale=true,3.492,200,ok,0,steady
1791234958.0696108,kiemthugialap055@gmail.com,GET,/concerts,4.401,200,ok,0,steady
1791234958.1017406,kiemthugialap099@gmail.com,GET,/concerts,4.126,200,ok,0,steady
1791234958.102807,kiemthugialap046@gmail.com,GET,/orders/me,5.777,200,ok,0,steady
1791234958.1181595,kiemthugialap067@gmail.com,GET,/orders/me,4.256,200,ok,0,steady
1791234958.1520567,kiemthugialap085@gmail.com,GET,/orders/me,5.589,200,ok,0,steady
1791234958.171998,kiemthugialap043@gmail.com,GET,/orders/me,4.49,200,ok,0,steady
1791234958.2184498,kiemthugialap087@gmail.com,GET,/orders/me,5.479,200,ok,0,steady
1791234958.2330053,kiemthugialap072@gmail.com,GET,/concerts?on_sale=true,3.705,200,ok,0,steady
1791234958.233408,kiemthugialap052@gmail.com,GET,/concerts,5.088,200,ok,0,steady
1791234958.2511024,kiemthugialap060@gmail.com,GET,/orders/me,6.999,200,ok,0,steady
1791234958.270532,kiemthugialap039@gmail.com,GET,/concerts,5.299,200,ok,0,steady
1791234958.2715738,kiemthugialap045@gmail.com,GET,/orders/me,5.42,200,ok,0,steady
1791234958.2739453,kiemthugialap005@gmail.com,GET,/orders/me,3.232,200,ok,0,steady
1791234958.2854528,kiemthugialap004@gmail.com,GET,/orders/me,6.132,200,ok,0,steady
1791234958.286366,kiemthugialap041@gmail.com,GET,/orders/me,5.97,200,ok,0,steady
1791234958.287717,kiemthugialap093@gmail.com,GET,/concerts/{id},2.112,200,ok,0,steady
1791234958.3007007,kiemthugialap094@gmail.com,GET,/orders/me,5.073,200,ok,0,steady
1791234958.3159592,kiemthugialap044@gmail.com,GET,/orders/me,4.68,200,ok,0,steady
1791234958.3331687,kiemthugialap018@gmail.com,GET,/concerts,4.39,200,ok,0,steady
1791234958.3342226,kiemthugialap048@gmail.com,GET,/orders/me,6.084,200,ok,0,steady
1791234958.3680477,kiemthugialap011@gmail.com,GET,/concerts/{id},5.065,200,ok,0,steady
1791234958.3690674,kiemthugialap024@gmail.com,GET,/orders/me,4.505,200,ok,0,steady
1791234958.4481347,kiemthugialap002@gmail.com,GET,/orders/me,33.401,200,ok,0,steady
1791234958.448557,kiemthugialap054@gmail.com,GET,/orders/me,33.069,200,ok,0,steady
1791234958.4509807,kiemthugialap082@gmail.com,GET,/orders/me,6.138,200,ok,0,steady
1791234958.4824667,kiemthugialap066@gmail.com,GET,/concerts/{id},6.268,200,ok,0,steady
1791234958.489425,kiemthugialap088@gmail.com,GET,/orders/me,6.77,200,ok,0,steady
1791234958.4906387,kiemthugialap057@gmail.com,GET,/orders/me,5.253,200,ok,0,steady
1791234958.5193055,kiemthugialap007@gmail.com,GET,/concerts/{id},21.815,200,ok,0,steady
1791234958.5218735,kiemthugialap015@gmail.com,GET,/orders/me,26.401,200,ok,0,steady
1791234958.5231452,kiemthugialap033@gmail.com,GET,/orders/me,26.829,200,ok,0,steady
1791234958.5246038,kiemthugialap073@gmail.com,GET,/orders/me,13.444,200,ok,0,steady
1791234958.5259383,kiemthugialap049@gmail.com,GET,/orders/me,13.865,200,ok,0,steady
1791234958.52653,kiemthugialap078@gmail.com,GET,/orders/me,13.391,200,ok,0,steady
1791234958.5334082,kiemthugialap075@gmail.com,GET,/orders/me,6.69,200,ok,0,steady
1791234958.6023781,kiemthugialap071@gmail.com,GET,/orders/me,27.232,200,ok,0,steady
1791234958.6027792,kiemthugialap010@gmail.com,GET,/orders/me,27.408,200,ok,0,steady
1791234958.6031287,kiemthugialap001@gmail.com,GET,/orders/me,28.705,200,ok,0,steady
1791234958.608387,kiemthugialap037@gmail.com,GET,/concerts,9.343,200,ok,0,steady
1791234958.610945,kiemthugialap009@gmail.com,GET,/concerts,7.353,200,ok,0,steady
1791234958.61216,kiemthugialap097@gmail.com,GET,/orders/me,8.891,200,ok,0,steady
1791234958.6127086,kiemthugialap053@gmail.com,GET,/orders/me,11.664,200,ok,0,steady
1791234958.63599,kiemthugialap025@gmail.com,GET,/concerts,6.341,200,ok,0,steady
1791234958.6380281,kiemthugialap038@gmail.com,GET,/orders/me,9.997,200,ok,0,steady
1791234958.6388533,kiemthugialap096@gmail.com,GET,/orders/me,9.697,200,ok,0,steady
1791234958.6407216,kiemthugialap016@gmail.com,GET,/orders/me,4.487,200,ok,0,steady
1791234958.667656,kiemthugialap029@gmail.com,GET,/orders/me,6.148,200,ok,0,steady
1791234958.684364,kiemthugialap080@gmail.com,GET,/orders/me,6.101,200,ok,0,steady
1791234958.698927,kiemthugialap098@gmail.com,GET,/concerts?on_sale=true,4.493,200,ok,0,steady
1791234958.7712266,kiemthugialap035@gmail.com,GET,/orders/me,6.047,200,ok,0,steady
1791234958.7732706,kiemthugialap043@gmail.com,GET,/concerts,1.89,200,ok,0,steady
1791234958.831197,kiemthugialap047@gmail.com,GET,/concerts/{id},30.731,200,ok,0,steady
1791234958.8319428,kiemthugialap052@gmail.com,GET,/orders/me,35.676,200,ok,0,steady
1791234958.8369443,kiemthugialap014@gmail.com,GET,/orders/me,30.971,200,ok,0,steady
1791234958.8379555,kiemthugialap008@gmail.com,GET,/orders/me,5.85,200,ok,0,steady
1791234958.8494086,kiemthugialap006@gmail.com,GET,/orders/me,5.733,200,ok,0,steady
1791234958.8518465,kiemthugialap076@gmail.com,GET,/concerts,2.279,200,ok,0,steady
1791234958.8654323,kiemthugialap091@gmail.com,GET,/orders/me,5.971,200,ok,0,steady
1791234958.8827715,kiemthugialap012@gmail.com,GET,/orders/me,7.764,200,ok,0,steady
1791234958.8839571,kiemthugialap023@gmail.com,GET,/orders/me,8.391,200,ok,0,steady
1791234958.8867643,kiemthugialap024@gmail.com,GET,/orders/me,3.823,200,ok,0,steady
1791234958.8928692,kiemthugialap036@gmail.com,GET,/orders/me,5.94,200,ok,0,steady
1791234958.8933594,kiemthugialap028@gmail.com,GET,/orders/me,6.025,200,ok,0,steady
1791234958.9493845,kiemthugialap056@gmail.com,GET,/orders/me,4.719,200,ok,0,steady
1791234958.9677498,kiemthugialap050@gmail.com,GET,/orders/me,7.196,200,ok,0,steady
1791234958.9690044,kiemthugialap074@gmail.com,GET,/orders/me,6.744,200,ok,0,steady
1791234958.9702985,kiemthugialap083@gmail.com,GET,/concerts/{id},2.319,200,ok,0,steady
1791234958.9723864,kiemthugialap090@gmail.com,GET,/concerts?on_sale=true,1.953,200,ok,0,steady
1791234959.0000517,kiemthugialap040@gmail.com,GET,/orders/me,5.844,200,ok,0,steady
1791234959.0365705,kiemthugialap042@gmail.com,GET,/orders/me,6.554,200,ok,0,steady
1791234959.0370739,kiemthugialap003@gmail.com,GET,/orders/me,8.611,200,ok,0,steady
1791234959.0490746,kiemthugialap061@gmail.com,GET,/concerts/{id},3.241,200,ok,0,steady
1791234959.0527084,kiemthugialap015@gmail.com,GET,/orders/me,3.392,200,ok,0,steady
1791234959.0553756,kiemthugialap068@gmail.com,GET,/orders/me,2.552,200,ok,0,steady
1791234959.0673728,kiemthugialap084@gmail.com,GET,/orders/me,4.682,200,ok,0,steady
1791234959.0860088,kiemthugialap070@gmail.com,GET,/orders/me,5.305,200,ok,0,steady
1791234959.0869246,kiemthugialap086@gmail.com,GET,/orders/me,7.351,200,ok,0,steady
1791234959.088917,kiemthugialap021@gmail.com,GET,/orders/me,2.773,200,ok,0,steady
1791234959.1425815,kiemthugialap020@gmail.com,GET,/concerts?on_sale=true,7.656,200,ok,0,steady
1791234959.1441078,kiemthugialap046@gmail.com,GET,/concerts,9.806,200,ok,0,steady
1791234959.1462915,kiemthugialap069@gmail.com,GET,/orders/me,13.044,200,ok,0,steady
1791234959.146799,kiemthugialap079@gmail.com,GET,/orders/me,12.203,200,ok,0,steady
1791234959.1532156,kiemthugialap027@gmail.com,GET,/orders/me,8.928,200,ok,0,steady
1791234959.1536303,kiemthugialap062@gmail.com,GET,/orders/me,8.412,200,ok,0,steady
1791234959.1539464,kiemthugialap071@gmail.com,GET,/orders/me,11.09,200,ok,0,steady
1791234959.1571407,kiemthugialap034@gmail.com,GET,/orders/me,3.083,200,ok,0,steady
1791234959.1594784,kiemthugialap058@gmail.com,GET,/concerts?on_sale=true,2.191,200,ok,0,steady
1791234959.1872542,kiemthugialap064@gmail.com,GET,/concerts,8.854,200,ok,0,steady
1791234959.1887228,kiemthugialap077@gmail.com,GET,/orders/me,8.061,200,ok,0,steady
1791234959.1892135,kiemthugialap089@gmail.com,GET,/orders/me,10.008,200,ok,0,steady
1791234959.2369692,kiemthugialap096@gmail.com,GET,/orders/me,7.567,200,ok,0,steady
1791234959.240746,kiemthugialap094@gmail.com,GET,/orders/me,3.566,200,ok,0,steady
1791234959.2508147,kiemthugialap067@gmail.com,GET,/concerts/{id},6.079,200,ok,0,steady
1791234959.2518659,kiemthugialap041@gmail.com,GET,/orders/me,6.204,200,ok,0,steady
1791234959.286346,kiemthugialap013@gmail.com,GET,/concerts?on_sale=true,10.341,200,ok,0,steady
1791234959.2870433,kiemthugialap093@gmail.com,GET,/orders/me,10.481,200,ok,0,steady
1791234959.2879508,kiemthugialap100@gmail.com,GET,/orders/me,11.071,200,ok,0,steady
1791234959.2884874,kiemthugialap017@gmail.com,GET,/orders/me,11.32,200,ok,0,steady
1791234959.3165896,kiemthugialap043@gmail.com,GET,/orders/me,5.293,200,ok,0,steady
1791234959.4169655,kiemthugialap030@gmail.com,GET,/orders/me,5.163,200,ok,0,steady
1791234959.4330459,kiemthugialap052@gmail.com,GET,/concerts/{id},4.663,200,ok,0,steady
1791234959.4334245,kiemthugialap007@gmail.com,GET,/concerts/{id},5.947,200,ok,0,steady
1791234959.4846942,kiemthugialap049@gmail.com,GET,/concerts,3.05,200,ok,0,steady
1791234959.5020242,kiemthugialap022@gmail.com,GET,/concerts?on_sale=true,3.97,200,ok,0,steady
1791234959.503766,kiemthugialap019@gmail.com,GET,/orders/me,6.291,200,ok,0,steady
1791234959.5055761,kiemthugialap095@gmail.com,GET,/orders/me,3.43,200,ok,0,steady
1791234959.5350254,kiemthugialap059@gmail.com,GET,/orders/me,6.067,200,ok,0,steady
1791234959.5540388,kiemthugialap026@gmail.com,GET,/concerts,4.673,200,ok,0,steady
1791234959.5605676,kiemthugialap081@gmail.com,GET,/concerts/{id},6.29,200,ok,0,steady
1791234959.5618372,kiemthugialap018@gmail.com,GET,/orders/me,7.177,200,ok,0,steady
1791234959.5672867,kiemthugialap075@gmail.com,GET,/orders/me,6.517,200,ok,0,steady
1791234959.634247,kiemthugialap072@gmail.com,GET,/concerts?on_sale=true,6.056,200,ok,0,steady
1791234959.635356,kiemthugialap040@gmail.com,GET,/orders/me,6.21,200,ok,0,steady
1791234959.6531668,kiemthugialap060@gmail.com,GET,/orders/me,4.219,200,ok,0,steady
1791234959.6689842,kiemthugialap042@gmail.com,GET,/concerts,4.376,200,ok,0,steady
1791234959.6701012,kiemthugialap048@gmail.com,GET,/orders/me,4.974,200,ok,0,steady
1791234959.6898885,kiemthugialap099@gmail.com,GET,/orders/me,8.301,200,ok,0,steady
1791234959.6908765,kiemthugialap071@gmail.com,GET,/orders/me,9.068,200,ok,0,steady
1791234959.6911883,kiemthugialap074@gmail.com,GET,/orders/me,10.412,200,ok,0,steady
1791234959.692799,kiemthugialap065@gmail.com,GET,/orders/me,2.716,200,ok,0,steady
1791234959.734432,kiemthugialap084@gmail.com,GET,/concerts,6.353,200,ok,0,steady
1791234959.7375932,kiemthugialap014@gmail.com,GET,/concerts,2.929,200,ok,0,steady
1791234959.7581728,kiemthugialap039@gmail.com,GET,/concerts,6.231,200,ok,0,steady
1791234959.765141,kiemthugialap063@gmail.com,GET,/orders/me,6.658,200,ok,0,steady
1791234959.7872279,kiemthugialap051@gmail.com,GET,/orders/me,8.988,200,ok,0,steady
1791234959.8166156,kiemthugialap076@gmail.com,GET,/orders/me,6.426,200,ok,0,steady
1791234959.816997,kiemthugialap023@gmail.com,GET,/orders/me,7.651,200,ok,0,steady
1791234959.8456917,kiemthugialap086@gmail.com,GET,/orders/me,5.024,200,ok,0,steady
1791234959.8532267,kiemthugialap025@gmail.com,GET,/orders/me,6.574,200,ok,0,steady
1791234959.8547769,kiemthugialap085@gmail.com,GET,/orders/me,8.882,200,ok,0,steady
1791234959.8574598,kiemthugialap031@gmail.com,GET,/orders/me,3.99,200,ok,0,steady
1791234959.8735678,kiemthugialap053@gmail.com,GET,/orders/me,7.421,200,ok,0,steady
1791234959.8749847,kiemthugialap057@gmail.com,GET,/orders/me,7.622,200,ok,0,steady
1791234959.877499,kiemthugialap055@gmail.com,GET,/concerts,3.762,200,ok,0,steady
1791234959.8785498,kiemthugialap027@gmail.com,GET,/orders/me,4.484,200,ok,0,steady
1791234959.8831863,kiemthugialap066@gmail.com,GET,/orders/me,4.458,200,ok,0,steady
1791234959.9158282,kiemthugialap032@gmail.com,GET,/orders/me,4.603,200,ok,0,steady
1791234959.9337766,kiemthugialap012@gmail.com,GET,/orders/me,5.372,200,ok,0,steady
1791234959.9341207,kiemthugialap097@gmail.com,GET,/orders/me,6.696,200,ok,0,steady
1791234959.9486825,kiemthugialap087@gmail.com,GET,/concerts/{id},5.603,200,ok,0,steady
1791234959.9504724,kiemthugialap093@gmail.com,GET,/orders/me,6.479,200,ok,0,steady
1791234959.9538963,kiemthugialap092@gmail.com,GET,/orders/me,5.048,200,ok,0,steady
1791234960.0359802,kiemthugialap006@gmail.com,GET,/orders/me,7.705,200,ok,0,steady
1791234960.036413,kiemthugialap044@gmail.com,GET,/orders/me,9.025,200,ok,0,steady
1791234960.0366957,kiemthugialap005@gmail.com,GET,/orders/me,8.724,200,ok,0,steady
1791234960.0635827,kiemthugialap035@gmail.com,GET,/concerts,4.097,200,ok,0,steady
1791234960.1159804,kiemthugialap033@gmail.com,GET,/concerts,4.682,200,ok,0,steady
1791234960.1342888,kiemthugialap061@gmail.com,GET,/orders/me,7.181,200,ok,0,steady
1791234960.134651,kiemthugialap028@gmail.com,GET,/orders/me,6.602,200,ok,0,steady
1791234960.150245,kiemthugialap081@gmail.com,GET,/orders/me,5.083,200,ok,0,steady
1791234960.1670177,kiemthugialap004@gmail.com,GET,/concerts?on_sale=true,6.142,200,ok,0,steady
1791234960.1681883,kiemthugialap090@gmail.com,GET,/orders/me,6.354,200,ok,0,steady
1791234960.1955488,kiemthugialap037@gmail.com,GET,/concerts/{id},12.739,200,ok,0,steady
1791234960.1977272,kiemthugialap083@gmail.com,GET,/concerts,12.715,200,ok,0,steady
1791234960.1998405,kiemthugialap002@gmail.com,GET,/concerts/{id},12.831,200,ok,0,steady
1791234960.2006395,kiemthugialap069@gmail.com,GET,/concerts,13.99,200,ok,0,steady
1791234960.2020354,kiemthugialap009@gmail.com,GET,/orders/me,16.692,200,ok,0,steady
1791234960.2024462,kiemthugialap020@gmail.com,GET,/orders/me,19.138,200,ok,0,steady
1791234960.2026002,kiemthugialap073@gmail.com,GET,/orders/me,20.576,200,ok,0,steady
1791234960.2050428,kiemthugialap068@gmail.com,GET,/orders/me,9.072,200,ok,0,steady
1791234960.251639,kiemthugialap011@gmail.com,GET,/orders/me,5.225,200,ok,0,steady
1791234960.2520654,kiemthugialap036@gmail.com,GET,/orders/me,7.726,200,ok,0,steady
1791234960.2670443,kiemthugialap008@gmail.com,GET,/orders/me,6.521,200,ok,0,steady
1791234960.271759,kiemthugialap029@gmail.com,GET,/concerts,3.567,200,ok,0,steady
1791234960.2727718,kiemthugialap045@gmail.com,GET,/orders/me,5.495,200,ok,0,steady
1791234960.3204944,kiemthugialap074@gmail.com,GET,/orders/me,5.277,200,ok,0,steady
1791234960.3655784,kiemthugialap096@gmail.com,GET,/concerts/{id},17.647,200,ok,0,steady
1791234960.3671174,kiemthugialap065@gmail.com,GET,/orders/me,16.762,200,ok,0,steady
1791234960.3686368,kiemthugialap088@gmail.com,GET,/concerts?on_sale=true,5.031,200,ok,0,steady
1791234960.3690886,kiemthugialap047@gmail.com,GET,/concerts?on_sale=true,4.818,200,ok,0,steady
1791234960.3856435,kiemthugialap054@gmail.com,GET,/concerts?on_sale=true,5.129,200,ok,0,steady
1791234960.4343448,kiemthugialap021@gmail.com,GET,/orders/me,6.075,200,ok,0,steady
1791234960.453527,kiemthugialap085@gmail.com,GET,/concerts?on_sale=true,8.406,200,ok,0,steady
1791234960.4542134,kiemthugialap082@gmail.com,GET,/orders/me,10.254,200,ok,0,steady
1791234960.4546514,kiemthugialap010@gmail.com,GET,/concerts?on_sale=true,9.126,200,ok,0,steady
1791234960.4676032,kiemthugialap072@gmail.com,GET,/orders/me,4.957,200,ok,0,steady
1791234960.4707322,kiemthugialap100@gmail.com,GET,/orders/me,2.979,200,ok,0,steady
1791234960.483535,kiemthugialap067@gmail.com,GET,/orders/me,5.39,200,ok,0,steady
1791234960.4885545,kiemthugialap078@gmail.com,GET,/orders/me,4.801,200,ok,0,steady
1791234960.4922383,kiemthugialap062@gmail.com,GET,/orders/me,3.477,200,ok,0,steady
1791234960.5227647,kiemthugialap071@gmail.com,GET,/concerts?on_sale=true,7.196,200,ok,0,steady
1791234960.5237386,kiemthugialap022@gmail.com,GET,/orders/me,11.561,200,ok,0,steady
1791234960.5241587,kiemthugialap012@gmail.com,GET,/orders/me,10.481,200,ok,0,steady
1791234960.5257056,kiemthugialap075@gmail.com,GET,/orders/me,10.659,200,ok,0,steady
1791234960.5267482,kiemthugialap080@gmail.com,GET,/orders/me,10.6,200,ok,0,steady
1791234960.5283341,kiemthugialap003@gmail.com,GET,/orders/me,5.399,200,ok,0,steady
1791234960.551652,kiemthugialap053@gmail.com,GET,/concerts/{id},7.403,200,ok,0,steady
1791234960.5530283,kiemthugialap001@gmail.com,GET,/orders/me,6.763,200,ok,0,steady
1791234960.5533943,kiemthugialap098@gmail.com,GET,/orders/me,8.271,200,ok,0,steady
1791234960.5713358,kiemthugialap017@gmail.com,GET,/concerts/{id},7.978,200,ok,0,steady
1791234960.5728455,kiemthugialap016@gmail.com,GET,/orders/me,11.502,200,ok,0,steady
1791234960.5732663,kiemthugialap024@gmail.com,GET,/orders/me,9.181,200,ok,0,steady
1791234960.5736585,kiemthugialap057@gmail.com,GET,/orders/me,10.698,200,ok,0,steady
1791234960.5807822,kiemthugialap034@gmail.com,GET,/orders/me,8.991,200,ok,0,steady
1791234960.5835912,kiemthugialap043@gmail.com,GET,/orders/me,9.109,200,ok,0,steady
1791234960.5854597,kiemthugialap058@gmail.com,GET,/orders/me,11.613,200,ok,0,steady
1791234960.5868554,kiemthugialap044@gmail.com,GET,/concerts,7.817,200,ok,0,steady
1791234960.589777,kiemthugialap038@gmail.com,GET,/orders/me,5.932,200,ok,0,steady
1791234960.6225688,kiemthugialap056@gmail.com,GET,/orders/me,5.071,200,ok,0,steady
1791234960.6558175,kiemthugialap014@gmail.com,GET,/orders/me,8.396,200,ok,0,steady
1791234960.6570964,kiemthugialap015@gmail.com,GET,/orders/me,10.019,200,ok,0,steady
1791234960.6574574,kiemthugialap059@gmail.com,GET,/orders/me,11.232,200,ok,0,steady
1791234960.6591575,kiemthugialap027@gmail.com,GET,/concerts/{id},3.12,200,ok,0,steady
1791234960.661428,kiemthugialap013@gmail.com,GET,/orders/me,3.83,200,ok,0,steady
1791234960.7517798,kiemthugialap005@gmail.com,GET,/concerts?on_sale=true,6.27,200,ok,0,steady
1791234960.768182,kiemthugialap073@gmail.com,GET,/concerts,4.596,200,ok,0,steady
1791234960.7719257,kiemthugialap094@gmail.com,GET,/orders/me,3.557,200,ok,0,steady
1791234960.8208373,kiemthugialap049@gmail.com,GET,/orders/me,5.509,200,ok,0,steady
1791234960.8390357,kiemthugialap091@gmail.com,GET,/concerts,6.524,200,ok,0,steady
1791234960.8401039,kiemthugialap018@gmail.com,GET,/orders/me,6.919,200,ok,0,steady
1791234960.855398,kiemthugialap084@gmail.com,GET,/orders/me,7.066,200,ok,0,steady
1791234960.8558788,kiemthugialap079@gmail.com,GET,/orders/me,6.494,200,ok,0,steady
1791234960.8872192,kiemthugialap019@gmail.com,GET,/orders/me,6.593,200,ok,0,steady
1791234960.9079523,kiemthugialap077@gmail.com,GET,/concerts/{id},7.266,200,ok,0,steady
1791234960.9085047,kiemthugialap050@gmail.com,GET,/concerts/{id},10.697,200,ok,0,steady
1791234960.9090414,kiemthugialap055@gmail.com,GET,/orders/me,12.03,200,ok,0,steady
1791234960.9095218,kiemthugialap064@gmail.com,GET,/orders/me,11.175,200,ok,0,steady
1791234960.9364486,kiemthugialap046@gmail.com,GET,/orders/me,7.932,200,ok,0,steady
1791234960.9502635,kiemthugialap025@gmail.com,GET,/orders/me,5.796,200,ok,0,steady
1791234960.96676,kiemthugialap066@gmail.com,GET,/concerts?on_sale=true,4.888,200,ok,0,steady
1791234960.969795,kiemthugialap039@gmail.com,GET,/concerts,2.817,200,ok,0,steady
1791234961.0049484,kiemthugialap006@gmail.com,GET,/orders/me,5.906,200,ok,0,steady
1791234961.0569675,kiemthugialap085@gmail.com,GET,/orders/me,7.046,200,ok,0,steady
1791234961.0584548,kiemthugialap089@gmail.com,GET,/orders/me,9.272,200,ok,0,steady
1791234961.0611746,kiemthugialap090@gmail.com,GET,/orders/me,3.957,200,ok,0,steady
1791234961.0880125,kiemthugialap082@gmail.com,GET,/concerts/{id},7.141,200,ok,0,steady
1791234961.0907142,kiemthugialap070@gmail.com,GET,/orders/me,8.968,200,ok,0,steady
1791234961.0911515,kiemthugialap030@gmail.com,GET,/orders/me,9.053,200,ok,0,steady
1791234961.1173904,kiemthugialap080@gmail.com,GET,/orders/me,7.212,200,ok,0,steady
1791234961.1366005,kiemthugialap054@gmail.com,GET,/orders/me,5.71,200,ok,0,steady
1791234961.1555862,kiemthugialap031@gmail.com,GET,/orders/me,5.376,200,ok,0,steady
1791234961.1736336,kiemthugialap041@gmail.com,GET,/orders/me,7.56,200,ok,0,steady
1791234961.1806996,kiemthugialap056@gmail.com,GET,/orders/me,6.809,200,ok,0,steady
1791234961.2021172,kiemthugialap007@gmail.com,GET,/concerts/{id},5.062,200,ok,0,steady
1791234961.2032564,kiemthugialap029@gmail.com,GET,/orders/me,5.02,200,ok,0,steady
1791234961.20582,kiemthugialap060@gmail.com,GET,/orders/me,3.536,200,ok,0,steady
1791234961.2249281,kiemthugialap059@gmail.com,GET,/concerts/{id},6.302,200,ok,0,steady
1791234961.2266388,kiemthugialap086@gmail.com,GET,/orders/me,8.971,200,ok,0,steady
1791234961.2270331,kiemthugialap023@gmail.com,GET,/orders/me,7.31,200,ok,0,steady
1791234961.2303712,kiemthugialap099@gmail.com,GET,/concerts,3.181,200,ok,0,steady
1791234961.2332494,kiemthugialap095@gmail.com,GET,/concerts?on_sale=true,2.651,200,ok,0,steady
1791234961.255314,kiemthugialap015@gmail.com,GET,/concerts,5.313,200,ok,0,steady
1791234961.2566707,kiemthugialap083@gmail.com,GET,/orders/me,6.06,200,ok,0,steady
1791234961.3003316,kiemthugialap053@gmail.com,GET,/concerts,2.983,200,ok,0,steady
1791234961.3202837,kiemthugialap044@gmail.com,GET,/orders/me,7.171,200,ok,0,steady
1791234961.3218625,kiemthugialap052@gmail.com,GET,/orders/me,9.639,200,ok,0,steady
1791234961.326183,kiemthugialap100@gmail.com,GET,/orders/me,5.709,200,ok,0,steady
1791234961.326486,kiemthugialap076@gmail.com,GET,/orders/me,5.624,200,ok,0,steady
1791234961.3421023,kiemthugialap097@gmail.com,GET,/orders/me,7.567,200,ok,0,steady
1791234961.3452306,kiemthugialap042@gmail.com,GET,/concerts,2.883,200,ok,0,steady
1791234961.3511088,kiemthugialap072@gmail.com,GET,/orders/me,5.719,200,ok,0,steady
1791234961.3876736,kiemthugialap075@gmail.com,GET,/orders/me,9.647,200,ok,0,steady
1791234961.3881226,kiemthugialap057@gmail.com,GET,/orders/me,8.843,200,ok,0,steady
1791234961.388453,kiemthugialap011@gmail.com,GET,/orders/me,8.502,200,ok,0,steady
1791234961.4015079,kiemthugialap092@gmail.com,GET,/concerts/{id},6.205,200,ok,0,steady
1791234961.402802,kiemthugialap026@gmail.com,GET,/orders/me,8.901,200,ok,0,steady
1791234961.403258,kiemthugialap096@gmail.com,GET,/orders/me,7.563,200,ok,0,steady
1791234961.404876,kiemthugialap036@gmail.com,GET,/concerts?on_sale=true,3.149,200,ok,0,steady
1791234961.4350674,kiemthugialap016@gmail.com,GET,/concerts/{id},5.479,200,ok,0,steady
1791234961.4366262,kiemthugialap048@gmail.com,GET,/orders/me,7.946,200,ok,0,steady
1791234961.469655,kiemthugialap040@gmail.com,GET,/orders/me,6.792,200,ok,0,steady
1791234961.4701107,kiemthugialap028@gmail.com,GET,/orders/me,6.292,200,ok,0,steady
1791234961.484893,kiemthugialap063@gmail.com,GET,/concerts/{id},5.65,200,ok,0,steady
1791234961.4853444,kiemthugialap094@gmail.com,GET,/concerts,4.929,200,ok,0,steady
1791234961.5014899,kiemthugialap078@gmail.com,GET,/orders/me,4.887,200,ok,0,steady
1791234961.502001,kiemthugialap091@gmail.com,GET,/orders/me,7.029,200,ok,0,steady
1791234961.5189764,kiemthugialap033@gmail.com,GET,/orders/me,5.888,200,ok,0,steady
1791234961.5193741,kiemthugialap008@gmail.com,GET,/orders/me,7.459,200,ok,0,steady
1791234961.5718534,kiemthugialap066@gmail.com,GET,/orders/me,7.33,200,ok,0,steady
1791234961.5722723,kiemthugialap021@gmail.com,GET,/orders/me,9.376,200,ok,0,steady
1791234961.600431,kiemthugialap067@gmail.com,GET,/orders/me,4.569,200,ok,0,steady
1791234961.6185496,kiemthugialap058@gmail.com,GET,/orders/me,5.547,200,ok,0,steady
1791234961.655397,kiemthugialap088@gmail.com,GET,/orders/me,6.099,200,ok,0,steady
1791234961.655746,kiemthugialap032@gmail.com,GET,/orders/me,5.632,200,ok,0,steady
1791234961.7000988,kiemthugialap093@gmail.com,GET,/concerts,18.668,200,ok,0,steady
1791234961.7017245,kiemthugialap020@gmail.com,GET,/orders/me,19.527,200,ok,0,steady
1791234961.7040067,kiemthugialap047@gmail.com,GET,/orders/me,5.603,200,ok,0,steady
1791234961.7166643,kiemthugialap061@gmail.com,GET,/concerts/{id},3.187,200,ok,0,steady
1791234961.7569275,kiemthugialap017@gmail.com,GET,/orders/me,10.813,200,ok,0,steady
1791234961.7575758,kiemthugialap089@gmail.com,GET,/orders/me,9.975,200,ok,0,steady
1791234961.77444,kiemthugialap055@gmail.com,GET,/orders/me,4.784,200,ok,0,steady
1791234961.777229,kiemthugialap051@gmail.com,GET,/concerts,2.61,200,ok,0,steady
1791234961.8362532,kiemthugialap025@gmail.com,GET,/concerts?on_sale=true,7.237,200,ok,0,steady
1791234961.8374538,kiemthugialap043@gmail.com,GET,/concerts/{id},7.215,200,ok,0,steady
1791234961.8381784,kiemthugialap035@gmail.com,GET,/orders/me,6.468,200,ok,0,steady
1791234961.8401086,kiemthugialap087@gmail.com,GET,/orders/me,3.674,200,ok,0,steady
1791234961.8897505,kiemthugialap037@gmail.com,GET,/concerts,7.671,200,ok,0,steady
1791234961.8903046,kiemthugialap007@gmail.com,GET,/orders/me,8.05,200,ok,0,steady
1791234961.8907218,kiemthugialap068@gmail.com,GET,/orders/me,9.252,200,ok,0,steady
1791234961.903147,kiemthugialap001@gmail.com,GET,/concerts/{id},5.185,200,ok,0,steady
1791234961.9045236,kiemthugialap045@gmail.com,GET,/orders/me,7.129,200,ok,0,steady
1791234961.9183257,kiemthugialap004@gmail.com,GET,/concerts,4.476,200,ok,0,steady
1791234961.9368906,kiemthugialap057@gmail.com,GET,/orders/me,5.597,200,ok,0,steady
1791234961.937313,kiemthugialap092@gmail.com,GET,/orders/me,7.775,200,ok,0,steady
1791234961.975472,kiemthugialap016@gmail.com,GET,/orders/me,5.389,200,ok,0,steady
1791234962.0049,kiemthugialap059@gmail.com,GET,/concerts?on_sale=true,17.521,200,ok,0,steady
1791234962.006006,kiemthugialap053@gmail.com,GET,/orders/me,20.159,200,ok,0,steady
1791234962.010446,kiemthugialap070@gmail.com,GET,/concerts/{id},5.309,200,ok,0,steady
1791234962.0116673,kiemthugialap074@gmail.com,GET,/concerts/{id},8.631,200,ok,0,steady
1791234962.0126421,kiemthugialap100@gmail.com,GET,/orders/me,11.256,200,ok,0,steady
1791234962.0130086,kiemthugialap022@gmail.com,GET,/orders/me,10.391,200,ok,0,steady
1791234962.0215068,kiemthugialap034@gmail.com,GET,/orders/me,4.135,200,ok,0,steady
1791234962.0533798,kiemthugialap073@gmail.com,GET,/concerts,4.743,200,ok,0,steady
1791234962.0537975,kiemthugialap081@gmail.com,GET,/concerts?on_sale=true,4.537,200,ok,0,steady
1791234962.07235,kiemthugialap065@gmail.com,GET,/concerts/{id},3.973,200,ok,0,steady
1791234962.1065042,kiemthugialap069@gmail.com,GET,/concerts,5.58,200,ok,0,steady
1791234962.10691,kiemthugialap079@gmail.com,GET,/concerts/{id},7.029,200,ok,0,steady
1791234962.1106694,kiemthugialap084@gmail.com,GET,/orders/me,3.642,200,ok,0,steady
1791234962.1431372,kiemthugialap075@gmail.com,GET,/concerts?on_sale=true,11.952,200,ok,0,steady
1791234962.1445708,kiemthugialap012@gmail.com,GET,/orders/me,12.916,200,ok,0,steady
1791234962.1449394,kiemthugialap023@gmail.com,GET,/orders/me,12.598,200,ok,0,steady
1791234962.1452932,kiemthugialap038@gmail.com,GET,/orders/me,13.205,200,ok,0,steady
1791234962.1465592,kiemthugialap062@gmail.com,GET,/orders/me,14.666,200,ok,0,steady
1791234962.1526527,kiemthugialap014@gmail.com,GET,/orders/me,9.25,200,ok,0,steady
1791234962.1544724,kiemthugialap041@gmail.com,GET,/orders/me,9.044,200,ok,0,steady
1791234962.1594045,kiemthugialap091@gmail.com,GET,/orders/me,6.018,200,ok,0,steady
1791234962.1600115,kiemthugialap002@gmail.com,GET,/orders/me,7.143,200,ok,0,steady
1791234962.161095,kiemthugialap003@gmail.com,GET,/orders/me,6.485,200,ok,0,steady
1791234962.173117,kiemthugialap058@gmail.com,GET,/orders/me,5.893,200,ok,0,steady
1791234962.176565,kiemthugialap027@gmail.com,GET,/concerts,3.099,200,ok,0,steady
1791234962.2078383,kiemthugialap098@gmail.com,GET,/orders/me,6.855,200,ok,0,steady
1791234962.2094145,kiemthugialap009@gmail.com,GET,/orders/me,7.638,200,ok,0,steady
1791234962.2125592,kiemthugialap077@gmail.com,GET,/orders/me,4.373,200,ok,0,steady
1791234962.2340567,kiemthugialap033@gmail.com,GET,/orders/me,4.851,200,ok,0,steady
1791234962.248638,kiemthugialap096@gmail.com,GET,/concerts?on_sale=true,3.602,200,ok,0,steady
1791234962.267025,kiemthugialap010@gmail.com,GET,/concerts/{id},5.532,200,ok,0,steady
1791234962.2683566,kiemthugialap054@gmail.com,GET,/orders/me,7.377,200,ok,0,steady
1791234962.290432,kiemthugialap024@gmail.com,GET,/orders/me,5.613,200,ok,0,steady
1791234962.3662417,kiemthugialap080@gmail.com,GET,/orders/me,5.341,200,ok,0,steady
1791234962.3813553,kiemthugialap089@gmail.com,GET,/orders/me,4.887,200,ok,0,steady
1791234962.4045026,kiemthugialap042@gmail.com,GET,/orders/me,8.154,200,ok,0,steady
1791234962.4136164,kiemthugialap066@gmail.com,GET,/concerts,6.282,200,ok,0,steady
1791234962.4159997,kiemthugialap064@gmail.com,GET,/orders/me,11.188,200,ok,0,steady
1791234962.4172778,kiemthugialap029@gmail.com,GET,/orders/me,11.805,200,ok,0,steady
1791234962.4198413,kiemthugialap044@gmail.com,GET,/orders/me,3.641,200,ok,0,steady
1791234962.4366322,kiemthugialap097@gmail.com,GET,/orders/me,8.784,200,ok,0,steady
1791234962.4371102,kiemthugialap087@gmail.com,GET,/orders/me,8.32,200,ok,0,steady
1791234962.4662302,kiemthugialap018@gmail.com,GET,/concerts?on_sale=true,6.516,200,ok,0,steady
1791234962.4671443,kiemthugialap071@gmail.com,GET,/orders/me,6.198,200,ok,0,steady
1791234962.489714,kiemthugialap060@gmail.com,GET,/orders/me,4.727,200,ok,0,steady
1791234962.5079873,kiemthugialap005@gmail.com,GET,/orders/me,6.608,200,ok,0,steady
1791234962.5243554,kiemthugialap049@gmail.com,GET,/orders/me,7.672,200,ok,0,steady
1791234962.525606,kiemthugialap095@gmail.com,GET,/orders/me,7.407,200,ok,0,steady
1791234962.5266063,kiemthugialap090@gmail.com,GET,/orders/me,9.308,200,ok,0,steady
1791234962.5286326,kiemthugialap050@gmail.com,GET,/orders/me,4.06,200,ok,0,steady
1791234962.53144,kiemthugialap082@gmail.com,GET,/concerts/{id},2.678,200,ok,0,steady
1791234962.5527377,kiemthugialap015@gmail.com,GET,/orders/me,4.32,200,ok,0,steady
1791234962.5720992,kiemthugialap013@gmail.com,GET,/orders/me,6.581,200,ok,0,steady
1791234962.5725586,kiemthugialap100@gmail.com,GET,/orders/me,7.732,200,ok,0,steady
1791234962.609451,kiemthugialap028@gmail.com,GET,/orders/me,4.904,200,ok,0,steady
1791234962.6270664,kiemthugialap094@gmail.com,GET,/orders/me,5.749,200,ok,0,steady
1791234962.6275103,kiemthugialap067@gmail.com,GET,/orders/me,7.308,200,ok,0,steady
1791234962.6528826,kiemthugialap085@gmail.com,GET,/concerts/{id},5.768,200,ok,0,steady
1791234962.65502,kiemthugialap053@gmail.com,GET,/orders/me,9.283,200,ok,0,steady
1791234962.6664622,kiemthugialap019@gmail.com,GET,/orders/me,5.073,200,ok,0,steady
1791234962.7353575,kiemthugialap083@gmail.com,GET,/concerts,4.556,200,ok,0,steady
1791234962.751599,kiemthugialap030@gmail.com,GET,/orders/me,5.053,200,ok,0,steady
1791234962.7678726,kiemthugialap038@gmail.com,GET,/orders/me,5.087,200,ok,0,steady
1791234962.7831097,kiemthugialap057@gmail.com,GET,/concerts,4.819,200,ok,0,steady
1791234962.7878773,kiemthugialap046@gmail.com,GET,/concerts/{id},3.081,200,ok,0,steady
1791234962.8089101,kiemthugialap007@gmail.com,GET,/concerts?on_sale=true,7.668,200,ok,0,steady
1791234962.8112545,kiemthugialap026@gmail.com,GET,/orders/me,8.765,200,ok,0,steady
1791234962.8115811,kiemthugialap076@gmail.com,GET,/orders/me,9.39,200,ok,0,steady
1791234962.8172855,kiemthugialap023@gmail.com,GET,/orders/me,8.18,200,ok,0,steady
1791234962.8177092,kiemthugialap054@gmail.com,GET,/orders/me,8.288,200,ok,0,steady
1791234962.8180056,kiemthugialap022@gmail.com,GET,/orders/me,7.331,200,ok,0,steady
1791234962.8379886,kiemthugialap047@gmail.com,GET,/concerts/{id},4.703,200,ok,0,steady
1791234962.8393857,kiemthugialap052@gmail.com,GET,/orders/me,6.728,200,ok,0,steady
1791234962.8417637,kiemthugialap086@gmail.com,GET,/orders/me,3.623,200,ok,0,steady
1791234962.8742046,kiemthugialap072@gmail.com,GET,/concerts/{id},9.0,200,ok,0,steady
1791234962.8751667,kiemthugialap036@gmail.com,GET,/concerts,9.428,200,ok,0,steady
1791234962.8770044,kiemthugialap009@gmail.com,GET,/orders/me,11.522,200,ok,0,steady
1791234962.877716,kiemthugialap008@gmail.com,GET,/orders/me,13.1,200,ok,0,steady
1791234962.9068742,kiemthugialap039@gmail.com,GET,/concerts/{id},8.859,200,ok,0,steady
1791234962.909162,kiemthugialap056@gmail.com,GET,/orders/me,12.11,200,ok,0,steady
1791234962.9098904,kiemthugialap081@gmail.com,GET,/orders/me,10.204,200,ok,0,steady
1791234962.91035,kiemthugialap021@gmail.com,GET,/orders/me,10.124,200,ok,0,steady
1791234962.9365735,kiemthugialap006@gmail.com,GET,/concerts,6.989,200,ok,0,steady
1791234962.9375215,kiemthugialap011@gmail.com,GET,/concerts,6.63,200,ok,0,steady
1791234962.939897,kiemthugialap025@gmail.com,GET,/orders/me,3.158,200,ok,0,steady
1791234962.967334,kiemthugialap075@gmail.com,GET,/orders/me,6.105,200,ok,0,steady
1791234962.9995837,kiemthugialap062@gmail.com,GET,/orders/me,6.106,200,ok,0,steady
1791234963.022272,kiemthugialap042@gmail.com,GET,/orders/me,4.391,200,ok,0,steady
1791234963.0542014,kiemthugialap031@gmail.com,GET,/orders/me,4.377,200,ok,0,steady
1791234963.0857038,kiemthugialap074@gmail.com,GET,/orders/me,6.565,200,ok,0,steady
1791234963.1014712,kiemthugialap004@gmail.com,GET,/orders/me,5.213,200,ok,0,steady
1791234963.1176438,kiemthugialap077@gmail.com,GET,/orders/me,5.557,200,ok,0,steady
1791234963.1399584,kiemthugialap099@gmail.com,GET,/concerts?on_sale=true,4.865,200,ok,0,steady
1791234963.1432514,kiemthugialap048@gmail.com,GET,/concerts/{id},8.76,200,ok,0,steady
1791234963.1505094,kiemthugialap001@gmail.com,GET,/orders/me,10.298,200,ok,0,steady
1791234963.1512437,kiemthugialap061@gmail.com,GET,/orders/me,7.856,200,ok,0,steady
1791234963.1516008,kiemthugialap051@gmail.com,GET,/orders/me,11.083,200,ok,0,steady
1791234963.170193,kiemthugialap017@gmail.com,GET,/concerts/{id},4.23,200,ok,0,steady
1791234963.202779,kiemthugialap012@gmail.com,GET,/orders/me,4.577,200,ok,0,steady
1791234963.2234514,kiemthugialap024@gmail.com,GET,/orders/me,5.654,200,ok,0,steady
1791234963.2276082,kiemthugialap088@gmail.com,GET,/orders/me,3.925,200,ok,0,steady
1791234963.2506628,kiemthugialap041@gmail.com,GET,/concerts/{id},5.029,200,ok,0,steady
1791234963.2687275,kiemthugialap020@gmail.com,GET,/orders/me,6.742,200,ok,0,steady
1791234963.2696402,kiemthugialap060@gmail.com,GET,/orders/me,5.94,200,ok,0,steady
1791234963.2718492,kiemthugialap032@gmail.com,GET,/orders/me,2.962,200,ok,0,steady
1791234963.2745693,kiemthugialap037@gmail.com,GET,/orders/me,2.615,200,ok,0,steady
1791234963.3219075,kiemthugialap100@gmail.com,GET,/orders/me,12.283,200,ok,0,steady
1791234963.3238165,kiemthugialap078@gmail.com,GET,/orders/me,13.074,200,ok,0,steady
1791234963.3243077,kiemthugialap005@gmail.com,GET,/orders/me,13.281,200,ok,0,steady
1791234963.3273566,kiemthugialap015@gmail.com,GET,/orders/me,5.133,200,ok,0,steady
1791234963.3327317,kiemthugialap059@gmail.com,GET,/orders/me,5.202,200,ok,0,steady
1791234963.3541725,kiemthugialap040@gmail.com,GET,/orders/me,8.388,200,ok,0,steady
1791234963.3909614,kiemthugialap073@gmail.com,GET,/concerts?on_sale=true,6.872,200,ok,0,steady
1791234963.3921473,kiemthugialap007@gmail.com,GET,/orders/me,7.22,200,ok,0,steady
1791234963.4218643,kiemthugialap096@gmail.com,GET,/concerts,5.757,200,ok,0,steady
1791234963.4429061,kiemthugialap053@gmail.com,GET,/orders/me,4.587,200,ok,0,steady
1791234963.472847,kiemthugialap044@gmail.com,GET,/concerts?on_sale=true,7.986,200,ok,0,steady
1791234963.4736464,kiemthugialap063@gmail.com,GET,/concerts?on_sale=true,7.289,200,ok,0,steady
1791234963.4758422,kiemthugialap003@gmail.com,GET,/orders/me,11.696,200,ok,0,steady
1791234963.5355282,kiemthugialap029@gmail.com,GET,/concerts?on_sale=true,7.197,200,ok,0,steady
1791234963.5368905,kiemthugialap083@gmail.com,GET,/orders/me,7.201,200,ok,0,steady
1791234963.5520732,kiemthugialap018@gmail.com,GET,/orders/me,8.076,200,ok,0,steady
1791234963.5821404,kiemthugialap075@gmail.com,GET,/orders/me,20.59,200,ok,0,steady
1791234963.5831144,kiemthugialap067@gmail.com,GET,/orders/me,20.449,200,ok,0,steady
1791234963.588628,kiemthugialap039@gmail.com,GET,/orders/me,18.402,200,ok,0,steady
1791234963.5891035,kiemthugialap068@gmail.com,GET,/orders/me,9.494,200,ok,0,steady
1791234963.6000578,kiemthugialap072@gmail.com,GET,/concerts/{id},4.341,200,ok,0,steady
1791234963.6044583,kiemthugialap028@gmail.com,GET,/orders/me,4.208,200,ok,0,steady
1791234963.61648,kiemthugialap008@gmail.com,GET,/orders/me,4.994,200,ok,0,steady
1791234963.6548975,kiemthugialap010@gmail.com,GET,/orders/me,4.918,200,ok,0,steady
1791234963.6907635,kiemthugialap047@gmail.com,GET,/concerts?on_sale=true,7.388,200,ok,0,steady
1791234963.6929271,kiemthugialap093@gmail.com,GET,/orders/me,9.803,200,ok,0,steady
1791234963.6932619,kiemthugialap022@gmail.com,GET,/orders/me,9.702,200,ok,0,steady
1791234963.693959,kiemthugialap074@gmail.com,GET,/orders/me,11.08,200,ok,0,steady
1791234963.6942492,kiemthugialap055@gmail.com,GET,/orders/me,12.07,200,ok,0,steady
1791234963.7390416,kiemthugialap092@gmail.com,GET,/concerts,24.35,200,ok,0,steady
1791234963.7413778,kiemthugialap056@gmail.com,GET,/concerts/{id},12.145,200,ok,0,steady
1791234963.7432046,kiemthugialap079@gmail.com,GET,/orders/me,27.783,200,ok,0,steady
1791234963.743429,kiemthugialap065@gmail.com,GET,/orders/me,27.74,200,ok,0,steady
1791234963.7443376,kiemthugialap094@gmail.com,GET,/orders/me,14.553,200,ok,0,steady
1791234963.7459846,kiemthugialap061@gmail.com,GET,/orders/me,15.612,200,ok,0,steady
1791234963.7684233,kiemthugialap097@gmail.com,GET,/concerts,6.686,200,ok,0,steady
1791234963.7713945,kiemthugialap045@gmail.com,GET,/concerts/{id},2.753,200,ok,0,steady
1791234963.7750056,kiemthugialap002@gmail.com,GET,/orders/me,3.464,200,ok,0,steady
1791234963.7824137,kiemthugialap091@gmail.com,GET,/concerts,6.679,200,ok,0,steady
1791234963.7829323,kiemthugialap035@gmail.com,GET,/concerts/{id},6.727,200,ok,0,steady
1791234963.798835,kiemthugialap089@gmail.com,GET,/orders/me,23.671,200,ok,0,steady
1791234963.8035166,kiemthugialap070@gmail.com,GET,/concerts/{id},6.513,200,ok,0,steady
1791234963.8056927,kiemthugialap043@gmail.com,GET,/orders/me,10.661,200,ok,0,steady
1791234963.806038,kiemthugialap041@gmail.com,GET,/orders/me,9.46,200,ok,0,steady
1791234963.808037,kiemthugialap060@gmail.com,GET,/orders/me,4.373,200,ok,0,steady
1791234963.8171463,kiemthugialap069@gmail.com,GET,/orders/me,6.506,200,ok,0,steady
1791234963.8233354,kiemthugialap016@gmail.com,GET,/orders/me,5.825,200,ok,0,steady
1791234963.841795,kiemthugialap050@gmail.com,GET,/concerts?on_sale=true,10.864,200,ok,0,steady
1791234963.8432214,kiemthugialap026@gmail.com,GET,/orders/me,7.985,200,ok,0,steady
1791234963.8439152,kiemthugialap049@gmail.com,GET,/orders/me,14.698,200,ok,0,steady
1791234963.8729718,kiemthugialap084@gmail.com,GET,/orders/me,12.739,200,ok,0,steady
1791234963.8749275,kiemthugialap023@gmail.com,GET,/orders/me,16.021,200,ok,0,steady
1791234963.8755844,kiemthugialap062@gmail.com,GET,/orders/me,15.969,200,ok,0,steady
1791234963.8760276,kiemthugialap021@gmail.com,GET,/orders/me,16.146,200,ok,0,steady
1791234963.8783863,kiemthugialap024@gmail.com,GET,/concerts/{id},7.898,200,ok,0,steady
1791234963.8910618,kiemthugialap046@gmail.com,GET,/orders/me,6.622,200,ok,0,steady
1791234963.9246497,kiemthugialap031@gmail.com,GET,/orders/me,8.94,200,ok,0,steady
1791234963.9251542,kiemthugialap014@gmail.com,GET,/orders/me,10.799,200,ok,0,steady
1791234963.9553096,kiemthugialap052@gmail.com,GET,/orders/me,7.422,200,ok,0,steady
1791234963.956718,kiemthugialap020@gmail.com,GET,/orders/me,10.784,200,ok,0,steady
1791234963.9581394,kiemthugialap012@gmail.com,GET,/concerts?on_sale=true,2.596,200,ok,0,steady
1791234963.9610417,kiemthugialap034@gmail.com,GET,/orders/me,2.765,200,ok,0,steady
1791234963.9916883,kiemthugialap027@gmail.com,GET,/concerts?on_sale=true,8.469,200,ok,0,steady
1791234963.9926283,kiemthugialap033@gmail.com,GET,/concerts/{id},8.582,200,ok,0,steady
1791234963.9934742,kiemthugialap009@gmail.com,GET,/orders/me,8.247,200,ok,0,steady
1791234963.9960396,kiemthugialap080@gmail.com,GET,/orders/me,4.15,200,ok,0,steady
1791234964.015531,kiemthugialap098@gmail.com,GET,/concerts,4.027,200,ok,0,steady
1791234964.0351324,kiemthugialap095@gmail.com,GET,/orders/me,7.498,200,ok,0,steady
1791234964.0359876,kiemthugialap058@gmail.com,GET,/orders/me,7.429,200,ok,0,steady
1791234964.0684547,kiemthugialap030@gmail.com,GET,/concerts,4.332,200,ok,0,steady
1791234964.0695577,kiemthugialap059@gmail.com,GET,/orders/me,6.514,200,ok,0,steady
1791234964.1150026,kiemthugialap082@gmail.com,GET,/concerts,4.386,200,ok,0,steady
1791234964.1486495,kiemthugialap071@gmail.com,GET,/concerts,5.125,200,ok,0,steady
1791234964.1498659,kiemthugialap037@gmail.com,GET,/orders/me,7.569,200,ok,0,steady
1791234964.1678538,kiemthugialap042@gmail.com,GET,/orders/me,5.846,200,ok,0,steady
1791234964.188043,kiemthugialap066@gmail.com,GET,/orders/me,10.985,200,ok,0,steady
1791234964.220654,kiemthugialap090@gmail.com,GET,/orders/me,7.05,200,ok,0,steady
1791234964.2211316,kiemthugialap067@gmail.com,GET,/orders/me,6.526,200,ok,0,steady
1791234964.2372603,kiemthugialap064@gmail.com,GET,/orders/me,6.85,200,ok,0,steady
1791234964.2379308,kiemthugialap087@gmail.com,GET,/orders/me,8.435,200,ok,0,steady
1791234964.2697294,kiemthugialap086@gmail.com,GET,/orders/me,5.654,200,ok,0,steady
1791234964.2903042,kiemthugialap022@gmail.com,GET,/concerts,7.637,200,ok,0,steady
1791234964.2917986,kiemthugialap051@gmail.com,GET,/orders/me,8.759,200,ok,0,steady
1791234964.2921567,kiemthugialap006@gmail.com,GET,/orders/me,10.114,200,ok,0,steady
1791234964.321164,kiemthugialap081@gmail.com,GET,/concerts/{id},6.13,200,ok,0,steady
1791234964.3221905,kiemthugialap078@gmail.com,GET,/concerts?on_sale=true,6.125,200,ok,0,steady
1791234964.3234208,kiemthugialap056@gmail.com,GET,/orders/me,9.639,200,ok,0,steady
1791234964.3245523,kiemthugialap076@gmail.com,GET,/orders/me,9.97,200,ok,0,steady
1791234964.3258655,kiemthugialap001@gmail.com,GET,/orders/me,4.523,200,ok,0,steady
1791234964.3521247,kiemthugialap002@gmail.com,GET,/concerts?on_sale=true,5.967,200,ok,0,steady
1791234964.3670468,kiemthugialap053@gmail.com,GET,/concerts,4.714,200,ok,0,steady
1791234964.4053848,kiemthugialap099@gmail.com,GET,/orders/me,4.461,200,ok,0,steady
1791234964.4206612,kiemthugialap007@gmail.com,GET,/concerts?on_sale=true,4.307,200,ok,0,steady
1791234964.4217324,kiemthugialap013@gmail.com,GET,/orders/me,4.548,200,ok,0,steady
1791234964.4355667,kiemthugialap065@gmail.com,GET,/concerts?on_sale=true,3.562,200,ok,0,steady
1791234964.4533691,kiemthugialap011@gmail.com,GET,/orders/me,5.063,200,ok,0,steady
1791234964.4691405,kiemthugialap077@gmail.com,GET,/concerts?on_sale=true,4.935,200,ok,0,steady
1791234964.4868279,kiemthugialap032@gmail.com,GET,/concerts?on_sale=true,6.937,200,ok,0,steady
1791234964.488771,kiemthugialap026@gmail.com,GET,/orders/me,6.821,200,ok,0,steady
1791234964.5012383,kiemthugialap063@gmail.com,GET,/concerts/{id},4.122,200,ok,0,steady
1791234964.5023973,kiemthugialap079@gmail.com,GET,/orders/me,6.41,200,ok,0,steady
1791234964.5179756,kiemthugialap019@gmail.com,GET,/concerts/{id},5.956,200,ok,0,steady
1791234964.5190263,kiemthugialap017@gmail.com,GET,/orders/me,6.449,200,ok,0,steady
1791234964.5507052,kiemthugialap085@gmail.com,GET,/orders/me,6.6,200,ok,0,steady
1791234964.5548706,kiemthugialap057@gmail.com,GET,/orders/me,3.94,200,ok,0,steady
1791234964.6363971,kiemthugialap100@gmail.com,GET,/orders/me,4.771,200,ok,0,steady
1791234964.6726298,kiemthugialap024@gmail.com,GET,/orders/me,6.719,200,ok,0,steady
1791234964.6862817,kiemthugialap070@gmail.com,GET,/orders/me,6.659,200,ok,0,steady
1791234964.7073226,kiemthugialap098@gmail.com,GET,/concerts?on_sale=true,8.52,200,ok,0,steady
1791234964.709003,kiemthugialap097@gmail.com,GET,/orders/me,12.88,200,ok,0,steady
1791234964.7093496,kiemthugialap038@gmail.com,GET,/orders/me,12.421,200,ok,0,steady
1791234964.7781968,kiemthugialap054@gmail.com,GET,/concerts?on_sale=true,13.824,200,ok,0,steady
1791234964.7800338,kiemthugialap042@gmail.com,GET,/orders/me,16.805,200,ok,0,steady
1791234964.7808466,kiemthugialap064@gmail.com,GET,/orders/me,16.087,200,ok,0,steady
1791234964.7813497,kiemthugialap048@gmail.com,GET,/orders/me,19.396,200,ok,0,steady
1791234964.783858,kiemthugialap025@gmail.com,GET,/orders/me,17.388,200,ok,0,steady
1791234964.7847805,kiemthugialap029@gmail.com,GET,/orders/me,20.972,200,ok,0,steady
1791234964.7857811,kiemthugialap045@gmail.com,GET,/orders/me,13.445,200,ok,0,steady
1791234964.8254192,kiemthugialap093@gmail.com,GET,/concerts?on_sale=true,4.704,200,ok,0,steady
1791234964.8258417,kiemthugialap055@gmail.com,GET,/concerts?on_sale=true,4.497,200,ok,0,steady
1791234964.8485858,kiemthugialap047@gmail.com,GET,/orders/me,7.756,200,ok,0,steady
1791234964.8788383,kiemthugialap023@gmail.com,GET,/orders/me,7.082,200,ok,0,steady
1791234964.887842,kiemthugialap044@gmail.com,GET,/concerts?on_sale=true,7.819,200,ok,0,steady
1791234964.8894265,kiemthugialap034@gmail.com,GET,/orders/me,8.347,200,ok,0,steady
1791234964.8899014,kiemthugialap036@gmail.com,GET,/orders/me,10.73,200,ok,0,steady
1791234964.91205,kiemthugialap081@gmail.com,GET,/concerts?on_sale=true,7.639,200,ok,0,steady
1791234964.9132247,kiemthugialap046@gmail.com,GET,/orders/me,7.786,200,ok,0,steady
1791234964.928245,kiemthugialap004@gmail.com,GET,/concerts,5.325,200,ok,0,steady
1791234964.9502342,kiemthugialap050@gmail.com,GET,/concerts?on_sale=true,11.572,200,ok,0,steady
1791234964.9522114,kiemthugialap096@gmail.com,GET,/orders/me,11.398,200,ok,0,steady
1791234964.952592,kiemthugialap062@gmail.com,GET,/orders/me,13.259,200,ok,0,steady
1791234964.9627678,kiemthugialap086@gmail.com,GET,/orders/me,6.405,200,ok,0,steady
1791234964.9898915,kiemthugialap011@gmail.com,GET,/concerts?on_sale=true,26.254,200,ok,0,steady
1791234964.9947336,kiemthugialap041@gmail.com,GET,/orders/me,31.675,200,ok,0,steady
1791234964.9966156,kiemthugialap037@gmail.com,GET,/concerts,9.042,200,ok,0,steady
1791234964.9981353,kiemthugialap005@gmail.com,GET,/orders/me,26.633,200,ok,0,steady
1791234965.002258,kiemthugialap090@gmail.com,GET,/orders/me,7.273,200,ok,0,steady
1791234965.0301158,kiemthugialap002@gmail.com,GET,/orders/me,7.347,200,ok,0,steady
1791234965.0675123,kiemthugialap094@gmail.com,GET,/orders/me,10.254,200,ok,0,steady
1791234965.0679867,kiemthugialap007@gmail.com,GET,/orders/me,9.773,200,ok,0,steady
1791234965.071366,kiemthugialap021@gmail.com,GET,/orders/me,7.998,200,ok,0,steady
1791234965.0723548,kiemthugialap016@gmail.com,GET,/orders/me,7.953,200,ok,0,steady
1791234965.074021,kiemthugialap073@gmail.com,GET,/concerts/{id},2.511,200,ok,0,steady
1791234965.077628,kiemthugialap039@gmail.com,GET,/orders/me,5.136,200,ok,0,steady
1791234965.0848246,kiemthugialap052@gmail.com,GET,/orders/me,6.958,200,ok,0,steady
1791234965.090521,kiemthugialap020@gmail.com,GET,/orders/me,5.295,200,ok,0,steady
1791234965.097169,kiemthugialap015@gmail.com,GET,/orders/me,6.401,200,ok,0,steady
1791234965.0989435,kiemthugialap071@gmail.com,GET,/concerts?on_sale=true,5.291,200,ok,0,steady
1791234965.1087475,kiemthugialap068@gmail.com,GET,/orders/me,6.481,200,ok,0,steady
1791234965.112231,kiemthugialap084@gmail.com,GET,/orders/me,3.27,200,ok,0,steady
1791234965.122689,kiemthugialap083@gmail.com,GET,/orders/me,4.948,200,ok,0,steady
1791234965.1517088,kiemthugialap069@gmail.com,GET,/orders/me,18.651,200,ok,0,steady
1791234965.1523914,kiemthugialap040@gmail.com,GET,/orders/me,18.772,200,ok,0,steady
1791234965.158778,kiemthugialap028@gmail.com,GET,/orders/me,5.645,200,ok,0,steady
1791234965.159125,kiemthugialap088@gmail.com,GET,/orders/me,6.608,200,ok,0,steady
1791234965.2085965,kiemthugialap092@gmail.com,GET,/concerts/{id},25.804,200,ok,0,steady
1791234965.2110262,kiemthugialap001@gmail.com,GET,/orders/me,28.824,200,ok,0,steady
1791234965.2114255,kiemthugialap085@gmail.com,GET,/orders/me,31.418,200,ok,0,steady
1791234965.2118652,kiemthugialap008@gmail.com,GET,/orders/me,27.03,200,ok,0,steady
1791234965.2558355,kiemthugialap067@gmail.com,GET,/orders/me,9.281,200,ok,0,steady
1791234965.2571456,kiemthugialap087@gmail.com,GET,/orders/me,10.089,200,ok,0,steady
1791234965.2574732,kiemthugialap066@gmail.com,GET,/orders/me,12.455,200,ok,0,steady
1791234965.2640083,kiemthugialap097@gmail.com,GET,/concerts?on_sale=true,6.336,200,ok,0,steady
1791234965.2648087,kiemthugialap072@gmail.com,GET,/orders/me,8.755,200,ok,0,steady
1791234965.2691882,kiemthugialap075@gmail.com,GET,/orders/me,8.682,200,ok,0,steady
1791234965.2696462,kiemthugialap063@gmail.com,GET,/orders/me,7.084,200,ok,0,steady
1791234965.3248403,kiemthugialap031@gmail.com,GET,/concerts/{id},11.666,200,ok,0,steady
1791234965.3263054,kiemthugialap065@gmail.com,GET,/orders/me,12.663,200,ok,0,steady
1791234965.3266547,kiemthugialap091@gmail.com,GET,/orders/me,14.565,200,ok,0,steady
1791234965.3269532,kiemthugialap010@gmail.com,GET,/orders/me,11.272,200,ok,0,steady
1791234965.3301358,kiemthugialap018@gmail.com,GET,/concerts/{id},3.034,200,ok,0,steady
1791234965.3306737,kiemthugialap082@gmail.com,GET,/orders/me,5.605,200,ok,0,steady
1791234965.3534226,kiemthugialap033@gmail.com,GET,/orders/me,8.456,200,ok,0,steady
1791234965.4173148,kiemthugialap079@gmail.com,GET,/orders/me,9.49,200,ok,0,steady
1791234965.4179194,kiemthugialap057@gmail.com,GET,/orders/me,11.66,200,ok,0,steady
1791234965.4337695,kiemthugialap059@gmail.com,GET,/orders/me,8.884,200,ok,0,steady
1791234965.46183,kiemthugialap003@gmail.com,GET,/concerts,5.443,200,ok,0,steady
1791234965.5137105,kiemthugialap076@gmail.com,GET,/orders/me,7.375,200,ok,0,steady
1791234965.538521,kiemthugialap029@gmail.com,GET,/orders/me,7.486,200,ok,0,steady
1791234965.556087,kiemthugialap061@gmail.com,GET,/concerts/{id},7.896,200,ok,0,steady
1791234965.557633,kiemthugialap012@gmail.com,GET,/orders/me,10.42,200,ok,0,steady
1791234965.5600119,kiemthugialap006@gmail.com,GET,/orders/me,3.67,200,ok,0,steady
1791234965.574479,kiemthugialap078@gmail.com,GET,/orders/me,4.823,200,ok,0,steady
1791234965.5779352,kiemthugialap004@gmail.com,GET,/orders/me,3.291,200,ok,0,steady
1791234965.6028833,kiemthugialap081@gmail.com,GET,/concerts/{id},5.358,200,ok,0,steady
1791234965.603945,kiemthugialap056@gmail.com,GET,/orders/me,7.689,200,ok,0,steady
1791234965.619717,kiemthugialap074@gmail.com,GET,/orders/me,6.795,200,ok,0,steady
1791234965.6202044,kiemthugialap005@gmail.com,GET,/orders/me,8.197,200,ok,0,steady
1791234965.6553602,kiemthugialap098@gmail.com,GET,/orders/me,9.312,200,ok,0,steady
1791234965.6558957,kiemthugialap100@gmail.com,GET,/orders/me,9.012,200,ok,0,steady
1791234965.6662767,kiemthugialap089@gmail.com,GET,/orders/me,5.329,200,ok,0,steady
1791234965.683939,kiemthugialap009@gmail.com,GET,/orders/me,7.248,200,ok,0,steady
1791234965.7037156,kiemthugialap032@gmail.com,GET,/concerts,9.671,200,ok,0,steady
1791234965.7082253,kiemthugialap035@gmail.com,GET,/orders/me,15.712,200,ok,0,steady
1791234965.711736,kiemthugialap058@gmail.com,GET,/orders/me,11.38,200,ok,0,steady
1791234965.712486,kiemthugialap073@gmail.com,GET,/orders/me,11.135,200,ok,0,steady
1791234965.715852,kiemthugialap022@gmail.com,GET,/orders/me,7.403,200,ok,0,steady
1791234965.7194507,kiemthugialap001@gmail.com,GET,/orders/me,3.436,200,ok,0,steady
1791234965.7390454,kiemthugialap034@gmail.com,GET,/orders/me,10.502,200,ok,0,steady
1791234965.739394,kiemthugialap094@gmail.com,GET,/orders/me,9.35,200,ok,0,steady
1791234965.7415493,kiemthugialap099@gmail.com,GET,/orders/me,7.879,200,ok,0,steady
1791234965.7425418,kiemthugialap019@gmail.com,GET,/orders/me,4.214,200,ok,0,steady
1791234965.7782502,kiemthugialap013@gmail.com,GET,/orders/me,10.337,200,ok,0,steady
1791234965.7801962,kiemthugialap060@gmail.com,GET,/orders/me,12.6,200,ok,0,steady
1791234965.7807636,kiemthugialap049@gmail.com,GET,/orders/me,14.612,200,ok,0,steady
1791234965.78205,kiemthugialap043@gmail.com,GET,/orders/me,14.86,200,ok,0,steady
1791234965.785987,kiemthugialap084@gmail.com,GET,/orders/me,7.454,200,ok,0,steady
1791234965.790465,kiemthugialap095@gmail.com,GET,/concerts?on_sale=true,4.225,200,ok,0,steady
1791234965.793735,kiemthugialap027@gmail.com,GET,/concerts?on_sale=true,3.051,200,ok,0,steady
1791234965.7986984,kiemthugialap014@gmail.com,GET,/orders/me,4.811,200,ok,0,steady
1791234965.8379257,kiemthugialap085@gmail.com,GET,/concerts,5.436,200,ok,0,steady
1791234965.8383136,kiemthugialap036@gmail.com,GET,/orders/me,7.417,200,ok,0,steady
1791234965.8564744,kiemthugialap037@gmail.com,GET,/orders/me,5.344,200,ok,0,steady
1791234965.8907156,kiemthugialap064@gmail.com,GET,/orders/me,7.883,200,ok,0,steady
1791234965.8922262,kiemthugialap066@gmail.com,GET,/orders/me,8.813,200,ok,0,steady
1791234965.8954413,kiemthugialap041@gmail.com,GET,/orders/me,4.473,200,ok,0,steady
1791234965.9023387,kiemthugialap086@gmail.com,GET,/concerts,3.59,200,ok,0,steady
1791234965.9060946,kiemthugialap062@gmail.com,GET,/orders/me,3.6,200,ok,0,steady
1791234965.9203985,kiemthugialap087@gmail.com,GET,/orders/me,5.975,200,ok,0,steady
1791234965.9376805,kiemthugialap075@gmail.com,GET,/orders/me,7.026,200,ok,0,steady
1791234965.9407268,kiemthugialap025@gmail.com,GET,/concerts/{id},2.822,200,ok,0,steady
1791234965.9713316,kiemthugialap088@gmail.com,GET,/concerts,4.094,200,ok,0,steady
1791234965.9875035,kiemthugialap079@gmail.com,GET,/orders/me,4.451,200,ok,0,steady
1791234965.9906,kiemthugialap080@gmail.com,GET,/orders/me,2.961,200,ok,0,steady
1791234966.0025058,kiemthugialap026@gmail.com,GET,/concerts?on_sale=true,3.878,200,ok,0,steady
1791234966.0184524,kiemthugialap002@gmail.com,GET,/orders/me,3.919,200,ok,0,steady
1791234966.0357141,kiemthugialap042@gmail.com,GET,/concerts?on_sale=true,4.734,200,ok,0,steady
1791234966.0360603,kiemthugialap038@gmail.com,GET,/concerts?on_sale=true,4.22,200,ok,0,steady
1791234966.0551088,kiemthugialap070@gmail.com,GET,/concerts?on_sale=true,7.72,200,ok,0,steady
1791234966.0564997,kiemthugialap017@gmail.com,GET,/orders/me,8.122,200,ok,0,steady
1791234966.0569527,kiemthugialap030@gmail.com,GET,/orders/me,7.73,200,ok,0,steady
1791234966.1202402,kiemthugialap029@gmail.com,GET,/concerts,7.05,200,ok,0,steady
1791234966.1217606,kiemthugialap004@gmail.com,GET,/orders/me,6.537,200,ok,0,steady
1791234966.188468,kiemthugialap051@gmail.com,GET,/orders/me,7.248,200,ok,0,steady
1791234966.188886,kiemthugialap031@gmail.com,GET,/orders/me,5.854,200,ok,0,steady
1791234966.2029812,kiemthugialap059@gmail.com,GET,/orders/me,5.623,200,ok,0,steady
1791234966.2040205,kiemthugialap077@gmail.com,GET,/orders/me,7.56,200,ok,0,steady
1791234966.2062006,kiemthugialap053@gmail.com,GET,/orders/me,3.027,200,ok,0,steady
1791234966.2292578,kiemthugialap045@gmail.com,GET,/concerts,8.58,200,ok,0,steady
1791234966.2315164,kiemthugialap028@gmail.com,GET,/concerts/{id},10.119,200,ok,0,steady
1791234966.233325,kiemthugialap054@gmail.com,GET,/orders/me,12.373,200,ok,0,steady
1791234966.2343755,kiemthugialap063@gmail.com,GET,/orders/me,14.623,200,ok,0,steady
1791234966.235281,kiemthugialap068@gmail.com,GET,/concerts?on_sale=true,5.682,200,ok,0,steady
1791234966.2697172,kiemthugialap018@gmail.com,GET,/orders/me,5.955,200,ok,0,steady
1791234966.2701735,kiemthugialap046@gmail.com,GET,/orders/me,7.458,200,ok,0,steady
1791234966.2863765,kiemthugialap023@gmail.com,GET,/orders/me,4.752,200,ok,0,steady
1791234966.3186245,kiemthugialap060@gmail.com,GET,/orders/me,4.858,200,ok,0,steady
1791234966.3368974,kiemthugialap012@gmail.com,GET,/orders/me,6.841,200,ok,0,steady
1791234966.3373318,kiemthugialap073@gmail.com,GET,/orders/me,6.421,200,ok,0,steady
1791234966.3514488,kiemthugialap015@gmail.com,GET,/concerts/{id},3.959,200,ok,0,steady
1791234966.3928373,kiemthugialap024@gmail.com,GET,/orders/me,5.84,200,ok,0,steady
1791234966.39349,kiemthugialap071@gmail.com,GET,/orders/me,7.494,200,ok,0,steady
1791234966.4185421,kiemthugialap033@gmail.com,GET,/orders/me,5.316,200,ok,0,steady
1791234966.4355264,kiemthugialap099@gmail.com,GET,/orders/me,5.425,200,ok,0,steady
1791234966.454219,kiemthugialap082@gmail.com,GET,/orders/me,6.849,200,ok,0,steady
1791234966.4547133,kiemthugialap086@gmail.com,GET,/orders/me,8.503,200,ok,0,steady
1791234966.5059505,kiemthugialap027@gmail.com,GET,/concerts/{id},9.119,200,ok,0,steady
1791234966.5073833,kiemthugialap001@gmail.com,GET,/orders/me,9.149,200,ok,0,steady
1791234966.507729,kiemthugialap092@gmail.com,GET,/orders/me,9.954,200,ok,0,steady
1791234966.5107124,kiemthugialap036@gmail.com,GET,/orders/me,2.857,200,ok,0,steady
1791234966.5336862,kiemthugialap090@gmail.com,GET,/concerts/{id},5.989,200,ok,0,steady
1791234966.5388305,kiemthugialap044@gmail.com,GET,/orders/me,4.876,200,ok,0,steady
1791234966.5819187,kiemthugialap039@gmail.com,GET,/orders/me,9.048,200,ok,0,steady
1791234966.5846732,kiemthugialap072@gmail.com,GET,/orders/me,13.4,200,ok,0,steady
1791234966.5917828,kiemthugialap079@gmail.com,GET,/concerts,6.859,200,ok,0,steady
1791234966.5922186,kiemthugialap032@gmail.com,GET,/orders/me,12.87,200,ok,0,steady
1791234966.5944407,kiemthugialap010@gmail.com,GET,/orders/me,8.227,200,ok,0,steady
1791234966.5976622,kiemthugialap065@gmail.com,GET,/orders/me,5.308,200,ok,0,steady
1791234966.616608,kiemthugialap093@gmail.com,GET,/concerts/{id},7.616,200,ok,0,steady
1791234966.6170118,kiemthugialap096@gmail.com,GET,/concerts?on_sale=true,9.023,200,ok,0,steady
1791234966.6180632,kiemthugialap075@gmail.com,GET,/orders/me,8.725,200,ok,0,steady
1791234966.6364055,kiemthugialap081@gmail.com,GET,/orders/me,6.81,200,ok,0,steady
1791234966.6519125,kiemthugialap009@gmail.com,GET,/concerts?on_sale=true,4.7,200,ok,0,steady
1791234966.657254,kiemthugialap022@gmail.com,GET,/concerts?on_sale=true,4.769,200,ok,0,steady
1791234966.6578457,kiemthugialap055@gmail.com,GET,/orders/me,5.768,200,ok,0,steady
1791234966.6875887,kiemthugialap048@gmail.com,GET,/concerts,6.799,200,ok,0,steady
1791234966.6885052,kiemthugialap050@gmail.com,GET,/orders/me,8.908,200,ok,0,steady
1791234966.7174304,kiemthugialap017@gmail.com,GET,/concerts?on_sale=true,8.144,200,ok,0,steady
1791234966.7193146,kiemthugialap052@gmail.com,GET,/orders/me,10.935,200,ok,0,steady
1791234966.7196972,kiemthugialap016@gmail.com,GET,/orders/me,9.235,200,ok,0,steady
1791234966.755865,kiemthugialap005@gmail.com,GET,/concerts?on_sale=true,8.42,200,ok,0,steady
1791234966.7574415,kiemthugialap007@gmail.com,GET,/orders/me,10.941,200,ok,0,steady
1791234966.7724755,kiemthugialap069@gmail.com,GET,/concerts/{id},6.086,200,ok,0,steady
1791234966.7755206,kiemthugialap047@gmail.com,GET,/orders/me,4.583,200,ok,0,steady
1791234966.7785614,kiemthugialap018@gmail.com,GET,/orders/me,2.899,200,ok,0,steady
1791234966.7961798,kiemthugialap051@gmail.com,GET,/concerts/{id},6.406,200,ok,0,steady
1791234966.800476,kiemthugialap041@gmail.com,GET,/orders/me,12.878,200,ok,0,steady
1791234966.8018212,kiemthugialap011@gmail.com,GET,/orders/me,13.188,200,ok,0,steady
1791234966.8497934,kiemthugialap002@gmail.com,GET,/orders/me,8.69,200,ok,0,steady
1791234966.8503308,kiemthugialap026@gmail.com,GET,/orders/me,10.06,200,ok,0,steady
1791234966.8507233,kiemthugialap098@gmail.com,GET,/orders/me,10.974,200,ok,0,steady
1791234966.893184,kiemthugialap088@gmail.com,GET,/concerts/{id},19.987,200,ok,0,steady
1791234966.8999426,kiemthugialap034@gmail.com,GET,/concerts?on_sale=true,13.551,200,ok,0,steady
1791234966.9115047,kiemthugialap097@gmail.com,GET,/orders/me,26.156,200,ok,0,steady
1791234966.9298298,kiemthugialap020@gmail.com,GET,/concerts?on_sale=true,29.647,200,ok,0,steady
1791234966.933116,kiemthugialap083@gmail.com,GET,/orders/me,48.385,200,ok,0,steady
1791234966.9507077,kiemthugialap070@gmail.com,GET,/concerts,20.617,200,ok,0,steady
1791234966.9853883,kiemthugialap057@gmail.com,GET,/orders/me,5.53,200,ok,0,steady
1791234967.0028715,kiemthugialap013@gmail.com,GET,/orders/me,4.695,200,ok,0,steady
1791234967.005821,kiemthugialap040@gmail.com,GET,/concerts?on_sale=true,2.749,200,ok,0,steady
1791234967.009534,kiemthugialap014@gmail.com,GET,/orders/me,3.559,200,ok,0,steady
1791234967.0133138,kiemthugialap089@gmail.com,GET,/orders/me,3.595,200,ok,0,steady
1791234967.037037,kiemthugialap021@gmail.com,GET,/concerts?on_sale=true,5.554,200,ok,0,steady
1791234967.0385864,kiemthugialap091@gmail.com,GET,/orders/me,7.38,200,ok,0,steady
1791234967.0389535,kiemthugialap029@gmail.com,GET,/orders/me,8.511,200,ok,0,steady
1791234967.0892026,kiemthugialap071@gmail.com,GET,/orders/me,6.889,200,ok,0,steady
1791234967.0902667,kiemthugialap100@gmail.com,GET,/orders/me,5.598,200,ok,0,steady
1791234967.101319,kiemthugialap072@gmail.com,GET,/concerts/{id},5.23,200,ok,0,steady
1791234967.1052887,kiemthugialap080@gmail.com,GET,/orders/me,3.787,200,ok,0,steady
1791234967.1306667,kiemthugialap008@gmail.com,GET,/orders/me,7.882,200,ok,0,steady
1791234967.1372535,kiemthugialap023@gmail.com,GET,/orders/me,6.221,200,ok,0,steady
1791234967.1389644,kiemthugialap061@gmail.com,GET,/concerts,2.72,200,ok,0,steady
1791234967.1435819,kiemthugialap064@gmail.com,GET,/orders/me,4.427,200,ok,0,steady
1791234967.1643932,kiemthugialap074@gmail.com,GET,/orders/me,7.359,200,ok,0,steady
1791234967.2078478,kiemthugialap073@gmail.com,GET,/concerts,21.116,200,ok,0,steady
1791234967.208246,kiemthugialap068@gmail.com,GET,/concerts/{id},21.283,200,ok,0,steady
1791234967.213313,kiemthugialap079@gmail.com,GET,/orders/me,26.902,200,ok,0,steady
1791234967.214918,kiemthugialap042@gmail.com,GET,/orders/me,29.38,200,ok,0,steady
1791234967.2182546,kiemthugialap036@gmail.com,GET,/orders/me,13.117,200,ok,0,steady
1791234967.2197309,kiemthugialap043@gmail.com,GET,/orders/me,13.522,200,ok,0,steady
1791234967.2206962,kiemthugialap058@gmail.com,GET,/concerts/{id},7.145,200,ok,0,steady
1791234967.2232108,kiemthugialap035@gmail.com,GET,/orders/me,4.797,200,ok,0,steady
1791234967.2517073,kiemthugialap094@gmail.com,GET,/orders/me,8.445,200,ok,0,steady
1791234967.2521312,kiemthugialap067@gmail.com,GET,/orders/me,10.387,200,ok,0,steady
1791234967.2548237,kiemthugialap046@gmail.com,GET,/orders/me,4.999,200,ok,0,steady
1791234967.2827094,kiemthugialap092@gmail.com,GET,/concerts?on_sale=true,5.489,200,ok,0,steady
1791234967.3056557,kiemthugialap027@gmail.com,GET,/orders/me,6.269,200,ok,0,steady
1791234967.3090396,kiemthugialap028@gmail.com,GET,/orders/me,3.164,200,ok,0,steady
1791234967.3111498,kiemthugialap086@gmail.com,GET,/concerts/{id},1.987,200,ok,0,steady
1791234967.336834,kiemthugialap003@gmail.com,GET,/orders/me,5.965,200,ok,0,steady
1791234967.337318,kiemthugialap019@gmail.com,GET,/orders/me,7.049,200,ok,0,steady
1791234967.340319,kiemthugialap054@gmail.com,GET,/orders/me,2.867,200,ok,0,steady
1791234967.349363,kiemthugialap025@gmail.com,GET,/orders/me,4.626,200,ok,0,steady
1791234967.3528483,kiemthugialap047@gmail.com,GET,/orders/me,3.304,200,ok,0,steady
1791234967.3885174,kiemthugialap056@gmail.com,GET,/orders/me,7.302,200,ok,0,steady
1791234967.38893,kiemthugialap081@gmail.com,GET,/orders/me,6.852,200,ok,0,steady
1791234967.390088,kiemthugialap095@gmail.com,GET,/orders/me,7.497,200,ok,0,steady
1791234967.4086576,kiemthugialap066@gmail.com,GET,/orders/me,6.437,200,ok,0,steady
1791234967.4375021,kiemthugialap088@gmail.com,GET,/concerts/{id},7.137,200,ok,0,steady
1791234967.4382348,kiemthugialap044@gmail.com,GET,/orders/me,8.783,200,ok,0,steady
1791234967.4511864,kiemthugialap050@gmail.com,GET,/orders/me,5.728,200,ok,0,steady
1791234967.4690526,kiemthugialap087@gmail.com,GET,/orders/me,7.23,200,ok,0,steady
1791234967.47025,kiemthugialap093@gmail.com,GET,/orders/me,9.125,200,ok,0,steady
1791234967.471536,kiemthugialap076@gmail.com,GET,/concerts,2.265,200,ok,0,steady
1791234967.5037954,kiemthugialap078@gmail.com,GET,/orders/me,5.04,200,ok,0,steady
1791234967.5197754,kiemthugialap022@gmail.com,GET,/concerts?on_sale=true,3.483,200,ok,0,steady
1791234967.553348,kiemthugialap006@gmail.com,GET,/orders/me,5.21,200,ok,0,steady
1791234967.5570245,kiemthugialap041@gmail.com,GET,/concerts/{id},3.078,200,ok,0,steady
1791234967.5573318,kiemthugialap037@gmail.com,GET,/concerts,3.785,200,ok,0,steady
1791234967.5689232,kiemthugialap063@gmail.com,GET,/orders/me,4.787,200,ok,0,steady
1791234967.5726225,kiemthugialap030@gmail.com,GET,/concerts/{id},3.507,200,ok,0,steady
1791234967.5734043,kiemthugialap099@gmail.com,GET,/concerts,3.605,200,ok,0,steady
1791234967.6043656,kiemthugialap053@gmail.com,GET,/concerts,5.482,200,ok,0,steady
1791234967.6527953,kiemthugialap083@gmail.com,GET,/orders/me,4.148,200,ok,0,steady
1791234967.6870053,kiemthugialap004@gmail.com,GET,/orders/me,7.004,200,ok,0,steady
1791234967.687398,kiemthugialap049@gmail.com,GET,/orders/me,6.268,200,ok,0,steady
1791234967.725938,kiemthugialap077@gmail.com,GET,/concerts,4.87,200,ok,0,steady
1791234967.7276037,kiemthugialap084@gmail.com,GET,/orders/me,7.795,200,ok,0,steady
1791234967.7298758,kiemthugialap014@gmail.com,GET,/orders/me,3.762,200,ok,0,steady
1791234967.7511718,kiemthugialap026@gmail.com,GET,/orders/me,4.61,200,ok,0,steady
1791234967.7687337,kiemthugialap085@gmail.com,GET,/concerts?on_sale=true,6.229,200,ok,0,steady
1791234967.770063,kiemthugialap039@gmail.com,GET,/orders/me,5.704,200,ok,0,steady
1791234967.7705443,kiemthugialap062@gmail.com,GET,/orders/me,7.108,200,ok,0,steady
1791234967.8019216,kiemthugialap035@gmail.com,GET,/orders/me,6.209,200,ok,0,steady
1791234967.8055246,kiemthugialap015@gmail.com,GET,/orders/me,3.431,200,ok,0,steady
1791234967.8176143,kiemthugialap031@gmail.com,GET,/orders/me,5.159,200,ok,0,steady
1791234967.836615,kiemthugialap082@gmail.com,GET,/orders/me,4.204,200,ok,0,steady
1791234967.8400452,kiemthugialap071@gmail.com,GET,/orders/me,3.231,200,ok,0,steady
1791234967.8516803,kiemthugialap005@gmail.com,GET,/orders/me,3.604,200,ok,0,steady
1791234967.8912623,kiemthugialap045@gmail.com,GET,/concerts,10.309,200,ok,0,steady
1791234967.8935611,kiemthugialap034@gmail.com,GET,/orders/me,13.213,200,ok,0,steady
1791234967.8940504,kiemthugialap001@gmail.com,GET,/orders/me,14.323,200,ok,0,steady
1791234967.894376,kiemthugialap013@gmail.com,GET,/orders/me,12.971,200,ok,0,steady
1791234967.899126,kiemthugialap003@gmail.com,GET,/orders/me,6.998,200,ok,0,steady
1791234967.899564,kiemthugialap024@gmail.com,GET,/orders/me,8.059,200,ok,0,steady
1791234967.9356341,kiemthugialap019@gmail.com,GET,/concerts?on_sale=true,3.464,200,ok,0,steady
1791234967.9694717,kiemthugialap065@gmail.com,GET,/concerts,5.387,200,ok,0,steady
1791234967.9705045,kiemthugialap080@gmail.com,GET,/orders/me,5.516,200,ok,0,steady
1791234968.0019794,kiemthugialap092@gmail.com,GET,/concerts?on_sale=true,4.739,200,ok,0,steady
1791234968.003338,kiemthugialap058@gmail.com,GET,/orders/me,7.081,200,ok,0,steady
1791234968.034679,kiemthugialap038@gmail.com,GET,/concerts?on_sale=true,6.389,200,ok,0,steady
1791234968.035539,kiemthugialap059@gmail.com,GET,/orders/me,8.115,200,ok,0,steady
1791234968.050991,kiemthugialap090@gmail.com,GET,/orders/me,4.721,200,ok,0,steady
1791234968.0555117,kiemthugialap016@gmail.com,GET,/orders/me,4.274,200,ok,0,steady
1791234968.0844557,kiemthugialap074@gmail.com,GET,/concerts?on_sale=true,5.808,200,ok,0,steady
1791234968.085671,kiemthugialap096@gmail.com,GET,/orders/me,5.79,200,ok,0,steady
1791234968.1049278,kiemthugialap044@gmail.com,GET,/orders/me,10.401,200,ok,0,steady
1791234968.1067615,kiemthugialap050@gmail.com,GET,/orders/me,11.326,200,ok,0,steady
1791234968.1571658,kiemthugialap020@gmail.com,GET,/concerts/{id},3.772,200,ok,0,steady
1791234968.1585143,kiemthugialap095@gmail.com,GET,/orders/me,6.757,200,ok,0,steady
1791234968.1861572,kiemthugialap010@gmail.com,GET,/orders/me,6.469,200,ok,0,steady
1791234968.222492,kiemthugialap060@gmail.com,GET,/orders/me,5.074,200,ok,0,steady
1791234968.2674816,kiemthugialap009@gmail.com,GET,/concerts,4.804,200,ok,0,steady
1791234968.283722,kiemthugialap033@gmail.com,GET,/orders/me,5.196,200,ok,0,steady
1791234968.303579,kiemthugialap011@gmail.com,GET,/orders/me,6.685,200,ok,0,steady
1791234968.3040893,kiemthugialap087@gmail.com,GET,/orders/me,8.861,200,ok,0,steady
1791234968.3044212,kiemthugialap029@gmail.com,GET,/orders/me,10.123,200,ok,0,steady
1791234968.3359373,kiemthugialap007@gmail.com,GET,/concerts,4.703,200,ok,0,steady
1791234968.3364563,kiemthugialap012@gmail.com,GET,/concerts,7.384,200,ok,0,steady
1791234968.336843,kiemthugialap094@gmail.com,GET,/orders/me,6.919,200,ok,0,steady
1791234968.3693366,kiemthugialap053@gmail.com,GET,/orders/me,4.243,200,ok,0,steady
1791234968.4024065,kiemthugialap089@gmail.com,GET,/concerts,5.013,200,ok,0,steady
1791234968.4227438,kiemthugialap049@gmail.com,GET,/concerts/{id},6.153,200,ok,0,steady
1791234968.4237893,kiemthugialap017@gmail.com,GET,/orders/me,10.446,200,ok,0,steady
1791234968.4241054,kiemthugialap047@gmail.com,GET,/orders/me,9.489,200,ok,0,steady
1791234968.424572,kiemthugialap032@gmail.com,GET,/orders/me,9.449,200,ok,0,steady
1791234968.470873,kiemthugialap022@gmail.com,GET,/concerts/{id},6.193,200,ok,0,steady
1791234968.4727192,kiemthugialap008@gmail.com,GET,/concerts/{id},8.333,200,ok,0,steady
1791234968.4730973,kiemthugialap097@gmail.com,GET,/orders/me,9.585,200,ok,0,steady
1791234968.4759443,kiemthugialap055@gmail.com,GET,/orders/me,4.334,200,ok,0,steady
1791234968.4763765,kiemthugialap086@gmail.com,GET,/orders/me,5.29,200,ok,0,steady
1791234968.4875083,kiemthugialap080@gmail.com,GET,/orders/me,4.604,200,ok,0,steady
1791234968.4919767,kiemthugialap068@gmail.com,GET,/concerts?on_sale=true,4.259,200,ok,0,steady
1791234968.4935403,kiemthugialap065@gmail.com,GET,/orders/me,5.465,200,ok,0,steady
1791234968.4969673,kiemthugialap027@gmail.com,GET,/orders/me,4.772,200,ok,0,steady
1791234968.501935,kiemthugialap051@gmail.com,GET,/orders/me,4.786,200,ok,0,steady
1791234968.5051043,kiemthugialap099@gmail.com,GET,/orders/me,3.022,200,ok,0,steady
1791234968.519781,kiemthugialap043@gmail.com,GET,/concerts/{id},5.221,200,ok,0,steady
1791234968.5212257,kiemthugialap015@gmail.com,GET,/orders/me,5.821,200,ok,0,steady
1791234968.523356,kiemthugialap075@gmail.com,GET,/concerts?on_sale=true,3.39,200,ok,0,steady
1791234968.5244882,kiemthugialap083@gmail.com,GET,/orders/me,4.192,200,ok,0,steady
1791234968.5539267,kiemthugialap002@gmail.com,GET,/orders/me,6.389,200,ok,0,steady
1791234968.554424,kiemthugialap067@gmail.com,GET,/orders/me,8.258,200,ok,0,steady
1791234968.6054552,kiemthugialap045@gmail.com,GET,/orders/me,5.059,200,ok,0,steady
1791234968.6069958,kiemthugialap046@gmail.com,GET,/orders/me,8.305,200,ok,0,steady
1791234968.6101182,kiemthugialap085@gmail.com,GET,/orders/me,4.128,200,ok,0,steady
1791234968.6104999,kiemthugialap028@gmail.com,GET,/orders/me,4.843,200,ok,0,steady
1791234968.636264,kiemthugialap048@gmail.com,GET,/orders/me,5.87,200,ok,0,steady
1791234968.6404188,kiemthugialap057@gmail.com,GET,/orders/me,3.86,200,ok,0,steady
1791234968.6510634,kiemthugialap018@gmail.com,GET,/concerts/{id},4.691,200,ok,0,steady
1791234968.6690404,kiemthugialap069@gmail.com,GET,/orders/me,6.413,200,ok,0,steady
1791234968.6728742,kiemthugialap072@gmail.com,GET,/concerts,3.541,200,ok,0,steady
1791234968.7043269,kiemthugialap064@gmail.com,GET,/orders/me,6.119,200,ok,0,steady
1791234968.704789,kiemthugialap093@gmail.com,GET,/orders/me,5.911,200,ok,0,steady
1791234968.7382448,kiemthugialap073@gmail.com,GET,/concerts?on_sale=true,22.885,200,ok,0,steady
1791234968.7386045,kiemthugialap035@gmail.com,GET,/concerts/{id},24.749,200,ok,0,steady
1791234968.7406888,kiemthugialap052@gmail.com,GET,/orders/me,25.028,200,ok,0,steady
1791234968.74399,kiemthugialap058@gmail.com,GET,/orders/me,7.953,200,ok,0,steady
1791234968.7448912,kiemthugialap059@gmail.com,GET,/orders/me,7.232,200,ok,0,steady
1791234968.7461016,kiemthugialap023@gmail.com,GET,/orders/me,5.296,200,ok,0,steady
1791234968.7692614,kiemthugialap092@gmail.com,GET,/orders/me,7.306,200,ok,0,steady
1791234968.7828383,kiemthugialap070@gmail.com,GET,/concerts?on_sale=true,4.566,200,ok,0,steady
1791234968.8363428,kiemthugialap040@gmail.com,GET,/concerts?on_sale=true,6.144,200,ok,0,steady
1791234968.8375645,kiemthugialap098@gmail.com,GET,/orders/me,6.158,200,ok,0,steady
1791234968.852892,kiemthugialap021@gmail.com,GET,/orders/me,6.729,200,ok,0,steady
1791234968.896251,kiemthugialap091@gmail.com,GET,/concerts?on_sale=true,16.029,200,ok,0,steady
1791234968.8967848,kiemthugialap079@gmail.com,GET,/concerts/{id},18.184,200,ok,0,steady
1791234968.9234633,kiemthugialap096@gmail.com,GET,/concerts,7.218,200,ok,0,steady
1791234968.9238982,kiemthugialap082@gmail.com,GET,/orders/me,8.818,200,ok,0,steady
1791234968.955393,kiemthugialap078@gmail.com,GET,/orders/me,6.477,200,ok,0,steady
1791234968.9563854,kiemthugialap071@gmail.com,GET,/orders/me,7.811,200,ok,0,steady
1791234968.9567118,kiemthugialap020@gmail.com,GET,/orders/me,9.591,200,ok,0,steady
1791234968.958459,kiemthugialap061@gmail.com,GET,/orders/me,2.87,200,ok,0,steady
1791234968.986787,kiemthugialap066@gmail.com,GET,/orders/me,8.068,200,ok,0,steady
1791234969.0047379,kiemthugialap062@gmail.com,GET,/orders/me,7.189,200,ok,0,steady
1791234969.0228202,kiemthugialap014@gmail.com,GET,/concerts?on_sale=true,6.37,200,ok,0,steady
1791234969.024195,kiemthugialap050@gmail.com,GET,/orders/me,7.039,200,ok,0,steady
1791234969.024543,kiemthugialap076@gmail.com,GET,/orders/me,7.633,200,ok,0,steady
1791234969.0336053,kiemthugialap081@gmail.com,GET,/concerts,4.002,200,ok,0,steady
1791234969.0507953,kiemthugialap047@gmail.com,GET,/orders/me,4.982,200,ok,0,steady
1791234969.0866284,kiemthugialap054@gmail.com,GET,/orders/me,7.604,200,ok,0,steady
1791234969.0873523,kiemthugialap063@gmail.com,GET,/orders/me,9.347,200,ok,0,steady
1791234969.0906146,kiemthugialap100@gmail.com,GET,/concerts/{id},3.079,200,ok,0,steady
1791234969.1215754,kiemthugialap077@gmail.com,GET,/orders/me,5.28,200,ok,0,steady
1791234969.137728,kiemthugialap085@gmail.com,GET,/concerts/{id},4.865,200,ok,0,steady
1791234969.138752,kiemthugialap036@gmail.com,GET,/orders/me,6.443,200,ok,0,steady
1791234969.1403217,kiemthugialap032@gmail.com,GET,/concerts,2.416,200,ok,0,steady
1791234969.1903818,kiemthugialap060@gmail.com,GET,/concerts,9.496,200,ok,0,steady
1791234969.1918228,kiemthugialap049@gmail.com,GET,/concerts/{id},9.934,200,ok,0,steady
1791234969.1925611,kiemthugialap017@gmail.com,GET,/orders/me,7.942,200,ok,0,steady
1791234969.1950314,kiemthugialap016@gmail.com,GET,/orders/me,4.429,200,ok,0,steady
1791234969.2414646,kiemthugialap042@gmail.com,GET,/concerts?on_sale=true,12.638,200,ok,0,steady
1791234969.244235,kiemthugialap051@gmail.com,GET,/concerts/{id},14.915,200,ok,0,steady
1791234969.2447646,kiemthugialap094@gmail.com,GET,/concerts,14.272,200,ok,0,steady
1791234969.246759,kiemthugialap030@gmail.com,GET,/orders/me,17.205,200,ok,0,steady
1791234969.2484245,kiemthugialap012@gmail.com,GET,/orders/me,18.186,200,ok,0,steady
1791234969.2492464,kiemthugialap056@gmail.com,GET,/orders/me,19.452,200,ok,0,steady
1791234969.2494524,kiemthugialap093@gmail.com,GET,/orders/me,19.438,200,ok,0,steady
1791234969.2515492,kiemthugialap006@gmail.com,GET,/orders/me,11.834,200,ok,0,steady
1791234969.267466,kiemthugialap013@gmail.com,GET,/orders/me,4.93,200,ok,0,steady
1791234969.2705626,kiemthugialap037@gmail.com,GET,/concerts,2.838,200,ok,0,steady
1791234969.2739658,kiemthugialap087@gmail.com,GET,/orders/me,3.262,200,ok,0,steady
1791234969.3219,kiemthugialap010@gmail.com,GET,/orders/me,11.791,200,ok,0,steady
1791234969.3251672,kiemthugialap088@gmail.com,GET,/orders/me,13.693,200,ok,0,steady
1791234969.3265994,kiemthugialap026@gmail.com,GET,/orders/me,11.942,200,ok,0,steady
1791234969.3295782,kiemthugialap090@gmail.com,GET,/concerts?on_sale=true,4.132,200,ok,0,steady
1791234969.3303404,kiemthugialap025@gmail.com,GET,/orders/me,8.115,200,ok,0,steady
1791234969.3726583,kiemthugialap011@gmail.com,GET,/orders/me,7.653,200,ok,0,steady
1791234969.3739188,kiemthugialap043@gmail.com,GET,/orders/me,9.554,200,ok,0,steady
1791234969.3742356,kiemthugialap033@gmail.com,GET,/orders/me,8.973,200,ok,0,steady
1791234969.3764322,kiemthugialap095@gmail.com,GET,/orders/me,3.563,200,ok,0,steady
1791234969.4011307,kiemthugialap038@gmail.com,GET,/orders/me,5.301,200,ok,0,steady
1791234969.4062698,kiemthugialap039@gmail.com,GET,/concerts/{id},4.888,200,ok,0,steady
1791234969.4073608,kiemthugialap084@gmail.com,GET,/orders/me,5.467,200,ok,0,steady
1791234969.4393234,kiemthugialap027@gmail.com,GET,/orders/me,9.14,200,ok,0,steady
1791234969.4397528,kiemthugialap007@gmail.com,GET,/orders/me,8.728,200,ok,0,steady
1791234969.4669793,kiemthugialap031@gmail.com,GET,/orders/me,4.993,200,ok,0,steady
1791234969.485653,kiemthugialap072@gmail.com,GET,/concerts/{id},5.318,200,ok,0,steady
1791234969.486736,kiemthugialap086@gmail.com,GET,/orders/me,5.16,200,ok,0,steady
1791234969.5016274,kiemthugialap041@gmail.com,GET,/concerts/{id},5.365,200,ok,0,steady
1791234969.5405056,kiemthugialap008@gmail.com,GET,/concerts/{id},5.742,200,ok,0,steady
1791234969.542083,kiemthugialap091@gmail.com,GET,/orders/me,7.836,200,ok,0,steady
1791234969.5426521,kiemthugialap024@gmail.com,GET,/orders/me,9.376,200,ok,0,steady
1791234969.6004004,kiemthugialap096@gmail.com,GET,/orders/me,4.72,200,ok,0,steady
1791234969.6382556,kiemthugialap004@gmail.com,GET,/concerts,5.128,200,ok,0,steady
1791234969.6398351,kiemthugialap082@gmail.com,GET,/orders/me,6.108,200,ok,0,steady
1791234969.641911,kiemthugialap028@gmail.com,GET,/orders/me,3.528,200,ok,0,steady
1791234969.6905901,kiemthugialap047@gmail.com,GET,/orders/me,9.658,200,ok,0,steady
1791234969.691607,kiemthugialap001@gmail.com,GET,/orders/me,10.227,200,ok,0,steady
1791234969.6919215,kiemthugialap083@gmail.com,GET,/orders/me,10.307,200,ok,0,steady
1791234969.6931734,kiemthugialap050@gmail.com,GET,/concerts/{id},2.394,200,ok,0,steady
1791234969.7248278,kiemthugialap075@gmail.com,GET,/orders/me,7.937,200,ok,0,steady
1791234969.726732,kiemthugialap089@gmail.com,GET,/orders/me,13.295,200,ok,0,steady
1791234969.7270606,kiemthugialap015@gmail.com,GET,/orders/me,12.472,200,ok,0,steady
1791234969.7332861,kiemthugialap019@gmail.com,GET,/concerts?on_sale=true,6.067,200,ok,0,steady
1791234969.73375,kiemthugialap074@gmail.com,GET,/orders/me,8.165,200,ok,0,steady
1791234969.7340596,kiemthugialap020@gmail.com,GET,/orders/me,9.001,200,ok,0,steady
1791234969.7685413,kiemthugialap099@gmail.com,GET,/orders/me,6.795,200,ok,0,steady
1791234969.769644,kiemthugialap097@gmail.com,GET,/orders/me,6.964,200,ok,0,steady
1791234969.7715893,kiemthugialap005@gmail.com,GET,/orders/me,2.858,200,ok,0,steady
1791234969.7998316,kiemthugialap034@gmail.com,GET,/orders/me,5.593,200,ok,0,steady
1791234969.8215396,kiemthugialap077@gmail.com,GET,/orders/me,10.768,200,ok,0,steady
1791234969.8266437,kiemthugialap003@gmail.com,GET,/orders/me,4.849,200,ok,0,steady
1791234969.8354814,kiemthugialap068@gmail.com,GET,/concerts/{id},8.602,200,ok,0,steady
1791234969.85324,kiemthugialap014@gmail.com,GET,/orders/me,3.938,200,ok,0,steady
1791234969.886005,kiemthugialap006@gmail.com,GET,/orders/me,4.668,200,ok,0,steady
1791234969.907678,kiemthugialap087@gmail.com,GET,/orders/me,10.232,200,ok,0,steady
1791234969.9087346,kiemthugialap078@gmail.com,GET,/orders/me,10.078,200,ok,0,steady
1791234969.9093523,kiemthugialap051@gmail.com,GET,/orders/me,10.474,200,ok,0,steady
1791234969.9103978,kiemthugialap040@gmail.com,GET,/orders/me,12.065,200,ok,0,steady
1791234969.9534075,kiemthugialap044@gmail.com,GET,/orders/me,6.489,200,ok,0,steady
1791234969.9741604,kiemthugialap012@gmail.com,GET,/orders/me,6.339,200,ok,0,steady
1791234969.9768841,kiemthugialap084@gmail.com,GET,/concerts,2.506,200,ok,0,steady
1791234969.9884498,kiemthugialap032@gmail.com,GET,/orders/me,4.783,200,ok,0,steady
1791234970.0049827,kiemthugialap025@gmail.com,GET,/concerts/{id},4.865,200,ok,0,steady
1791234970.0063505,kiemthugialap029@gmail.com,GET,/orders/me,6.717,200,ok,0,steady
1791234970.022026,kiemthugialap053@gmail.com,GET,/orders/me,6.357,200,ok,0,steady
1791234970.037496,kiemthugialap022@gmail.com,GET,/orders/me,5.933,200,ok,0,steady
1791234970.0720413,kiemthugialap008@gmail.com,GET,/orders/me,5.764,200,ok,0,steady
1791234970.1052446,kiemthugialap072@gmail.com,GET,/orders/me,6.86,200,ok,0,steady
1791234970.106115,kiemthugialap038@gmail.com,GET,/orders/me,6.373,200,ok,0,steady
1791234970.1092796,kiemthugialap073@gmail.com,GET,/orders/me,3.885,200,ok,0,steady
1791234970.1102147,kiemthugialap018@gmail.com,GET,/orders/me,3.948,200,ok,0,steady
1791234970.1563518,kiemthugialap045@gmail.com,GET,/concerts/{id},10.3,200,ok,0,steady
1791234970.156969,kiemthugialap057@gmail.com,GET,/orders/me,9.996,200,ok,0,steady
1791234970.1581025,kiemthugialap060@gmail.com,GET,/orders/me,10.667,200,ok,0,steady
1791234970.1869404,kiemthugialap048@gmail.com,GET,/orders/me,7.164,200,ok,0,steady
1791234970.2024212,kiemthugialap009@gmail.com,GET,/concerts/{id},4.501,200,ok,0,steady
1791234970.203681,kiemthugialap058@gmail.com,GET,/orders/me,6.984,200,ok,0,steady
1791234970.2048213,kiemthugialap046@gmail.com,GET,/concerts/{id},3.755,200,ok,0,steady
1791234970.2709417,kiemthugialap069@gmail.com,GET,/concerts?on_sale=true,4.624,200,ok,0,steady
1791234970.3378072,kiemthugialap093@gmail.com,GET,/orders/me,9.151,200,ok,0,steady
1791234970.338201,kiemthugialap080@gmail.com,GET,/orders/me,8.018,200,ok,0,steady
1791234970.3384829,kiemthugialap002@gmail.com,GET,/orders/me,8.694,200,ok,0,steady
1791234970.3696513,kiemthugialap011@gmail.com,GET,/orders/me,6.621,200,ok,0,steady
1791234970.4035366,kiemthugialap055@gmail.com,GET,/orders/me,7.096,200,ok,0,steady
1791234970.4097803,kiemthugialap016@gmail.com,GET,/orders/me,5.932,200,ok,0,steady
1791234970.4170983,kiemthugialap065@gmail.com,GET,/orders/me,5.168,200,ok,0,steady
1791234970.4504235,kiemthugialap094@gmail.com,GET,/concerts?on_sale=true,21.68,200,ok,0,steady
1791234970.4512458,kiemthugialap088@gmail.com,GET,/concerts/{id},21.63,200,ok,0,steady
1791234970.4543226,kiemthugialap066@gmail.com,GET,/orders/me,24.313,200,ok,0,steady
1791234970.456355,kiemthugialap061@gmail.com,GET,/orders/me,11.525,200,ok,0,steady
1791234970.4567537,kiemthugialap017@gmail.com,GET,/orders/me,11.208,200,ok,0,steady
1791234970.4592786,kiemthugialap090@gmail.com,GET,/concerts/{id},3.745,200,ok,0,steady
1791234970.46057,kiemthugialap049@gmail.com,GET,/orders/me,6.052,200,ok,0,steady
1791234970.464891,kiemthugialap047@gmail.com,GET,/orders/me,5.464,200,ok,0,steady
1791234970.4716694,kiemthugialap059@gmail.com,GET,/orders/me,6.492,200,ok,0,steady
1791234970.484438,kiemthugialap052@gmail.com,GET,/concerts?on_sale=true,4.691,200,ok,0,steady
1791234970.4906683,kiemthugialap037@gmail.com,GET,/concerts,5.992,200,ok,0,steady
1791234970.4930136,kiemthugialap026@gmail.com,GET,/concerts,7.756,200,ok,0,steady
1791234970.5207293,kiemthugialap014@gmail.com,GET,/concerts?on_sale=true,8.11,200,ok,0,steady
1791234970.5219588,kiemthugialap062@gmail.com,GET,/orders/me,8.7,200,ok,0,steady
1791234970.5260904,kiemthugialap001@gmail.com,GET,/orders/me,3.971,200,ok,0,steady
1791234970.5315447,kiemthugialap079@gmail.com,GET,/concerts/{id},3.471,200,ok,0,steady
1791234970.5701163,kiemthugialap067@gmail.com,GET,/orders/me,8.877,200,ok,0,steady
1791234970.5706983,kiemthugialap068@gmail.com,GET,/orders/me,9.855,200,ok,0,steady
1791234970.571045,kiemthugialap098@gmail.com,GET,/orders/me,10.787,200,ok,0,steady
1791234970.6026802,kiemthugialap035@gmail.com,GET,/orders/me,5.011,200,ok,0,steady
1791234970.6353624,kiemthugialap100@gmail.com,GET,/concerts/{id},6.756,200,ok,0,steady
1791234970.6362777,kiemthugialap054@gmail.com,GET,/concerts/{id},6.27,200,ok,0,steady
1791234970.6370616,kiemthugialap071@gmail.com,GET,/orders/me,7.653,200,ok,0,steady
1791234970.639012,kiemthugialap023@gmail.com,GET,/orders/me,3.525,200,ok,0,steady
1791234970.6546383,kiemthugialap034@gmail.com,GET,/orders/me,7.683,200,ok,0,steady
1791234970.6559997,kiemthugialap092@gmail.com,GET,/orders/me,11.002,200,ok,0,steady
1791234970.656398,kiemthugialap030@gmail.com,GET,/orders/me,10.539,200,ok,0,steady
1791234970.6578135,kiemthugialap085@gmail.com,GET,/concerts?on_sale=true,2.955,200,ok,0,steady
1791234970.686188,kiemthugialap039@gmail.com,GET,/concerts,8.809,200,ok,0,steady
1791234970.6867332,kiemthugialap064@gmail.com,GET,/orders/me,9.022,200,ok,0,steady
1791234970.6871662,kiemthugialap024@gmail.com,GET,/orders/me,10.89,200,ok,0,steady
1791234970.7174418,kiemthugialap076@gmail.com,GET,/concerts/{id},4.952,200,ok,0,steady
1791234970.734853,kiemthugialap060@gmail.com,GET,/concerts,4.909,200,ok,0,steady
1791234970.7500148,kiemthugialap041@gmail.com,GET,/concerts?on_sale=true,4.278,200,ok,0,steady
1791234970.790351,kiemthugialap004@gmail.com,GET,/concerts?on_sale=true,11.626,200,ok,0,steady
1791234970.7935972,kiemthugialap021@gmail.com,GET,/orders/me,13.42,200,ok,0,steady
1791234970.7950287,kiemthugialap012@gmail.com,GET,/orders/me,12.252,200,ok,0,steady
1791234970.7954857,kiemthugialap027@gmail.com,GET,/orders/me,14.61,200,ok,0,steady
1791234970.7956445,kiemthugialap070@gmail.com,GET,/orders/me,14.26,200,ok,0,steady
1791234970.799722,kiemthugialap063@gmail.com,GET,/orders/me,9.119,200,ok,0,steady
1791234970.800139,kiemthugialap006@gmail.com,GET,/orders/me,8.839,200,ok,0,steady
1791234970.8346205,kiemthugialap033@gmail.com,GET,/orders/me,5.293,200,ok,0,steady
1791234970.870614,kiemthugialap082@gmail.com,GET,/concerts/{id},9.052,200,ok,0,steady
1791234970.8724234,kiemthugialap045@gmail.com,GET,/orders/me,10.457,200,ok,0,steady
1791234970.8728008,kiemthugialap056@gmail.com,GET,/orders/me,11.79,200,ok,0,steady
1791234970.8731987,kiemthugialap057@gmail.com,GET,/orders/me,13.239,200,ok,0,steady
1791234970.8924527,kiemthugialap081@gmail.com,GET,/orders/me,6.038,200,ok,0,steady
1791234970.9862843,kiemthugialap015@gmail.com,GET,/concerts?on_sale=true,5.295,200,ok,0,steady
1791234970.9874518,kiemthugialap048@gmail.com,GET,/concerts?on_sale=true,7.811,200,ok,0,steady
1791234970.9889834,kiemthugialap095@gmail.com,GET,/orders/me,8.381,200,ok,0,steady
1791234970.9918826,kiemthugialap019@gmail.com,GET,/concerts/{id},2.741,200,ok,0,steady
1791234971.004918,kiemthugialap078@gmail.com,GET,/orders/me,6.338,200,ok,0,steady
1791234971.0130076,kiemthugialap020@gmail.com,GET,/orders/me,7.317,200,ok,0,steady
1791234971.014677,kiemthugialap043@gmail.com,GET,/orders/me,8.136,200,ok,0,steady
1791234971.015168,kiemthugialap017@gmail.com,GET,/orders/me,9.998,200,ok,0,steady
1791234971.0163803,kiemthugialap010@gmail.com,GET,/concerts,3.125,200,ok,0,steady
1791234971.0350068,kiemthugialap080@gmail.com,GET,/orders/me,4.996,200,ok,0,steady
1791234971.0635378,kiemthugialap093@gmail.com,GET,/concerts,16.654,200,ok,0,steady
1791234971.067243,kiemthugialap031@gmail.com,GET,/orders/me,21.613,200,ok,0,steady
1791234971.07047,kiemthugialap042@gmail.com,GET,/concerts/{id},9.281,200,ok,0,steady
1791234971.0719955,kiemthugialap044@gmail.com,GET,/orders/me,7.183,200,ok,0,steady
1791234971.072322,kiemthugialap036@gmail.com,GET,/orders/me,8.582,200,ok,0,steady
1791234971.0809371,kiemthugialap053@gmail.com,GET,/orders/me,4.269,200,ok,0,steady
1791234971.0842712,kiemthugialap086@gmail.com,GET,/orders/me,4.573,200,ok,0,steady
1791234971.1243074,kiemthugialap028@gmail.com,GET,/orders/me,7.225,200,ok,0,steady
1791234971.1252391,kiemthugialap013@gmail.com,GET,/orders/me,6.654,200,ok,0,steady
1791234971.1271474,kiemthugialap055@gmail.com,GET,/orders/me,2.673,200,ok,0,steady
1791234971.2015378,kiemthugialap073@gmail.com,GET,/concerts?on_sale=true,6.228,200,ok,0,steady
1791234971.202629,kiemthugialap089@gmail.com,GET,/orders/me,6.174,200,ok,0,steady
1791234971.2228534,kiemthugialap051@gmail.com,GET,/concerts?on_sale=true,5.914,200,ok,0,steady
1791234971.2278743,kiemthugialap085@gmail.com,GET,/orders/me,4.731,200,ok,0,steady
1791234971.2561486,kiemthugialap091@gmail.com,GET,/concerts?on_sale=true,7.028,200,ok,0,steady
1791234971.2574363,kiemthugialap099@gmail.com,GET,/orders/me,8.924,200,ok,0,steady
1791234971.2579753,kiemthugialap011@gmail.com,GET,/orders/me,7.097,200,ok,0,steady
1791234971.2709522,kiemthugialap030@gmail.com,GET,/concerts?on_sale=true,5.507,200,ok,0,steady
1791234971.2719784,kiemthugialap074@gmail.com,GET,/orders/me,7.601,200,ok,0,steady
1791234971.2877212,kiemthugialap040@gmail.com,GET,/orders/me,6.35,200,ok,0,steady
1791234971.2881207,kiemthugialap096@gmail.com,GET,/orders/me,7.553,200,ok,0,steady
1791234971.3381236,kiemthugialap060@gmail.com,GET,/concerts/{id},8.316,200,ok,0,steady
1791234971.3410227,kiemthugialap005@gmail.com,GET,/orders/me,10.271,200,ok,0,steady
1791234971.3413548,kiemthugialap007@gmail.com,GET,/orders/me,11.084,200,ok,0,steady
1791234971.3416424,kiemthugialap024@gmail.com,GET,/orders/me,11.126,200,ok,0,steady
1791234971.3444023,kiemthugialap026@gmail.com,GET,/orders/me,6.099,200,ok,0,steady
1791234971.3447216,kiemthugialap097@gmail.com,GET,/orders/me,4.312,200,ok,0,steady
1791234971.3679922,kiemthugialap002@gmail.com,GET,/orders/me,6.25,200,ok,0,steady
1791234971.3712475,kiemthugialap061@gmail.com,GET,/concerts/{id},3.068,200,ok,0,steady
1791234971.4011266,kiemthugialap050@gmail.com,GET,/concerts?on_sale=true,7.511,200,ok,0,steady
1791234971.4029288,kiemthugialap069@gmail.com,GET,/orders/me,7.861,200,ok,0,steady
1791234971.4033425,kiemthugialap072@gmail.com,GET,/orders/me,8.578,200,ok,0,steady
1791234971.4051228,kiemthugialap071@gmail.com,GET,/orders/me,3.867,200,ok,0,steady
1791234971.4373205,kiemthugialap068@gmail.com,GET,/concerts?on_sale=true,4.241,200,ok,0,steady
1791234971.456955,kiemthugialap075@gmail.com,GET,/orders/me,7.992,200,ok,0,steady
1791234971.457557,kiemthugialap034@gmail.com,GET,/orders/me,7.879,200,ok,0,steady
1791234971.458007,kiemthugialap088@gmail.com,GET,/orders/me,8.578,200,ok,0,steady
1791234971.4701924,kiemthugialap045@gmail.com,GET,/orders/me,5.648,200,ok,0,steady
1791234971.503625,kiemthugialap083@gmail.com,GET,/orders/me,7.172,200,ok,0,steady
1791234971.5040436,kiemthugialap098@gmail.com,GET,/orders/me,6.869,200,ok,0,steady
1791234971.5069268,kiemthugialap084@gmail.com,GET,/orders/me,2.759,200,ok,0,steady
1791234971.5270472,kiemthugialap025@gmail.com,GET,/orders/me,11.092,200,ok,0,steady
1791234971.5275257,kiemthugialap032@gmail.com,GET,/orders/me,10.168,200,ok,0,steady
1791234971.5278294,kiemthugialap082@gmail.com,GET,/orders/me,10.035,200,ok,0,steady
1791234971.5810332,kiemthugialap033@gmail.com,GET,/concerts/{id},17.997,200,ok,0,steady
1791234971.5838966,kiemthugialap087@gmail.com,GET,/concerts?on_sale=true,20.586,200,ok,0,steady
1791234971.5860846,kiemthugialap037@gmail.com,GET,/orders/me,23.837,200,ok,0,steady
1791234971.5868473,kiemthugialap052@gmail.com,GET,/orders/me,8.847,200,ok,0,steady
1791234971.6149516,kiemthugialap066@gmail.com,GET,/concerts?on_sale=true,5.55,200,ok,0,steady
1791234971.6155818,kiemthugialap023@gmail.com,GET,/concerts,5.661,200,ok,0,steady
1791234971.6521144,kiemthugialap081@gmail.com,GET,/concerts/{id},4.631,200,ok,0,steady
1791234971.6561162,kiemthugialap022@gmail.com,GET,/orders/me,3.772,200,ok,0,steady
1791234971.6850252,kiemthugialap029@gmail.com,GET,/orders/me,7.595,200,ok,0,steady
1791234971.707621,kiemthugialap059@gmail.com,GET,/orders/me,4.711,200,ok,0,steady
1791234971.718068,kiemthugialap090@gmail.com,GET,/orders/me,5.081,200,ok,0,steady
1791234971.7363138,kiemthugialap017@gmail.com,GET,/orders/me,5.081,200,ok,0,steady
1791234971.753654,kiemthugialap018@gmail.com,GET,/orders/me,5.096,200,ok,0,steady
1791234971.7557783,kiemthugialap003@gmail.com,GET,/concerts,1.972,200,ok,0,steady
1791234971.7878294,kiemthugialap077@gmail.com,GET,/concerts?on_sale=true,7.524,200,ok,0,steady
1791234971.7888825,kiemthugialap091@gmail.com,GET,/orders/me,7.772,200,ok,0,steady
1791234971.7926638,kiemthugialap038@gmail.com,GET,/orders/me,3.648,200,ok,0,steady
1791234971.8211176,kiemthugialap049@gmail.com,GET,/orders/me,8.419,200,ok,0,steady
1791234971.8215559,kiemthugialap008@gmail.com,GET,/orders/me,8.185,200,ok,0,steady
1791234971.8613846,kiemthugialap076@gmail.com,GET,/concerts?on_sale=true,6.488,200,ok,0,steady
1791234971.8639307,kiemthugialap100@gmail.com,GET,/orders/me,7.674,200,ok,0,steady
1791234971.864536,kiemthugialap080@gmail.com,GET,/orders/me,8.611,200,ok,0,steady
1791234971.867895,kiemthugialap079@gmail.com,GET,/orders/me,6.379,200,ok,0,steady
1791234971.8689845,kiemthugialap027@gmail.com,GET,/orders/me,4.306,200,ok,0,steady
1791234971.8711298,kiemthugialap048@gmail.com,GET,/orders/me,3.126,200,ok,0,steady
1791234971.8840668,kiemthugialap094@gmail.com,GET,/concerts?on_sale=true,5.028,200,ok,0,steady
1791234971.884992,kiemthugialap016@gmail.com,GET,/orders/me,5.121,200,ok,0,steady
1791234971.9181652,kiemthugialap058@gmail.com,GET,/concerts/{id},5.937,200,ok,0,steady
1791234971.9185548,kiemthugialap024@gmail.com,GET,/concerts/{id},7.198,200,ok,0,steady
1791234971.934857,kiemthugialap099@gmail.com,GET,/concerts,4.626,200,ok,0,steady
1791234971.95377,kiemthugialap097@gmail.com,GET,/concerts,6.772,200,ok,0,steady
1791234971.9547358,kiemthugialap046@gmail.com,GET,/orders/me,5.09,200,ok,0,steady
1791234971.9724574,kiemthugialap041@gmail.com,GET,/orders/me,4.268,200,ok,0,steady
1791234971.989257,kiemthugialap095@gmail.com,GET,/orders/me,5.788,200,ok,0,steady
1791234971.9896524,kiemthugialap044@gmail.com,GET,/orders/me,4.863,200,ok,0,steady
1791234972.0028348,kiemthugialap035@gmail.com,GET,/concerts/{id},3.668,200,ok,0,steady
1791234972.0228312,kiemthugialap064@gmail.com,GET,/orders/me,7.622,200,ok,0,steady
1791234972.0326087,kiemthugialap098@gmail.com,GET,/orders/me,9.598,200,ok,0,steady
1791234972.0353973,kiemthugialap062@gmail.com,GET,/orders/me,4.393,200,ok,0,steady
1791234972.0692742,kiemthugialap032@gmail.com,GET,/orders/me,4.843,200,ok,0,steady
1791234972.0837657,kiemthugialap028@gmail.com,GET,/concerts?on_sale=true,4.814,200,ok,0,steady
1791234972.101821,kiemthugialap065@gmail.com,GET,/orders/me,5.815,200,ok,0,steady
1791234972.133848,kiemthugialap019@gmail.com,GET,/orders/me,5.208,200,ok,0,steady
1791234972.13714,kiemthugialap039@gmail.com,GET,/orders/me,3.151,200,ok,0,steady
1791234972.170955,kiemthugialap009@gmail.com,GET,/orders/me,4.413,200,ok,0,steady
1791234972.1756306,kiemthugialap057@gmail.com,GET,/orders/me,4.211,200,ok,0,steady
1791234972.176432,kiemthugialap063@gmail.com,GET,/orders/me,5.339,200,ok,0,steady
1791234972.177626,kiemthugialap043@gmail.com,GET,/concerts?on_sale=true,1.881,200,ok,0,steady
1791234972.1881914,kiemthugialap006@gmail.com,GET,/orders/me,5.902,200,ok,0,steady
1791234972.2017727,kiemthugialap055@gmail.com,GET,/concerts?on_sale=true,3.449,200,ok,0,steady
1791234972.2216363,kiemthugialap081@gmail.com,GET,/concerts,4.219,200,ok,0,steady
1791234972.2544756,kiemthugialap070@gmail.com,GET,/orders/me,5.048,200,ok,0,steady
1791234972.2591856,kiemthugialap002@gmail.com,GET,/orders/me,4.471,200,ok,0,steady
1791234972.2693317,kiemthugialap042@gmail.com,GET,/concerts?on_sale=true,4.286,200,ok,0,steady
1791234972.3036828,kiemthugialap013@gmail.com,GET,/orders/me,4.129,200,ok,0,steady
1791234972.3390973,kiemthugialap001@gmail.com,GET,/orders/me,6.658,200,ok,0,steady
1791234972.3715053,kiemthugialap038@gmail.com,GET,/concerts,5.774,200,ok,0,steady
1791234972.372027,kiemthugialap077@gmail.com,GET,/concerts/{id},7.352,200,ok,0,steady
1791234972.3728428,kiemthugialap056@gmail.com,GET,/orders/me,9.497,200,ok,0,steady
1791234972.4024453,kiemthugialap003@gmail.com,GET,/concerts/{id},19.853,200,ok,0,steady
1791234972.4037468,kiemthugialap031@gmail.com,GET,/orders/me,21.877,200,ok,0,steady
1791234972.4054387,kiemthugialap047@gmail.com,GET,/concerts?on_sale=true,2.803,200,ok,0,steady
1791234972.436112,kiemthugialap074@gmail.com,GET,/orders/me,4.947,200,ok,0,steady
1791234972.439075,kiemthugialap004@gmail.com,GET,/orders/me,2.82,200,ok,0,steady
1791234972.4417417,kiemthugialap040@gmail.com,GET,/orders/me,2.55,200,ok,0,steady
1791234972.4501255,kiemthugialap029@gmail.com,GET,/concerts,3.196,200,ok,0,steady
1791234972.491477,kiemthugialap033@gmail.com,GET,/concerts/{id},11.09,200,ok,0,steady
1791234972.4936123,kiemthugialap092@gmail.com,GET,/concerts,12.771,200,ok,0,steady
1791234972.4940495,kiemthugialap072@gmail.com,GET,/orders/me,12.633,200,ok,0,steady
1791234972.4951465,kiemthugialap024@gmail.com,GET,/orders/me,16.336,200,ok,0,steady
1791234972.4955711,kiemthugialap014@gmail.com,GET,/orders/me,15.785,200,ok,0,steady
1791234972.5009768,kiemthugialap011@gmail.com,GET,/concerts,9.256,200,ok,0,steady
1791234972.5021582,kiemthugialap054@gmail.com,GET,/orders/me,7.935,200,ok,0,steady
1791234972.5025299,kiemthugialap085@gmail.com,GET,/orders/me,10.305,200,ok,0,steady
1791234972.504599,kiemthugialap078@gmail.com,GET,/orders/me,3.454,200,ok,0,steady
1791234972.5184026,kiemthugialap067@gmail.com,GET,/orders/me,5.369,200,ok,0,steady
1791234972.5339115,kiemthugialap016@gmail.com,GET,/concerts?on_sale=true,4.111,200,ok,0,steady
1791234972.5343072,kiemthugialap036@gmail.com,GET,/concerts,5.702,200,ok,0,steady
1791234972.55113,kiemthugialap015@gmail.com,GET,/orders/me,6.134,200,ok,0,steady
1791234972.5666184,kiemthugialap096@gmail.com,GET,/concerts/{id},5.195,200,ok,0,steady
1791234972.5826797,kiemthugialap021@gmail.com,GET,/concerts?on_sale=true,5.213,200,ok,0,steady
1791234972.6044874,kiemthugialap028@gmail.com,GET,/orders/me,5.475,200,ok,0,steady
1791234972.606428,kiemthugialap094@gmail.com,GET,/orders/me,7.943,200,ok,0,steady
1791234972.6435626,kiemthugialap025@gmail.com,GET,/orders/me,38.48,200,ok,0,steady
1791234972.6439664,kiemthugialap026@gmail.com,GET,/orders/me,39.294,200,ok,0,steady
1791234972.6442397,kiemthugialap037@gmail.com,GET,/orders/me,38.909,200,ok,0,steady
1791234972.6512585,kiemthugialap090@gmail.com,GET,/orders/me,40.16,200,ok,0,steady
1791234972.6527655,kiemthugialap069@gmail.com,GET,/orders/me,8.421,200,ok,0,steady
1791234972.653177,kiemthugialap008@gmail.com,GET,/orders/me,8.496,200,ok,0,steady
1791234972.685373,kiemthugialap080@gmail.com,GET,/concerts,7.057,200,ok,0,steady
1791234972.7002258,kiemthugialap010@gmail.com,GET,/concerts,3.369,200,ok,0,steady
1791234972.70334,kiemthugialap022@gmail.com,GET,/orders/me,2.96,200,ok,0,steady
1791234972.7061725,kiemthugialap058@gmail.com,GET,/orders/me,2.705,200,ok,0,steady
1791234972.7188082,kiemthugialap020@gmail.com,GET,/orders/me,5.826,200,ok,0,steady
1791234972.7690015,kiemthugialap073@gmail.com,GET,/concerts/{id},5.16,200,ok,0,steady
1791234972.7700236,kiemthugialap012@gmail.com,GET,/orders/me,7.466,200,ok,0,steady
1791234972.810274,kiemthugialap051@gmail.com,GET,/orders/me,15.152,200,ok,0,steady
1791234972.8110158,kiemthugialap071@gmail.com,GET,/orders/me,17.022,200,ok,0,steady
1791234972.8114355,kiemthugialap005@gmail.com,GET,/orders/me,12.827,200,ok,0,steady
1791234972.8130503,kiemthugialap086@gmail.com,GET,/orders/me,15.406,200,ok,0,steady
1791234972.8135633,kiemthugialap041@gmail.com,GET,/orders/me,15.426,200,ok,0,steady
1791234972.8582046,kiemthugialap091@gmail.com,GET,/concerts,8.399,200,ok,0,steady
1791234972.8615494,kiemthugialap093@gmail.com,GET,/orders/me,13.19,200,ok,0,steady
1791234972.8621333,kiemthugialap076@gmail.com,GET,/orders/me,11.962,200,ok,0,steady
1791234972.8640406,kiemthugialap075@gmail.com,GET,/orders/me,14.683,200,ok,0,steady
1791234972.866081,kiemthugialap081@gmail.com,GET,/orders/me,7.706,200,ok,0,steady
1791234972.883986,kiemthugialap079@gmail.com,GET,/orders/me,4.747,200,ok,0,steady
1791234972.8866382,kiemthugialap087@gmail.com,GET,/concerts/{id},2.489,200,ok,0,steady
1791234972.9191015,kiemthugialap023@gmail.com,GET,/concerts,3.427,200,ok,0,steady
1791234972.9202433,kiemthugialap002@gmail.com,GET,/orders/me,5.413,200,ok,0,steady
1791234972.9347367,kiemthugialap031@gmail.com,GET,/orders/me,4.932,200,ok,0,steady
1791234972.9507113,kiemthugialap068@gmail.com,GET,/orders/me,5.305,200,ok,0,steady
1791234972.9667704,kiemthugialap053@gmail.com,GET,/orders/me,4.383,200,ok,0,steady
1791234972.98374,kiemthugialap009@gmail.com,GET,/orders/me,6.252,200,ok,0,steady
1791234972.9847305,kiemthugialap035@gmail.com,GET,/orders/me,6.836,200,ok,0,steady
1791234972.9866784,kiemthugialap045@gmail.com,GET,/orders/me,2.79,200,ok,0,steady
1791234973.0025206,kiemthugialap083@gmail.com,GET,/orders/me,4.763,200,ok,0,steady
1791234973.0056393,kiemthugialap065@gmail.com,GET,/orders/me,2.934,200,ok,0,steady
1791234973.0215604,kiemthugialap034@gmail.com,GET,/orders/me,6.25,200,ok,0,steady
1791234973.0219643,kiemthugialap095@gmail.com,GET,/orders/me,6.145,200,ok,0,steady
1791234973.055086,kiemthugialap077@gmail.com,GET,/orders/me,7.023,200,ok,0,steady
1791234973.0554655,kiemthugialap038@gmail.com,GET,/orders/me,8.294,200,ok,0,steady
1791234973.0557623,kiemthugialap001@gmail.com,GET,/orders/me,6.59,200,ok,0,steady
1791234973.0680678,kiemthugialap082@gmail.com,GET,/orders/me,4.768,200,ok,0,steady
1791234973.101413,kiemthugialap089@gmail.com,GET,/orders/me,5.946,200,ok,0,steady
1791234973.1073713,kiemthugialap030@gmail.com,GET,/orders/me,5.749,200,ok,0,steady
1791234973.108197,kiemthugialap048@gmail.com,GET,/orders/me,5.546,200,ok,0,steady
1791234973.1100767,kiemthugialap049@gmail.com,GET,/orders/me,2.583,200,ok,0,steady
1791234973.1517527,kiemthugialap052@gmail.com,GET,/orders/me,4.358,200,ok,0,steady
1791234973.1901798,kiemthugialap067@gmail.com,GET,/orders/me,8.598,200,ok,0,steady
1791234973.1905587,kiemthugialap060@gmail.com,GET,/orders/me,10.136,200,ok,0,steady
1791234973.1996577,kiemthugialap007@gmail.com,GET,/concerts,4.154,200,ok,0,steady
1791234973.2208047,kiemthugialap059@gmail.com,GET,/orders/me,6.198,200,ok,0,steady
1791234973.2374926,kiemthugialap046@gmail.com,GET,/orders/me,5.389,200,ok,0,steady
1791234973.2385762,kiemthugialap043@gmail.com,GET,/orders/me,7.596,200,ok,0,steady
1791234973.2407734,kiemthugialap084@gmail.com,GET,/orders/me,3.092,200,ok,0,steady
1791234973.2434857,kiemthugialap004@gmail.com,GET,/orders/me,2.608,200,ok,0,steady
1791234973.267703,kiemthugialap014@gmail.com,GET,/concerts,5.055,200,ok,0,steady
1791234973.269408,kiemthugialap058@gmail.com,GET,/orders/me,5.136,200,ok,0,steady
1791234973.271368,kiemthugialap069@gmail.com,GET,/orders/me,3.539,200,ok,0,steady
1791234973.3013773,kiemthugialap044@gmail.com,GET,/concerts?on_sale=true,4.358,200,ok,0,steady
1791234973.3202786,kiemthugialap036@gmail.com,GET,/orders/me,4.602,200,ok,0,steady
1791234973.3596163,kiemthugialap062@gmail.com,GET,/orders/me,27.81,200,ok,0,steady
1791234973.3612003,kiemthugialap061@gmail.com,GET,/orders/me,28.551,200,ok,0,steady
1791234973.361898,kiemthugialap054@gmail.com,GET,/orders/me,29.513,200,ok,0,steady
1791234973.3663907,kiemthugialap088@gmail.com,GET,/orders/me,18.059,200,ok,0,steady
1791234973.366843,kiemthugialap057@gmail.com,GET,/orders/me,19.247,200,ok,0,steady
1791234973.3671525,kiemthugialap066@gmail.com,GET,/orders/me,17.836,200,ok,0,steady
1791234973.368355,kiemthugialap050@gmail.com,GET,/orders/me,19.524,200,ok,0,steady
1791234973.370956,kiemthugialap020@gmail.com,GET,/orders/me,3.684,200,ok,0,steady
1791234973.3862572,kiemthugialap073@gmail.com,GET,/orders/me,6.046,200,ok,0,steady
1791234973.4208822,kiemthugialap003@gmail.com,GET,/concerts/{id},6.186,200,ok,0,steady
1791234973.4213939,kiemthugialap076@gmail.com,GET,/orders/me,8.824,200,ok,0,steady
1791234973.4542868,kiemthugialap093@gmail.com,GET,/concerts,4.139,200,ok,0,steady
1791234973.4862216,kiemthugialap064@gmail.com,GET,/orders/me,4.173,200,ok,0,steady
1791234973.5028913,kiemthugialap017@gmail.com,GET,/concerts?on_sale=true,3.666,200,ok,0,steady
1791234973.5039234,kiemthugialap080@gmail.com,GET,/orders/me,5.945,200,ok,0,steady
1791234973.5381973,kiemthugialap025@gmail.com,GET,/concerts/{id},5.014,200,ok,0,steady
1791234973.5546649,kiemthugialap008@gmail.com,GET,/concerts/{id},5.402,200,ok,0,steady
1791234973.555962,kiemthugialap100@gmail.com,GET,/orders/me,7.461,200,ok,0,steady
1791234973.5690906,kiemthugialap095@gmail.com,GET,/orders/me,4.818,200,ok,0,steady
1791234973.5853198,kiemthugialap002@gmail.com,GET,/concerts?on_sale=true,4.23,200,ok,0,steady
1791234973.5862231,kiemthugialap074@gmail.com,GET,/orders/me,5.774,200,ok,0,steady
1791234973.5887566,kiemthugialap087@gmail.com,GET,/orders/me,3.301,200,ok,0,steady
1791234973.6186924,kiemthugialap013@gmail.com,GET,/orders/me,5.784,200,ok,0,steady
1791234973.6598728,kiemthugialap098@gmail.com,GET,/orders/me,11.446,200,ok,0,steady
1791234973.6608984,kiemthugialap028@gmail.com,GET,/orders/me,10.51,200,ok,0,steady
1791234973.661222,kiemthugialap063@gmail.com,GET,/orders/me,12.352,200,ok,0,steady
1791234973.6615872,kiemthugialap096@gmail.com,GET,/orders/me,12.482,200,ok,0,steady
1791234973.6617162,kiemthugialap030@gmail.com,GET,/orders/me,12.405,200,ok,0,steady
1791234973.6873422,kiemthugialap094@gmail.com,GET,/concerts/{id},6.456,200,ok,0,steady
1791234973.6888576,kiemthugialap097@gmail.com,GET,/orders/me,7.317,200,ok,0,steady
1791234973.6914988,kiemthugialap049@gmail.com,GET,/orders/me,3.916,200,ok,0,steady
1791234973.694204,kiemthugialap027@gmail.com,GET,/concerts/{id},2.557,200,ok,0,steady
1791234973.7109764,kiemthugialap031@gmail.com,GET,/concerts,7.38,200,ok,0,steady
1791234973.7113698,kiemthugialap018@gmail.com,GET,/orders/me,6.035,200,ok,0,steady
1791234973.735443,kiemthugialap085@gmail.com,GET,/orders/me,6.15,200,ok,0,steady
1791234973.7401752,kiemthugialap019@gmail.com,GET,/concerts/{id},4.421,200,ok,0,steady
1791234973.7414556,kiemthugialap011@gmail.com,GET,/orders/me,4.726,200,ok,0,steady
1791234973.8011384,kiemthugialap070@gmail.com,GET,/orders/me,4.52,200,ok,0,steady
1791234973.8194597,kiemthugialap099@gmail.com,GET,/orders/me,6.422,200,ok,0,steady
1791234973.8199377,kiemthugialap091@gmail.com,GET,/orders/me,7.811,200,ok,0,steady
1791234973.8353293,kiemthugialap039@gmail.com,GET,/orders/me,6.92,200,ok,0,steady
1791234973.8900743,kiemthugialap016@gmail.com,GET,/orders/me,8.486,200,ok,0,steady
1791234973.9083283,kiemthugialap056@gmail.com,GET,/orders/me,7.802,200,ok,0,steady
1791234973.910934,kiemthugialap032@gmail.com,GET,/orders/me,12.85,200,ok,0,steady
1791234973.9113712,kiemthugialap092@gmail.com,GET,/orders/me,14.333,200,ok,0,steady
1791234973.917445,kiemthugialap014@gmail.com,GET,/orders/me,5.92,200,ok,0,steady
1791234973.9226623,kiemthugialap072@gmail.com,GET,/orders/me,4.406,200,ok,0,steady
1791234973.923105,kiemthugialap047@gmail.com,GET,/orders/me,5.476,200,ok,0,steady
1791234973.954837,kiemthugialap029@gmail.com,GET,/orders/me,5.423,200,ok,0,steady
1791234973.9974527,kiemthugialap006@gmail.com,GET,/concerts?on_sale=true,30.933,200,ok,0,steady
1791234974.000249,kiemthugialap001@gmail.com,GET,/concerts/{id},32.583,200,ok,0,steady
1791234974.000754,kiemthugialap089@gmail.com,GET,/concerts/{id},35.195,200,ok,0,steady
1791234974.0022943,kiemthugialap059@gmail.com,GET,/orders/me,35.013,200,ok,0,steady
1791234974.0027528,kiemthugialap055@gmail.com,GET,/orders/me,35.861,200,ok,0,steady
1791234974.0033958,kiemthugialap042@gmail.com,GET,/concerts,23.084,200,ok,0,steady
1791234974.0521636,kiemthugialap086@gmail.com,GET,/concerts,4.986,200,ok,0,steady
1791234974.0532072,kiemthugialap046@gmail.com,GET,/orders/me,6.932,200,ok,0,steady
1791234974.0564785,kiemthugialap005@gmail.com,GET,/orders/me,3.119,200,ok,0,steady
1791234974.1019242,kiemthugialap010@gmail.com,GET,/orders/me,6.962,200,ok,0,steady
1791234974.1024253,kiemthugialap071@gmail.com,GET,/orders/me,8.076,200,ok,0,steady
1791234974.204511,kiemthugialap075@gmail.com,GET,/concerts,6.59,200,ok,0,steady
1791234974.2058368,kiemthugialap084@gmail.com,GET,/orders/me,7.193,200,ok,0,steady
1791234974.2192228,kiemthugialap030@gmail.com,GET,/orders/me,5.988,200,ok,0,steady
1791234974.246778,kiemthugialap078@gmail.com,GET,/orders/me,6.573,200,ok,0,steady
1791234974.2500572,kiemthugialap090@gmail.com,GET,/orders/me,10.791,200,ok,0,steady
1791234974.25388,kiemthugialap043@gmail.com,GET,/orders/me,5.38,200,ok,0,steady
1791234974.2855947,kiemthugialap022@gmail.com,GET,/concerts,3.744,200,ok,0,steady
1791234974.3198695,kiemthugialap053@gmail.com,GET,/orders/me,5.164,200,ok,0,steady
1791234974.3202271,kiemthugialap040@gmail.com,GET,/orders/me,6.387,200,ok,0,steady
1791234974.3231332,kiemthugialap018@gmail.com,GET,/orders/me,2.788,200,ok,0,steady
1791234974.3678474,kiemthugialap035@gmail.com,GET,/concerts?on_sale=true,20.488,200,ok,0,steady
1791234974.369056,kiemthugialap068@gmail.com,GET,/orders/me,23.048,200,ok,0,steady
1791234974.3853583,kiemthugialap100@gmail.com,GET,/concerts,3.184,200,ok,0,steady
1791234974.4026937,kiemthugialap037@gmail.com,GET,/concerts/{id},4.775,200,ok,0,steady
1791234974.4037478,kiemthugialap024@gmail.com,GET,/orders/me,5.195,200,ok,0,steady
1791234974.4204412,kiemthugialap028@gmail.com,GET,/orders/me,6.755,200,ok,0,steady
1791234974.4252598,kiemthugialap058@gmail.com,GET,/orders/me,4.561,200,ok,0,steady
1791234974.4283516,kiemthugialap051@gmail.com,GET,/orders/me,2.933,200,ok,0,steady
1791234974.4328399,kiemthugialap007@gmail.com,GET,/orders/me,4.337,200,ok,0,steady
1791234974.4527318,kiemthugialap049@gmail.com,GET,/concerts/{id},6.56,200,ok,0,steady
1791234974.4542732,kiemthugialap004@gmail.com,GET,/orders/me,7.237,200,ok,0,steady
1791234974.4552543,kiemthugialap061@gmail.com,GET,/orders/me,7.839,200,ok,0,steady
1791234974.456582,kiemthugialap031@gmail.com,GET,/concerts?on_sale=true,2.167,200,ok,0,steady
1791234974.459409,kiemthugialap079@gmail.com,GET,/orders/me,2.709,200,ok,0,steady
1791234974.4870715,kiemthugialap015@gmail.com,GET,/concerts?on_sale=true,3.317,200,ok,0,steady
1791234974.5043643,kiemthugialap060@gmail.com,GET,/concerts/{id},4.282,200,ok,0,steady
1791234974.5055304,kiemthugialap033@gmail.com,GET,/orders/me,6.065,200,ok,0,steady
1791234974.5082176,kiemthugialap066@gmail.com,GET,/concerts?on_sale=true,2.558,200,ok,0,steady
1791234974.573556,kiemthugialap021@gmail.com,GET,/orders/me,8.99,200,ok,0,steady
1791234974.5742116,kiemthugialap073@gmail.com,GET,/orders/me,9.25,200,ok,0,steady
1791234974.5746913,kiemthugialap036@gmail.com,GET,/orders/me,11.28,200,ok,0,steady
1791234974.619238,kiemthugialap026@gmail.com,GET,/concerts/{id},5.785,200,ok,0,steady
1791234974.6202705,kiemthugialap089@gmail.com,GET,/orders/me,5.833,200,ok,0,steady
1791234974.6495512,kiemthugialap064@gmail.com,GET,/concerts,4.384,200,ok,0,steady
1791234974.650478,kiemthugialap042@gmail.com,GET,/orders/me,6.32,200,ok,0,steady
1791234974.6664681,kiemthugialap077@gmail.com,GET,/orders/me,5.509,200,ok,0,steady
1791234974.7036536,kiemthugialap046@gmail.com,GET,/concerts/{id},5.02,200,ok,0,steady
1791234974.706329,kiemthugialap091@gmail.com,GET,/orders/me,7.443,200,ok,0,steady
1791234974.7066755,kiemthugialap085@gmail.com,GET,/orders/me,8.777,200,ok,0,steady
1791234974.7079844,kiemthugialap008@gmail.com,GET,/concerts/{id},4.202,200,ok,0,steady
1791234974.7097144,kiemthugialap092@gmail.com,GET,/concerts?on_sale=true,5.415,200,ok,0,steady
1791234974.7115252,kiemthugialap045@gmail.com,GET,/concerts?on_sale=true,4.402,200,ok,0,steady
1791234974.71247,kiemthugialap041@gmail.com,GET,/orders/me,5.653,200,ok,0,steady
1791234974.7513978,kiemthugialap012@gmail.com,GET,/orders/me,4.329,200,ok,0,steady
1791234974.769974,kiemthugialap010@gmail.com,GET,/orders/me,7.889,200,ok,0,steady
1791234974.7770271,kiemthugialap034@gmail.com,GET,/concerts/{id},6.763,200,ok,0,steady
1791234974.7779124,kiemthugialap078@gmail.com,GET,/orders/me,7.126,200,ok,0,steady
1791234974.7784574,kiemthugialap081@gmail.com,GET,/orders/me,6.853,200,ok,0,steady
1791234974.805368,kiemthugialap003@gmail.com,GET,/concerts,5.924,200,ok,0,steady
1791234974.8057582,kiemthugialap065@gmail.com,GET,/concerts?on_sale=true,5.547,200,ok,0,steady
1791234974.806608,kiemthugialap023@gmail.com,GET,/orders/me,6.648,200,ok,0,steady
1791234974.8191862,kiemthugialap050@gmail.com,GET,/orders/me,4.439,200,ok,0,steady
1791234974.8354657,kiemthugialap069@gmail.com,GET,/orders/me,4.448,200,ok,0,steady
1791234974.8529274,kiemthugialap044@gmail.com,GET,/orders/me,5.729,200,ok,0,steady
1791234974.8577442,kiemthugialap097@gmail.com,GET,/orders/me,4.638,200,ok,0,steady
1791234974.8673985,kiemthugialap086@gmail.com,GET,/orders/me,5.035,200,ok,0,steady
1791234974.8896134,kiemthugialap048@gmail.com,GET,/concerts,9.493,200,ok,0,steady
1791234974.8901215,kiemthugialap096@gmail.com,GET,/orders/me,11.043,200,ok,0,steady
1791234974.8907642,kiemthugialap053@gmail.com,GET,/orders/me,10.317,200,ok,0,steady
1791234974.9400818,kiemthugialap083@gmail.com,GET,/orders/me,8.142,200,ok,0,steady
1791234974.94053,kiemthugialap098@gmail.com,GET,/orders/me,9.926,200,ok,0,steady
1791234974.9408348,kiemthugialap095@gmail.com,GET,/orders/me,11.617,200,ok,0,steady
1791234974.9411144,kiemthugialap093@gmail.com,GET,/orders/me,10.858,200,ok,0,steady
1791234974.9696906,kiemthugialap067@gmail.com,GET,/orders/me,7.681,200,ok,0,steady
1791234974.970144,kiemthugialap088@gmail.com,GET,/orders/me,7.896,200,ok,0,steady
1791234974.970445,kiemthugialap019@gmail.com,GET,/orders/me,9.162,200,ok,0,steady
1791234974.9852178,kiemthugialap009@gmail.com,GET,/concerts/{id},8.011,200,ok,0,steady
1791234974.986462,kiemthugialap063@gmail.com,GET,/orders/me,8.416,200,ok,0,steady
1791234975.0076993,kiemthugialap076@gmail.com,GET,/orders/me,7.044,200,ok,0,steady
1791234975.0088637,kiemthugialap038@gmail.com,GET,/orders/me,8.727,200,ok,0,steady
1791234975.0093071,kiemthugialap039@gmail.com,GET,/orders/me,8.461,200,ok,0,steady
1791234975.010242,kiemthugialap054@gmail.com,GET,/concerts?on_sale=true,2.318,200,ok,0,steady
1791234975.036747,kiemthugialap035@gmail.com,GET,/orders/me,6.504,200,ok,0,steady
1791234975.0381157,kiemthugialap058@gmail.com,GET,/orders/me,6.856,200,ok,0,steady
1791234975.0395257,kiemthugialap024@gmail.com,GET,/concerts/{id},2.614,200,ok,0,steady
1791234975.067755,kiemthugialap082@gmail.com,GET,/orders/me,6.376,200,ok,0,steady
1791234975.0742154,kiemthugialap084@gmail.com,GET,/concerts,6.179,200,ok,0,steady
1791234975.0751748,kiemthugialap049@gmail.com,GET,/orders/me,6.617,200,ok,0,steady
1791234975.099126,kiemthugialap099@gmail.com,GET,/orders/me,5.686,200,ok,0,steady
1791234975.1242986,kiemthugialap002@gmail.com,GET,/orders/me,6.709,200,ok,0,steady
1791234975.1253657,kiemthugialap052@gmail.com,GET,/orders/me,8.664,200,ok,0,steady
1791234975.1276898,kiemthugialap087@gmail.com,GET,/orders/me,3.21,200,ok,0,steady
1791234975.155984,kiemthugialap057@gmail.com,GET,/concerts,6.034,200,ok,0,steady
1791234975.1570146,kiemthugialap025@gmail.com,GET,/orders/me,8.076,200,ok,0,steady
1791234975.172162,kiemthugialap027@gmail.com,GET,/orders/me,7.298,200,ok,0,steady
1791234975.1874595,kiemthugialap074@gmail.com,GET,/orders/me,7.232,200,ok,0,steady
1791234975.1912127,kiemthugialap005@gmail.com,GET,/orders/me,3.578,200,ok,0,steady
1791234975.2287102,kiemthugialap077@gmail.com,GET,/orders/me,10.548,200,ok,0,steady
1791234975.2311552,kiemthugialap040@gmail.com,GET,/orders/me,13.332,200,ok,0,steady
1791234975.2316194,kiemthugialap080@gmail.com,GET,/orders/me,14.62,200,ok,0,steady
1791234975.2342107,kiemthugialap070@gmail.com,GET,/orders/me,4.817,200,ok,0,steady
1791234975.2513957,kiemthugialap062@gmail.com,GET,/orders/me,5.07,200,ok,0,steady
1791234975.267032,kiemthugialap056@gmail.com,GET,/orders/me,4.961,200,ok,0,steady
1791234975.270688,kiemthugialap055@gmail.com,GET,/orders/me,3.412,200,ok,0,steady
1791234975.300871,kiemthugialap013@gmail.com,GET,/concerts,6.855,200,ok,0,steady
1791234975.3018544,kiemthugialap001@gmail.com,GET,/orders/me,6.762,200,ok,0,steady
1791234975.3206487,kiemthugialap059@gmail.com,GET,/concerts?on_sale=true,4.516,200,ok,0,steady
1791234975.3210545,kiemthugialap085@gmail.com,GET,/concerts/{id},5.5,200,ok,0,steady
1791234975.358449,kiemthugialap020@gmail.com,GET,/orders/me,9.489,200,ok,0,steady
1791234975.358985,kiemthugialap006@gmail.com,GET,/orders/me,7.794,200,ok,0,steady
1791234975.3593485,kiemthugialap060@gmail.com,GET,/orders/me,11.641,200,ok,0,steady
1791234975.3859549,kiemthugialap030@gmail.com,GET,/orders/me,5.043,200,ok,0,steady
1791234975.3886027,kiemthugialap089@gmail.com,GET,/concerts,2.469,200,ok,0,steady
1791234975.4375744,kiemthugialap042@gmail.com,GET,/orders/me,4.284,200,ok,0,steady
1791234975.4411383,kiemthugialap016@gmail.com,GET,/orders/me,3.416,200,ok,0,steady
1791234975.4443648,kiemthugialap100@gmail.com,GET,/orders/me,3.098,200,ok,0,steady
1791234975.4760695,kiemthugialap079@gmail.com,GET,/concerts,10.634,200,ok,0,steady
1791234975.4765139,kiemthugialap041@gmail.com,GET,/concerts?on_sale=true,9.599,200,ok,0,steady
1791234975.4775057,kiemthugialap010@gmail.com,GET,/concerts,12.58,200,ok,0,steady
1791234975.4778616,kiemthugialap095@gmail.com,GET,/orders/me,12.006,200,ok,0,steady
1791234975.4789736,kiemthugialap068@gmail.com,GET,/orders/me,13.318,200,ok,0,steady
1791234975.5025744,kiemthugialap092@gmail.com,GET,/orders/me,5.869,200,ok,0,steady
1791234975.505905,kiemthugialap017@gmail.com,GET,/concerts?on_sale=true,3.097,200,ok,0,steady
1791234975.5347824,kiemthugialap039@gmail.com,GET,/concerts,4.065,200,ok,0,steady
1791234975.573318,kiemthugialap012@gmail.com,GET,/concerts,8.766,200,ok,0,steady
1791234975.5746403,kiemthugialap094@gmail.com,GET,/concerts/{id},7.906,200,ok,0,steady
1791234975.5749538,kiemthugialap061@gmail.com,GET,/concerts?on_sale=true,12.202,200,ok,0,steady
1791234975.5755053,kiemthugialap051@gmail.com,GET,/orders/me,11.446,200,ok,0,steady
1791234975.5759082,kiemthugialap029@gmail.com,GET,/orders/me,11.013,200,ok,0,steady
1791234975.6020067,kiemthugialap032@gmail.com,GET,/orders/me,7.167,200,ok,0,steady
1791234975.602463,kiemthugialap047@gmail.com,GET,/orders/me,6.964,200,ok,0,steady
1791234975.6182063,kiemthugialap048@gmail.com,GET,/orders/me,4.725,200,ok,0,steady
1791234975.6548133,kiemthugialap072@gmail.com,GET,/orders/me,5.59,200,ok,0,steady
1791234975.6554,kiemthugialap049@gmail.com,GET,/orders/me,6.837,200,ok,0,steady
1791234975.6683388,kiemthugialap088@gmail.com,GET,/concerts/{id},3.773,200,ok,0,steady
1791234975.6723244,kiemthugialap024@gmail.com,GET,/orders/me,3.769,200,ok,0,steady
1791234975.6752687,kiemthugialap004@gmail.com,GET,/orders/me,2.813,200,ok,0,steady
1791234975.6843915,kiemthugialap007@gmail.com,GET,/orders/me,4.145,200,ok,0,steady
1791234975.6866589,kiemthugialap043@gmail.com,GET,/concerts,2.093,200,ok,0,steady
1791234975.702719,kiemthugialap011@gmail.com,GET,/orders/me,5.408,200,ok,0,steady
1791234975.7184594,kiemthugialap071@gmail.com,GET,/concerts,5.49,200,ok,0,steady
1791234975.771309,kiemthugialap098@gmail.com,GET,/orders/me,6.365,200,ok,0,steady
1791234975.7719548,kiemthugialap099@gmail.com,GET,/orders/me,6.143,200,ok,0,steady
1791234975.8192978,kiemthugialap014@gmail.com,GET,/orders/me,6.228,200,ok,0,steady
1791234975.8357363,kiemthugialap090@gmail.com,GET,/orders/me,5.756,200,ok,0,steady
1791234975.8719227,kiemthugialap037@gmail.com,GET,/orders/me,6.443,200,ok,0,steady
1791234975.8723645,kiemthugialap026@gmail.com,GET,/orders/me,6.238,200,ok,0,steady
1791234975.8846536,kiemthugialap028@gmail.com,GET,/concerts?on_sale=true,4.13,200,ok,0,steady
1791234975.9200969,kiemthugialap018@gmail.com,GET,/concerts?on_sale=true,6.396,200,ok,0,steady
1791234975.9216428,kiemthugialap034@gmail.com,GET,/orders/me,6.91,200,ok,0,steady
1791234975.9244184,kiemthugialap091@gmail.com,GET,/concerts?on_sale=true,4.148,200,ok,0,steady
1791234975.9253724,kiemthugialap075@gmail.com,GET,/orders/me,4.503,200,ok,0,steady
1791234975.9276776,kiemthugialap005@gmail.com,GET,/orders/me,3.144,200,ok,0,steady
1791234975.9543364,kiemthugialap015@gmail.com,GET,/orders/me,9.529,200,ok,0,steady
1791234975.9548655,kiemthugialap082@gmail.com,GET,/orders/me,9.401,200,ok,0,steady
1791234976.018411,kiemthugialap074@gmail.com,GET,/concerts,4.094,200,ok,0,steady
1791234976.0209444,kiemthugialap081@gmail.com,GET,/concerts,2.369,200,ok,0,steady
1791234976.0356984,kiemthugialap073@gmail.com,GET,/orders/me,5.62,200,ok,0,steady
1791234976.0383043,kiemthugialap033@gmail.com,GET,/concerts/{id},2.437,200,ok,0,steady
1791234976.0519402,kiemthugialap067@gmail.com,GET,/orders/me,5.592,200,ok,0,steady
1791234976.0732772,kiemthugialap044@gmail.com,GET,/orders/me,6.163,200,ok,0,steady
1791234976.073841,kiemthugialap053@gmail.com,GET,/orders/me,7.399,200,ok,0,steady
1791234976.103241,kiemthugialap092@gmail.com,GET,/orders/me,4.961,200,ok,0,steady
1791234976.1492167,kiemthugialap031@gmail.com,GET,/concerts?on_sale=true,15.739,200,ok,0,steady
1791234976.1516879,kiemthugialap032@gmail.com,GET,/orders/me,19.902,200,ok,0,steady
1791234976.1521769,kiemthugialap045@gmail.com,GET,/orders/me,21.654,200,ok,0,steady
1791234976.153417,kiemthugialap035@gmail.com,GET,/concerts,3.972,200,ok,0,steady
1791234976.1870213,kiemthugialap096@gmail.com,GET,/orders/me,4.579,200,ok,0,steady
1791234976.2240891,kiemthugialap009@gmail.com,GET,/concerts?on_sale=true,8.415,200,ok,0,steady
1791234976.225683,kiemthugialap065@gmail.com,GET,/concerts,8.501,200,ok,0,steady
1791234976.2268906,kiemthugialap080@gmail.com,GET,/orders/me,11.718,200,ok,0,steady
1791234976.2275486,kiemthugialap069@gmail.com,GET,/orders/me,13.426,200,ok,0,steady
1791234976.230325,kiemthugialap029@gmail.com,GET,/concerts,5.971,200,ok,0,steady
1791234976.2332082,kiemthugialap022@gmail.com,GET,/orders/me,7.343,200,ok,0,steady
1791234976.25327,kiemthugialap095@gmail.com,GET,/orders/me,7.177,200,ok,0,steady
1791234976.256633,kiemthugialap030@gmail.com,GET,/concerts?on_sale=true,3.114,200,ok,0,steady
1791234976.272558,kiemthugialap001@gmail.com,GET,/orders/me,6.549,200,ok,0,steady
1791234976.274144,kiemthugialap064@gmail.com,GET,/orders/me,9.142,200,ok,0,steady
1791234976.276639,kiemthugialap036@gmail.com,GET,/concerts/{id},3.923,200,ok,0,steady
1791234976.277628,kiemthugialap078@gmail.com,GET,/orders/me,4.603,200,ok,0,steady
1791234976.3335357,kiemthugialap071@gmail.com,GET,/concerts,19.504,200,ok,0,steady
1791234976.3341486,kiemthugialap003@gmail.com,GET,/orders/me,21.212,200,ok,0,steady
1791234976.3345678,kiemthugialap012@gmail.com,GET,/orders/me,20.146,200,ok,0,steady
1791234976.3521135,kiemthugialap066@gmail.com,GET,/orders/me,6.258,200,ok,0,steady
1791234976.3563647,kiemthugialap041@gmail.com,GET,/orders/me,3.978,200,ok,0,steady
1791234976.3728771,kiemthugialap058@gmail.com,GET,/orders/me,5.613,200,ok,0,steady
1791234976.3825438,kiemthugialap020@gmail.com,GET,/concerts?on_sale=true,8.689,200,ok,0,steady
1791234976.3857868,kiemthugialap098@gmail.com,GET,/orders/me,12.637,200,ok,0,steady
1791234976.3867967,kiemthugialap090@gmail.com,GET,/orders/me,12.75,200,ok,0,steady
1791234976.3872504,kiemthugialap061@gmail.com,GET,/orders/me,12.058,200,ok,0,steady
1791234976.3902059,kiemthugialap084@gmail.com,GET,/orders/me,7.361,200,ok,0,steady
1791234976.4205909,kiemthugialap008@gmail.com,GET,/concerts?on_sale=true,5.084,200,ok,0,steady
1791234976.4215474,kiemthugialap085@gmail.com,GET,/orders/me,7.74,200,ok,0,steady
1791234976.433981,kiemthugialap063@gmail.com,GET,/concerts?on_sale=true,3.921,200,ok,0,steady
1791234976.4363732,kiemthugialap046@gmail.com,GET,/concerts/{id},2.222,200,ok,0,steady
1791234976.439515,kiemthugialap055@gmail.com,GET,/orders/me,3.012,200,ok,0,steady
1791234976.4495778,kiemthugialap076@gmail.com,GET,/concerts/{id},3.434,200,ok,0,steady
1791234976.4846826,kiemthugialap021@gmail.com,GET,/concerts,4.725,200,ok,0,steady
1791234976.4857118,kiemthugialap075@gmail.com,GET,/orders/me,5.022,200,ok,0,steady
1791234976.5178952,kiemthugialap023@gmail.com,GET,/orders/me,6.083,200,ok,0,steady
1791234976.5539606,kiemthugialap100@gmail.com,GET,/orders/me,7.068,200,ok,0,steady
1791234976.554357,kiemthugialap040@gmail.com,GET,/orders/me,6.375,200,ok,0,steady
1791234976.567933,kiemthugialap082@gmail.com,GET,/orders/me,4.809,200,ok,0,steady
1791234976.582732,kiemthugialap027@gmail.com,GET,/concerts/{id},3.981,200,ok,0,steady
1791234976.6047442,kiemthugialap004@gmail.com,GET,/concerts/{id},5.866,200,ok,0,steady
1791234976.6052613,kiemthugialap047@gmail.com,GET,/orders/me,5.901,200,ok,0,steady
1791234976.6190045,kiemthugialap054@gmail.com,GET,/orders/me,4.539,200,ok,0,steady
1791234976.6687713,kiemthugialap059@gmail.com,GET,/orders/me,5.398,200,ok,0,steady
1791234976.6691487,kiemthugialap033@gmail.com,GET,/orders/me,6.663,200,ok,0,steady
1791234976.68635,kiemthugialap083@gmail.com,GET,/orders/me,7.269,200,ok,0,steady
1791234976.7017233,kiemthugialap060@gmail.com,GET,/orders/me,4.361,200,ok,0,steady
1791234976.7060611,kiemthugialap086@gmail.com,GET,/concerts,4.119,200,ok,0,steady
1791234976.707274,kiemthugialap097@gmail.com,GET,/orders/me,4.542,200,ok,0,steady
1791234976.7276068,kiemthugialap050@gmail.com,GET,/concerts/{id},6.693,200,ok,0,steady
1791234976.7286227,kiemthugialap024@gmail.com,GET,/orders/me,6.177,200,ok,0,steady
1791234976.751704,kiemthugialap022@gmail.com,GET,/orders/me,4.952,200,ok,0,steady
1791234976.7842844,kiemthugialap026@gmail.com,GET,/orders/me,5.882,200,ok,0,steady
1791234976.8039148,kiemthugialap006@gmail.com,GET,/orders/me,4.424,200,ok,0,steady
1791234976.8201323,kiemthugialap042@gmail.com,GET,/orders/me,4.962,200,ok,0,steady
1791234976.8551195,kiemthugialap070@gmail.com,GET,/orders/me,7.772,200,ok,0,steady
1791234976.8573925,kiemthugialap087@gmail.com,GET,/orders/me,8.209,200,ok,0,steady
1791234976.8578079,kiemthugialap016@gmail.com,GET,/orders/me,8.252,200,ok,0,steady
1791234976.8589027,kiemthugialap056@gmail.com,GET,/orders/me,3.616,200,ok,0,steady
1791234976.87984,kiemthugialap044@gmail.com,GET,/orders/me,5.106,200,ok,0,steady
1791234976.8833282,kiemthugialap088@gmail.com,GET,/concerts/{id},3.218,200,ok,0,steady
1791234976.89496,kiemthugialap051@gmail.com,GET,/orders/me,4.205,200,ok,0,steady
1791234976.9030411,kiemthugialap067@gmail.com,GET,/orders/me,5.106,200,ok,0,steady
1791234976.9069457,kiemthugialap093@gmail.com,GET,/orders/me,3.667,200,ok,0,steady
1791234976.9385796,kiemthugialap019@gmail.com,GET,/orders/me,5.244,200,ok,0,steady
1791234976.9471657,kiemthugialap014@gmail.com,GET,/orders/me,8.392,200,ok,0,steady
1791234976.9480972,kiemthugialap062@gmail.com,GET,/orders/me,8.602,200,ok,0,steady
1791234976.9875648,kiemthugialap052@gmail.com,GET,/orders/me,6.054,200,ok,0,steady
1791234976.987962,kiemthugialap038@gmail.com,GET,/orders/me,7.652,200,ok,0,steady
1791234977.0015762,kiemthugialap030@gmail.com,GET,/concerts,5.67,200,ok,0,steady
1791234977.0202398,kiemthugialap084@gmail.com,GET,/orders/me,8.205,200,ok,0,steady
1791234977.04377,kiemthugialap002@gmail.com,GET,/concerts?on_sale=true,9.39,200,ok,0,steady
1791234977.047179,kiemthugialap015@gmail.com,GET,/concerts?on_sale=true,13.335,200,ok,0,steady
1791234977.0503316,kiemthugialap025@gmail.com,GET,/orders/me,14.076,200,ok,0,steady
1791234977.0507429,kiemthugialap010@gmail.com,GET,/orders/me,14.892,200,ok,0,steady
1791234977.0510879,kiemthugialap049@gmail.com,GET,/orders/me,16.392,200,ok,0,steady
1791234977.0525386,kiemthugialap057@gmail.com,GET,/orders/me,15.435,200,ok,0,steady
1791234977.0535815,kiemthugialap013@gmail.com,GET,/orders/me,9.636,200,ok,0,steady
1791234977.0549371,kiemthugialap021@gmail.com,GET,/concerts/{id},3.679,200,ok,0,steady
1791234977.0571558,kiemthugialap077@gmail.com,GET,/concerts,2.069,200,ok,0,steady
1791234977.0679984,kiemthugialap079@gmail.com,GET,/orders/me,5.812,200,ok,0,steady
1791234977.0852969,kiemthugialap094@gmail.com,GET,/orders/me,5.036,200,ok,0,steady
1791234977.1057224,kiemthugialap076@gmail.com,GET,/concerts,8.249,200,ok,0,steady
1791234977.107281,kiemthugialap075@gmail.com,GET,/concerts/{id},7.156,200,ok,0,steady
1791234977.1077256,kiemthugialap041@gmail.com,GET,/concerts?on_sale=true,8.507,200,ok,0,steady
1791234977.109128,kiemthugialap011@gmail.com,GET,/concerts,10.297,200,ok,0,steady
1791234977.1099026,kiemthugialap029@gmail.com,GET,/orders/me,13.902,200,ok,0,steady
1791234977.1594443,kiemthugialap043@gmail.com,GET,/orders/me,5.398,200,ok,0,steady
1791234977.1598496,kiemthugialap066@gmail.com,GET,/orders/me,6.88,200,ok,0,steady
1791234977.25542,kiemthugialap090@gmail.com,GET,/orders/me,6.674,200,ok,0,steady
1791234977.2559083,kiemthugialap005@gmail.com,GET,/orders/me,6.706,200,ok,0,steady
1791234977.2866669,kiemthugialap091@gmail.com,GET,/orders/me,6.017,200,ok,0,steady
1791234977.2896345,kiemthugialap089@gmail.com,GET,/orders/me,2.833,200,ok,0,steady
1791234977.3205974,kiemthugialap027@gmail.com,GET,/concerts/{id},5.649,200,ok,0,steady
1791234977.3222408,kiemthugialap007@gmail.com,GET,/orders/me,6.917,200,ok,0,steady
1791234977.3226547,kiemthugialap099@gmail.com,GET,/orders/me,9.174,200,ok,0,steady
1791234977.3723776,kiemthugialap028@gmail.com,GET,/concerts/{id},7.772,200,ok,0,steady
1791234977.3737645,kiemthugialap037@gmail.com,GET,/orders/me,8.701,200,ok,0,steady
1791234977.3744988,kiemthugialap017@gmail.com,GET,/orders/me,8.473,200,ok,0,steady
1791234977.4190226,kiemthugialap039@gmail.com,GET,/orders/me,5.257,200,ok,0,steady
1791234977.4227166,kiemthugialap074@gmail.com,GET,/orders/me,3.503,200,ok,0,steady
1791234977.4557018,kiemthugialap053@gmail.com,GET,/concerts,7.7,200,ok,0,steady
1791234977.4577763,kiemthugialap068@gmail.com,GET,/orders/me,11.039,200,ok,0,steady
1791234977.4579425,kiemthugialap085@gmail.com,GET,/orders/me,9.596,200,ok,0,steady
1791234977.4606988,kiemthugialap072@gmail.com,GET,/concerts,4.425,200,ok,0,steady
1791234977.463646,kiemthugialap031@gmail.com,GET,/orders/me,7.757,200,ok,0,steady
1791234977.470706,kiemthugialap096@gmail.com,GET,/orders/me,9.818,200,ok,0,steady
1791234977.4770067,kiemthugialap054@gmail.com,GET,/orders/me,5.927,200,ok,0,steady
1791234977.505504,kiemthugialap047@gmail.com,GET,/concerts/{id},6.674,200,ok,0,steady
1791234977.5067935,kiemthugialap069@gmail.com,GET,/orders/me,9.542,200,ok,0,steady
1791234977.5363853,kiemthugialap024@gmail.com,GET,/orders/me,6.878,200,ok,0,steady
1791234977.552386,kiemthugialap048@gmail.com,GET,/concerts/{id},7.406,200,ok,0,steady
1791234977.5538113,kiemthugialap035@gmail.com,GET,/orders/me,7.877,200,ok,0,steady
1791234977.5738382,kiemthugialap086@gmail.com,GET,/orders/me,6.159,200,ok,0,steady
1791234977.610508,kiemthugialap080@gmail.com,GET,/orders/me,14.727,200,ok,0,steady
1791234977.6120307,kiemthugialap097@gmail.com,GET,/orders/me,14.897,200,ok,0,steady
1791234977.6125097,kiemthugialap016@gmail.com,GET,/orders/me,12.538,200,ok,0,steady
1791234977.612935,kiemthugialap064@gmail.com,GET,/orders/me,16.21,200,ok,0,steady
1791234977.6133947,kiemthugialap067@gmail.com,GET,/orders/me,14.791,200,ok,0,steady
1791234977.6165879,kiemthugialap046@gmail.com,GET,/orders/me,5.859,200,ok,0,steady
1791234977.6207457,kiemthugialap034@gmail.com,GET,/orders/me,3.755,200,ok,0,steady
1791234977.6334815,kiemthugialap075@gmail.com,GET,/orders/me,6.091,200,ok,0,steady
1791234977.6378722,kiemthugialap040@gmail.com,GET,/orders/me,4.142,200,ok,0,steady
1791234977.6501412,kiemthugialap018@gmail.com,GET,/concerts/{id},4.453,200,ok,0,steady
1791234977.675342,kiemthugialap092@gmail.com,GET,/concerts/{id},6.852,200,ok,0,steady
1791234977.6759756,kiemthugialap036@gmail.com,GET,/orders/me,8.453,200,ok,0,steady
1791234977.6766865,kiemthugialap008@gmail.com,GET,/orders/me,6.953,200,ok,0,steady
1791234977.6789434,kiemthugialap049@gmail.com,GET,/concerts/{id},2.13,200,ok,0,steady
1791234977.7101855,kiemthugialap070@gmail.com,GET,/concerts?on_sale=true,5.965,200,ok,0,steady
1791234977.7180798,kiemthugialap012@gmail.com,GET,/orders/me,14.461,200,ok,0,steady
1791234977.7185636,kiemthugialap076@gmail.com,GET,/orders/me,8.196,200,ok,0,steady
1791234977.7586548,kiemthugialap045@gmail.com,GET,/orders/me,11.425,200,ok,0,steady
1791234977.7603855,kiemthugialap006@gmail.com,GET,/concerts,8.269,200,ok,0,steady
1791234977.7608786,kiemthugialap095@gmail.com,GET,/orders/me,11.465,200,ok,0,steady
1791234977.7633035,kiemthugialap073@gmail.com,GET,/orders/me,4.348,200,ok,0,steady
1791234977.7947602,kiemthugialap009@gmail.com,GET,/orders/me,8.901,200,ok,0,steady
1791234977.7951722,kiemthugialap063@gmail.com,GET,/orders/me,10.668,200,ok,0,steady
1791234977.7954867,kiemthugialap081@gmail.com,GET,/orders/me,9.459,200,ok,0,steady
1791234977.7958033,kiemthugialap079@gmail.com,GET,/orders/me,10.269,200,ok,0,steady
1791234977.8197095,kiemthugialap044@gmail.com,GET,/orders/me,3.776,200,ok,0,steady
1791234977.8354394,kiemthugialap062@gmail.com,GET,/orders/me,3.841,200,ok,0,steady
1791234977.8515124,kiemthugialap032@gmail.com,GET,/concerts,3.733,200,ok,0,steady
1791234977.9222558,kiemthugialap003@gmail.com,GET,/orders/me,6.904,200,ok,0,steady
1791234977.9227104,kiemthugialap026@gmail.com,GET,/orders/me,6.446,200,ok,0,steady
1791234977.9230108,kiemthugialap077@gmail.com,GET,/orders/me,8.667,200,ok,0,steady
1791234977.937402,kiemthugialap001@gmail.com,GET,/concerts/{id},5.502,200,ok,0,steady
1791234977.938613,kiemthugialap022@gmail.com,GET,/orders/me,8.178,200,ok,0,steady
1791234977.941897,kiemthugialap019@gmail.com,GET,/orders/me,4.259,200,ok,0,steady
1791234977.9446552,kiemthugialap007@gmail.com,GET,/concerts/{id},2.606,200,ok,0,steady
1791234977.9514441,kiemthugialap084@gmail.com,GET,/concerts?on_sale=true,4.619,200,ok,0,steady
1791234977.9733458,kiemthugialap029@gmail.com,GET,/orders/me,8.246,200,ok,0,steady
1791234977.9738774,kiemthugialap082@gmail.com,GET,/orders/me,10.002,200,ok,0,steady
1791234977.9742093,kiemthugialap083@gmail.com,GET,/orders/me,8.027,200,ok,0,steady
1791234977.985939,kiemthugialap021@gmail.com,GET,/orders/me,5.604,200,ok,0,steady
1791234978.000999,kiemthugialap071@gmail.com,GET,/orders/me,5.189,200,ok,0,steady
1791234978.0557797,kiemthugialap052@gmail.com,GET,/orders/me,7.532,200,ok,0,steady
1791234978.0572276,kiemthugialap088@gmail.com,GET,/orders/me,12.074,200,ok,0,steady
1791234978.0577927,kiemthugialap050@gmail.com,GET,/orders/me,10.862,200,ok,0,steady
1791234978.0583186,kiemthugialap098@gmail.com,GET,/orders/me,11.975,200,ok,0,steady
1791234978.0618227,kiemthugialap058@gmail.com,GET,/orders/me,5.799,200,ok,0,steady
1791234978.06321,kiemthugialap002@gmail.com,GET,/orders/me,4.76,200,ok,0,steady
1791234978.087169,kiemthugialap017@gmail.com,GET,/concerts?on_sale=true,6.036,200,ok,0,steady
1791234978.08816,kiemthugialap074@gmail.com,GET,/orders/me,7.789,200,ok,0,steady
1791234978.117246,kiemthugialap015@gmail.com,GET,/orders/me,5.362,200,ok,0,steady
1791234978.1667137,kiemthugialap055@gmail.com,GET,/orders/me,6.817,200,ok,0,steady
1791234978.167124,kiemthugialap053@gmail.com,GET,/orders/me,6.423,200,ok,0,steady
1791234978.1834855,kiemthugialap061@gmail.com,GET,/orders/me,7.889,200,ok,0,steady
1791234978.2016933,kiemthugialap054@gmail.com,GET,/orders/me,19.674,200,ok,0,steady
1791234978.203355,kiemthugialap038@gmail.com,GET,/concerts?on_sale=true,16.793,200,ok,0,steady
1791234978.2057903,kiemthugialap065@gmail.com,GET,/concerts/{id},6.362,200,ok,0,steady
1791234978.2063167,kiemthugialap087@gmail.com,GET,/orders/me,20.637,200,ok,0,steady
1791234978.2224414,kiemthugialap047@gmail.com,GET,/orders/me,5.042,200,ok,0,steady
1791234978.2504795,kiemthugialap066@gmail.com,GET,/orders/me,4.938,200,ok,0,steady
1791234978.2671106,kiemthugialap094@gmail.com,GET,/orders/me,5.629,200,ok,0,steady
1791234978.2828193,kiemthugialap078@gmail.com,GET,/orders/me,5.367,200,ok,0,steady
1791234978.310841,kiemthugialap100@gmail.com,GET,/concerts,10.206,200,ok,0,steady
1791234978.3132498,kiemthugialap045@gmail.com,GET,/orders/me,11.625,200,ok,0,steady
1791234978.3137035,kiemthugialap057@gmail.com,GET,/orders/me,10.365,200,ok,0,steady
1791234978.319078,kiemthugialap006@gmail.com,GET,/orders/me,7.96,200,ok,0,steady
1791234978.320377,kiemthugialap034@gmail.com,GET,/orders/me,8.674,200,ok,0,steady
1791234978.3226135,kiemthugialap059@gmail.com,GET,/orders/me,3.361,200,ok,0,steady
1791234978.3533957,kiemthugialap046@gmail.com,GET,/concerts/{id},4.392,200,ok,0,steady
1791234978.3542328,kiemthugialap092@gmail.com,GET,/concerts/{id},4.96,200,ok,0,steady
1791234978.3548474,kiemthugialap020@gmail.com,GET,/orders/me,6.696,200,ok,0,steady
1791234978.370253,kiemthugialap023@gmail.com,GET,/orders/me,5.847,200,ok,0,steady
1791234978.3707433,kiemthugialap099@gmail.com,GET,/orders/me,6.876,200,ok,0,steady
1791234978.374166,kiemthugialap042@gmail.com,GET,/orders/me,3.291,200,ok,0,steady
1791234978.4207382,kiemthugialap063@gmail.com,GET,/orders/me,4.413,200,ok,0,steady
1791234978.4238575,kiemthugialap070@gmail.com,GET,/orders/me,2.974,200,ok,0,steady
1791234978.4574301,kiemthugialap039@gmail.com,GET,/concerts?on_sale=true,8.41,200,ok,0,steady
1791234978.4579396,kiemthugialap011@gmail.com,GET,/concerts?on_sale=true,10.031,200,ok,0,steady
1791234978.4597294,kiemthugialap010@gmail.com,GET,/orders/me,10.991,200,ok,0,steady
1791234978.4600687,kiemthugialap095@gmail.com,GET,/orders/me,11.582,200,ok,0,steady
1791234978.4603763,kiemthugialap068@gmail.com,GET,/orders/me,11.21,200,ok,0,steady
1791234978.4887512,kiemthugialap004@gmail.com,GET,/orders/me,8.636,200,ok,0,steady
1791234978.4892497,kiemthugialap033@gmail.com,GET,/orders/me,7.824,200,ok,0,steady
1791234978.533546,kiemthugialap069@gmail.com,GET,/concerts/{id},4.05,200,ok,0,steady
1791234978.5507994,kiemthugialap021@gmail.com,GET,/concerts,5.544,200,ok,0,steady
1791234978.551179,kiemthugialap072@gmail.com,GET,/orders/me,5.087,200,ok,0,steady
1791234978.5832481,kiemthugialap097@gmail.com,GET,/orders/me,6.147,200,ok,0,steady
1791234978.6017404,kiemthugialap026@gmail.com,GET,/concerts?on_sale=true,4.624,200,ok,0,steady
1791234978.602761,kiemthugialap031@gmail.com,GET,/orders/me,6.213,200,ok,0,steady
1791234978.6200006,kiemthugialap081@gmail.com,GET,/concerts,6.124,200,ok,0,steady
1791234978.621563,kiemthugialap051@gmail.com,GET,/orders/me,8.951,200,ok,0,steady
1791234978.6219227,kiemthugialap037@gmail.com,GET,/orders/me,8.326,200,ok,0,steady
1791234978.654487,kiemthugialap043@gmail.com,GET,/orders/me,8.388,200,ok,0,steady
1791234978.6549113,kiemthugialap060@gmail.com,GET,/orders/me,9.132,200,ok,0,steady
1791234978.6552012,kiemthugialap027@gmail.com,GET,/orders/me,10.819,200,ok,0,steady
1791234978.7205105,kiemthugialap013@gmail.com,GET,/concerts,4.091,200,ok,0,steady
1791234978.7350466,kiemthugialap041@gmail.com,GET,/concerts,14.314,200,ok,0,steady
1791234978.7382894,kiemthugialap085@gmail.com,GET,/orders/me,17.185,200,ok,0,steady
1791234978.740453,kiemthugialap093@gmail.com,GET,/orders/me,6.909,200,ok,0,steady
1791234978.7525718,kiemthugialap056@gmail.com,GET,/concerts,3.168,200,ok,0,steady
1791234978.769226,kiemthugialap086@gmail.com,GET,/orders/me,5.599,200,ok,0,steady
1791234978.7741082,kiemthugialap049@gmail.com,GET,/orders/me,4.657,200,ok,0,steady
1791234978.8059146,kiemthugialap087@gmail.com,GET,/concerts?on_sale=true,5.972,200,ok,0,steady
1791234978.807055,kiemthugialap080@gmail.com,GET,/orders/me,6.159,200,ok,0,steady
1791234978.8121665,kiemthugialap038@gmail.com,GET,/orders/me,3.72,200,ok,0,steady
1791234978.815469,kiemthugialap025@gmail.com,GET,/concerts,3.152,200,ok,0,steady
1791234978.8721557,kiemthugialap077@gmail.com,GET,/concerts?on_sale=true,8.424,200,ok,0,steady
1791234978.8738735,kiemthugialap058@gmail.com,GET,/orders/me,9.194,200,ok,0,steady
1791234978.8884544,kiemthugialap005@gmail.com,GET,/orders/me,7.504,200,ok,0,steady
1791234978.8917422,kiemthugialap046@gmail.com,GET,/concerts?on_sale=true,3.044,200,ok,0,steady
1791234978.9239008,kiemthugialap022@gmail.com,GET,/orders/me,9.288,200,ok,0,steady
1791234978.924437,kiemthugialap024@gmail.com,GET,/orders/me,8.439,200,ok,0,steady
1791234978.9381597,kiemthugialap014@gmail.com,GET,/orders/me,7.396,200,ok,0,steady
1791234978.9411616,kiemthugialap030@gmail.com,GET,/concerts,2.81,200,ok,0,steady
1791234978.9458654,kiemthugialap012@gmail.com,GET,/orders/me,4.515,200,ok,0,steady
1791234978.9725828,kiemthugialap019@gmail.com,GET,/orders/me,9.081,200,ok,0,steady
1791234978.9809203,kiemthugialap089@gmail.com,GET,/orders/me,8.004,200,ok,0,steady
1791234978.9815278,kiemthugialap076@gmail.com,GET,/orders/me,7.944,200,ok,0,steady
1791234979.0060575,kiemthugialap033@gmail.com,GET,/orders/me,8.134,200,ok,0,steady
1791234979.011271,kiemthugialap084@gmail.com,GET,/orders/me,4.893,200,ok,0,steady
1791234979.0177648,kiemthugialap028@gmail.com,GET,/orders/me,6.233,200,ok,0,steady
1791234979.0408266,kiemthugialap075@gmail.com,GET,/orders/me,9.831,200,ok,0,steady
1791234979.0413163,kiemthugialap052@gmail.com,GET,/orders/me,9.002,200,ok,0,steady
1791234979.0897157,kiemthugialap099@gmail.com,GET,/concerts/{id},9.475,200,ok,0,steady
1791234979.0912988,kiemthugialap006@gmail.com,GET,/orders/me,10.079,200,ok,0,steady
1791234979.0925937,kiemthugialap090@gmail.com,GET,/orders/me,11.053,200,ok,0,steady
1791234979.0954204,kiemthugialap003@gmail.com,GET,/orders/me,3.974,200,ok,0,steady
1791234979.1698704,kiemthugialap088@gmail.com,GET,/orders/me,53.808,200,ok,0,steady
1791234979.1716142,kiemthugialap039@gmail.com,GET,/orders/me,55.962,200,ok,0,steady
1791234979.1756828,kiemthugialap004@gmail.com,GET,/concerts?on_sale=true,26.764,200,ok,0,steady
1791234979.1762335,kiemthugialap070@gmail.com,GET,/concerts?on_sale=true,26.974,200,ok,0,steady
1791234979.1766696,kiemthugialap083@gmail.com,GET,/orders/me,62.053,200,ok,0,steady
1791234979.1771357,kiemthugialap015@gmail.com,GET,/concerts/{id},29.265,200,ok,0,steady
1791234979.1776068,kiemthugialap098@gmail.com,GET,/concerts?on_sale=true,13.182,200,ok,0,steady
1791234979.1790795,kiemthugialap053@gmail.com,GET,/concerts?on_sale=true,4.657,200,ok,0,steady
1791234979.2096097,kiemthugialap064@gmail.com,GET,/orders/me,11.439,200,ok,0,steady
1791234979.2102566,kiemthugialap043@gmail.com,GET,/orders/me,10.686,200,ok,0,steady
1791234979.2106166,kiemthugialap017@gmail.com,GET,/orders/me,11.425,200,ok,0,steady
1791234979.2282948,kiemthugialap096@gmail.com,GET,/orders/me,12.67,200,ok,0,steady
1791234979.2288415,kiemthugialap091@gmail.com,GET,/orders/me,10.604,200,ok,0,steady
1791234979.229269,kiemthugialap034@gmail.com,GET,/orders/me,11.995,200,ok,0,steady
1791234979.2567298,kiemthugialap008@gmail.com,GET,/orders/me,8.417,200,ok,0,steady
1791234979.2581747,kiemthugialap079@gmail.com,GET,/orders/me,11.172,200,ok,0,steady
1791234979.2610607,kiemthugialap036@gmail.com,GET,/orders/me,4.084,200,ok,0,steady
1791234979.3225813,kiemthugialap073@gmail.com,GET,/orders/me,8.187,200,ok,0,steady
1791234979.3281612,kiemthugialap059@gmail.com,GET,/concerts,4.246,200,ok,0,steady
1791234979.329115,kiemthugialap093@gmail.com,GET,/orders/me,6.278,200,ok,0,steady
1791234979.3587723,kiemthugialap035@gmail.com,GET,/orders/me,9.789,200,ok,0,steady
1791234979.3607218,kiemthugialap100@gmail.com,GET,/concerts/{id},13.702,200,ok,0,steady
1791234979.361733,kiemthugialap016@gmail.com,GET,/orders/me,13.374,200,ok,0,steady
1791234979.361936,kiemthugialap063@gmail.com,GET,/orders/me,13.253,200,ok,0,steady
1791234979.36913,kiemthugialap040@gmail.com,GET,/orders/me,9.544,200,ok,0,steady
1791234979.3712645,kiemthugialap038@gmail.com,GET,/orders/me,12.227,200,ok,0,steady
1791234979.3758605,kiemthugialap082@gmail.com,GET,/concerts?on_sale=true,4.351,200,ok,0,steady
1791234979.3769307,kiemthugialap049@gmail.com,GET,/orders/me,7.52,200,ok,0,steady
1791234979.382847,kiemthugialap047@gmail.com,GET,/orders/me,6.775,200,ok,0,steady
1791234979.3855286,kiemthugialap087@gmail.com,GET,/orders/me,8.432,200,ok,0,steady
1791234979.4058156,kiemthugialap048@gmail.com,GET,/concerts?on_sale=true,7.973,200,ok,0,steady
1791234979.459533,kiemthugialap009@gmail.com,GET,/concerts,8.744,200,ok,0,steady
1791234979.4624865,kiemthugialap050@gmail.com,GET,/orders/me,14.149,200,ok,0,steady
1791234979.4630392,kiemthugialap020@gmail.com,GET,/orders/me,14.338,200,ok,0,steady
1791234979.463474,kiemthugialap044@gmail.com,GET,/orders/me,16.613,200,ok,0,steady
1791234979.4648805,kiemthugialap055@gmail.com,GET,/concerts,5.091,200,ok,0,steady
1791234979.488538,kiemthugialap067@gmail.com,GET,/orders/me,8.375,200,ok,0,steady
1791234979.4942868,kiemthugialap062@gmail.com,GET,/orders/me,5.413,200,ok,0,steady
1791234979.5233364,kiemthugialap007@gmail.com,GET,/concerts,8.616,200,ok,0,steady
1791234979.5244238,kiemthugialap010@gmail.com,GET,/orders/me,10.467,200,ok,0,steady
1791234979.5249858,kiemthugialap086@gmail.com,GET,/orders/me,9.465,200,ok,0,steady
1791234979.5564213,kiemthugialap068@gmail.com,GET,/orders/me,8.579,200,ok,0,steady
1791234979.5638921,kiemthugialap077@gmail.com,GET,/orders/me,7.162,200,ok,0,steady
1791234979.564665,kiemthugialap002@gmail.com,GET,/orders/me,7.014,200,ok,0,steady
1791234979.5904248,kiemthugialap012@gmail.com,GET,/concerts/{id},10.23,200,ok,0,steady
1791234979.5921383,kiemthugialap051@gmail.com,GET,/orders/me,10.484,200,ok,0,steady
1791234979.5928028,kiemthugialap061@gmail.com,GET,/orders/me,11.519,200,ok,0,steady
1791234979.5944786,kiemthugialap018@gmail.com,GET,/concerts/{id},3.774,200,ok,0,steady
1791234979.6055074,kiemthugialap026@gmail.com,GET,/concerts,7.581,200,ok,0,steady
1791234979.6533282,kiemthugialap095@gmail.com,GET,/orders/me,8.403,200,ok,0,steady
1791234979.6587198,kiemthugialap054@gmail.com,GET,/orders/me,5.031,200,ok,0,steady
1791234979.6873748,kiemthugialap071@gmail.com,GET,/concerts/{id},6.291,200,ok,0,steady
1791234979.7246165,kiemthugialap078@gmail.com,GET,/concerts?on_sale=true,10.739,200,ok,0,steady
1791234979.7256873,kiemthugialap013@gmail.com,GET,/orders/me,10.634,200,ok,0,steady
1791234979.7529497,kiemthugialap004@gmail.com,GET,/orders/me,4.985,200,ok,0,steady
1791234979.7669685,kiemthugialap021@gmail.com,GET,/orders/me,7.121,200,ok,0,steady
1791234979.767984,kiemthugialap064@gmail.com,GET,/orders/me,7.561,200,ok,0,steady
1791234979.7697823,kiemthugialap031@gmail.com,GET,/concerts,2.642,200,ok,0,steady
1791234979.7726853,kiemthugialap001@gmail.com,GET,/orders/me,4.58,200,ok,0,steady
1791234979.7896535,kiemthugialap032@gmail.com,GET,/orders/me,9.378,200,ok,0,steady
1791234979.790134,kiemthugialap023@gmail.com,GET,/orders/me,8.207,200,ok,0,steady
1791234979.7910614,kiemthugialap092@gmail.com,GET,/orders/me,8.288,200,ok,0,steady
1791234979.8203373,kiemthugialap029@gmail.com,GET,/orders/me,6.411,200,ok,0,steady
1791234979.8521967,kiemthugialap030@gmail.com,GET,/concerts?on_sale=true,5.414,200,ok,0,steady
1791234979.8533897,kiemthugialap033@gmail.com,GET,/orders/me,6.011,200,ok,0,steady
1791234979.8716242,kiemthugialap046@gmail.com,GET,/orders/me,7.957,200,ok,0,steady
1791234979.9709744,kiemthugialap059@gmail.com,GET,/concerts?on_sale=true,7.567,200,ok,0,steady
1791234979.971797,kiemthugialap037@gmail.com,GET,/orders/me,7.584,200,ok,0,steady
1791234979.984994,kiemthugialap050@gmail.com,GET,/orders/me,4.913,200,ok,0,steady
1791234980.0038254,kiemthugialap072@gmail.com,GET,/concerts,6.883,200,ok,0,steady
1791234980.0056715,kiemthugialap065@gmail.com,GET,/orders/me,6.528,200,ok,0,steady
1791234980.00679,kiemthugialap085@gmail.com,GET,/orders/me,8.696,200,ok,0,steady
1791234980.0081568,kiemthugialap076@gmail.com,GET,/concerts?on_sale=true,2.288,200,ok,0,steady
1791234980.0104258,kiemthugialap074@gmail.com,GET,/concerts/{id},2.119,200,ok,0,steady
1791234980.0166006,kiemthugialap057@gmail.com,GET,/concerts?on_sale=true,3.34,200,ok,0,steady
1791234980.0384793,kiemthugialap045@gmail.com,GET,/concerts,6.383,200,ok,0,steady
1791234980.0401163,kiemthugialap041@gmail.com,GET,/orders/me,9.069,200,ok,0,steady
1791234980.0405197,kiemthugialap009@gmail.com,GET,/orders/me,8.727,200,ok,0,steady
1791234980.044497,kiemthugialap060@gmail.com,GET,/orders/me,3.848,200,ok,0,steady
1791234980.0696216,kiemthugialap011@gmail.com,GET,/orders/me,6.459,200,ok,0,steady
1791234980.07293,kiemthugialap003@gmail.com,GET,/concerts,3.042,200,ok,0,steady
1791234980.101711,kiemthugialap098@gmail.com,GET,/concerts/{id},3.891,200,ok,0,steady
1791234980.1186023,kiemthugialap094@gmail.com,GET,/concerts?on_sale=true,3.559,200,ok,0,steady
1791234980.156662,kiemthugialap055@gmail.com,GET,/concerts?on_sale=true,8.311,200,ok,0,steady
1791234980.1570845,kiemthugialap058@gmail.com,GET,/concerts?on_sale=true,7.367,200,ok,0,steady
1791234980.1584213,kiemthugialap042@gmail.com,GET,/orders/me,9.298,200,ok,0,steady
1791234980.1587875,kiemthugialap006@gmail.com,GET,/orders/me,9.353,200,ok,0,steady
1791234980.1924546,kiemthugialap024@gmail.com,GET,/orders/me,11.037,200,ok,0,steady
1791234980.1938615,kiemthugialap066@gmail.com,GET,/orders/me,13.825,200,ok,0,steady
1791234980.1959624,kiemthugialap025@gmail.com,GET,/concerts/{id},3.287,200,ok,0,steady
1791234980.2016,kiemthugialap022@gmail.com,GET,/orders/me,5.45,200,ok,0,steady
1791234980.207097,kiemthugialap034@gmail.com,GET,/orders/me,5.258,200,ok,0,steady
1791234980.2256105,kiemthugialap069@gmail.com,GET,/concerts,5.241,200,ok,0,steady
1791234980.2398767,kiemthugialap019@gmail.com,GET,/concerts,3.972,200,ok,0,steady
1791234980.284833,kiemthugialap053@gmail.com,GET,/concerts,3.336,200,ok,0,steady
1791234980.3195543,kiemthugialap020@gmail.com,GET,/concerts,5.917,200,ok,0,steady
1791234980.3204875,kiemthugialap047@gmail.com,GET,/orders/me,5.713,200,ok,0,steady
1791234980.3358133,kiemthugialap026@gmail.com,GET,/orders/me,4.775,200,ok,0,steady
1791234980.339152,kiemthugialap021@gmail.com,GET,/orders/me,3.148,200,ok,0,steady
1791234980.3688653,kiemthugialap004@gmail.com,GET,/orders/me,5.471,200,ok,0,steady
1791234980.3871546,kiemthugialap007@gmail.com,GET,/concerts/{id},3.565,200,ok,0,steady
1791234980.3882792,kiemthugialap036@gmail.com,GET,/orders/me,5.563,200,ok,0,steady
1791234980.4535182,kiemthugialap023@gmail.com,GET,/orders/me,6.376,200,ok,0,steady
1791234980.453924,kiemthugialap086@gmail.com,GET,/orders/me,5.187,200,ok,0,steady
1791234980.4701862,kiemthugialap056@gmail.com,GET,/orders/me,7.997,200,ok,0,steady
1791234980.4731245,kiemthugialap083@gmail.com,GET,/concerts,5.642,200,ok,0,steady
1791234980.4957426,kiemthugialap081@gmail.com,GET,/orders/me,7.296,200,ok,0,steady
1791234980.4962654,kiemthugialap090@gmail.com,GET,/orders/me,8.803,200,ok,0,steady
1791234980.5184898,kiemthugialap089@gmail.com,GET,/orders/me,5.345,200,ok,0,steady
1791234980.5403082,kiemthugialap008@gmail.com,GET,/orders/me,7.734,200,ok,0,steady
1791234980.5413465,kiemthugialap054@gmail.com,GET,/orders/me,12.033,200,ok,0,steady
1791234980.5416646,kiemthugialap017@gmail.com,GET,/orders/me,11.145,200,ok,0,steady
1791234980.5419438,kiemthugialap084@gmail.com,GET,/orders/me,11.664,200,ok,0,steady
1791234980.542766,kiemthugialap044@gmail.com,GET,/concerts,2.259,200,ok,0,steady
1791234980.5705774,kiemthugialap027@gmail.com,GET,/orders/me,7.605,200,ok,0,steady
1791234980.5710764,kiemthugialap097@gmail.com,GET,/orders/me,7.156,200,ok,0,steady
1791234980.6029534,kiemthugialap096@gmail.com,GET,/orders/me,4.612,200,ok,0,steady
1791234980.605094,kiemthugialap015@gmail.com,GET,/concerts,2.004,200,ok,0,steady
1791234980.6357732,kiemthugialap052@gmail.com,GET,/concerts?on_sale=true,3.451,200,ok,0,steady
1791234980.6387858,kiemthugialap028@gmail.com,GET,/orders/me,2.879,200,ok,0,steady
1791234980.6521719,kiemthugialap013@gmail.com,GET,/concerts?on_sale=true,4.438,200,ok,0,steady
1791234980.657286,kiemthugialap079@gmail.com,GET,/orders/me,4.901,200,ok,0,steady
1791234980.689412,kiemthugialap005@gmail.com,GET,/orders/me,8.623,200,ok,0,steady
1791234980.6899333,kiemthugialap080@gmail.com,GET,/orders/me,7.92,200,ok,0,steady
1791234980.7070806,kiemthugialap091@gmail.com,GET,/orders/me,6.685,200,ok,0,steady
1791234980.707492,kiemthugialap002@gmail.com,GET,/orders/me,5.712,200,ok,0,steady
1791234980.726861,kiemthugialap058@gmail.com,GET,/orders/me,6.516,200,ok,0,steady
1791234980.7514842,kiemthugialap093@gmail.com,GET,/concerts/{id},4.522,200,ok,0,steady
1791234980.755029,kiemthugialap070@gmail.com,GET,/orders/me,6.647,200,ok,0,steady
1791234980.7553804,kiemthugialap040@gmail.com,GET,/orders/me,6.734,200,ok,0,steady
1791234980.7869177,kiemthugialap088@gmail.com,GET,/concerts,7.548,200,ok,0,steady
1791234980.787789,kiemthugialap043@gmail.com,GET,/orders/me,9.1,200,ok,0,steady
1791234980.8053956,kiemthugialap011@gmail.com,GET,/orders/me,4.714,200,ok,0,steady
1791234980.8213782,kiemthugialap014@gmail.com,GET,/concerts/{id},4.803,200,ok,0,steady
1791234980.821769,kiemthugialap074@gmail.com,GET,/concerts?on_sale=true,4.737,200,ok,0,steady
1791234980.837445,kiemthugialap094@gmail.com,GET,/orders/me,5.163,200,ok,0,steady
1791234980.872521,kiemthugialap065@gmail.com,GET,/orders/me,8.001,200,ok,0,steady
1791234980.8729663,kiemthugialap061@gmail.com,GET,/orders/me,7.663,200,ok,0,steady
1791234980.8732624,kiemthugialap029@gmail.com,GET,/orders/me,7.618,200,ok,0,steady
1791234980.88697,kiemthugialap049@gmail.com,GET,/orders/me,6.225,200,ok,0,steady
1791234980.92273,kiemthugialap075@gmail.com,GET,/orders/me,6.429,200,ok,0,steady
1791234980.952419,kiemthugialap085@gmail.com,GET,/concerts?on_sale=true,6.306,200,ok,0,steady
1791234980.9537516,kiemthugialap045@gmail.com,GET,/orders/me,7.015,200,ok,0,steady
1791234980.9552794,kiemthugialap063@gmail.com,GET,/concerts/{id},2.64,200,ok,0,steady
1791234980.9695551,kiemthugialap092@gmail.com,GET,/orders/me,6.793,200,ok,0,steady
1791234980.9843075,kiemthugialap036@gmail.com,GET,/orders/me,5.53,200,ok,0,steady
1791234980.9871838,kiemthugialap001@gmail.com,GET,/orders/me,4.219,200,ok,0,steady
1791234981.022086,kiemthugialap039@gmail.com,GET,/concerts?on_sale=true,7.062,200,ok,0,steady
1791234981.02332,kiemthugialap077@gmail.com,GET,/concerts,7.65,200,ok,0,steady
1791234981.0239153,kiemthugialap012@gmail.com,GET,/orders/me,7.885,200,ok,0,steady
1791234981.0267763,kiemthugialap010@gmail.com,GET,/orders/me,4.491,200,ok,0,steady
1791234981.0357292,kiemthugialap068@gmail.com,GET,/orders/me,5.103,200,ok,0,steady
1791234981.0525198,kiemthugialap053@gmail.com,GET,/concerts?on_sale=true,5.886,200,ok,0,steady
1791234981.0552115,kiemthugialap062@gmail.com,GET,/concerts,2.465,200,ok,0,steady
1791234981.0841048,kiemthugialap099@gmail.com,GET,/concerts/{id},5.704,200,ok,0,steady
1791234981.0856936,kiemthugialap023@gmail.com,GET,/orders/me,5.978,200,ok,0,steady
1791234981.0880785,kiemthugialap073@gmail.com,GET,/orders/me,3.72,200,ok,0,steady
1791234981.0986218,kiemthugialap016@gmail.com,GET,/orders/me,4.341,200,ok,0,steady
1791234981.1355636,kiemthugialap038@gmail.com,GET,/concerts?on_sale=true,6.34,200,ok,0,steady
1791234981.1390846,kiemthugialap031@gmail.com,GET,/concerts/{id},3.251,200,ok,0,steady
1791234981.1520755,kiemthugialap082@gmail.com,GET,/orders/me,6.77,200,ok,0,steady
1791234981.1525247,kiemthugialap100@gmail.com,GET,/orders/me,6.447,200,ok,0,steady
1791234981.1669712,kiemthugialap018@gmail.com,GET,/concerts?on_sale=true,4.506,200,ok,0,steady
1791234981.1894546,kiemthugialap081@gmail.com,GET,/concerts?on_sale=true,7.218,200,ok,0,steady
1791234981.1908367,kiemthugialap035@gmail.com,GET,/orders/me,9.821,200,ok,0,steady
1791234981.1937995,kiemthugialap048@gmail.com,GET,/orders/me,4.115,200,ok,0,steady
1791234981.2226202,kiemthugialap087@gmail.com,GET,/orders/me,6.359,200,ok,0,steady
1791234981.2230532,kiemthugialap051@gmail.com,GET,/orders/me,6.229,200,ok,0,steady
1791234981.2255507,kiemthugialap086@gmail.com,GET,/concerts/{id},2.356,200,ok,0,steady
1791234981.2539632,kiemthugialap008@gmail.com,GET,/concerts?on_sale=true,5.447,200,ok,0,steady
1791234981.255081,kiemthugialap019@gmail.com,GET,/orders/me,7.284,200,ok,0,steady
1791234981.2580075,kiemthugialap080@gmail.com,GET,/orders/me,2.787,200,ok,0,steady
1791234981.2599447,kiemthugialap060@gmail.com,GET,/concerts,1.821,200,ok,0,steady
1791234981.283911,kiemthugialap076@gmail.com,GET,/concerts/{id},4.336,200,ok,0,steady
1791234981.339655,kiemthugialap033@gmail.com,GET,/orders/me,6.793,200,ok,0,steady
1791234981.340656,kiemthugialap009@gmail.com,GET,/orders/me,8.754,200,ok,0,steady
1791234981.3409746,kiemthugialap072@gmail.com,GET,/orders/me,8.439,200,ok,0,steady
1791234981.3427446,kiemthugialap030@gmail.com,GET,/orders/me,2.907,200,ok,0,steady
1791234981.3522468,kiemthugialap083@gmail.com,GET,/orders/me,4.587,200,ok,0,steady
1791234981.3694556,kiemthugialap067@gmail.com,GET,/orders/me,5.776,200,ok,0,steady
1791234981.3726878,kiemthugialap047@gmail.com,GET,/orders/me,3.028,200,ok,0,steady
1791234981.4188414,kiemthugialap014@gmail.com,GET,/orders/me,20.712,200,ok,0,steady
1791234981.4195647,kiemthugialap032@gmail.com,GET,/orders/me,22.664,200,ok,0,steady
1791234981.4408484,kiemthugialap078@gmail.com,GET,/concerts?on_sale=true,5.608,200,ok,0,steady
1791234981.4419181,kiemthugialap091@gmail.com,GET,/orders/me,7.601,200,ok,0,steady
1791234981.468142,kiemthugialap021@gmail.com,GET,/orders/me,5.06,200,ok,0,steady
1791234981.4875476,kiemthugialap024@gmail.com,GET,/concerts,6.771,200,ok,0,steady
1791234981.488975,kiemthugialap098@gmail.com,GET,/orders/me,6.991,200,ok,0,steady
1791234981.489952,kiemthugialap052@gmail.com,GET,/orders/me,10.319,200,ok,0,steady
1791234981.4920118,kiemthugialap045@gmail.com,GET,/orders/me,4.247,200,ok,0,steady
1791234981.4954758,kiemthugialap020@gmail.com,GET,/orders/me,3.286,200,ok,0,steady
1791234981.5221763,kiemthugialap059@gmail.com,GET,/concerts/{id},9.592,200,ok,0,steady
1791234981.524948,kiemthugialap002@gmail.com,GET,/orders/me,12.638,200,ok,0,steady
1791234981.5253043,kiemthugialap034@gmail.com,GET,/orders/me,12.235,200,ok,0,steady
1791234981.525646,kiemthugialap046@gmail.com,GET,/orders/me,13.882,200,ok,0,steady
1791234981.5257695,kiemthugialap015@gmail.com,GET,/orders/me,13.029,200,ok,0,steady
1791234981.5356264,kiemthugialap028@gmail.com,GET,/orders/me,5.176,200,ok,0,steady
1791234981.5390441,kiemthugialap071@gmail.com,GET,/orders/me,3.238,200,ok,0,steady
1791234981.5679238,kiemthugialap022@gmail.com,GET,/concerts,5.013,200,ok,0,steady
1791234981.5861266,kiemthugialap095@gmail.com,GET,/orders/me,5.096,200,ok,0,steady
1791234981.604185,kiemthugialap065@gmail.com,GET,/orders/me,6.381,200,ok,0,steady
1791234981.6046462,kiemthugialap037@gmail.com,GET,/orders/me,7.651,200,ok,0,steady
1791234981.6083994,kiemthugialap064@gmail.com,GET,/orders/me,3.615,200,ok,0,steady
1791234981.6407025,kiemthugialap090@gmail.com,GET,/concerts?on_sale=true,7.401,200,ok,0,steady
1791234981.6416247,kiemthugialap061@gmail.com,GET,/orders/me,7.164,200,ok,0,steady
1791234981.668945,kiemthugialap027@gmail.com,GET,/orders/me,5.094,200,ok,0,steady
1791234981.6727624,kiemthugialap093@gmail.com,GET,/orders/me,3.566,200,ok,0,steady
1791234981.68519,kiemthugialap050@gmail.com,GET,/orders/me,4.684,200,ok,0,steady
1791234981.705285,kiemthugialap011@gmail.com,GET,/orders/me,7.627,200,ok,0,steady
1791234981.7057946,kiemthugialap041@gmail.com,GET,/orders/me,7.029,200,ok,0,steady
1791234981.7709527,kiemthugialap003@gmail.com,GET,/concerts,5.33,200,ok,0,steady
1791234981.772383,kiemthugialap001@gmail.com,GET,/orders/me,7.063,200,ok,0,steady
1791234981.7727227,kiemthugialap075@gmail.com,GET,/orders/me,8.203,200,ok,0,steady
1791234981.8021703,kiemthugialap004@gmail.com,GET,/orders/me,4.822,200,ok,0,steady
1791234981.8182316,kiemthugialap097@gmail.com,GET,/orders/me,4.838,200,ok,0,steady
1791234981.837294,kiemthugialap007@gmail.com,GET,/orders/me,7.961,200,ok,0,steady
1791234981.8567996,kiemthugialap063@gmail.com,GET,/orders/me,6.021,200,ok,0,steady
1791234981.8595214,kiemthugialap053@gmail.com,GET,/concerts?on_sale=true,2.57,200,ok,0,steady
1791234981.885533,kiemthugialap079@gmail.com,GET,/orders/me,5.599,200,ok,0,steady
1791234981.9034374,kiemthugialap057@gmail.com,GET,/concerts/{id},5.666,200,ok,0,steady
1791234981.9045413,kiemthugialap080@gmail.com,GET,/orders/me,7.108,200,ok,0,steady
1791234981.904876,kiemthugialap066@gmail.com,GET,/orders/me,8.491,200,ok,0,steady
1791234981.9349298,kiemthugialap092@gmail.com,GET,/concerts/{id},5.825,200,ok,0,steady
1791234981.93579,kiemthugialap031@gmail.com,GET,/orders/me,6.014,200,ok,0,steady
1791234981.9548461,kiemthugialap005@gmail.com,GET,/concerts,5.644,200,ok,0,steady
1791234981.955242,kiemthugialap058@gmail.com,GET,/concerts,5.819,200,ok,0,steady
1791234981.956172,kiemthugialap008@gmail.com,GET,/orders/me,7.632,200,ok,0,steady
1791234981.971272,kiemthugialap049@gmail.com,GET,/orders/me,7.537,200,ok,0,steady
1791234982.0043626,kiemthugialap025@gmail.com,GET,/orders/me,6.816,200,ok,0,steady
1791234982.004949,kiemthugialap026@gmail.com,GET,/orders/me,6.714,200,ok,0,steady
1791234982.0578573,kiemthugialap014@gmail.com,GET,/orders/me,7.511,200,ok,0,steady
1791234982.059492,kiemthugialap038@gmail.com,GET,/orders/me,9.794,200,ok,0,steady
1791234982.0620382,kiemthugialap047@gmail.com,GET,/orders/me,3.919,200,ok,0,steady
1791234982.072408,kiemthugialap055@gmail.com,GET,/concerts/{id},8.074,200,ok,0,steady
1791234982.0737207,kiemthugialap076@gmail.com,GET,/orders/me,11.523,200,ok,0,steady
1791234982.0740833,kiemthugialap072@gmail.com,GET,/orders/me,11.545,200,ok,0,steady
1791234982.0744448,kiemthugialap019@gmail.com,GET,/orders/me,10.964,200,ok,0,steady
1791234982.0764277,kiemthugialap069@gmail.com,GET,/orders/me,3.802,200,ok,0,steady
1791234982.0865524,kiemthugialap060@gmail.com,GET,/orders/me,5.733,200,ok,0,steady
1791234982.1191442,kiemthugialap006@gmail.com,GET,/orders/me,6.272,200,ok,0,steady
1791234982.1225293,kiemthugialap036@gmail.com,GET,/orders/me,3.208,200,ok,0,steady
1791234982.1554306,kiemthugialap062@gmail.com,GET,/concerts,7.945,200,ok,0,steady
1791234982.1560915,kiemthugialap020@gmail.com,GET,/orders/me,9.944,200,ok,0,steady
1791234982.1571293,kiemthugialap042@gmail.com,GET,/orders/me,8.231,200,ok,0,steady
1791234982.1704936,kiemthugialap089@gmail.com,GET,/orders/me,6.573,200,ok,0,steady
1791234982.175754,kiemthugialap099@gmail.com,GET,/orders/me,5.043,200,ok,0,steady
1791234982.1782331,kiemthugialap054@gmail.com,GET,/concerts,2.331,200,ok,0,steady
1791234982.2099507,kiemthugialap015@gmail.com,GET,/concerts/{id},14.476,200,ok,0,steady
1791234982.2162983,kiemthugialap033@gmail.com,GET,/orders/me,19.528,200,ok,0,steady
1791234982.2179387,kiemthugialap084@gmail.com,GET,/orders/me,21.47,200,ok,0,steady
1791234982.218401,kiemthugialap012@gmail.com,GET,/orders/me,22.373,200,ok,0,steady
1791234982.2200534,kiemthugialap061@gmail.com,GET,/concerts?on_sale=true,15.702,200,ok,0,steady
1791234982.2218122,kiemthugialap040@gmail.com,GET,/orders/me,18.191,200,ok,0,steady
1791234982.222372,kiemthugialap046@gmail.com,GET,/orders/me,19.805,200,ok,0,steady
1791234982.2256866,kiemthugialap056@gmail.com,GET,/orders/me,7.083,200,ok,0,steady
1791234982.273511,kiemthugialap017@gmail.com,GET,/orders/me,4.907,200,ok,0,steady
1791234982.3215458,kiemthugialap096@gmail.com,GET,/concerts,8.135,200,ok,0,steady
1791234982.3219938,kiemthugialap077@gmail.com,GET,/concerts/{id},6.835,200,ok,0,steady
1791234982.322329,kiemthugialap039@gmail.com,GET,/orders/me,8.206,200,ok,0,steady
1791234982.3531613,kiemthugialap043@gmail.com,GET,/orders/me,6.009,200,ok,0,steady
1791234982.3906257,kiemthugialap035@gmail.com,GET,/orders/me,6.112,200,ok,0,steady
1791234982.391026,kiemthugialap082@gmail.com,GET,/orders/me,6.036,200,ok,0,steady
1791234982.4179585,kiemthugialap028@gmail.com,GET,/orders/me,17.209,200,ok,0,steady
1791234982.4183438,kiemthugialap098@gmail.com,GET,/orders/me,18.005,200,ok,0,steady
1791234982.4202363,kiemthugialap034@gmail.com,GET,/concerts/{id},3.57,200,ok,0,steady
1791234982.455675,kiemthugialap007@gmail.com,GET,/concerts/{id},3.864,200,ok,0,steady
1791234982.456852,kiemthugialap029@gmail.com,GET,/orders/me,6.711,200,ok,0,steady
1791234982.4725876,kiemthugialap067@gmail.com,GET,/concerts/{id},6.321,200,ok,0,steady
1791234982.47374,kiemthugialap016@gmail.com,GET,/orders/me,8.081,200,ok,0,steady
1791234982.4894166,kiemthugialap064@gmail.com,GET,/orders/me,6.084,200,ok,0,steady
1791234982.4941287,kiemthugialap091@gmail.com,GET,/orders/me,4.53,200,ok,0,steady
1791234982.50262,kiemthugialap045@gmail.com,GET,/concerts/{id},3.373,200,ok,0,steady
1791234982.5386431,kiemthugialap078@gmail.com,GET,/concerts,5.499,200,ok,0,steady
1791234982.5389884,kiemthugialap065@gmail.com,GET,/concerts/{id},7.309,200,ok,0,steady
1791234982.5399346,kiemthugialap044@gmail.com,GET,/orders/me,7.965,200,ok,0,steady
1791234982.540513,kiemthugialap010@gmail.com,GET,/orders/me,9.492,200,ok,0,steady
1791234982.563718,kiemthugialap093@gmail.com,GET,/orders/me,17.476,200,ok,0,steady
1791234982.564568,kiemthugialap073@gmail.com,GET,/orders/me,17.874,200,ok,0,steady
1791234982.5726042,kiemthugialap097@gmail.com,GET,/orders/me,5.636,200,ok,0,steady
1791234982.5778446,kiemthugialap070@gmail.com,GET,/orders/me,5.036,200,ok,0,steady
1791234982.5783396,kiemthugialap075@gmail.com,GET,/orders/me,5.057,200,ok,0,steady
1791234982.5825098,kiemthugialap085@gmail.com,GET,/orders/me,4.047,200,ok,0,steady
1791234982.6018817,kiemthugialap069@gmail.com,GET,/concerts?on_sale=true,3.967,200,ok,0,steady
1791234982.6041062,kiemthugialap013@gmail.com,GET,/concerts?on_sale=true,7.142,200,ok,0,steady
1791234982.6060314,kiemthugialap088@gmail.com,GET,/concerts?on_sale=true,2.813,200,ok,0,steady
1791234982.606534,kiemthugialap024@gmail.com,GET,/concerts?on_sale=true,4.529,200,ok,0,steady
1791234982.6173258,kiemthugialap057@gmail.com,GET,/orders/me,4.706,200,ok,0,steady
1791234982.6342514,kiemthugialap001@gmail.com,GET,/concerts?on_sale=true,5.807,200,ok,0,steady
1791234982.635238,kiemthugialap022@gmail.com,GET,/orders/me,5.937,200,ok,0,steady
1791234982.6821096,kiemthugialap090@gmail.com,GET,/orders/me,5.707,200,ok,0,steady
1791234982.6873553,kiemthugialap074@gmail.com,GET,/orders/me,5.037,200,ok,0,steady
1791234982.6912837,kiemthugialap063@gmail.com,GET,/orders/me,3.721,200,ok,0,steady
1791234982.7382424,kiemthugialap083@gmail.com,GET,/concerts,5.788,200,ok,0,steady
1791234982.7398112,kiemthugialap030@gmail.com,GET,/orders/me,8.341,200,ok,0,steady
1791234982.7401826,kiemthugialap014@gmail.com,GET,/orders/me,7.393,200,ok,0,steady
1791234982.7552795,kiemthugialap099@gmail.com,GET,/orders/me,5.987,200,ok,0,steady
1791234982.7610617,kiemthugialap048@gmail.com,GET,/orders/me,5.554,200,ok,0,steady
1791234982.7614627,kiemthugialap031@gmail.com,GET,/orders/me,5.513,200,ok,0,steady
1791234982.8176348,kiemthugialap020@gmail.com,GET,/orders/me,4.472,200,ok,0,steady
1791234982.841052,kiemthugialap094@gmail.com,GET,/concerts/{id},9.055,200,ok,0,steady
1791234982.8429365,kiemthugialap018@gmail.com,GET,/orders/me,12.195,200,ok,0,steady
1791234982.8449168,kiemthugialap100@gmail.com,GET,/orders/me,12.57,200,ok,0,steady
1791234982.846575,kiemthugialap009@gmail.com,GET,/orders/me,17.148,200,ok,0,steady
1791234982.84912,kiemthugialap038@gmail.com,GET,/orders/me,7.794,200,ok,0,steady
1791234982.8663306,kiemthugialap049@gmail.com,GET,/orders/me,4.927,200,ok,0,steady
1791234982.8858159,kiemthugialap023@gmail.com,GET,/orders/me,8.208,200,ok,0,steady
1791234982.8869805,kiemthugialap054@gmail.com,GET,/orders/me,7.73,200,ok,0,steady
1791234982.8898203,kiemthugialap058@gmail.com,GET,/orders/me,3.811,200,ok,0,steady
1791234982.8931603,kiemthugialap066@gmail.com,GET,/orders/me,3.211,200,ok,0,steady
1791234982.9368443,kiemthugialap050@gmail.com,GET,/orders/me,21.57,200,ok,0,steady
1791234982.9375017,kiemthugialap068@gmail.com,GET,/concerts,6.402,200,ok,0,steady
1791234982.937866,kiemthugialap046@gmail.com,GET,/orders/me,21.966,200,ok,0,steady
1791234982.9388835,kiemthugialap034@gmail.com,GET,/orders/me,6.49,200,ok,0,steady
1791234982.9901834,kiemthugialap037@gmail.com,GET,/orders/me,9.369,200,ok,0,steady
1791234982.99063,kiemthugialap007@gmail.com,GET,/orders/me,8.638,200,ok,0,steady
1791234982.9917817,kiemthugialap086@gmail.com,GET,/orders/me,8.448,200,ok,0,steady
1791234982.992121,kiemthugialap076@gmail.com,GET,/orders/me,8.502,200,ok,0,steady
1791234983.0008674,kiemthugialap005@gmail.com,GET,/concerts,4.655,200,ok,0,steady
1791234983.0248005,kiemthugialap051@gmail.com,GET,/concerts,4.214,200,ok,0,steady
1791234983.0409572,kiemthugialap087@gmail.com,GET,/orders/me,4.629,200,ok,0,steady
1791234983.055803,kiemthugialap081@gmail.com,GET,/orders/me,4.255,200,ok,0,steady
1791234983.0581114,kiemthugialap035@gmail.com,GET,/concerts/{id},2.167,200,ok,0,steady
1791234983.0871532,kiemthugialap017@gmail.com,GET,/orders/me,3.967,200,ok,0,steady
1791234983.1198318,kiemthugialap062@gmail.com,GET,/concerts?on_sale=true,4.204,200,ok,0,steady
1791234983.1213555,kiemthugialap071@gmail.com,GET,/orders/me,6.776,200,ok,0,steady
1791234983.12473,kiemthugialap025@gmail.com,GET,/orders/me,4.335,200,ok,0,steady
1791234983.1250706,kiemthugialap055@gmail.com,GET,/orders/me,5.025,200,ok,0,steady
1791234983.139452,kiemthugialap079@gmail.com,GET,/concerts/{id},7.631,200,ok,0,steady
1791234983.1403,kiemthugialap053@gmail.com,GET,/orders/me,10.265,200,ok,0,steady
1791234983.1442068,kiemthugialap047@gmail.com,GET,/orders/me,3.707,200,ok,0,steady
1791234983.16797,kiemthugialap004@gmail.com,GET,/concerts,4.886,200,ok,0,steady
1791234983.169007,kiemthugialap011@gmail.com,GET,/orders/me,5.268,200,ok,0,steady
1791234983.2053516,kiemthugialap095@gmail.com,GET,/orders/me,9.038,200,ok,0,steady
1791234983.210433,kiemthugialap036@gmail.com,GET,/orders/me,8.888,200,ok,0,steady
1791234983.211458,kiemthugialap052@gmail.com,GET,/orders/me,5.916,200,ok,0,steady
1791234983.2375844,kiemthugialap032@gmail.com,GET,/concerts,6.281,200,ok,0,steady
1791234983.237987,kiemthugialap072@gmail.com,GET,/concerts?on_sale=true,6.482,200,ok,0,steady
1791234983.2383053,kiemthugialap080@gmail.com,GET,/orders/me,7.9,200,ok,0,steady
1791234983.2688842,kiemthugialap016@gmail.com,GET,/orders/me,5.625,200,ok,0,steady
1791234983.2723863,kiemthugialap015@gmail.com,GET,/orders/me,3.26,200,ok,0,steady
1791234983.2759902,kiemthugialap003@gmail.com,GET,/orders/me,3.457,200,ok,0,steady
1791234983.303005,kiemthugialap010@gmail.com,GET,/orders/me,5.834,200,ok,0,steady
1791234983.3221996,kiemthugialap014@gmail.com,GET,/orders/me,8.138,200,ok,0,steady
1791234983.32338,kiemthugialap021@gmail.com,GET,/concerts,7.519,200,ok,0,steady
1791234983.3252933,kiemthugialap098@gmail.com,GET,/concerts?on_sale=true,2.898,200,ok,0,steady
1791234983.3668916,kiemthugialap069@gmail.com,GET,/orders/me,5.533,200,ok,0,steady
1791234983.3881645,kiemthugialap002@gmail.com,GET,/orders/me,7.389,200,ok,0,steady
1791234983.3886917,kiemthugialap008@gmail.com,GET,/orders/me,8.73,200,ok,0,steady
1791234983.4202049,kiemthugialap056@gmail.com,GET,/orders/me,5.554,200,ok,0,steady
1791234983.420613,kiemthugialap070@gmail.com,GET,/orders/me,6.747,200,ok,0,steady
1791234983.4332302,kiemthugialap031@gmail.com,GET,/concerts/{id},3.486,200,ok,0,steady
1791234983.4679222,kiemthugialap085@gmail.com,GET,/concerts/{id},4.494,200,ok,0,steady
1791234983.468947,kiemthugialap058@gmail.com,GET,/orders/me,7.11,200,ok,0,steady
1791234983.504548,kiemthugialap060@gmail.com,GET,/concerts,8.763,200,ok,0,steady
1791234983.5065749,kiemthugialap059@gmail.com,GET,/orders/me,11.629,200,ok,0,steady
1791234983.5069168,kiemthugialap090@gmail.com,GET,/orders/me,10.066,200,ok,0,steady
1791234983.5072021,kiemthugialap043@gmail.com,GET,/orders/me,10.629,200,ok,0,steady
1791234983.5408978,kiemthugialap033@gmail.com,GET,/concerts,5.449,200,ok,0,steady
1791234983.5895174,kiemthugialap046@gmail.com,GET,/orders/me,8.711,200,ok,0,steady
1791234983.5899193,kiemthugialap007@gmail.com,GET,/orders/me,8.271,200,ok,0,steady
1791234983.6048672,kiemthugialap073@gmail.com,GET,/concerts?on_sale=true,6.289,200,ok,0,steady
1791234983.605668,kiemthugialap057@gmail.com,GET,/orders/me,6.379,200,ok,0,steady
1791234983.6439984,kiemthugialap027@gmail.com,GET,/concerts?on_sale=true,6.832,200,ok,0,steady
1791234983.6463277,kiemthugialap087@gmail.com,GET,/orders/me,9.488,200,ok,0,steady
1791234983.6474888,kiemthugialap041@gmail.com,GET,/orders/me,11.547,200,ok,0,steady
1791234983.6662648,kiemthugialap020@gmail.com,GET,/orders/me,28.233,200,ok,0,steady
1791234983.6694841,kiemthugialap063@gmail.com,GET,/orders/me,25.297,200,ok,0,steady
1791234983.6706405,kiemthugialap044@gmail.com,GET,/concerts,6.907,200,ok,0,steady
1791234983.672069,kiemthugialap088@gmail.com,GET,/orders/me,7.515,200,ok,0,steady
1791234983.6724653,kiemthugialap034@gmail.com,GET,/orders/me,7.506,200,ok,0,steady
1791234983.6842024,kiemthugialap028@gmail.com,GET,/orders/me,4.458,200,ok,0,steady
1791234983.7017896,kiemthugialap097@gmail.com,GET,/orders/me,5.914,200,ok,0,steady
1791234983.739281,kiemthugialap068@gmail.com,GET,/concerts?on_sale=true,5.743,200,ok,0,steady
1791234983.7407978,kiemthugialap039@gmail.com,GET,/orders/me,7.81,200,ok,0,steady
1791234983.7414834,kiemthugialap051@gmail.com,GET,/orders/me,7.237,200,ok,0,steady
1791234983.7426984,kiemthugialap006@gmail.com,GET,/concerts,3.211,200,ok,0,steady
1791234983.7709992,kiemthugialap049@gmail.com,GET,/orders/me,6.173,200,ok,0,steady
1791234983.775383,kiemthugialap079@gmail.com,GET,/orders/me,4.148,200,ok,0,steady
1791234983.8056133,kiemthugialap015@gmail.com,GET,/orders/me,7.357,200,ok,0,steady
1791234983.806057,kiemthugialap078@gmail.com,GET,/orders/me,8.913,200,ok,0,steady
1791234983.8063605,kiemthugialap092@gmail.com,GET,/orders/me,10.324,200,ok,0,steady
1791234983.8089118,kiemthugialap026@gmail.com,GET,/concerts,2.414,200,ok,0,steady
1791234983.8170574,kiemthugialap061@gmail.com,GET,/orders/me,5.751,200,ok,0,steady
1791234983.8589177,kiemthugialap011@gmail.com,GET,/concerts?on_sale=true,9.442,200,ok,0,steady
1791234983.8600469,kiemthugialap067@gmail.com,GET,/orders/me,10.818,200,ok,0,steady
1791234983.8604228,kiemthugialap096@gmail.com,GET,/orders/me,12.843,200,ok,0,steady
1791234983.8607297,kiemthugialap021@gmail.com,GET,/orders/me,11.753,200,ok,0,steady
1791234983.8610117,kiemthugialap091@gmail.com,GET,/orders/me,12.538,200,ok,0,steady
1791234983.8628826,kiemthugialap042@gmail.com,GET,/orders/me,3.735,200,ok,0,steady
1791234983.8862414,kiemthugialap035@gmail.com,GET,/orders/me,5.783,200,ok,0,steady
1791234983.886647,kiemthugialap072@gmail.com,GET,/orders/me,7.118,200,ok,0,steady
1791234983.9018588,kiemthugialap013@gmail.com,GET,/concerts?on_sale=true,4.022,200,ok,0,steady
1791234983.9180176,kiemthugialap038@gmail.com,GET,/concerts/{id},3.969,200,ok,0,steady
1791234983.9526296,kiemthugialap089@gmail.com,GET,/concerts/{id},3.305,200,ok,0,steady
1791234983.986028,kiemthugialap083@gmail.com,GET,/orders/me,4.911,200,ok,0,steady
1791234983.9899535,kiemthugialap064@gmail.com,GET,/orders/me,3.726,200,ok,0,steady
1791234984.0013247,kiemthugialap012@gmail.com,GET,/orders/me,4.741,200,ok,0,steady
1791234984.0547945,kiemthugialap019@gmail.com,GET,/orders/me,4.018,200,ok,0,steady
1791234984.1070933,kiemthugialap023@gmail.com,GET,/concerts?on_sale=true,8.662,200,ok,0,steady
1791234984.1098378,kiemthugialap030@gmail.com,GET,/orders/me,10.449,200,ok,0,steady
1791234984.1102479,kiemthugialap081@gmail.com,GET,/orders/me,11.15,200,ok,0,steady
1791234984.1106548,kiemthugialap029@gmail.com,GET,/orders/me,11.015,200,ok,0,steady
1791234984.1153631,kiemthugialap077@gmail.com,GET,/orders/me,8.047,200,ok,0,steady
1791234984.1158254,kiemthugialap056@gmail.com,GET,/orders/me,8.078,200,ok,0,steady
1791234984.1359549,kiemthugialap045@gmail.com,GET,/concerts/{id},4.795,200,ok,0,steady
1791234984.1393836,kiemthugialap099@gmail.com,GET,/orders/me,3.27,200,ok,0,steady
1791234984.1739056,kiemthugialap084@gmail.com,GET,/orders/me,8.351,200,ok,0,steady
1791234984.1743906,kiemthugialap040@gmail.com,GET,/orders/me,8.004,200,ok,0,steady
1791234984.1746848,kiemthugialap025@gmail.com,GET,/orders/me,7.34,200,ok,0,steady
1791234984.1888392,kiemthugialap048@gmail.com,GET,/orders/me,7.54,200,ok,0,steady
1791234984.2211351,kiemthugialap059@gmail.com,GET,/concerts,4.36,200,ok,0,steady
1791234984.268185,kiemthugialap022@gmail.com,GET,/orders/me,6.25,200,ok,0,steady
1791234984.2846107,kiemthugialap082@gmail.com,GET,/orders/me,4.324,200,ok,0,steady
1791234984.321604,kiemthugialap046@gmail.com,GET,/orders/me,8.142,200,ok,0,steady
1791234984.3221188,kiemthugialap001@gmail.com,GET,/orders/me,8.241,200,ok,0,steady
1791234984.3224294,kiemthugialap052@gmail.com,GET,/orders/me,10.034,200,ok,0,steady
1791234984.3688207,kiemthugialap074@gmail.com,GET,/concerts/{id},4.875,200,ok,0,steady
1791234984.4039583,kiemthugialap065@gmail.com,GET,/concerts,4.642,200,ok,0,steady
1791234984.4060807,kiemthugialap024@gmail.com,GET,/orders/me,6.236,200,ok,0,steady
1791234984.409134,kiemthugialap094@gmail.com,GET,/orders/me,4.529,200,ok,0,steady
1791234984.4096844,kiemthugialap060@gmail.com,GET,/orders/me,5.594,200,ok,0,steady
1791234984.4192765,kiemthugialap002@gmail.com,GET,/concerts,4.18,200,ok,0,steady
1791234984.4393716,kiemthugialap093@gmail.com,GET,/orders/me,8.448,200,ok,0,steady
1791234984.4425933,kiemthugialap091@gmail.com,GET,/concerts,2.973,200,ok,0,steady
1791234984.4725401,kiemthugialap008@gmail.com,GET,/concerts?on_sale=true,9.111,200,ok,0,steady
1791234984.473254,kiemthugialap041@gmail.com,GET,/concerts?on_sale=true,10.478,200,ok,0,steady
1791234984.4746673,kiemthugialap037@gmail.com,GET,/orders/me,10.964,200,ok,0,steady
1791234984.4901116,kiemthugialap011@gmail.com,GET,/orders/me,9.382,200,ok,0,steady
1791234984.4905891,kiemthugialap066@gmail.com,GET,/orders/me,9.138,200,ok,0,steady
1791234984.5010219,kiemthugialap004@gmail.com,GET,/orders/me,4.709,200,ok,0,steady
1791234984.533712,kiemthugialap017@gmail.com,GET,/orders/me,5.682,200,ok,0,steady
1791234984.547383,kiemthugialap098@gmail.com,GET,/concerts,3.641,200,ok,0,steady
1791234984.5719924,kiemthugialap075@gmail.com,GET,/concerts,7.896,200,ok,0,steady
1791234984.573094,kiemthugialap058@gmail.com,GET,/orders/me,10.509,200,ok,0,steady
1791234984.573611,kiemthugialap038@gmail.com,GET,/orders/me,11.57,200,ok,0,steady
1791234984.6393878,kiemthugialap044@gmail.com,GET,/concerts?on_sale=true,5.314,200,ok,0,steady
1791234984.6774018,kiemthugialap003@gmail.com,GET,/concerts,10.096,200,ok,0,steady
1791234984.678004,kiemthugialap042@gmail.com,GET,/concerts?on_sale=true,10.333,200,ok,0,steady
1791234984.6786332,kiemthugialap053@gmail.com,GET,/orders/me,12.396,200,ok,0,steady
1791234984.6804929,kiemthugialap063@gmail.com,GET,/orders/me,11.622,200,ok,0,steady
1791234984.696536,kiemthugialap100@gmail.com,GET,/orders/me,9.477,200,ok,0,steady
1791234984.6971805,kiemthugialap071@gmail.com,GET,/concerts?on_sale=true,6.136,200,ok,0,steady
1791234984.7207558,kiemthugialap054@gmail.com,GET,/concerts?on_sale=true,6.515,200,ok,0,steady
1791234984.7224312,kiemthugialap034@gmail.com,GET,/orders/me,7.069,200,ok,0,steady
1791234984.7228425,kiemthugialap006@gmail.com,GET,/orders/me,6.529,200,ok,0,steady
1791234984.7356272,kiemthugialap020@gmail.com,GET,/orders/me,5.679,200,ok,0,steady
1791234984.7521243,kiemthugialap009@gmail.com,GET,/orders/me,5.575,200,ok,0,steady
1791234984.7525027,kiemthugialap080@gmail.com,GET,/orders/me,6.915,200,ok,0,steady
1791234984.766744,kiemthugialap056@gmail.com,GET,/orders/me,5.002,200,ok,0,steady
1791234984.7690885,kiemthugialap031@gmail.com,GET,/concerts,2.189,200,ok,0,steady
1791234984.77117,kiemthugialap084@gmail.com,GET,/concerts,1.948,200,ok,0,steady
1791234984.7814198,kiemthugialap018@gmail.com,GET,/concerts?on_sale=true,3.195,200,ok,0,steady
1791234984.820144,kiemthugialap083@gmail.com,GET,/concerts/{id},5.402,200,ok,0,steady
1791234984.8203795,kiemthugialap086@gmail.com,GET,/concerts?on_sale=true,5.134,200,ok,0,steady
1791234984.823761,kiemthugialap079@gmail.com,GET,/orders/me,3.27,200,ok,0,steady
1791234984.8350546,kiemthugialap076@gmail.com,GET,/orders/me,4.201,200,ok,0,steady
1791234984.8382194,kiemthugialap036@gmail.com,GET,/orders/me,3.006,200,ok,0,steady
1791234984.9043093,kiemthugialap089@gmail.com,GET,/concerts,6.64,200,ok,0,steady
1791234984.9072318,kiemthugialap005@gmail.com,GET,/concerts,11.079,200,ok,0,steady
1791234984.9087331,kiemthugialap074@gmail.com,GET,/concerts?on_sale=true,11.342,200,ok,0,steady
1791234984.9129722,kiemthugialap010@gmail.com,GET,/orders/me,5.547,200,ok,0,steady
1791234984.9180822,kiemthugialap085@gmail.com,GET,/concerts?on_sale=true,4.831,200,ok,0,steady
1791234984.9391017,kiemthugialap050@gmail.com,GET,/concerts,4.696,200,ok,0,steady
1791234984.940075,kiemthugialap014@gmail.com,GET,/orders/me,4.543,200,ok,0,steady
1791234984.9711053,kiemthugialap007@gmail.com,GET,/orders/me,4.978,200,ok,0,steady
1791234984.9747667,kiemthugialap015@gmail.com,GET,/orders/me,3.458,200,ok,0,steady
1791234984.978056,kiemthugialap067@gmail.com,GET,/concerts?on_sale=true,3.155,200,ok,0,steady
1791234984.9793534,kiemthugialap091@gmail.com,GET,/orders/me,3.921,200,ok,0,steady
1791234985.0029285,kiemthugialap047@gmail.com,GET,/concerts/{id},4.861,200,ok,0,steady
1791234985.0046568,kiemthugialap019@gmail.com,GET,/concerts,3.161,200,ok,0,steady
1791234985.0662239,kiemthugialap070@gmail.com,GET,/concerts/{id},16.517,200,ok,0,steady
1791234985.0667136,kiemthugialap002@gmail.com,GET,/concerts,17.851,200,ok,0,steady
1791234985.0704553,kiemthugialap027@gmail.com,GET,/concerts?on_sale=true,18.082,200,ok,0,steady
1791234985.0708296,kiemthugialap032@gmail.com,GET,/concerts/{id},20.783,200,ok,0,steady
1791234985.0730972,kiemthugialap088@gmail.com,GET,/orders/me,22.859,200,ok,0,steady
1791234985.0735228,kiemthugialap033@gmail.com,GET,/orders/me,23.676,200,ok,0,steady
1791234985.0736814,kiemthugialap078@gmail.com,GET,/orders/me,24.288,200,ok,0,steady
1791234985.0757825,kiemthugialap057@gmail.com,GET,/orders/me,24.945,200,ok,0,steady
1791234985.0767286,kiemthugialap013@gmail.com,GET,/orders/me,26.17,200,ok,0,steady
1791234985.077661,kiemthugialap026@gmail.com,GET,/concerts?on_sale=true,13.843,200,ok,0,steady
1791234985.0792546,kiemthugialap081@gmail.com,GET,/orders/me,14.863,200,ok,0,steady
1791234985.1036224,kiemthugialap073@gmail.com,GET,/orders/me,7.727,200,ok,0,steady
1791234985.104735,kiemthugialap062@gmail.com,GET,/orders/me,6.291,200,ok,0,steady
1791234985.1081386,kiemthugialap016@gmail.com,GET,/orders/me,3.271,200,ok,0,steady
1791234985.1191406,kiemthugialap055@gmail.com,GET,/orders/me,5.41,200,ok,0,steady
1791234985.1362717,kiemthugialap011@gmail.com,GET,/orders/me,5.199,200,ok,0,steady
1791234985.156136,kiemthugialap064@gmail.com,GET,/concerts?on_sale=true,3.092,200,ok,0,steady
1791234985.1703653,kiemthugialap028@gmail.com,GET,/concerts,6.547,200,ok,0,steady
1791234985.1713896,kiemthugialap049@gmail.com,GET,/concerts/{id},6.564,200,ok,0,steady
1791234985.172292,kiemthugialap029@gmail.com,GET,/orders/me,7.084,200,ok,0,steady
1791234985.174406,kiemthugialap008@gmail.com,GET,/orders/me,3.901,200,ok,0,steady
1791234985.2084944,kiemthugialap082@gmail.com,GET,/orders/me,6.657,200,ok,0,steady
1791234985.20899,kiemthugialap095@gmail.com,GET,/orders/me,7.673,200,ok,0,steady
1791234985.2357357,kiemthugialap021@gmail.com,GET,/orders/me,4.553,200,ok,0,steady
1791234985.27169,kiemthugialap072@gmail.com,GET,/concerts?on_sale=true,9.225,200,ok,0,steady
1791234985.2730901,kiemthugialap022@gmail.com,GET,/concerts,7.293,200,ok,0,steady
1791234985.2742925,kiemthugialap092@gmail.com,GET,/orders/me,10.663,200,ok,0,steady
1791234985.2751086,kiemthugialap069@gmail.com,GET,/orders/me,11.047,200,ok,0,steady
1791234985.277718,kiemthugialap097@gmail.com,GET,/concerts,5.886,200,ok,0,steady
1791234985.2801664,kiemthugialap006@gmail.com,GET,/orders/me,6.916,200,ok,0,steady
1791234985.2807767,kiemthugialap024@gmail.com,GET,/orders/me,8.615,200,ok,0,steady
1791234985.3013494,kiemthugialap053@gmail.com,GET,/concerts?on_sale=true,3.515,200,ok,0,steady
1791234985.338842,kiemthugialap043@gmail.com,GET,/orders/me,6.265,200,ok,0,steady
1791234985.3404434,kiemthugialap040@gmail.com,GET,/orders/me,7.38,200,ok,0,steady
1791234985.3431044,kiemthugialap063@gmail.com,GET,/concerts?on_sale=true,3.692,200,ok,0,steady
1791234985.3442364,kiemthugialap035@gmail.com,GET,/orders/me,5.208,200,ok,0,steady
1791234985.3525825,kiemthugialap038@gmail.com,GET,/concerts/{id},4.32,200,ok,0,steady
1791234985.385233,kiemthugialap090@gmail.com,GET,/concerts?on_sale=true,4.594,200,ok,0,steady
1791234985.3864229,kiemthugialap039@gmail.com,GET,/orders/me,6.47,200,ok,0,steady
1791234985.390069,kiemthugialap087@gmail.com,GET,/orders/me,3.458,200,ok,0,steady
1791234985.4010677,kiemthugialap018@gmail.com,GET,/orders/me,5.072,200,ok,0,steady
1791234985.4220178,kiemthugialap034@gmail.com,GET,/orders/me,5.72,200,ok,0,steady
1791234985.4225051,kiemthugialap080@gmail.com,GET,/orders/me,7.903,200,ok,0,steady
1791234985.453624,kiemthugialap001@gmail.com,GET,/orders/me,4.054,200,ok,0,steady
1791234985.48651,kiemthugialap096@gmail.com,GET,/concerts/{id},4.588,200,ok,0,steady
1791234985.5041523,kiemthugialap068@gmail.com,GET,/concerts?on_sale=true,6.359,200,ok,0,steady
1791234985.5225606,kiemthugialap061@gmail.com,GET,/concerts?on_sale=true,6.312,200,ok,0,steady
1791234985.5239491,kiemthugialap079@gmail.com,GET,/orders/me,10.582,200,ok,0,steady
1791234985.5242634,kiemthugialap075@gmail.com,GET,/orders/me,9.711,200,ok,0,steady
1791234985.5263677,kiemthugialap051@gmail.com,GET,/orders/me,3.586,200,ok,0,steady
1791234985.552307,kiemthugialap036@gmail.com,GET,/concerts/{id},4.776,200,ok,0,steady
1791234985.5840676,kiemthugialap099@gmail.com,GET,/orders/me,5.163,200,ok,0,steady
1791234985.6065524,kiemthugialap066@gmail.com,GET,/orders/me,11.188,200,ok,0,steady
1791234985.6070497,kiemthugialap100@gmail.com,GET,/orders/me,9.833,200,ok,0,steady
1791234985.6075902,kiemthugialap037@gmail.com,GET,/orders/me,10.779,200,ok,0,steady
1791234985.6079473,kiemthugialap083@gmail.com,GET,/orders/me,11.569,200,ok,0,steady
1791234985.6907928,kiemthugialap056@gmail.com,GET,/orders/me,6.882,200,ok,0,steady
1791234985.6912503,kiemthugialap060@gmail.com,GET,/orders/me,6.535,200,ok,0,steady
1791234985.7041428,kiemthugialap093@gmail.com,GET,/orders/me,4.498,200,ok,0,steady
1791234985.7220945,kiemthugialap004@gmail.com,GET,/orders/me,7.133,200,ok,0,steady
1791234985.7599006,kiemthugialap008@gmail.com,GET,/concerts?on_sale=true,6.181,200,ok,0,steady
1791234985.7603393,kiemthugialap030@gmail.com,GET,/concerts/{id},8.797,200,ok,0,steady
1791234985.7618656,kiemthugialap045@gmail.com,GET,/orders/me,9.312,200,ok,0,steady
1791234985.7659805,kiemthugialap070@gmail.com,GET,/concerts/{id},5.089,200,ok,0,steady
1791234985.7665057,kiemthugialap077@gmail.com,GET,/concerts?on_sale=true,6.022,200,ok,0,steady
1791234985.7855208,kiemthugialap021@gmail.com,GET,/concerts,5.024,200,ok,0,steady
1791234985.7867072,kiemthugialap033@gmail.com,GET,/orders/me,7.14,200,ok,0,steady
1791234985.8224125,kiemthugialap028@gmail.com,GET,/orders/me,10.514,200,ok,0,steady
1791234985.8230205,kiemthugialap059@gmail.com,GET,/orders/me,10.19,200,ok,0,steady
1791234985.8233638,kiemthugialap073@gmail.com,GET,/orders/me,9.385,200,ok,0,steady
1791234985.8276563,kiemthugialap006@gmail.com,GET,/orders/me,4.153,200,ok,0,steady
1791234985.8282793,kiemthugialap047@gmail.com,GET,/concerts,4.028,200,ok,0,steady
1791234985.839242,kiemthugialap091@gmail.com,GET,/concerts/{id},5.648,200,ok,0,steady
1791234985.8396757,kiemthugialap020@gmail.com,GET,/concerts/{id},5.091,200,ok,0,steady
1791234985.857205,kiemthugialap012@gmail.com,GET,/concerts,9.431,200,ok,0,steady
1791234985.858065,kiemthugialap026@gmail.com,GET,/orders/me,10.962,200,ok,0,steady
1791234985.8586543,kiemthugialap050@gmail.com,GET,/orders/me,10.675,200,ok,0,steady
1791234985.885514,kiemthugialap063@gmail.com,GET,/orders/me,5.316,200,ok,0,steady
1791234985.8858712,kiemthugialap003@gmail.com,GET,/orders/me,6.996,200,ok,0,steady
1791234985.9318986,kiemthugialap085@gmail.com,GET,/orders/me,5.07,200,ok,0,steady
1791234985.9915822,kiemthugialap048@gmail.com,GET,/concerts/{id},6.882,200,ok,0,steady
1791234985.9930105,kiemthugialap078@gmail.com,GET,/orders/me,9.168,200,ok,0,steady
1791234985.9933527,kiemthugialap092@gmail.com,GET,/orders/me,8.108,200,ok,0,steady
1791234986.005699,kiemthugialap055@gmail.com,GET,/concerts/{id},5.234,200,ok,0,steady
1791234986.0067236,kiemthugialap094@gmail.com,GET,/orders/me,6.976,200,ok,0,steady
1791234986.0204823,kiemthugialap023@gmail.com,GET,/orders/me,5.025,200,ok,0,steady
1791234986.0235534,kiemthugialap065@gmail.com,GET,/orders/me,2.903,200,ok,0,steady
1791234986.0411406,kiemthugialap082@gmail.com,GET,/orders/me,7.761,200,ok,0,steady
1791234986.0420322,kiemthugialap025@gmail.com,GET,/orders/me,10.564,200,ok,0,steady
1791234986.044564,kiemthugialap010@gmail.com,GET,/orders/me,12.289,200,ok,0,steady
1791234986.0466306,kiemthugialap072@gmail.com,GET,/orders/me,5.349,200,ok,0,steady
1791234986.0524504,kiemthugialap052@gmail.com,GET,/orders/me,7.739,200,ok,0,steady
1791234986.0704453,kiemthugialap024@gmail.com,GET,/orders/me,5.841,200,ok,0,steady
1791234986.1203887,kiemthugialap046@gmail.com,GET,/orders/me,4.101,200,ok,0,steady
1791234986.1366172,kiemthugialap095@gmail.com,GET,/orders/me,4.99,200,ok,0,steady
1791234986.1574426,kiemthugialap083@gmail.com,GET,/concerts,9.172,200,ok,0,steady
1791234986.1591249,kiemthugialap017@gmail.com,GET,/orders/me,10.234,200,ok,0,steady
1791234986.1595745,kiemthugialap041@gmail.com,GET,/orders/me,10.131,200,ok,0,steady
1791234986.1606736,kiemthugialap049@gmail.com,GET,/concerts?on_sale=true,2.948,200,ok,0,steady
1791234986.1633937,kiemthugialap044@gmail.com,GET,/orders/me,3.648,200,ok,0,steady
1791234986.1687691,kiemthugialap098@gmail.com,GET,/orders/me,5.195,200,ok,0,steady
1791234986.2210865,kiemthugialap036@gmail.com,GET,/concerts/{id},5.398,200,ok,0,steady
1791234986.2215745,kiemthugialap067@gmail.com,GET,/orders/me,6.429,200,ok,0,steady
1791234986.2518027,kiemthugialap032@gmail.com,GET,/concerts,4.268,200,ok,0,steady
1791234986.270758,kiemthugialap069@gmail.com,GET,/orders/me,5.938,200,ok,0,steady
1791234986.271141,kiemthugialap054@gmail.com,GET,/orders/me,7.427,200,ok,0,steady
1791234986.290038,kiemthugialap090@gmail.com,GET,/orders/me,6.615,200,ok,0,steady
1791234986.3040347,kiemthugialap053@gmail.com,GET,/orders/me,4.395,200,ok,0,steady
1791234986.3195295,kiemthugialap007@gmail.com,GET,/orders/me,4.082,200,ok,0,steady
1791234986.3547764,kiemthugialap068@gmail.com,GET,/orders/me,4.835,200,ok,0,steady
1791234986.355173,kiemthugialap039@gmail.com,GET,/orders/me,6.267,200,ok,0,steady
1791234986.4190469,kiemthugialap088@gmail.com,GET,/concerts,4.081,200,ok,0,steady
1791234986.4223557,kiemthugialap076@gmail.com,GET,/orders/me,3.173,200,ok,0,steady
1791234986.452457,kiemthugialap062@gmail.com,GET,/concerts,5.684,200,ok,0,steady
1791234986.4534173,kiemthugialap080@gmail.com,GET,/orders/me,5.507,200,ok,0,steady
1791234986.4699154,kiemthugialap099@gmail.com,GET,/concerts?on_sale=true,4.402,200,ok,0,steady
1791234986.4704099,kiemthugialap016@gmail.com,GET,/concerts/{id},5.994,200,ok,0,steady
1791234986.4867694,kiemthugialap031@gmail.com,GET,/orders/me,4.828,200,ok,0,steady
1791234986.4900572,kiemthugialap035@gmail.com,GET,/concerts/{id},3.143,200,ok,0,steady
1791234986.4919145,kiemthugialap084@gmail.com,GET,/orders/me,4.483,200,ok,0,steady
1791234986.4936564,kiemthugialap013@gmail.com,GET,/orders/me,3.428,200,ok,0,steady
1791234986.4977891,kiemthugialap015@gmail.com,GET,/concerts,3.978,200,ok,0,steady
1791234986.499676,kiemthugialap048@gmail.com,GET,/orders/me,5.597,200,ok,0,steady
1791234986.5069919,kiemthugialap005@gmail.com,GET,/concerts/{id},5.883,200,ok,0,steady
1791234986.5083528,kiemthugialap097@gmail.com,GET,/concerts?on_sale=true,6.701,200,ok,0,steady
1791234986.5125196,kiemthugialap071@gmail.com,GET,/orders/me,5.326,200,ok,0,steady
1791234986.536999,kiemthugialap042@gmail.com,GET,/orders/me,5.496,200,ok,0,steady
1791234986.5379722,kiemthugialap058@gmail.com,GET,/orders/me,7.498,200,ok,0,steady
1791234986.539984,kiemthugialap074@gmail.com,GET,/orders/me,2.815,200,ok,0,steady
1791234986.5518997,kiemthugialap087@gmail.com,GET,/orders/me,4.832,200,ok,0,steady
1791234986.5698283,kiemthugialap089@gmail.com,GET,/orders/me,5.318,200,ok,0,steady
1791234986.5702672,kiemthugialap034@gmail.com,GET,/orders/me,6.855,200,ok,0,steady
1791234986.6005867,kiemthugialap011@gmail.com,GET,/concerts?on_sale=true,6.007,200,ok,0,steady
1791234986.601712,kiemthugialap043@gmail.com,GET,/orders/me,6.346,200,ok,0,steady
1791234986.668827,kiemthugialap010@gmail.com,GET,/concerts/{id},5.455,200,ok,0,steady
1791234986.6699214,kiemthugialap019@gmail.com,GET,/orders/me,5.712,200,ok,0,steady
1791234986.702004,kiemthugialap070@gmail.com,GET,/orders/me,6.247,200,ok,0,steady
1791234986.725445,kiemthugialap079@gmail.com,GET,/concerts/{id},4.622,200,ok,0,steady
1791234986.7258778,kiemthugialap041@gmail.com,GET,/concerts,6.873,200,ok,0,steady
1791234986.726176,kiemthugialap027@gmail.com,GET,/concerts,5.678,200,ok,0,steady
1791234986.7562337,kiemthugialap022@gmail.com,GET,/concerts,5.223,200,ok,0,steady
1791234986.7574866,kiemthugialap009@gmail.com,GET,/orders/me,7.116,200,ok,0,steady
1791234986.7901683,kiemthugialap096@gmail.com,GET,/orders/me,6.746,200,ok,0,steady
1791234986.8218708,kiemthugialap002@gmail.com,GET,/orders/me,30.915,200,ok,0,steady
1791234986.8236952,kiemthugialap086@gmail.com,GET,/orders/me,33.266,200,ok,0,steady
1791234986.8242729,kiemthugialap057@gmail.com,GET,/orders/me,10.216,200,ok,0,steady
1791234986.8292818,kiemthugialap014@gmail.com,GET,/orders/me,4.851,200,ok,0,steady
1791234986.8568625,kiemthugialap038@gmail.com,GET,/orders/me,20.973,200,ok,0,steady
1791234986.8585608,kiemthugialap059@gmail.com,GET,/orders/me,23.481,200,ok,0,steady
1791234986.8880029,kiemthugialap029@gmail.com,GET,/orders/me,7.547,200,ok,0,steady
1791234986.9065056,kiemthugialap060@gmail.com,GET,/concerts,4.214,200,ok,0,steady
1791234986.9388125,kiemthugialap001@gmail.com,GET,/orders/me,6.049,200,ok,0,steady
1791234986.939211,kiemthugialap094@gmail.com,GET,/orders/me,5.959,200,ok,0,steady
1791234986.9853184,kiemthugialap082@gmail.com,GET,/concerts/{id},4.956,200,ok,0,steady
1791234987.021027,kiemthugialap081@gmail.com,GET,/orders/me,6.645,200,ok,0,steady
1791234987.025822,kiemthugialap044@gmail.com,GET,/orders/me,4.627,200,ok,0,steady
1791234987.0270126,kiemthugialap075@gmail.com,GET,/orders/me,5.482,200,ok,0,steady
1791234987.0310354,kiemthugialap064@gmail.com,GET,/orders/me,5.061,200,ok,0,steady
1791234987.031749,kiemthugialap030@gmail.com,GET,/orders/me,5.506,200,ok,0,steady
1791234987.0378525,kiemthugialap037@gmail.com,GET,/orders/me,7.976,200,ok,0,steady
1791234987.0406666,kiemthugialap066@gmail.com,GET,/orders/me,4.605,200,ok,0,steady
1791234987.0696633,kiemthugialap028@gmail.com,GET,/concerts,4.372,200,ok,0,steady
1791234987.0707052,kiemthugialap051@gmail.com,GET,/orders/me,6.64,200,ok,0,steady
1791234987.085852,kiemthugialap016@gmail.com,GET,/orders/me,5.989,200,ok,0,steady
1791234987.0889268,kiemthugialap003@gmail.com,GET,/concerts,2.856,200,ok,0,steady
1791234987.1165223,kiemthugialap080@gmail.com,GET,/concerts?on_sale=true,4.156,200,ok,0,steady
1791234987.1372828,kiemthugialap067@gmail.com,GET,/concerts,8.886,200,ok,0,steady
1791234987.138412,kiemthugialap013@gmail.com,GET,/orders/me,8.217,200,ok,0,steady
1791234987.1389594,kiemthugialap035@gmail.com,GET,/orders/me,8.347,200,ok,0,steady
1791234987.156301,kiemthugialap004@gmail.com,GET,/orders/me,6.33,200,ok,0,steady
1791234987.161828,kiemthugialap032@gmail.com,GET,/concerts/{id},5.276,200,ok,0,steady
1791234987.1628556,kiemthugialap011@gmail.com,GET,/orders/me,5.415,200,ok,0,steady
1791234987.1663103,kiemthugialap050@gmail.com,GET,/concerts/{id},4.271,200,ok,0,steady
1791234987.2033105,kiemthugialap061@gmail.com,GET,/orders/me,5.356,200,ok,0,steady
1791234987.2045527,kiemthugialap015@gmail.com,GET,/concerts/{id},3.175,200,ok,0,steady
1791234987.2205548,kiemthugialap089@gmail.com,GET,/concerts,5.286,200,ok,0,steady
1791234987.2215407,kiemthugialap021@gmail.com,GET,/orders/me,5.458,200,ok,0,steady
1791234987.238952,kiemthugialap033@gmail.com,GET,/orders/me,4.901,200,ok,0,steady
1791234987.2534063,kiemthugialap006@gmail.com,GET,/concerts?on_sale=true,3.91,200,ok,0,steady
1791234987.2745674,kiemthugialap023@gmail.com,GET,/orders/me,7.599,200,ok,0,steady
1791234987.2754655,kiemthugialap054@gmail.com,GET,/orders/me,7.872,200,ok,0,steady
1791234987.2869692,kiemthugialap052@gmail.com,GET,/concerts,4.173,200,ok,0,steady
1791234987.3102982,kiemthugialap083@gmail.com,GET,/concerts?on_sale=true,10.425,200,ok,0,steady
1791234987.310765,kiemthugialap055@gmail.com,GET,/concerts?on_sale=true,11.237,200,ok,0,steady
1791234987.3111908,kiemthugialap040@gmail.com,GET,/orders/me,12.719,200,ok,0,steady
1791234987.311639,kiemthugialap065@gmail.com,GET,/orders/me,12.473,200,ok,0,steady
1791234987.3389668,kiemthugialap018@gmail.com,GET,/concerts/{id},6.824,200,ok,0,steady
1791234987.339366,kiemthugialap024@gmail.com,GET,/orders/me,27.595,200,ok,0,steady
1791234987.3401203,kiemthugialap042@gmail.com,GET,/orders/me,27.928,200,ok,0,steady
1791234987.3406544,kiemthugialap043@gmail.com,GET,/orders/me,9.542,200,ok,0,steady
1791234987.3732247,kiemthugialap100@gmail.com,GET,/orders/me,6.038,200,ok,0,steady
1791234987.3736494,kiemthugialap057@gmail.com,GET,/orders/me,6.045,200,ok,0,steady
1791234987.4196427,kiemthugialap062@gmail.com,GET,/orders/me,4.304,200,ok,0,steady
1791234987.4357748,kiemthugialap085@gmail.com,GET,/orders/me,4.285,200,ok,0,steady
1791234987.4549263,kiemthugialap071@gmail.com,GET,/orders/me,4.117,200,ok,0,steady
1791234987.4702005,kiemthugialap049@gmail.com,GET,/orders/me,6.225,200,ok,0,steady
1791234987.4867747,kiemthugialap025@gmail.com,GET,/orders/me,3.934,200,ok,0,steady
1791234987.4890783,kiemthugialap076@gmail.com,GET,/concerts/{id},2.159,200,ok,0,steady
1791234987.5385575,kiemthugialap098@gmail.com,GET,/concerts/{id},8.335,200,ok,0,steady
1791234987.5404534,kiemthugialap056@gmail.com,GET,/orders/me,9.066,200,ok,0,steady
1791234987.5408466,kiemthugialap063@gmail.com,GET,/orders/me,8.965,200,ok,0,steady
1791234987.541306,kiemthugialap001@gmail.com,GET,/orders/me,9.078,200,ok,0,steady
1791234987.5524375,kiemthugialap073@gmail.com,GET,/orders/me,5.218,200,ok,0,steady
1791234987.5692563,kiemthugialap031@gmail.com,GET,/concerts/{id},5.267,200,ok,0,steady
1791234987.5702784,kiemthugialap009@gmail.com,GET,/orders/me,5.139,200,ok,0,steady
1791234987.584747,kiemthugialap074@gmail.com,GET,/concerts/{id},4.718,200,ok,0,steady
1791234987.5885022,kiemthugialap091@gmail.com,GET,/orders/me,3.585,200,ok,0,steady
1791234987.6058218,kiemthugialap097@gmail.com,GET,/concerts?on_sale=true,5.434,200,ok,0,steady
1791234987.6068661,kiemthugialap093@gmail.com,GET,/concerts?on_sale=true,7.009,200,ok,0,steady
1791234987.607941,kiemthugialap028@gmail.com,GET,/orders/me,7.351,200,ok,0,steady
1791234987.6098478,kiemthugialap039@gmail.com,GET,/orders/me,3.849,200,ok,0,steady
1791234987.6683927,kiemthugialap026@gmail.com,GET,/orders/me,6.303,200,ok,0,steady
1791234987.670585,kiemthugialap067@gmail.com,GET,/concerts,2.04,200,ok,0,steady
1791234987.6823301,kiemthugialap077@gmail.com,GET,/concerts?on_sale=true,4.213,200,ok,0,steady
1791234987.704538,kiemthugialap008@gmail.com,GET,/concerts?on_sale=true,5.235,200,ok,0,steady
1791234987.7057755,kiemthugialap045@gmail.com,GET,/orders/me,5.935,200,ok,0,steady
1791234987.7084668,kiemthugialap030@gmail.com,GET,/orders/me,3.715,200,ok,0,steady
1791234987.7107625,kiemthugialap017@gmail.com,GET,/concerts,2.155,200,ok,0,steady
1791234987.7272966,kiemthugialap036@gmail.com,GET,/orders/me,6.492,200,ok,0,steady
1791234987.7282708,kiemthugialap064@gmail.com,GET,/orders/me,6.093,200,ok,0,steady
1791234987.7315392,kiemthugialap059@gmail.com,GET,/orders/me,4.047,200,ok,0,steady
1791234987.7340877,kiemthugialap012@gmail.com,GET,/concerts?on_sale=true,5.673,200,ok,0,steady
1791234987.7570312,kiemthugialap069@gmail.com,GET,/orders/me,3.917,200,ok,0,steady
1791234987.8043356,kiemthugialap092@gmail.com,GET,/concerts,5.272,200,ok,0,steady
1791234987.805543,kiemthugialap020@gmail.com,GET,/orders/me,5.832,200,ok,0,steady
1791234987.8255029,kiemthugialap037@gmail.com,GET,/concerts/{id},9.332,200,ok,0,steady
1791234987.825917,kiemthugialap078@gmail.com,GET,/concerts/{id},10.718,200,ok,0,steady
1791234987.8262026,kiemthugialap072@gmail.com,GET,/concerts,8.793,200,ok,0,steady
1791234987.8277345,kiemthugialap095@gmail.com,GET,/orders/me,10.101,200,ok,0,steady
1791234987.8282087,kiemthugialap047@gmail.com,GET,/orders/me,11.07,200,ok,0,steady
1791234987.8519871,kiemthugialap053@gmail.com,GET,/orders/me,4.87,200,ok,0,steady
1791234987.9036956,kiemthugialap090@gmail.com,GET,/concerts,3.281,200,ok,0,steady
1791234987.9201708,kiemthugialap099@gmail.com,GET,/orders/me,4.216,200,ok,0,steady
1791234987.9382167,kiemthugialap041@gmail.com,GET,/orders/me,5.473,200,ok,0,steady
1791234987.9385667,kiemthugialap013@gmail.com,GET,/orders/me,6.667,200,ok,0,steady
1791234987.9521725,kiemthugialap057@gmail.com,GET,/concerts?on_sale=true,4.208,200,ok,0,steady
1791234987.9741468,kiemthugialap015@gmail.com,GET,/orders/me,10.599,200,ok,0,steady
1791234987.9758132,kiemthugialap068@gmail.com,GET,/orders/me,11.268,200,ok,0,steady
1791234988.0218537,kiemthugialap086@gmail.com,GET,/orders/me,7.037,200,ok,0,steady
1791234988.022415,kiemthugialap019@gmail.com,GET,/orders/me,8.258,200,ok,0,steady
1791234988.0580215,kiemthugialap098@gmail.com,GET,/orders/me,10.036,200,ok,0,steady
1791234988.0596278,kiemthugialap005@gmail.com,GET,/orders/me,12.273,200,ok,0,steady
1791234988.0599806,kiemthugialap022@gmail.com,GET,/orders/me,12.326,200,ok,0,steady
1791234988.0602899,kiemthugialap081@gmail.com,GET,/orders/me,13.553,200,ok,0,steady
1791234988.0614374,kiemthugialap082@gmail.com,GET,/concerts?on_sale=true,3.127,200,ok,0,steady
1791234988.0866954,kiemthugialap040@gmail.com,GET,/concerts/{id},7.218,200,ok,0,steady
1791234988.0870976,kiemthugialap010@gmail.com,GET,/concerts,7.884,200,ok,0,steady
1791234988.088083,kiemthugialap058@gmail.com,GET,/orders/me,9.389,200,ok,0,steady
1791234988.1046743,kiemthugialap046@gmail.com,GET,/concerts?on_sale=true,4.261,200,ok,0,steady
1791234988.1223948,kiemthugialap011@gmail.com,GET,/orders/me,6.222,200,ok,0,steady
1791234988.1401258,kiemthugialap007@gmail.com,GET,/orders/me,6.278,200,ok,0,steady
1791234988.1447203,kiemthugialap044@gmail.com,GET,/concerts/{id},3.924,200,ok,0,steady
1791234988.1457481,kiemthugialap088@gmail.com,GET,/orders/me,5.419,200,ok,0,steady
1791234988.1688263,kiemthugialap009@gmail.com,GET,/concerts/{id},4.433,200,ok,0,steady
1791234988.2279742,kiemthugialap079@gmail.com,GET,/orders/me,11.367,200,ok,0,steady
1791234988.229367,kiemthugialap039@gmail.com,GET,/orders/me,11.556,200,ok,0,steady
1791234988.229952,kiemthugialap032@gmail.com,GET,/orders/me,12.447,200,ok,0,steady
1791234988.2325234,kiemthugialap051@gmail.com,GET,/orders/me,4.298,200,ok,0,steady
1791234988.260422,kiemthugialap096@gmail.com,GET,/orders/me,6.94,200,ok,0,steady
1791234988.260763,kiemthugialap045@gmail.com,GET,/orders/me,6.434,200,ok,0,steady
1791234988.2899003,kiemthugialap050@gmail.com,GET,/concerts/{id},4.347,200,ok,0,steady
1791234988.2921476,kiemthugialap014@gmail.com,GET,/concerts,2.101,200,ok,0,steady
1791234988.3241973,kiemthugialap036@gmail.com,GET,/orders/me,6.25,200,ok,0,steady
1791234988.324666,kiemthugialap084@gmail.com,GET,/orders/me,7.528,200,ok,0,steady
1791234988.3359833,kiemthugialap083@gmail.com,GET,/orders/me,5.145,200,ok,0,steady
1791234988.3517997,kiemthugialap037@gmail.com,GET,/concerts,4.828,200,ok,0,steady
1791234988.3716946,kiemthugialap028@gmail.com,GET,/concerts/{id},5.519,200,ok,0,steady
1791234988.3727279,kiemthugialap071@gmail.com,GET,/concerts?on_sale=true,7.599,200,ok,0,steady
1791234988.3739529,kiemthugialap055@gmail.com,GET,/orders/me,10.083,200,ok,0,steady
1791234988.3743117,kiemthugialap067@gmail.com,GET,/orders/me,9.462,200,ok,0,steady
1791234988.376035,kiemthugialap066@gmail.com,GET,/orders/me,4.162,200,ok,0,steady
1791234988.3837461,kiemthugialap092@gmail.com,GET,/orders/me,4.877,200,ok,0,steady
1791234988.4018798,kiemthugialap097@gmail.com,GET,/orders/me,6.631,200,ok,0,steady
1791234988.407024,kiemthugialap029@gmail.com,GET,/concerts?on_sale=true,4.893,200,ok,0,steady
1791234988.407973,kiemthugialap024@gmail.com,GET,/orders/me,5.335,200,ok,0,steady
1791234988.4237943,kiemthugialap054@gmail.com,GET,/concerts/{id},5.331,200,ok,0,steady
1791234988.4883332,kiemthugialap087@gmail.com,GET,/orders/me,5.314,200,ok,0,steady
1791234988.4908712,kiemthugialap094@gmail.com,GET,/orders/me,8.44,200,ok,0,steady
1791234988.4914954,kiemthugialap048@gmail.com,GET,/orders/me,2.949,200,ok,0,steady
1791234988.5213962,kiemthugialap063@gmail.com,GET,/concerts/{id},6.671,200,ok,0,steady
1791234988.5227716,kiemthugialap015@gmail.com,GET,/orders/me,6.075,200,ok,0,steady
1791234988.5257957,kiemthugialap099@gmail.com,GET,/concerts?on_sale=true,3.906,200,ok,0,steady
1791234988.5279737,kiemthugialap060@gmail.com,GET,/orders/me,6.395,200,ok,0,steady
1791234988.5284631,kiemthugialap069@gmail.com,GET,/orders/me,5.576,200,ok,0,steady
1791234988.55891,kiemthugialap070@gmail.com,GET,/orders/me,21.764,200,ok,0,steady
1791234988.5818148,kiemthugialap034@gmail.com,GET,/concerts/{id},12.925,200,ok,0,steady
1791234988.6067507,kiemthugialap042@gmail.com,GET,/orders/me,6.897,200,ok,0,steady
1791234988.6102827,kiemthugialap081@gmail.com,GET,/orders/me,11.094,200,ok,0,steady
1791234988.6369555,kiemthugialap027@gmail.com,GET,/orders/me,4.792,200,ok,0,steady
1791234988.6374793,kiemthugialap002@gmail.com,GET,/orders/me,7.447,200,ok,0,steady
1791234988.7031214,kiemthugialap004@gmail.com,GET,/concerts,5.445,200,ok,0,steady
1791234988.7041812,kiemthugialap035@gmail.com,GET,/orders/me,8.209,200,ok,0,steady
1791234988.7580755,kiemthugialap062@gmail.com,GET,/orders/me,26.241,200,ok,0,steady
1791234988.7586565,kiemthugialap033@gmail.com,GET,/orders/me,28.062,200,ok,0,steady
1791234988.7597458,kiemthugialap080@gmail.com,GET,/orders/me,11.416,200,ok,0,steady
1791234988.7600806,kiemthugialap023@gmail.com,GET,/orders/me,12.916,200,ok,0,steady
1791234988.796789,kiemthugialap076@gmail.com,GET,/concerts,15.065,200,ok,0,steady
1791234988.8007104,kiemthugialap089@gmail.com,GET,/orders/me,15.974,200,ok,0,steady
1791234988.8026614,kiemthugialap049@gmail.com,GET,/concerts/{id},20.029,200,ok,0,steady
1791234988.8032146,kiemthugialap085@gmail.com,GET,/orders/me,21.075,200,ok,0,steady
1791234988.8036819,kiemthugialap038@gmail.com,GET,/orders/me,22.827,200,ok,0,steady
1791234988.805058,kiemthugialap061@gmail.com,GET,/orders/me,25.263,200,ok,0,steady
1791234988.808683,kiemthugialap098@gmail.com,GET,/orders/me,7.71,200,ok,0,steady
1791234988.8252451,kiemthugialap052@gmail.com,GET,/concerts,7.158,200,ok,0,steady
1791234988.826147,kiemthugialap032@gmail.com,GET,/orders/me,10.094,200,ok,0,steady
1791234988.840196,kiemthugialap016@gmail.com,GET,/orders/me,8.627,200,ok,0,steady
1791234988.8508801,kiemthugialap051@gmail.com,GET,/concerts/{id},10.364,200,ok,0,steady
1791234988.8527524,kiemthugialap078@gmail.com,GET,/orders/me,10.059,200,ok,0,steady
1791234988.8556771,kiemthugialap075@gmail.com,GET,/orders/me,14.652,200,ok,0,steady
1791234988.8618615,kiemthugialap019@gmail.com,GET,/orders/me,5.948,200,ok,0,steady
1791234988.887632,kiemthugialap020@gmail.com,GET,/concerts,5.822,200,ok,0,steady
1791234988.9078379,kiemthugialap006@gmail.com,GET,/orders/me,7.088,200,ok,0,steady
1791234988.9204946,kiemthugialap074@gmail.com,GET,/orders/me,6.802,200,ok,0,steady
1791234988.939846,kiemthugialap065@gmail.com,GET,/orders/me,9.291,200,ok,0,steady
1791234988.9511044,kiemthugialap086@gmail.com,GET,/orders/me,10.234,200,ok,0,steady
1791234988.951984,kiemthugialap077@gmail.com,GET,/orders/me,11.812,200,ok,0,steady
1791234988.9525304,kiemthugialap096@gmail.com,GET,/orders/me,10.725,200,ok,0,steady
1791234988.9895275,kiemthugialap043@gmail.com,GET,/orders/me,7.843,200,ok,0,steady
1791234989.0414634,kiemthugialap018@gmail.com,GET,/orders/me,8.587,200,ok,0,steady
1791234989.0434542,kiemthugialap003@gmail.com,GET,/orders/me,11.883,200,ok,0,steady
1791234989.0504687,kiemthugialap001@gmail.com,GET,/orders/me,8.668,200,ok,0,steady
1791234989.0510838,kiemthugialap029@gmail.com,GET,/orders/me,8.799,200,ok,0,steady
1791234989.0738707,kiemthugialap073@gmail.com,GET,/orders/me,8.91,200,ok,0,steady
1791234989.0750906,kiemthugialap041@gmail.com,GET,/orders/me,7.907,200,ok,0,steady
1791234989.0773258,kiemthugialap054@gmail.com,GET,/orders/me,3.245,200,ok,0,steady
1791234989.1053803,kiemthugialap066@gmail.com,GET,/orders/me,7.303,200,ok,0,steady
1791234989.1057925,kiemthugialap045@gmail.com,GET,/orders/me,9.436,200,ok,0,steady
1791234989.1184716,kiemthugialap021@gmail.com,GET,/concerts,5.68,200,ok,0,steady
1791234989.1355612,kiemthugialap010@gmail.com,GET,/concerts/{id},5.725,200,ok,0,steady
1791234989.1741533,kiemthugialap007@gmail.com,GET,/orders/me,11.999,200,ok,0,steady
1791234989.1775963,kiemthugialap044@gmail.com,GET,/orders/me,16.203,200,ok,0,steady
1791234989.1831424,kiemthugialap012@gmail.com,GET,/orders/me,11.601,200,ok,0,steady
1791234989.1899874,kiemthugialap084@gmail.com,GET,/concerts,5.604,200,ok,0,steady
1791234989.190541,kiemthugialap005@gmail.com,GET,/orders/me,20.832,200,ok,0,steady
1791234989.1919475,kiemthugialap008@gmail.com,GET,/orders/me,8.572,200,ok,0,steady
1791234989.2261918,kiemthugialap030@gmail.com,GET,/concerts,7.768,200,ok,0,steady
1791234989.2277672,kiemthugialap100@gmail.com,GET,/concerts,8.017,200,ok,0,steady
1791234989.2282743,kiemthugialap031@gmail.com,GET,/orders/me,10.875,200,ok,0,steady
1791234989.2332513,kiemthugialap025@gmail.com,GET,/orders/me,6.791,200,ok,0,steady
1791234989.257786,kiemthugialap092@gmail.com,GET,/concerts/{id},8.183,200,ok,0,steady
1791234989.2591739,kiemthugialap059@gmail.com,GET,/orders/me,11.819,200,ok,0,steady
1791234989.2597826,kiemthugialap028@gmail.com,GET,/orders/me,10.609,200,ok,0,steady
1791234989.261297,kiemthugialap026@gmail.com,GET,/orders/me,13.343,200,ok,0,steady
1791234989.2631896,kiemthugialap070@gmail.com,GET,/concerts?on_sale=true,3.236,200,ok,0,steady
1791234989.2883515,kiemthugialap091@gmail.com,GET,/concerts,7.282,200,ok,0,steady
1791234989.2899354,kiemthugialap017@gmail.com,GET,/orders/me,9.578,200,ok,0,steady
1791234989.2909882,kiemthugialap027@gmail.com,GET,/orders/me,8.857,200,ok,0,steady
1791234989.292703,kiemthugialap015@gmail.com,GET,/concerts?on_sale=true,2.624,200,ok,0,steady
1791234989.3169723,kiemthugialap093@gmail.com,GET,/orders/me,5.289,200,ok,0,steady
1791234989.3729744,kiemthugialap094@gmail.com,GET,/concerts?on_sale=true,7.101,200,ok,0,steady
1791234989.3735127,kiemthugialap048@gmail.com,GET,/concerts/{id},9.514,200,ok,0,steady
1791234989.3741703,kiemthugialap098@gmail.com,GET,/orders/me,8.766,200,ok,0,steady
1791234989.4220815,kiemthugialap002@gmail.com,GET,/concerts/{id},7.169,200,ok,0,steady
1791234989.4237838,kiemthugialap095@gmail.com,GET,/orders/me,7.808,200,ok,0,steady
1791234989.4402313,kiemthugialap082@gmail.com,GET,/orders/me,8.391,200,ok,0,steady
1791234989.440646,kiemthugialap057@gmail.com,GET,/orders/me,7.352,200,ok,0,steady
1791234989.441026,kiemthugialap056@gmail.com,GET,/orders/me,8.57,200,ok,0,steady
1791234989.469609,kiemthugialap052@gmail.com,GET,/orders/me,4.905,200,ok,0,steady
1791234989.5055656,kiemthugialap083@gmail.com,GET,/concerts,4.584,200,ok,0,steady
1791234989.506663,kiemthugialap040@gmail.com,GET,/orders/me,6.241,200,ok,0,steady
1791234989.5548608,kiemthugialap097@gmail.com,GET,/concerts?on_sale=true,5.556,200,ok,0,steady
1791234989.5561414,kiemthugialap023@gmail.com,GET,/orders/me,7.916,200,ok,0,steady
1791234989.5905104,kiemthugialap011@gmail.com,GET,/orders/me,8.865,200,ok,0,steady
1791234989.5909889,kiemthugialap072@gmail.com,GET,/orders/me,8.313,200,ok,0,steady
1791234989.6179397,kiemthugialap053@gmail.com,GET,/concerts,3.758,200,ok,0,steady
1791234989.6369677,kiemthugialap064@gmail.com,GET,/concerts,5.848,200,ok,0,steady
1791234989.638015,kiemthugialap074@gmail.com,GET,/orders/me,5.929,200,ok,0,steady
1791234989.6689496,kiemthugialap099@gmail.com,GET,/concerts?on_sale=true,3.923,200,ok,0,steady
1791234989.706254,kiemthugialap029@gmail.com,GET,/concerts?on_sale=true,5.751,200,ok,0,steady
1791234989.719562,kiemthugialap039@gmail.com,GET,/concerts/{id},5.28,200,ok,0,steady
1791234989.7205107,kiemthugialap068@gmail.com,GET,/orders/me,6.894,200,ok,0,steady
1791234989.737803,kiemthugialap047@gmail.com,GET,/concerts?on_sale=true,6.089,200,ok,0,steady
1791234989.7393575,kiemthugialap014@gmail.com,GET,/orders/me,9.255,200,ok,0,steady
1791234989.7423484,kiemthugialap085@gmail.com,GET,/orders/me,4.312,200,ok,0,steady
1791234989.7434638,kiemthugialap090@gmail.com,GET,/concerts?on_sale=true,3.933,200,ok,0,steady
1791234989.745206,kiemthugialap067@gmail.com,GET,/concerts?on_sale=true,2.674,200,ok,0,steady
1791234989.7467234,kiemthugialap016@gmail.com,GET,/concerts/{id},3.138,200,ok,0,steady
1791234989.7835746,kiemthugialap019@gmail.com,GET,/orders/me,5.519,200,ok,0,steady
1791234989.8250616,kiemthugialap026@gmail.com,GET,/orders/me,7.908,200,ok,0,steady
1791234989.82547,kiemthugialap037@gmail.com,GET,/orders/me,9.432,200,ok,0,steady
1791234989.8725688,kiemthugialap046@gmail.com,GET,/concerts?on_sale=true,7.099,200,ok,0,steady
1791234989.8741286,kiemthugialap081@gmail.com,GET,/orders/me,9.796,200,ok,0,steady
1791234989.876751,kiemthugialap013@gmail.com,GET,/orders/me,3.949,200,ok,0,steady
1791234989.906626,kiemthugialap061@gmail.com,GET,/orders/me,7.021,200,ok,0,steady
1791234989.9235985,kiemthugialap071@gmail.com,GET,/concerts,8.185,200,ok,0,steady
1791234989.9256053,kiemthugialap022@gmail.com,GET,/orders/me,11.78,200,ok,0,steady
1791234989.9709904,kiemthugialap024@gmail.com,GET,/concerts/{id},6.478,200,ok,0,steady
1791234989.976221,kiemthugialap010@gmail.com,GET,/orders/me,4.985,200,ok,0,steady
1791234989.987075,kiemthugialap077@gmail.com,GET,/concerts/{id},10.607,200,ok,0,steady
1791234989.988628,kiemthugialap075@gmail.com,GET,/orders/me,11.765,200,ok,0,steady
1791234989.9891665,kiemthugialap082@gmail.com,GET,/orders/me,12.057,200,ok,0,steady
1791234990.025584,kiemthugialap031@gmail.com,GET,/concerts?on_sale=true,10.173,200,ok,0,steady
1791234990.0283544,kiemthugialap009@gmail.com,GET,/orders/me,13.328,200,ok,0,steady
1791234990.0287871,kiemthugialap060@gmail.com,GET,/orders/me,14.73,200,ok,0,steady
1791234990.0291193,kiemthugialap058@gmail.com,GET,/orders/me,12.069,200,ok,0,steady
1791234990.0320327,kiemthugialap006@gmail.com,GET,/orders/me,6.152,200,ok,0,steady
1791234990.0734112,kiemthugialap098@gmail.com,GET,/orders/me,9.205,200,ok,0,steady
1791234990.073848,kiemthugialap038@gmail.com,GET,/orders/me,8.626,200,ok,0,steady
1791234990.1179645,kiemthugialap088@gmail.com,GET,/concerts,4.859,200,ok,0,steady
1791234990.141951,kiemthugialap096@gmail.com,GET,/concerts/{id},7.02,200,ok,0,steady
1791234990.1433434,kiemthugialap030@gmail.com,GET,/concerts?on_sale=true,9.488,200,ok,0,steady
1791234990.1452692,kiemthugialap035@gmail.com,GET,/orders/me,11.974,200,ok,0,steady
1791234990.1462488,kiemthugialap004@gmail.com,GET,/orders/me,11.644,200,ok,0,steady
1791234990.1470563,kiemthugialap080@gmail.com,GET,/orders/me,11.555,200,ok,0,steady
1791234990.1518395,kiemthugialap003@gmail.com,GET,/orders/me,9.63,200,ok,0,steady
1791234990.1529567,kiemthugialap043@gmail.com,GET,/orders/me,9.46,200,ok,0,steady
1791234990.191498,kiemthugialap036@gmail.com,GET,/concerts/{id},7.505,200,ok,0,steady
1791234990.1935446,kiemthugialap092@gmail.com,GET,/orders/me,9.971,200,ok,0,steady
1791234990.193899,kiemthugialap007@gmail.com,GET,/orders/me,11.758,200,ok,0,steady
1791234990.194205,kiemthugialap089@gmail.com,GET,/concerts/{id},11.065,200,ok,0,steady
1791234990.1965027,kiemthugialap073@gmail.com,GET,/concerts,4.167,200,ok,0,steady
1791234990.199706,kiemthugialap055@gmail.com,GET,/orders/me,7.913,200,ok,0,steady
1791234990.2008712,kiemthugialap079@gmail.com,GET,/orders/me,8.798,200,ok,0,steady
1791234990.220225,kiemthugialap034@gmail.com,GET,/orders/me,5.599,200,ok,0,steady
1791234990.2235138,kiemthugialap027@gmail.com,GET,/concerts?on_sale=true,3.105,200,ok,0,steady
1791234990.2297075,kiemthugialap059@gmail.com,GET,/orders/me,4.864,200,ok,0,steady
1791234990.237802,kiemthugialap087@gmail.com,GET,/orders/me,7.881,200,ok,0,steady
1791234990.2382767,kiemthugialap078@gmail.com,GET,/orders/me,7.498,200,ok,0,steady
1791234990.254581,kiemthugialap025@gmail.com,GET,/concerts?on_sale=true,5.707,200,ok,0,steady
1791234990.2558613,kiemthugialap065@gmail.com,GET,/orders/me,8.264,200,ok,0,steady
1791234990.256323,kiemthugialap054@gmail.com,GET,/orders/me,6.497,200,ok,0,steady
1791234990.2699945,kiemthugialap063@gmail.com,GET,/concerts?on_sale=true,4.746,200,ok,0,steady
1791234990.2709236,kiemthugialap050@gmail.com,GET,/orders/me,7.001,200,ok,0,steady
1791234990.285765,kiemthugialap001@gmail.com,GET,/concerts,4.591,200,ok,0,steady
1791234990.3210368,kiemthugialap069@gmail.com,GET,/orders/me,6.505,200,ok,0,steady
1791234990.3214822,kiemthugialap084@gmail.com,GET,/orders/me,7.83,200,ok,0,steady
1791234990.324065,kiemthugialap015@gmail.com,GET,/concerts/{id},2.451,200,ok,0,steady
1791234990.3657622,kiemthugialap094@gmail.com,GET,/concerts/{id},16.176,200,ok,0,steady
1791234990.3690395,kiemthugialap008@gmail.com,GET,/concerts/{id},22.413,200,ok,0,steady
1791234990.3727877,kiemthugialap021@gmail.com,GET,/orders/me,19.221,200,ok,0,steady
1791234990.3772695,kiemthugialap019@gmail.com,GET,/orders/me,28.486,200,ok,0,steady
1791234990.3774722,kiemthugialap100@gmail.com,GET,/orders/me,24.648,200,ok,0,steady
1791234990.3776512,kiemthugialap047@gmail.com,GET,/orders/me,29.503,200,ok,0,steady
1791234990.3786097,kiemthugialap076@gmail.com,GET,/concerts/{id},14.597,200,ok,0,steady
1791234990.378909,kiemthugialap095@gmail.com,GET,/concerts/{id},12.61,200,ok,0,steady
1791234990.3820484,kiemthugialap020@gmail.com,GET,/orders/me,16.093,200,ok,0,steady
1791234990.3837173,kiemthugialap039@gmail.com,GET,/concerts,7.377,200,ok,0,steady
1791234990.3841174,kiemthugialap093@gmail.com,GET,/orders/me,19.377,200,ok,0,steady
1791234990.387676,kiemthugialap090@gmail.com,GET,/concerts,5.386,200,ok,0,steady
1791234990.388782,kiemthugialap049@gmail.com,GET,/orders/me,6.1,200,ok,0,steady
1791234990.4249823,kiemthugialap042@gmail.com,GET,/orders/me,8.269,200,ok,0,steady
1791234990.4254723,kiemthugialap057@gmail.com,GET,/orders/me,7.934,200,ok,0,steady
1791234990.4530423,kiemthugialap097@gmail.com,GET,/orders/me,4.886,200,ok,0,steady
1791234990.5005922,kiemthugialap045@gmail.com,GET,/orders/me,5.014,200,ok,0,steady
1791234990.5191977,kiemthugialap033@gmail.com,GET,/concerts/{id},5.743,200,ok,0,steady
1791234990.5202773,kiemthugialap002@gmail.com,GET,/orders/me,5.442,200,ok,0,steady
1791234990.537949,kiemthugialap062@gmail.com,GET,/orders/me,7.943,200,ok,0,steady
1791234990.5383687,kiemthugialap070@gmail.com,GET,/orders/me,6.836,200,ok,0,steady
1791234990.5711079,kiemthugialap083@gmail.com,GET,/concerts,4.508,200,ok,0,steady
1791234990.5719898,kiemthugialap032@gmail.com,GET,/orders/me,6.359,200,ok,0,steady
1791234990.5858378,kiemthugialap056@gmail.com,GET,/concerts?on_sale=true,4.407,200,ok,0,steady
1791234990.6209786,kiemthugialap053@gmail.com,GET,/orders/me,6.31,200,ok,0,steady
1791234990.6213627,kiemthugialap048@gmail.com,GET,/orders/me,5.162,200,ok,0,steady
1791234990.653148,kiemthugialap098@gmail.com,GET,/orders/me,5.33,200,ok,0,steady
1791234990.6725578,kiemthugialap051@gmail.com,GET,/concerts,4.079,200,ok,0,steady
1791234990.722655,kiemthugialap067@gmail.com,GET,/orders/me,5.731,200,ok,0,steady
1791234990.7240233,kiemthugialap004@gmail.com,GET,/orders/me,8.184,200,ok,0,steady
1791234990.7261612,kiemthugialap041@gmail.com,GET,/orders/me,3.289,200,ok,0,steady
1791234990.7713833,kiemthugialap005@gmail.com,GET,/concerts,6.42,200,ok,0,steady
1791234990.771888,kiemthugialap091@gmail.com,GET,/concerts,8.219,200,ok,0,steady
1791234990.7726834,kiemthugialap018@gmail.com,GET,/orders/me,5.996,200,ok,0,steady
1791234990.854075,kiemthugialap012@gmail.com,GET,/orders/me,4.593,200,ok,0,steady
1791234990.8889868,kiemthugialap078@gmail.com,GET,/concerts/{id},7.116,200,ok,0,steady
1791234990.8901472,kiemthugialap028@gmail.com,GET,/orders/me,6.712,200,ok,0,steady
1791234990.8926744,kiemthugialap086@gmail.com,GET,/orders/me,3.538,200,ok,0,steady
1791234990.918213,kiemthugialap008@gmail.com,GET,/orders/me,4.401,200,ok,0,steady
1791234990.9355237,kiemthugialap052@gmail.com,GET,/orders/me,6.063,200,ok,0,steady
1791234990.943668,kiemthugialap071@gmail.com,GET,/orders/me,7.916,200,ok,0,steady
1791234990.946062,kiemthugialap096@gmail.com,GET,/orders/me,9.607,200,ok,0,steady
1791234990.946458,kiemthugialap031@gmail.com,GET,/orders/me,8.55,200,ok,0,steady
1791234990.9505737,kiemthugialap050@gmail.com,GET,/concerts?on_sale=true,6.127,200,ok,0,steady
1791234990.9523015,kiemthugialap065@gmail.com,GET,/orders/me,8.426,200,ok,0,steady
1791234991.0222573,kiemthugialap023@gmail.com,GET,/concerts?on_sale=true,5.21,200,ok,0,steady
1791234991.023739,kiemthugialap068@gmail.com,GET,/orders/me,5.823,200,ok,0,steady
1791234991.027211,kiemthugialap017@gmail.com,GET,/orders/me,4.673,200,ok,0,steady
1791234991.1036086,kiemthugialap066@gmail.com,GET,/orders/me,6.529,200,ok,0,steady
1791234991.1048667,kiemthugialap080@gmail.com,GET,/orders/me,8.495,200,ok,0,steady
1791234991.106373,kiemthugialap079@gmail.com,GET,/concerts?on_sale=true,2.607,200,ok,0,steady
1791234991.1375082,kiemthugialap002@gmail.com,GET,/orders/me,4.132,200,ok,0,steady
1791234991.1560342,kiemthugialap064@gmail.com,GET,/orders/me,6.967,200,ok,0,steady
1791234991.1573846,kiemthugialap044@gmail.com,GET,/orders/me,7.026,200,ok,0,steady
1791234991.1593285,kiemthugialap075@gmail.com,GET,/orders/me,3.039,200,ok,0,steady
1791234991.1869912,kiemthugialap073@gmail.com,GET,/orders/me,6.059,200,ok,0,steady
1791234991.2249877,kiemthugialap051@gmail.com,GET,/orders/me,26.674,200,ok,0,steady
1791234991.2266066,kiemthugialap003@gmail.com,GET,/orders/me,27.726,200,ok,0,steady
1791234991.2269516,kiemthugialap040@gmail.com,GET,/orders/me,29.768,200,ok,0,steady
1791234991.22819,kiemthugialap057@gmail.com,GET,/concerts,2.928,200,ok,0,steady
1791234991.2398062,kiemthugialap035@gmail.com,GET,/orders/me,5.374,200,ok,0,steady
1791234991.2739944,kiemthugialap045@gmail.com,GET,/orders/me,9.009,200,ok,0,steady
1791234991.2753105,kiemthugialap048@gmail.com,GET,/orders/me,9.351,200,ok,0,steady
1791234991.2782247,kiemthugialap054@gmail.com,GET,/orders/me,4.034,200,ok,0,steady
1791234991.3029234,kiemthugialap053@gmail.com,GET,/concerts,4.956,200,ok,0,steady
1791234991.3078916,kiemthugialap015@gmail.com,GET,/orders/me,4.691,200,ok,0,steady
1791234991.3433874,kiemthugialap021@gmail.com,GET,/concerts?on_sale=true,8.402,200,ok,0,steady
1791234991.343808,kiemthugialap046@gmail.com,GET,/concerts,9.339,200,ok,0,steady
1791234991.345383,kiemthugialap013@gmail.com,GET,/orders/me,10.663,200,ok,0,steady
1791234991.3459203,kiemthugialap089@gmail.com,GET,/orders/me,9.791,200,ok,0,steady
1791234991.346263,kiemthugialap016@gmail.com,GET,/orders/me,12.298,200,ok,0,steady
1791234991.3727267,kiemthugialap026@gmail.com,GET,/orders/me,6.877,200,ok,0,steady
1791234991.378051,kiemthugialap058@gmail.com,GET,/orders/me,5.111,200,ok,0,steady
1791234991.3783813,kiemthugialap077@gmail.com,GET,/orders/me,5.029,200,ok,0,steady
1791234991.406989,kiemthugialap041@gmail.com,GET,/orders/me,9.018,200,ok,0,steady
1791234991.4076307,kiemthugialap014@gmail.com,GET,/orders/me,8.403,200,ok,0,steady
1791234991.408236,kiemthugialap081@gmail.com,GET,/orders/me,8.722,200,ok,0,steady
1791234991.4130719,kiemthugialap062@gmail.com,GET,/orders/me,4.638,200,ok,0,steady
1791234991.421415,kiemthugialap022@gmail.com,GET,/orders/me,8.095,200,ok,0,steady
1791234991.470656,kiemthugialap074@gmail.com,GET,/concerts/{id},7.102,200,ok,0,steady
1791234991.5022745,kiemthugialap011@gmail.com,GET,/concerts?on_sale=true,5.454,200,ok,0,steady
1791234991.5388575,kiemthugialap072@gmail.com,GET,/orders/me,5.935,200,ok,0,steady
1791234991.5733442,kiemthugialap099@gmail.com,GET,/orders/me,8.154,200,ok,0,steady
1791234991.5761232,kiemthugialap030@gmail.com,GET,/orders/me,12.039,200,ok,0,steady
1791234991.5791035,kiemthugialap039@gmail.com,GET,/concerts/{id},5.532,200,ok,0,steady
1791234991.5843527,kiemthugialap085@gmail.com,GET,/orders/me,7.555,200,ok,0,steady
1791234991.5855684,kiemthugialap010@gmail.com,GET,/orders/me,9.283,200,ok,0,steady
1791234991.619335,kiemthugialap038@gmail.com,GET,/orders/me,7.822,200,ok,0,steady
1791234991.6253026,kiemthugialap082@gmail.com,GET,/concerts,7.537,200,ok,0,steady
1791234991.6275032,kiemthugialap029@gmail.com,GET,/orders/me,9.232,200,ok,0,steady
1791234991.6281908,kiemthugialap065@gmail.com,GET,/orders/me,8.72,200,ok,0,steady
1791234991.6284945,kiemthugialap001@gmail.com,GET,/orders/me,8.463,200,ok,0,steady
1791234991.651583,kiemthugialap025@gmail.com,GET,/concerts/{id},4.917,200,ok,0,steady
1791234991.6691122,kiemthugialap044@gmail.com,GET,/concerts/{id},6.084,200,ok,0,steady
1791234991.6895018,kiemthugialap067@gmail.com,GET,/orders/me,7.828,200,ok,0,steady
1791234991.7033257,kiemthugialap087@gmail.com,GET,/concerts/{id},6.013,200,ok,0,steady
1791234991.7096717,kiemthugialap027@gmail.com,GET,/orders/me,6.085,200,ok,0,steady
1791234991.727364,kiemthugialap059@gmail.com,GET,/orders/me,6.467,200,ok,0,steady
1791234991.7730536,kiemthugialap024@gmail.com,GET,/concerts?on_sale=true,7.337,200,ok,0,steady
1791234991.7744012,kiemthugialap040@gmail.com,GET,/orders/me,6.629,200,ok,0,steady
1791234991.7761233,kiemthugialap017@gmail.com,GET,/concerts,2.883,200,ok,0,steady
1791234991.7781286,kiemthugialap020@gmail.com,GET,/concerts,1.864,200,ok,0,steady
1791234991.7808022,kiemthugialap079@gmail.com,GET,/concerts,2.547,200,ok,0,steady
1791234991.786635,kiemthugialap071@gmail.com,GET,/orders/me,5.648,200,ok,0,steady
1791234991.8076026,kiemthugialap005@gmail.com,GET,/orders/me,10.212,200,ok,0,steady
1791234991.8087108,kiemthugialap061@gmail.com,GET,/orders/me,9.93,200,ok,0,steady
1791234991.8092794,kiemthugialap037@gmail.com,GET,/orders/me,9.063,200,ok,0,steady
1791234991.8233433,kiemthugialap003@gmail.com,GET,/orders/me,8.866,200,ok,0,steady
1791234991.8253105,kiemthugialap055@gmail.com,GET,/orders/me,10.206,200,ok,0,steady
1791234991.8312273,kiemthugialap069@gmail.com,GET,/orders/me,7.61,200,ok,0,steady
1791234991.8335488,kiemthugialap002@gmail.com,GET,/concerts/{id},8.035,200,ok,0,steady
1791234991.8339498,kiemthugialap053@gmail.com,GET,/orders/me,9.837,200,ok,0,steady
1791234991.836496,kiemthugialap019@gmail.com,GET,/concerts?on_sale=true,4.91,200,ok,0,steady
1791234991.842499,kiemthugialap063@gmail.com,GET,/orders/me,5.151,200,ok,0,steady
1791234991.8548918,kiemthugialap097@gmail.com,GET,/orders/me,7.652,200,ok,0,steady
1791234991.8876526,kiemthugialap060@gmail.com,GET,/concerts,7.003,200,ok,0,steady
1791234991.927457,kiemthugialap052@gmail.com,GET,/concerts,5.463,200,ok,0,steady
1791234991.9293633,kiemthugialap091@gmail.com,GET,/concerts,6.645,200,ok,0,steady
1791234991.9530342,kiemthugialap006@gmail.com,GET,/concerts/{id},5.673,200,ok,0,steady
1791234991.9539142,kiemthugialap100@gmail.com,GET,/orders/me,5.458,200,ok,0,steady
1791234991.9559946,kiemthugialap051@gmail.com,GET,/orders/me,2.834,200,ok,0,steady
1791234991.9582024,kiemthugialap016@gmail.com,GET,/concerts?on_sale=true,2.06,200,ok,0,steady
1791234991.9690275,kiemthugialap009@gmail.com,GET,/orders/me,5.523,200,ok,0,steady
1791234991.9842908,kiemthugialap093@gmail.com,GET,/orders/me,5.139,200,ok,0,steady
1791234991.9997547,kiemthugialap047@gmail.com,GET,/concerts/{id},4.781,200,ok,0,steady
1791234992.0030165,kiemthugialap094@gmail.com,GET,/orders/me,3.117,200,ok,0,steady
1791234992.0144734,kiemthugialap043@gmail.com,GET,/orders/me,4.531,200,ok,0,steady
1791234992.0324106,kiemthugialap036@gmail.com,GET,/concerts/{id},3.824,200,ok,0,steady
1791234992.0339758,kiemthugialap070@gmail.com,GET,/orders/me,7.0,200,ok,0,steady
1791234992.0376878,kiemthugialap045@gmail.com,GET,/orders/me,3.547,200,ok,0,steady
1791234992.0712547,kiemthugialap084@gmail.com,GET,/orders/me,6.21,200,ok,0,steady
1791234992.0757384,kiemthugialap007@gmail.com,GET,/concerts/{id},4.266,200,ok,0,steady
1791234992.077051,kiemthugialap076@gmail.com,GET,/concerts?on_sale=true,5.147,200,ok,0,steady
1791234992.079256,kiemthugialap049@gmail.com,GET,/concerts,3.393,200,ok,0,steady
1791234992.0804236,kiemthugialap092@gmail.com,GET,/orders/me,4.254,200,ok,0,steady
1791234992.1047823,kiemthugialap032@gmail.com,GET,/concerts,7.675,200,ok,0,steady
1791234992.1099377,kiemthugialap088@gmail.com,GET,/orders/me,4.884,200,ok,0,steady
1791234992.1139507,kiemthugialap008@gmail.com,GET,/orders/me,3.827,200,ok,0,steady
1791234992.1201127,kiemthugialap048@gmail.com,GET,/orders/me,5.943,200,ok,0,steady
1791234992.137679,kiemthugialap034@gmail.com,GET,/orders/me,7.957,200,ok,0,steady
1791234992.1415045,kiemthugialap098@gmail.com,GET,/concerts,3.548,200,ok,0,steady
1791234992.1710527,kiemthugialap042@gmail.com,GET,/concerts?on_sale=true,6.267,200,ok,0,steady
1791234992.2031076,kiemthugialap077@gmail.com,GET,/orders/me,5.369,200,ok,0,steady
1791234992.2252936,kiemthugialap021@gmail.com,GET,/concerts,3.378,200,ok,0,steady
1791234992.2412896,kiemthugialap011@gmail.com,GET,/concerts,3.831,200,ok,0,steady
1791234992.2527792,kiemthugialap056@gmail.com,GET,/orders/me,4.911,200,ok,0,steady
1791234992.2712157,kiemthugialap015@gmail.com,GET,/concerts,4.675,200,ok,0,steady
1791234992.2726026,kiemthugialap039@gmail.com,GET,/orders/me,6.602,200,ok,0,steady
1791234992.3039405,kiemthugialap014@gmail.com,GET,/concerts?on_sale=true,4.386,200,ok,0,steady
1791234992.304872,kiemthugialap095@gmail.com,GET,/orders/me,6.67,200,ok,0,steady
1791234992.3192513,kiemthugialap057@gmail.com,GET,/orders/me,4.864,200,ok,0,steady
1791234992.35663,kiemthugialap090@gmail.com,GET,/orders/me,10.483,200,ok,0,steady
1791234992.3587775,kiemthugialap002@gmail.com,GET,/orders/me,10.13,200,ok,0,steady
1791234992.3592644,kiemthugialap013@gmail.com,GET,/orders/me,11.074,200,ok,0,steady
1791234992.3611503,kiemthugialap081@gmail.com,GET,/concerts/{id},4.266,200,ok,0,steady
1791234992.3615873,kiemthugialap065@gmail.com,GET,/concerts/{id},4.186,200,ok,0,steady
1791234992.3744507,kiemthugialap089@gmail.com,GET,/orders/me,6.927,200,ok,0,steady
1791234992.376001,kiemthugialap031@gmail.com,GET,/orders/me,9.645,200,ok,0,steady
1791234992.3792145,kiemthugialap083@gmail.com,GET,/concerts/{id},3.086,200,ok,0,steady
1791234992.3797324,kiemthugialap067@gmail.com,GET,/orders/me,4.992,200,ok,0,steady
1791234992.4209478,kiemthugialap078@gmail.com,GET,/orders/me,10.926,200,ok,0,steady
1791234992.4215565,kiemthugialap028@gmail.com,GET,/orders/me,10.189,200,ok,0,steady
1791234992.4218972,kiemthugialap050@gmail.com,GET,/orders/me,11.006,200,ok,0,steady
1791234992.4274936,kiemthugialap019@gmail.com,GET,/orders/me,5.47,200,ok,0,steady
1791234992.427904,kiemthugialap069@gmail.com,GET,/orders/me,5.001,200,ok,0,steady
1791234992.449383,kiemthugialap010@gmail.com,GET,/orders/me,7.385,200,ok,0,steady
1791234992.4497375,kiemthugialap023@gmail.com,GET,/orders/me,6.779,200,ok,0,steady
1791234992.4679372,kiemthugialap033@gmail.com,GET,/concerts/{id},4.354,200,ok,0,steady
1791234992.486785,kiemthugialap072@gmail.com,GET,/orders/me,3.943,200,ok,0,steady
1791234992.5704937,kiemthugialap012@gmail.com,GET,/orders/me,5.934,200,ok,0,steady
1791234992.5718727,kiemthugialap040@gmail.com,GET,/orders/me,8.214,200,ok,0,steady
1791234992.5740614,kiemthugialap094@gmail.com,GET,/orders/me,3.322,200,ok,0,steady
1791234992.5762646,kiemthugialap086@gmail.com,GET,/concerts,2.07,200,ok,0,steady
1791234992.6214209,kiemthugialap004@gmail.com,GET,/orders/me,6.781,200,ok,0,steady
1791234992.6566174,kiemthugialap096@gmail.com,GET,/orders/me,9.038,200,ok,0,steady
1791234992.657215,kiemthugialap017@gmail.com,GET,/orders/me,10.971,200,ok,0,steady
1791234992.657733,kiemthugialap082@gmail.com,GET,/concerts,8.584,200,ok,0,steady
1791234992.658859,kiemthugialap064@gmail.com,GET,/orders/me,11.699,200,ok,0,steady
1791234992.6612668,kiemthugialap026@gmail.com,GET,/orders/me,3.399,200,ok,0,steady
1791234992.6901221,kiemthugialap055@gmail.com,GET,/concerts?on_sale=true,8.435,200,ok,0,steady
1791234992.6916277,kiemthugialap073@gmail.com,GET,/orders/me,9.563,200,ok,0,steady
1791234992.6920989,kiemthugialap018@gmail.com,GET,/orders/me,11.359,200,ok,0,steady
1791234992.7223814,kiemthugialap084@gmail.com,GET,/orders/me,8.568,200,ok,0,steady
1791234992.724184,kiemthugialap071@gmail.com,GET,/orders/me,11.62,200,ok,0,steady
1791234992.729614,kiemthugialap029@gmail.com,GET,/orders/me,6.519,200,ok,0,steady
1791234992.7304895,kiemthugialap066@gmail.com,GET,/orders/me,7.88,200,ok,0,steady
1791234992.7339344,kiemthugialap062@gmail.com,GET,/orders/me,5.633,200,ok,0,steady
1791234992.7696495,kiemthugialap077@gmail.com,GET,/orders/me,6.002,200,ok,0,steady
1791234992.8045695,kiemthugialap001@gmail.com,GET,/orders/me,4.762,200,ok,0,steady
1791234992.8078763,kiemthugialap080@gmail.com,GET,/orders/me,3.153,200,ok,0,steady
1791234992.85612,kiemthugialap021@gmail.com,GET,/orders/me,7.643,200,ok,0,steady
1791234992.8567173,kiemthugialap049@gmail.com,GET,/orders/me,7.856,200,ok,0,steady
1791234992.857058,kiemthugialap056@gmail.com,GET,/orders/me,9.336,200,ok,0,steady
1791234992.8668268,kiemthugialap098@gmail.com,GET,/concerts,2.983,200,ok,0,steady
1791234992.890986,kiemthugialap054@gmail.com,GET,/orders/me,11.521,200,ok,0,steady
1791234992.8914845,kiemthugialap016@gmail.com,GET,/orders/me,11.173,200,ok,0,steady
1791234992.892434,kiemthugialap014@gmail.com,GET,/orders/me,8.851,200,ok,0,steady
1791234992.892777,kiemthugialap075@gmail.com,GET,/orders/me,8.53,200,ok,0,steady
1791234992.9179766,kiemthugialap035@gmail.com,GET,/concerts?on_sale=true,4.607,200,ok,0,steady
1791234992.9218178,kiemthugialap031@gmail.com,GET,/orders/me,3.649,200,ok,0,steady
1791234992.9526527,kiemthugialap069@gmail.com,GET,/concerts/{id},6.758,200,ok,0,steady
1791234992.9738474,kiemthugialap068@gmail.com,GET,/concerts,11.686,200,ok,0,steady
1791234992.9756427,kiemthugialap003@gmail.com,GET,/concerts,12.4,200,ok,0,steady
1791234992.9771812,kiemthugialap085@gmail.com,GET,/orders/me,12.454,200,ok,0,steady
1791234992.9784372,kiemthugialap091@gmail.com,GET,/orders/me,12.271,200,ok,0,steady
1791234992.9788387,kiemthugialap043@gmail.com,GET,/orders/me,12.178,200,ok,0,steady
1791234992.9825802,kiemthugialap041@gmail.com,GET,/orders/me,8.526,200,ok,0,steady
1791234993.053018,kiemthugialap025@gmail.com,GET,/orders/me,6.582,200,ok,0,steady
1791234993.08447,kiemthugialap022@gmail.com,GET,/orders/me,31.227,200,ok,0,steady
1791234993.0848463,kiemthugialap036@gmail.com,GET,/orders/me,31.179,200,ok,0,steady
1791234993.1046379,kiemthugialap097@gmail.com,GET,/concerts,5.522,200,ok,0,steady
1791234993.1057837,kiemthugialap019@gmail.com,GET,/orders/me,5.529,200,ok,0,steady
1791234993.137758,kiemthugialap095@gmail.com,GET,/orders/me,4.918,200,ok,0,steady
1791234993.1381469,kiemthugialap051@gmail.com,GET,/orders/me,7.222,200,ok,0,steady
1791234993.141056,kiemthugialap046@gmail.com,GET,/orders/me,2.786,200,ok,0,steady
1791234993.1695259,kiemthugialap093@gmail.com,GET,/concerts,4.731,200,ok,0,steady
1791234993.1726217,kiemthugialap044@gmail.com,GET,/concerts,2.898,200,ok,0,steady
1791234993.2052648,kiemthugialap052@gmail.com,GET,/orders/me,4.54,200,ok,0,steady
1791234993.238126,kiemthugialap011@gmail.com,GET,/concerts,3.296,200,ok,0,steady
1791234993.2391224,kiemthugialap074@gmail.com,GET,/orders/me,5.227,200,ok,0,steady
1791234993.2903342,kiemthugialap061@gmail.com,GET,/orders/me,6.48,200,ok,0,steady
1791234993.2916064,kiemthugialap058@gmail.com,GET,/orders/me,8.052,200,ok,0,steady
1791234993.292239,kiemthugialap067@gmail.com,GET,/orders/me,9.516,200,ok,0,steady
1791234993.303947,kiemthugialap009@gmail.com,GET,/orders/me,6.73,200,ok,0,steady
1791234993.3540666,kiemthugialap053@gmail.com,GET,/orders/me,7.938,200,ok,0,steady
1791234993.3577662,kiemthugialap079@gmail.com,GET,/orders/me,3.441,200,ok,0,steady
1791234993.3690805,kiemthugialap060@gmail.com,GET,/concerts,4.769,200,ok,0,steady
1791234993.3726985,kiemthugialap027@gmail.com,GET,/concerts,3.194,200,ok,0,steady
1791234993.387178,kiemthugialap057@gmail.com,GET,/concerts?on_sale=true,6.051,200,ok,0,steady
1791234993.3878033,kiemthugialap087@gmail.com,GET,/concerts,5.863,200,ok,0,steady
1791234993.3909154,kiemthugialap038@gmail.com,GET,/concerts?on_sale=true,2.967,200,ok,0,steady
1791234993.4133286,kiemthugialap063@gmail.com,GET,/orders/me,6.721,200,ok,0,steady
1791234993.434724,kiemthugialap023@gmail.com,GET,/concerts/{id},7.863,200,ok,0,steady
1791234993.4410963,kiemthugialap084@gmail.com,GET,/orders/me,8.329,200,ok,0,steady
1791234993.4417284,kiemthugialap030@gmail.com,GET,/orders/me,10.341,200,ok,0,steady
1791234993.5019445,kiemthugialap013@gmail.com,GET,/orders/me,7.261,200,ok,0,steady
1791234993.5393941,kiemthugialap048@gmail.com,GET,/concerts/{id},6.139,200,ok,0,steady
1791234993.5408833,kiemthugialap045@gmail.com,GET,/orders/me,9.875,200,ok,0,steady
1791234993.543945,kiemthugialap088@gmail.com,GET,/orders/me,4.326,200,ok,0,steady
1791234993.551189,kiemthugialap024@gmail.com,GET,/orders/me,6.36,200,ok,0,steady
1791234993.552263,kiemthugialap062@gmail.com,GET,/orders/me,8.135,200,ok,0,steady
1791234993.5740385,kiemthugialap099@gmail.com,GET,/orders/me,8.899,200,ok,0,steady
1791234993.5753577,kiemthugialap017@gmail.com,GET,/orders/me,9.346,200,ok,0,steady
1791234993.5787165,kiemthugialap059@gmail.com,GET,/orders/me,4.339,200,ok,0,steady
1791234993.6154122,kiemthugialap016@gmail.com,GET,/concerts/{id},19.149,200,ok,0,steady
1791234993.6202338,kiemthugialap075@gmail.com,GET,/orders/me,22.636,200,ok,0,steady
1791234993.6208177,kiemthugialap055@gmail.com,GET,/concerts,19.329,200,ok,0,steady
1791234993.6211393,kiemthugialap026@gmail.com,GET,/orders/me,23.147,200,ok,0,steady
1791234993.6544383,kiemthugialap095@gmail.com,GET,/concerts?on_sale=true,5.03,200,ok,0,steady
1791234993.6558385,kiemthugialap047@gmail.com,GET,/orders/me,8.561,200,ok,0,steady
1791234993.6575322,kiemthugialap037@gmail.com,GET,/concerts/{id},2.822,200,ok,0,steady
1791234993.6690946,kiemthugialap006@gmail.com,GET,/concerts?on_sale=true,6.617,200,ok,0,steady
1791234993.6700597,kiemthugialap008@gmail.com,GET,/orders/me,8.112,200,ok,0,steady
1791234993.687511,kiemthugialap068@gmail.com,GET,/orders/me,6.469,200,ok,0,steady
1791234993.7141685,kiemthugialap039@gmail.com,GET,/orders/me,9.061,200,ok,0,steady
1791234993.7147286,kiemthugialap020@gmail.com,GET,/orders/me,11.265,200,ok,0,steady
1791234993.7151647,kiemthugialap005@gmail.com,GET,/orders/me,9.868,200,ok,0,steady
1791234993.7156322,kiemthugialap092@gmail.com,GET,/orders/me,10.902,200,ok,0,steady
1791234993.7390428,kiemthugialap003@gmail.com,GET,/concerts,5.687,200,ok,0,steady
1791234993.7400134,kiemthugialap018@gmail.com,GET,/orders/me,6.212,200,ok,0,steady
1791234993.7442327,kiemthugialap082@gmail.com,GET,/orders/me,4.049,200,ok,0,steady
1791234993.7477005,kiemthugialap066@gmail.com,GET,/orders/me,3.304,200,ok,0,steady
1791234993.8197153,kiemthugialap007@gmail.com,GET,/concerts,18.482,200,ok,0,steady
1791234993.8297274,kiemthugialap001@gmail.com,GET,/concerts/{id},50.27,200,ok,0,steady
1791234993.832457,kiemthugialap056@gmail.com,GET,/orders/me,29.261,200,ok,0,steady
1791234993.832888,kiemthugialap064@gmail.com,GET,/orders/me,52.833,200,ok,0,steady
1791234993.8339882,kiemthugialap044@gmail.com,GET,/orders/me,31.322,200,ok,0,steady
1791234993.8371494,kiemthugialap096@gmail.com,GET,/orders/me,20.749,200,ok,0,steady
1791234993.842152,kiemthugialap031@gmail.com,GET,/orders/me,9.107,200,ok,0,steady
1791234993.843908,kiemthugialap070@gmail.com,GET,/orders/me,13.931,200,ok,0,steady
1791234993.8475826,kiemthugialap010@gmail.com,GET,/orders/me,16.929,200,ok,0,steady
1791234993.8529744,kiemthugialap014@gmail.com,GET,/concerts/{id},10.544,200,ok,0,steady
1791234993.857542,kiemthugialap043@gmail.com,GET,/orders/me,4.34,200,ok,0,steady
1791234993.894844,kiemthugialap076@gmail.com,GET,/orders/me,5.169,200,ok,0,steady
1791234993.9091132,kiemthugialap100@gmail.com,GET,/concerts,3.969,200,ok,0,steady
1791234993.938027,kiemthugialap050@gmail.com,GET,/orders/me,6.808,200,ok,0,steady
1791234993.9386408,kiemthugialap078@gmail.com,GET,/orders/me,6.363,200,ok,0,steady
1791234993.951734,kiemthugialap071@gmail.com,GET,/orders/me,5.429,200,ok,0,steady
1791234993.9694154,kiemthugialap086@gmail.com,GET,/concerts?on_sale=true,5.07,200,ok,0,steady
1791234993.989136,kiemthugialap033@gmail.com,GET,/orders/me,6.283,200,ok,0,steady
1791234994.0206811,kiemthugialap090@gmail.com,GET,/orders/me,5.404,200,ok,0,steady
1791234994.0384905,kiemthugialap032@gmail.com,GET,/orders/me,7.197,200,ok,0,steady
1791234994.0460513,kiemthugialap074@gmail.com,GET,/orders/me,5.757,200,ok,0,steady
1791234994.046867,kiemthugialap042@gmail.com,GET,/orders/me,7.079,200,ok,0,steady
1791234994.0524924,kiemthugialap025@gmail.com,GET,/orders/me,5.44,200,ok,0,steady
1791234994.0894926,kiemthugialap046@gmail.com,GET,/concerts,8.585,200,ok,0,steady
1791234994.0919535,kiemthugialap099@gmail.com,GET,/concerts/{id},10.092,200,ok,0,steady
1791234994.0932672,kiemthugialap019@gmail.com,GET,/orders/me,10.336,200,ok,0,steady
1791234994.0938342,kiemthugialap067@gmail.com,GET,/orders/me,10.356,200,ok,0,steady
1791234994.0943308,kiemthugialap029@gmail.com,GET,/orders/me,11.68,200,ok,0,steady
1791234994.1239042,kiemthugialap083@gmail.com,GET,/orders/me,8.679,200,ok,0,steady
1791234994.1244144,kiemthugialap034@gmail.com,GET,/orders/me,10.329,200,ok,0,steady
1791234994.1363413,kiemthugialap065@gmail.com,GET,/concerts?on_sale=true,5.476,200,ok,0,steady
1791234994.1561127,kiemthugialap059@gmail.com,GET,/concerts,7.499,200,ok,0,steady
1791234994.1572423,kiemthugialap028@gmail.com,GET,/orders/me,9.9,200,ok,0,steady
1791234994.1674852,kiemthugialap094@gmail.com,GET,/concerts?on_sale=true,4.872,200,ok,0,steady
1791234994.1722689,kiemthugialap035@gmail.com,GET,/orders/me,4.59,200,ok,0,steady
1791234994.1748114,kiemthugialap093@gmail.com,GET,/concerts?on_sale=true,2.383,200,ok,0,steady
1791234994.1886506,kiemthugialap098@gmail.com,GET,/orders/me,10.569,200,ok,0,steady
1791234994.1893241,kiemthugialap081@gmail.com,GET,/orders/me,8.384,200,ok,0,steady
1791234994.2038994,kiemthugialap038@gmail.com,GET,/orders/me,6.527,200,ok,0,steady
1791234994.235866,kiemthugialap089@gmail.com,GET,/concerts/{id},6.962,200,ok,0,steady
1791234994.2363634,kiemthugialap079@gmail.com,GET,/orders/me,21.42,200,ok,0,steady
1791234994.236703,kiemthugialap002@gmail.com,GET,/orders/me,23.096,200,ok,0,steady
1791234994.2404761,kiemthugialap092@gmail.com,GET,/orders/me,7.108,200,ok,0,steady
1791234994.244585,kiemthugialap015@gmail.com,GET,/orders/me,3.913,200,ok,0,steady
1791234994.2860677,kiemthugialap012@gmail.com,GET,/concerts/{id},4.808,200,ok,0,steady
1791234994.3043997,kiemthugialap073@gmail.com,GET,/orders/me,4.052,200,ok,0,steady
1791234994.321165,kiemthugialap017@gmail.com,GET,/concerts/{id},5.005,200,ok,0,steady
1791234994.3224633,kiemthugialap088@gmail.com,GET,/orders/me,7.249,200,ok,0,steady
1791234994.3559258,kiemthugialap077@gmail.com,GET,/concerts,6.213,200,ok,0,steady
1791234994.357907,kiemthugialap095@gmail.com,GET,/orders/me,9.857,200,ok,0,steady
1791234994.358113,kiemthugialap068@gmail.com,GET,/orders/me,8.869,200,ok,0,steady
1791234994.361491,kiemthugialap036@gmail.com,GET,/orders/me,5.344,200,ok,0,steady
1791234994.3618138,kiemthugialap006@gmail.com,GET,/concerts,3.545,200,ok,0,steady
1791234994.3684165,kiemthugialap060@gmail.com,GET,/orders/me,5.237,200,ok,0,steady
1791234994.3784924,kiemthugialap048@gmail.com,GET,/orders/me,5.843,200,ok,0,steady
1791234994.4051268,kiemthugialap053@gmail.com,GET,/orders/me,7.468,200,ok,0,steady
1791234994.4070234,kiemthugialap080@gmail.com,GET,/orders/me,7.357,200,ok,0,steady
1791234994.409812,kiemthugialap072@gmail.com,GET,/concerts/{id},4.105,200,ok,0,steady
1791234994.410841,kiemthugialap021@gmail.com,GET,/orders/me,5.573,200,ok,0,steady
1791234994.4918487,kiemthugialap050@gmail.com,GET,/concerts?on_sale=true,5.429,200,ok,0,steady
1791234994.4927425,kiemthugialap011@gmail.com,GET,/orders/me,5.549,200,ok,0,steady
1791234994.5435464,kiemthugialap064@gmail.com,GET,/concerts,11.501,200,ok,0,steady
1791234994.5443203,kiemthugialap005@gmail.com,GET,/concerts,10.008,200,ok,0,steady
1791234994.5481665,kiemthugialap004@gmail.com,GET,/orders/me,15.028,200,ok,0,steady
1791234994.5487523,kiemthugialap075@gmail.com,GET,/orders/me,14.844,200,ok,0,steady
1791234994.550953,kiemthugialap071@gmail.com,GET,/orders/me,15.29,200,ok,0,steady
1791234994.5516188,kiemthugialap070@gmail.com,GET,/orders/me,7.065,200,ok,0,steady
1791234994.5875466,kiemthugialap045@gmail.com,GET,/concerts?on_sale=true,21.662,200,ok,0,steady
1791234994.5903065,kiemthugialap040@gmail.com,GET,/orders/me,26.165,200,ok,0,steady
1791234994.5909228,kiemthugialap025@gmail.com,GET,/orders/me,25.53,200,ok,0,steady
1791234994.5919309,kiemthugialap031@gmail.com,GET,/orders/me,11.548,200,ok,0,steady
1791234994.6059427,kiemthugialap047@gmail.com,GET,/concerts?on_sale=true,7.124,200,ok,0,steady
1791234994.6073658,kiemthugialap018@gmail.com,GET,/orders/me,9.967,200,ok,0,steady
1791234994.6188598,kiemthugialap052@gmail.com,GET,/concerts?on_sale=true,5.519,200,ok,0,steady
1791234994.6708562,kiemthugialap063@gmail.com,GET,/concerts?on_sale=true,8.191,200,ok,0,steady
1791234994.6719236,kiemthugialap099@gmail.com,GET,/orders/me,8.167,200,ok,0,steady
1791234994.6812756,kiemthugialap069@gmail.com,GET,/concerts?on_sale=true,4.309,200,ok,0,steady
1791234994.6887593,kiemthugialap056@gmail.com,GET,/orders/me,7.247,200,ok,0,steady
1791234994.7095966,kiemthugialap035@gmail.com,GET,/concerts/{id},6.298,200,ok,0,steady
1791234994.716896,kiemthugialap030@gmail.com,GET,/orders/me,7.109,200,ok,0,steady
1791234994.7440612,kiemthugialap049@gmail.com,GET,/concerts/{id},10.412,200,ok,0,steady
1791234994.7468069,kiemthugialap041@gmail.com,GET,/orders/me,11.595,200,ok,0,steady
1791234994.7472484,kiemthugialap078@gmail.com,GET,/orders/me,12.741,200,ok,0,steady
1791234994.7540352,kiemthugialap034@gmail.com,GET,/orders/me,9.639,200,ok,0,steady
1791234994.7549324,kiemthugialap054@gmail.com,GET,/orders/me,9.3,200,ok,0,steady
1791234994.7759519,kiemthugialap033@gmail.com,GET,/orders/me,6.891,200,ok,0,steady
1791234994.793861,kiemthugialap008@gmail.com,GET,/orders/me,8.505,200,ok,0,steady
1791234994.8084433,kiemthugialap002@gmail.com,GET,/orders/me,6.534,200,ok,0,steady
1791234994.8145716,kiemthugialap051@gmail.com,GET,/orders/me,5.829,200,ok,0,steady
1791234994.828979,kiemthugialap085@gmail.com,GET,/orders/me,7.465,200,ok,0,steady
1791234994.8376029,kiemthugialap046@gmail.com,GET,/concerts/{id},8.27,200,ok,0,steady
1791234994.8399181,kiemthugialap084@gmail.com,GET,/orders/me,9.517,200,ok,0,steady
1791234994.8625977,kiemthugialap097@gmail.com,GET,/concerts/{id},6.779,200,ok,0,steady
1791234994.8656688,kiemthugialap067@gmail.com,GET,/orders/me,9.356,200,ok,0,steady
1791234994.86615,kiemthugialap012@gmail.com,GET,/orders/me,9.63,200,ok,0,steady
1791234994.8706112,kiemthugialap010@gmail.com,GET,/concerts?on_sale=true,4.316,200,ok,0,steady
1791234994.8710072,kiemthugialap081@gmail.com,GET,/orders/me,8.209,200,ok,0,steady
1791234994.9104729,kiemthugialap037@gmail.com,GET,/orders/me,7.486,200,ok,0,steady
1791234994.9108562,kiemthugialap090@gmail.com,GET,/orders/me,7.375,200,ok,0,steady
1791234994.911632,kiemthugialap044@gmail.com,GET,/orders/me,7.383,200,ok,0,steady
1791234994.9262235,kiemthugialap091@gmail.com,GET,/concerts/{id},5.295,200,ok,0,steady
1791234994.9273462,kiemthugialap061@gmail.com,GET,/orders/me,6.037,200,ok,0,steady
1791234994.959606,kiemthugialap029@gmail.com,GET,/concerts,6.57,200,ok,0,steady
1791234994.961578,kiemthugialap022@gmail.com,GET,/orders/me,8.294,200,ok,0,steady
1791234994.9619353,kiemthugialap032@gmail.com,GET,/orders/me,9.544,200,ok,0,steady
1791234994.963439,kiemthugialap023@gmail.com,GET,/concerts?on_sale=true,3.666,200,ok,0,steady
1791234994.9665084,kiemthugialap068@gmail.com,GET,/orders/me,2.954,200,ok,0,steady
1791234994.9902594,kiemthugialap096@gmail.com,GET,/orders/me,5.082,200,ok,0,steady
1791234995.0774415,kiemthugialap059@gmail.com,GET,/orders/me,7.911,200,ok,0,steady
1791234995.0902078,kiemthugialap083@gmail.com,GET,/concerts/{id},5.927,200,ok,0,steady
1791234995.0956786,kiemthugialap021@gmail.com,GET,/orders/me,5.166,200,ok,0,steady
1791234995.1260612,kiemthugialap016@gmail.com,GET,/orders/me,7.216,200,ok,0,steady
1791234995.1263955,kiemthugialap040@gmail.com,GET,/orders/me,8.469,200,ok,0,steady
1791234995.1279268,kiemthugialap003@gmail.com,GET,/concerts?on_sale=true,3.014,200,ok,0,steady
1791234995.160831,kiemthugialap009@gmail.com,GET,/concerts/{id},9.777,200,ok,0,steady
1791234995.1613045,kiemthugialap001@gmail.com,GET,/concerts?on_sale=true,8.507,200,ok,0,steady
1791234995.190144,kiemthugialap070@gmail.com,GET,/concerts/{id},8.905,200,ok,0,steady
1791234995.2089307,kiemthugialap057@gmail.com,GET,/orders/me,7.199,200,ok,0,steady
1791234995.2128453,kiemthugialap055@gmail.com,GET,/orders/me,3.626,200,ok,0,steady
1791234995.2238457,kiemthugialap024@gmail.com,GET,/orders/me,6.931,200,ok,0,steady
1791234995.242921,kiemthugialap031@gmail.com,GET,/orders/me,5.79,200,ok,0,steady
1791234995.244203,kiemthugialap058@gmail.com,GET,/orders/me,9.15,200,ok,0,steady
1791234995.247068,kiemthugialap080@gmail.com,GET,/concerts/{id},3.987,200,ok,0,steady
1791234995.2483532,kiemthugialap066@gmail.com,GET,/orders/me,4.005,200,ok,0,steady
1791234995.2640235,kiemthugialap087@gmail.com,GET,/concerts?on_sale=true,3.539,200,ok,0,steady
1791234995.2850137,kiemthugialap062@gmail.com,GET,/orders/me,7.957,200,ok,0,steady
1791234995.28604,kiemthugialap098@gmail.com,GET,/orders/me,7.901,200,ok,0,steady
1791234995.2889657,kiemthugialap073@gmail.com,GET,/orders/me,3.803,200,ok,0,steady
1791234995.2956073,kiemthugialap042@gmail.com,GET,/concerts,2.764,200,ok,0,steady
1791234995.3127072,kiemthugialap093@gmail.com,GET,/concerts?on_sale=true,3.792,200,ok,0,steady
1791234995.360781,kiemthugialap072@gmail.com,GET,/concerts?on_sale=true,5.25,200,ok,0,steady
1791234995.3616288,kiemthugialap027@gmail.com,GET,/orders/me,6.892,200,ok,0,steady
1791234995.3898165,kiemthugialap048@gmail.com,GET,/orders/me,19.019,200,ok,0,steady
1791234995.390278,kiemthugialap019@gmail.com,GET,/orders/me,20.276,200,ok,0,steady
1791234995.3958488,kiemthugialap013@gmail.com,GET,/orders/me,5.448,200,ok,0,steady
1791234995.3994148,kiemthugialap077@gmail.com,GET,/orders/me,3.411,200,ok,0,steady
1791234995.4091978,kiemthugialap043@gmail.com,GET,/orders/me,7.535,200,ok,0,steady
1791234995.454301,kiemthugialap060@gmail.com,GET,/orders/me,19.029,200,ok,0,steady
1791234995.4547787,kiemthugialap038@gmail.com,GET,/concerts?on_sale=true,16.784,200,ok,0,steady
1791234995.4582224,kiemthugialap099@gmail.com,GET,/orders/me,5.896,200,ok,0,steady
1791234995.4615068,kiemthugialap084@gmail.com,GET,/orders/me,3.148,200,ok,0,steady
1791234995.4644413,kiemthugialap086@gmail.com,GET,/orders/me,2.826,200,ok,0,steady
1791234995.490195,kiemthugialap014@gmail.com,GET,/concerts/{id},6.772,200,ok,0,steady
1791234995.4911716,kiemthugialap041@gmail.com,GET,/orders/me,6.295,200,ok,0,steady
1791234995.5041704,kiemthugialap085@gmail.com,GET,/orders/me,4.88,200,ok,0,steady
1791234995.5224555,kiemthugialap020@gmail.com,GET,/concerts?on_sale=true,3.858,200,ok,0,steady
1791234995.5747006,kiemthugialap065@gmail.com,GET,/orders/me,5.144,200,ok,0,steady
1791234995.57506,kiemthugialap039@gmail.com,GET,/orders/me,6.503,200,ok,0,steady
1791234995.6070936,kiemthugialap026@gmail.com,GET,/orders/me,5.297,200,ok,0,steady
1791234995.627217,kiemthugialap012@gmail.com,GET,/orders/me,8.251,200,ok,0,steady
1791234995.627671,kiemthugialap028@gmail.com,GET,/orders/me,6.456,200,ok,0,steady
1791234995.6432018,kiemthugialap082@gmail.com,GET,/orders/me,7.384,200,ok,0,steady
1791234995.6436892,kiemthugialap053@gmail.com,GET,/orders/me,8.791,200,ok,0,steady
1791234995.6758163,kiemthugialap054@gmail.com,GET,/concerts?on_sale=true,6.61,200,ok,0,steady
1791234995.6929088,kiemthugialap076@gmail.com,GET,/orders/me,7.861,200,ok,0,steady
1791234995.6933444,kiemthugialap030@gmail.com,GET,/orders/me,6.175,200,ok,0,steady
1791234995.6964695,kiemthugialap003@gmail.com,GET,/orders/me,2.988,200,ok,0,steady
1791234995.708096,kiemthugialap032@gmail.com,GET,/concerts,3.677,200,ok,0,steady
1791234995.7121358,kiemthugialap007@gmail.com,GET,/orders/me,3.848,200,ok,0,steady
1791234995.7248774,kiemthugialap052@gmail.com,GET,/concerts?on_sale=true,4.649,200,ok,0,steady
1791234995.8066614,kiemthugialap100@gmail.com,GET,/concerts/{id},5.986,200,ok,0,steady
1791234995.8092399,kiemthugialap074@gmail.com,GET,/concerts?on_sale=true,2.291,200,ok,0,steady
1791234995.82076,kiemthugialap010@gmail.com,GET,/concerts,3.959,200,ok,0,steady
1791234995.8441746,kiemthugialap056@gmail.com,GET,/orders/me,5.513,200,ok,0,steady
1791234995.847603,kiemthugialap080@gmail.com,GET,/orders/me,3.219,200,ok,0,steady
1791234995.8564832,kiemthugialap044@gmail.com,GET,/orders/me,4.335,200,ok,0,steady
1791234995.8735855,kiemthugialap011@gmail.com,GET,/orders/me,4.91,200,ok,0,steady
1791234995.8922215,kiemthugialap061@gmail.com,GET,/orders/me,6.384,200,ok,0,steady
1791234995.9084952,kiemthugialap075@gmail.com,GET,/concerts?on_sale=true,6.769,200,ok,0,steady
1791234995.9095101,kiemthugialap004@gmail.com,GET,/orders/me,8.355,200,ok,0,steady
1791234995.9496627,kiemthugialap002@gmail.com,GET,/orders/me,12.465,200,ok,0,steady
1791234995.9503534,kiemthugialap092@gmail.com,GET,/orders/me,10.743,200,ok,0,steady
1791234995.951024,kiemthugialap097@gmail.com,GET,/orders/me,15.594,200,ok,0,steady
1791234995.95156,kiemthugialap015@gmail.com,GET,/orders/me,13.999,200,ok,0,steady
1791234995.9519827,kiemthugialap018@gmail.com,GET,/orders/me,12.116,200,ok,0,steady
1791234995.9525425,kiemthugialap047@gmail.com,GET,/concerts,3.607,200,ok,0,steady
1791234995.9657793,kiemthugialap038@gmail.com,GET,/concerts/{id},7.162,200,ok,0,steady
1791234995.967857,kiemthugialap046@gmail.com,GET,/orders/me,8.241,200,ok,0,steady
1791234995.973136,kiemthugialap071@gmail.com,GET,/orders/me,7.163,200,ok,0,steady
1791234995.9743228,kiemthugialap035@gmail.com,GET,/orders/me,8.027,200,ok,0,steady
1791234995.9753659,kiemthugialap050@gmail.com,GET,/orders/me,7.373,200,ok,0,steady
1791234995.9763525,kiemthugialap048@gmail.com,GET,/concerts,3.046,200,ok,0,steady
1791234996.0233164,kiemthugialap069@gmail.com,GET,/orders/me,5.907,200,ok,0,steady
1791234996.0238779,kiemthugialap084@gmail.com,GET,/orders/me,7.428,200,ok,0,steady
1791234996.0576117,kiemthugialap066@gmail.com,GET,/concerts?on_sale=true,3.9,200,ok,0,steady
1791234996.0795999,kiemthugialap078@gmail.com,GET,/orders/me,12.571,200,ok,0,steady
1791234996.0800521,kiemthugialap096@gmail.com,GET,/orders/me,11.892,200,ok,0,steady
1791234996.080539,kiemthugialap093@gmail.com,GET,/orders/me,12.936,200,ok,0,steady
1791234996.0820982,kiemthugialap059@gmail.com,GET,/concerts,6.566,200,ok,0,steady
1791234996.0826247,kiemthugialap051@gmail.com,GET,/concerts,5.781,200,ok,0,steady
1791234996.1274643,kiemthugialap008@gmail.com,GET,/concerts,24.21,200,ok,0,steady
1791234996.1280565,kiemthugialap094@gmail.com,GET,/orders/me,23.944,200,ok,0,steady
1791234996.1296742,kiemthugialap095@gmail.com,GET,/orders/me,24.033,200,ok,0,steady
1791234996.131029,kiemthugialap036@gmail.com,GET,/concerts/{id},10.25,200,ok,0,steady
1791234996.1323643,kiemthugialap089@gmail.com,GET,/orders/me,12.527,200,ok,0,steady
1791234996.1343007,kiemthugialap014@gmail.com,GET,/orders/me,6.093,200,ok,0,steady
1791234996.1420436,kiemthugialap088@gmail.com,GET,/concerts,6.034,200,ok,0,steady
1791234996.1466625,kiemthugialap073@gmail.com,GET,/orders/me,4.365,200,ok,0,steady
1791234996.150833,kiemthugialap006@gmail.com,GET,/concerts/{id},4.028,200,ok,0,steady
1791234996.1531384,kiemthugialap017@gmail.com,GET,/orders/me,5.583,200,ok,0,steady
1791234996.1746383,kiemthugialap079@gmail.com,GET,/concerts/{id},4.645,200,ok,0,steady
1791234996.1776083,kiemthugialap063@gmail.com,GET,/orders/me,5.291,200,ok,0,steady
1791234996.2568266,kiemthugialap052@gmail.com,GET,/orders/me,8.703,200,ok,0,steady
1791234996.2574842,kiemthugialap012@gmail.com,GET,/orders/me,8.378,200,ok,0,steady
1791234996.2723548,kiemthugialap065@gmail.com,GET,/orders/me,5.886,200,ok,0,steady
1791234996.295006,kiemthugialap039@gmail.com,GET,/concerts,10.209,200,ok,0,steady
1791234996.296732,kiemthugialap083@gmail.com,GET,/orders/me,12.2,200,ok,0,steady
1791234996.2969432,kiemthugialap099@gmail.com,GET,/orders/me,10.785,200,ok,0,steady
1791234996.2972422,kiemthugialap062@gmail.com,GET,/orders/me,13.655,200,ok,0,steady
1791234996.2973642,kiemthugialap025@gmail.com,GET,/orders/me,13.205,200,ok,0,steady
1791234996.3180618,kiemthugialap022@gmail.com,GET,/concerts,4.15,200,ok,0,steady
1791234996.3205748,kiemthugialap045@gmail.com,GET,/orders/me,7.982,200,ok,0,steady
1791234996.3270435,kiemthugialap033@gmail.com,GET,/concerts,5.26,200,ok,0,steady
1791234996.3284557,kiemthugialap034@gmail.com,GET,/orders/me,7.593,200,ok,0,steady
1791234996.356924,kiemthugialap029@gmail.com,GET,/concerts?on_sale=true,4.473,200,ok,0,steady
1791234996.3756275,kiemthugialap056@gmail.com,GET,/concerts,7.069,200,ok,0,steady
1791234996.3768177,kiemthugialap020@gmail.com,GET,/orders/me,8.975,200,ok,0,steady
1791234996.4069061,kiemthugialap049@gmail.com,GET,/concerts?on_sale=true,5.294,200,ok,0,steady
1791234996.4357007,kiemthugialap005@gmail.com,GET,/concerts,4.874,200,ok,0,steady
1791234996.459371,kiemthugialap074@gmail.com,GET,/orders/me,8.172,200,ok,0,steady
1791234996.4756444,kiemthugialap068@gmail.com,GET,/orders/me,6.324,200,ok,0,steady
1791234996.4925537,kiemthugialap064@gmail.com,GET,/concerts/{id},6.864,200,ok,0,steady
1791234996.4941823,kiemthugialap028@gmail.com,GET,/orders/me,9.272,200,ok,0,steady
1791234996.4966693,kiemthugialap042@gmail.com,GET,/concerts?on_sale=true,3.859,200,ok,0,steady
1791234996.5016673,kiemthugialap072@gmail.com,GET,/orders/me,4.766,200,ok,0,steady
1791234996.5426655,kiemthugialap067@gmail.com,GET,/orders/me,7.874,200,ok,0,steady
1791234996.6262796,kiemthugialap058@gmail.com,GET,/orders/me,8.618,200,ok,0,steady
1791234996.6424608,kiemthugialap001@gmail.com,GET,/orders/me,6.478,200,ok,0,steady
1791234996.6466136,kiemthugialap037@gmail.com,GET,/orders/me,3.817,200,ok,0,steady
1791234996.652431,kiemthugialap070@gmail.com,GET,/orders/me,5.335,200,ok,0,steady
1791234996.6528826,kiemthugialap038@gmail.com,GET,/orders/me,6.13,200,ok,0,steady
1791234996.6735647,kiemthugialap060@gmail.com,GET,/orders/me,7.323,200,ok,0,steady
1791234996.6775744,kiemthugialap055@gmail.com,GET,/orders/me,3.78,200,ok,0,steady
1791234996.6817207,kiemthugialap024@gmail.com,GET,/concerts/{id},3.999,200,ok,0,steady
1791234996.6894097,kiemthugialap044@gmail.com,GET,/orders/me,5.497,200,ok,0,steady
1791234996.7138083,kiemthugialap076@gmail.com,GET,/concerts,10.346,200,ok,0,steady
1791234996.714594,kiemthugialap091@gmail.com,GET,/concerts?on_sale=true,10.288,200,ok,0,steady
1791234996.7150464,kiemthugialap061@gmail.com,GET,/orders/me,13.443,200,ok,0,steady
1791234996.7289426,kiemthugialap085@gmail.com,GET,/concerts,4.843,200,ok,0,steady
1791234996.7299418,kiemthugialap090@gmail.com,GET,/orders/me,7.114,200,ok,0,steady
1791234996.747739,kiemthugialap071@gmail.com,GET,/orders/me,7.662,200,ok,0,steady
1791234996.7548766,kiemthugialap040@gmail.com,GET,/orders/me,6.668,200,ok,0,steady
1791234996.764823,kiemthugialap009@gmail.com,GET,/concerts?on_sale=true,7.18,200,ok,0,steady
1791234996.7914264,kiemthugialap027@gmail.com,GET,/concerts?on_sale=true,17.541,200,ok,0,steady
1791234996.7934408,kiemthugialap081@gmail.com,GET,/orders/me,18.391,200,ok,0,steady
1791234996.7968338,kiemthugialap004@gmail.com,GET,/concerts,3.175,200,ok,0,steady
1791234996.813023,kiemthugialap078@gmail.com,GET,/concerts,10.282,200,ok,0,steady
1791234996.8143275,kiemthugialap019@gmail.com,GET,/orders/me,8.596,200,ok,0,steady
1791234996.837569,kiemthugialap003@gmail.com,GET,/orders/me,10.092,200,ok,0,steady
1791234996.838496,kiemthugialap031@gmail.com,GET,/orders/me,9.972,200,ok,0,steady
1791234996.844724,kiemthugialap079@gmail.com,GET,/orders/me,6.023,200,ok,0,steady
1791234996.8810616,kiemthugialap014@gmail.com,GET,/concerts/{id},9.007,200,ok,0,steady
1791234996.8831236,kiemthugialap087@gmail.com,GET,/orders/me,8.864,200,ok,0,steady
1791234996.9330785,kiemthugialap094@gmail.com,GET,/orders/me,13.426,200,ok,0,steady
1791234996.945927,kiemthugialap023@gmail.com,GET,/concerts/{id},11.87,200,ok,0,steady
1791234996.9475129,kiemthugialap030@gmail.com,GET,/concerts/{id},12.553,200,ok,0,steady
1791234996.9479825,kiemthugialap043@gmail.com,GET,/concerts/{id},11.548,200,ok,0,steady
1791234996.948462,kiemthugialap016@gmail.com,GET,/concerts,11.573,200,ok,0,steady
1791234996.950247,kiemthugialap098@gmail.com,GET,/orders/me,16.854,200,ok,0,steady
1791234996.9547153,kiemthugialap007@gmail.com,GET,/concerts,8.523,200,ok,0,steady
1791234996.956386,kiemthugialap048@gmail.com,GET,/orders/me,7.767,200,ok,0,steady
1791234996.9794946,kiemthugialap054@gmail.com,GET,/concerts?on_sale=true,9.644,200,ok,0,steady
1791234996.9814482,kiemthugialap013@gmail.com,GET,/orders/me,12.337,200,ok,0,steady
1791234996.981806,kiemthugialap021@gmail.com,GET,/orders/me,11.606,200,ok,0,steady
1791234996.9865582,kiemthugialap050@gmail.com,GET,/concerts?on_sale=true,6.362,200,ok,0,steady
1791234996.9872842,kiemthugialap022@gmail.com,GET,/concerts?on_sale=true,7.556,200,ok,0,steady
1791234997.0230234,kiemthugialap068@gmail.com,GET,/concerts,7.353,200,ok,0,steady
1791234997.0241537,kiemthugialap092@gmail.com,GET,/orders/me,7.686,200,ok,0,steady
1791234997.0358155,kiemthugialap057@gmail.com,GET,/orders/me,5.108,200,ok,0,steady
1791234997.0398395,kiemthugialap002@gmail.com,GET,/concerts?on_sale=true,3.77,200,ok,0,steady
1791234997.0616176,kiemthugialap096@gmail.com,GET,/orders/me,7.928,200,ok,0,steady
1791234997.0622203,kiemthugialap036@gmail.com,GET,/orders/me,8.16,200,ok,0,steady
1791234997.0625098,kiemthugialap097@gmail.com,GET,/orders/me,9.524,200,ok,0,steady
1791234997.0780766,kiemthugialap049@gmail.com,GET,/orders/me,7.117,200,ok,0,steady
1791234997.079734,kiemthugialap077@gmail.com,GET,/orders/me,9.627,200,ok,0,steady
1791234997.083371,kiemthugialap005@gmail.com,GET,/orders/me,4.987,200,ok,0,steady
1791234997.133144,kiemthugialap063@gmail.com,GET,/concerts,4.648,200,ok,0,steady
1791234997.1396563,kiemthugialap088@gmail.com,GET,/orders/me,6.359,200,ok,0,steady
1791234997.177277,kiemthugialap026@gmail.com,GET,/concerts/{id},7.502,200,ok,0,steady
1791234997.1849535,kiemthugialap100@gmail.com,GET,/orders/me,7.155,200,ok,0,steady
1791234997.1972752,kiemthugialap001@gmail.com,GET,/orders/me,7.745,200,ok,0,steady
1791234997.209336,kiemthugialap033@gmail.com,GET,/concerts,4.882,200,ok,0,steady
1791234997.2255855,kiemthugialap067@gmail.com,GET,/orders/me,5.2,200,ok,0,steady
1791234997.2421858,kiemthugialap086@gmail.com,GET,/concerts?on_sale=true,4.953,200,ok,0,steady
1791234997.2431905,kiemthugialap062@gmail.com,GET,/orders/me,7.146,200,ok,0,steady
1791234997.2723794,kiemthugialap060@gmail.com,GET,/concerts?on_sale=true,7.829,200,ok,0,steady
1791234997.274957,kiemthugialap018@gmail.com,GET,/orders/me,12.495,200,ok,0,steady
1791234997.2754357,kiemthugialap056@gmail.com,GET,/orders/me,9.946,200,ok,0,steady
1791234997.286122,kiemthugialap082@gmail.com,GET,/orders/me,6.942,200,ok,0,steady
1791234997.3004224,kiemthugialap011@gmail.com,GET,/concerts/{id},3.636,200,ok,0,steady
1791234997.3279624,kiemthugialap091@gmail.com,GET,/orders/me,9.729,200,ok,0,steady
1791234997.3285654,kiemthugialap029@gmail.com,GET,/orders/me,8.885,200,ok,0,steady
1791234997.330131,kiemthugialap080@gmail.com,GET,/orders/me,8.334,200,ok,0,steady
1791234997.34186,kiemthugialap065@gmail.com,GET,/orders/me,6.493,200,ok,0,steady
1791234997.3464725,kiemthugialap066@gmail.com,GET,/orders/me,4.421,200,ok,0,steady
1791234997.372842,kiemthugialap039@gmail.com,GET,/concerts?on_sale=true,4.679,200,ok,0,steady
1791234997.3763049,kiemthugialap084@gmail.com,GET,/concerts/{id},3.251,200,ok,0,steady
1791234997.381382,kiemthugialap095@gmail.com,GET,/orders/me,4.741,200,ok,0,steady
1791234997.4092107,kiemthugialap051@gmail.com,GET,/orders/me,5.611,200,ok,0,steady
1791234997.4104602,kiemthugialap040@gmail.com,GET,/orders/me,8.001,200,ok,0,steady
1791234997.4124494,kiemthugialap041@gmail.com,GET,/concerts,3.028,200,ok,0,steady
1791234997.4160018,kiemthugialap053@gmail.com,GET,/orders/me,3.406,200,ok,0,steady
1791234997.4214623,kiemthugialap075@gmail.com,GET,/orders/me,5.259,200,ok,0,steady
1791234997.4254794,kiemthugialap093@gmail.com,GET,/concerts,3.704,200,ok,0,steady
1791234997.4555929,kiemthugialap031@gmail.com,GET,/concerts/{id},4.051,200,ok,0,steady
1791234997.4593825,kiemthugialap061@gmail.com,GET,/orders/me,3.574,200,ok,0,steady
1791234997.4936357,kiemthugialap055@gmail.com,GET,/orders/me,8.631,200,ok,0,steady
1791234997.494741,kiemthugialap032@gmail.com,GET,/orders/me,9.035,200,ok,0,steady
1791234997.498744,kiemthugialap017@gmail.com,GET,/orders/me,4.933,200,ok,0,steady
1791234997.4996881,kiemthugialap046@gmail.com,GET,/orders/me,4.805,200,ok,0,steady
1791234997.5387292,kiemthugialap073@gmail.com,GET,/orders/me,5.881,200,ok,0,steady
1791234997.5735896,kiemthugialap057@gmail.com,GET,/orders/me,5.363,200,ok,0,steady
1791234997.5895221,kiemthugialap069@gmail.com,GET,/orders/me,5.447,200,ok,0,steady
1791234997.624808,kiemthugialap020@gmail.com,GET,/orders/me,5.84,200,ok,0,steady
1791234997.6298258,kiemthugialap099@gmail.com,GET,/orders/me,13.119,200,ok,0,steady
1791234997.6598327,kiemthugialap022@gmail.com,GET,/concerts,12.972,200,ok,0,steady
1791234997.660361,kiemthugialap079@gmail.com,GET,/concerts?on_sale=true,13.827,200,ok,0,steady
1791234997.6618252,kiemthugialap042@gmail.com,GET,/concerts,16.24,200,ok,0,steady
1791234997.6628513,kiemthugialap052@gmail.com,GET,/concerts/{id},14.251,200,ok,0,steady
1791234997.6656682,kiemthugialap047@gmail.com,GET,/orders/me,19.461,200,ok,0,steady
1791234997.666522,kiemthugialap015@gmail.com,GET,/orders/me,18.282,200,ok,0,steady
1791234997.6668618,kiemthugialap089@gmail.com,GET,/orders/me,17.922,200,ok,0,steady
1791234997.6918576,kiemthugialap010@gmail.com,GET,/orders/me,7.713,200,ok,0,steady
1791234997.6922152,kiemthugialap068@gmail.com,GET,/orders/me,7.302,200,ok,0,steady
1791234997.6924818,kiemthugialap059@gmail.com,GET,/orders/me,7.842,200,ok,0,steady
1791234997.7241619,kiemthugialap078@gmail.com,GET,/orders/me,7.353,200,ok,0,steady
1791234997.740744,kiemthugialap002@gmail.com,GET,/orders/me,4.747,200,ok,0,steady
1791234997.7591186,kiemthugialap006@gmail.com,GET,/orders/me,7.828,200,ok,0,steady
1791234997.7597086,kiemthugialap074@gmail.com,GET,/orders/me,6.493,200,ok,0,steady
1791234997.8087814,kiemthugialap071@gmail.com,GET,/orders/me,7.08,200,ok,0,steady
1791234997.8326871,kiemthugialap081@gmail.com,GET,/orders/me,7.268,200,ok,0,steady
1791234997.839026,kiemthugialap024@gmail.com,GET,/concerts,5.986,200,ok,0,steady
1791234997.840102,kiemthugialap035@gmail.com,GET,/orders/me,6.403,200,ok,0,steady
1791234997.8573477,kiemthugialap098@gmail.com,GET,/concerts/{id},5.111,200,ok,0,steady
1791234997.8610265,kiemthugialap064@gmail.com,GET,/orders/me,3.468,200,ok,0,steady
1791234997.8738854,kiemthugialap050@gmail.com,GET,/concerts/{id},5.798,200,ok,0,steady
1791234997.8750408,kiemthugialap003@gmail.com,GET,/orders/me,5.779,200,ok,0,steady
1791234997.8880184,kiemthugialap054@gmail.com,GET,/concerts?on_sale=true,4.638,200,ok,0,steady
1791234997.9089653,kiemthugialap009@gmail.com,GET,/orders/me,7.115,200,ok,0,steady
1791234997.9094234,kiemthugialap019@gmail.com,GET,/orders/me,8.306,200,ok,0,steady
1791234997.946454,kiemthugialap037@gmail.com,GET,/concerts?on_sale=true,7.491,200,ok,0,steady
1791234997.9473975,kiemthugialap060@gmail.com,GET,/orders/me,6.697,200,ok,0,steady
1791234997.973312,kiemthugialap100@gmail.com,GET,/orders/me,4.718,200,ok,0,steady
1791234998.009953,kiemthugialap038@gmail.com,GET,/orders/me,6.53,200,ok,0,steady
1791234998.0106332,kiemthugialap001@gmail.com,GET,/orders/me,10.653,200,ok,0,steady
1791234998.0409274,kiemthugialap076@gmail.com,GET,/orders/me,6.353,200,ok,0,steady
1791234998.119274,kiemthugialap036@gmail.com,GET,/concerts,31.496,200,ok,0,steady
1791234998.120039,kiemthugialap008@gmail.com,GET,/concerts/{id},32.671,200,ok,0,steady
1791234998.1225371,kiemthugialap025@gmail.com,GET,/orders/me,36.093,200,ok,0,steady
1791234998.1238616,kiemthugialap045@gmail.com,GET,/orders/me,23.52,200,ok,0,steady
1791234998.1261883,kiemthugialap034@gmail.com,GET,/orders/me,3.508,200,ok,0,steady
1791234998.128356,kiemthugialap029@gmail.com,GET,/concerts,2.043,200,ok,0,steady
1791234998.1365273,kiemthugialap012@gmail.com,GET,/orders/me,4.113,200,ok,0,steady
1791234998.1628463,kiemthugialap087@gmail.com,GET,/orders/me,5.4,200,ok,0,steady
1791234998.1656725,kiemthugialap014@gmail.com,GET,/orders/me,2.689,200,ok,0,steady
1791234998.189451,kiemthugialap057@gmail.com,GET,/concerts,4.916,200,ok,0,steady
1791234998.1923704,kiemthugialap072@gmail.com,GET,/concerts/{id},2.765,200,ok,0,steady
1791234998.223475,kiemthugialap070@gmail.com,GET,/orders/me,5.628,200,ok,0,steady
1791234998.239161,kiemthugialap058@gmail.com,GET,/orders/me,5.2,200,ok,0,steady
1791234998.2600594,kiemthugialap083@gmail.com,GET,/orders/me,6.263,200,ok,0,steady
1791234998.2753997,kiemthugialap096@gmail.com,GET,/orders/me,6.212,200,ok,0,steady
1791234998.3152003,kiemthugialap056@gmail.com,GET,/concerts/{id},6.444,200,ok,0,steady
1791234998.3167424,kiemthugialap063@gmail.com,GET,/orders/me,8.922,200,ok,0,steady
1791234998.3212743,kiemthugialap071@gmail.com,GET,/concerts,5.845,200,ok,0,steady
1791234998.3218088,kiemthugialap052@gmail.com,GET,/concerts,5.83,200,ok,0,steady
1791234998.3272092,kiemthugialap039@gmail.com,GET,/concerts?on_sale=true,3.998,200,ok,0,steady
1791234998.3276398,kiemthugialap026@gmail.com,GET,/concerts?on_sale=true,4.936,200,ok,0,steady
1791234998.344114,kiemthugialap032@gmail.com,GET,/concerts?on_sale=true,5.124,200,ok,0,steady
1791234998.3799925,kiemthugialap094@gmail.com,GET,/concerts/{id},8.424,200,ok,0,steady
1791234998.3814566,kiemthugialap028@gmail.com,GET,/orders/me,11.251,200,ok,0,steady
1791234998.3819876,kiemthugialap059@gmail.com,GET,/orders/me,9.875,200,ok,0,steady
1791234998.4087129,kiemthugialap030@gmail.com,GET,/orders/me,7.364,200,ok,0,steady
1791234998.4253137,kiemthugialap069@gmail.com,GET,/orders/me,8.173,200,ok,0,steady
1791234998.425814,kiemthugialap043@gmail.com,GET,/orders/me,6.677,200,ok,0,steady
1791234998.458389,kiemthugialap023@gmail.com,GET,/concerts?on_sale=true,6.109,200,ok,0,steady
1791234998.4747553,kiemthugialap075@gmail.com,GET,/orders/me,6.584,200,ok,0,steady
1791234998.480085,kiemthugialap077@gmail.com,GET,/orders/me,4.094,200,ok,0,steady
1791234998.5089397,kiemthugialap016@gmail.com,GET,/orders/me,7.853,200,ok,0,steady
1791234998.5147095,kiemthugialap051@gmail.com,GET,/orders/me,5.471,200,ok,0,steady
1791234998.5152357,kiemthugialap007@gmail.com,GET,/orders/me,5.098,200,ok,0,steady
1791234998.5208628,kiemthugialap021@gmail.com,GET,/orders/me,5.484,200,ok,0,steady
1791234998.5212786,kiemthugialap018@gmail.com,GET,/concerts/{id},5.056,200,ok,0,steady
1791234998.5391767,kiemthugialap015@gmail.com,GET,/orders/me,6.253,200,ok,0,steady
1791234998.543681,kiemthugialap080@gmail.com,GET,/orders/me,4.273,200,ok,0,steady
1791234998.5721562,kiemthugialap042@gmail.com,GET,/orders/me,7.012,200,ok,0,steady
1791234998.57547,kiemthugialap090@gmail.com,GET,/orders/me,5.058,200,ok,0,steady
1791234998.5959694,kiemthugialap092@gmail.com,GET,/orders/me,6.848,200,ok,0,steady
1791234998.5974987,kiemthugialap048@gmail.com,GET,/orders/me,8.944,200,ok,0,steady
1791234998.6003213,kiemthugialap004@gmail.com,GET,/concerts/{id},3.793,200,ok,0,steady
1791234998.6007373,kiemthugialap086@gmail.com,GET,/concerts?on_sale=true,4.598,200,ok,0,steady
1791234998.6026256,kiemthugialap005@gmail.com,GET,/concerts?on_sale=true,4.991,200,ok,0,steady
1791234998.6228216,kiemthugialap044@gmail.com,GET,/orders/me,5.102,200,ok,0,steady
1791234998.673715,kiemthugialap061@gmail.com,GET,/concerts/{id},7.481,200,ok,0,steady
1791234998.6755507,kiemthugialap027@gmail.com,GET,/concerts,3.643,200,ok,0,steady
1791234998.6919801,kiemthugialap055@gmail.com,GET,/orders/me,6.763,200,ok,0,steady
1791234998.7070336,kiemthugialap085@gmail.com,GET,/concerts?on_sale=true,5.832,200,ok,0,steady
1791234998.736207,kiemthugialap091@gmail.com,GET,/concerts?on_sale=true,15.363,200,ok,0,steady
1791234998.7369647,kiemthugialap040@gmail.com,GET,/orders/me,18.917,200,ok,0,steady
1791234998.7386925,kiemthugialap087@gmail.com,GET,/orders/me,19.542,200,ok,0,steady
1791234998.7390406,kiemthugialap031@gmail.com,GET,/orders/me,19.304,200,ok,0,steady
1791234998.7413669,kiemthugialap013@gmail.com,GET,/concerts,7.782,200,ok,0,steady
1791234998.7419312,kiemthugialap024@gmail.com,GET,/concerts,4.723,200,ok,0,steady
1791234998.793658,kiemthugialap099@gmail.com,GET,/orders/me,7.555,200,ok,0,steady
1791234998.794059,kiemthugialap033@gmail.com,GET,/orders/me,9.519,200,ok,0,steady
1791234998.8466766,kiemthugialap037@gmail.com,GET,/orders/me,10.901,200,ok,0,steady
1791234998.8486762,kiemthugialap097@gmail.com,GET,/orders/me,14.607,200,ok,0,steady
1791234998.8490002,kiemthugialap045@gmail.com,GET,/orders/me,12.83,200,ok,0,steady
1791234998.8500423,kiemthugialap067@gmail.com,GET,/orders/me,10.338,200,ok,0,steady
1791234998.8550153,kiemthugialap096@gmail.com,GET,/concerts,7.548,200,ok,0,steady
1791234998.8575776,kiemthugialap054@gmail.com,GET,/orders/me,10.379,200,ok,0,steady
1791234998.858297,kiemthugialap088@gmail.com,GET,/orders/me,11.434,200,ok,0,steady
1791234998.8594189,kiemthugialap041@gmail.com,GET,/orders/me,9.241,200,ok,0,steady
1791234998.897913,kiemthugialap038@gmail.com,GET,/orders/me,28.998,200,ok,0,steady
1791234998.9000633,kiemthugialap050@gmail.com,GET,/orders/me,32.317,200,ok,0,steady
1791234998.9017072,kiemthugialap079@gmail.com,GET,/orders/me,16.192,200,ok,0,steady
1791234998.9039564,kiemthugialap035@gmail.com,GET,/orders/me,13.744,200,ok,0,steady
1791234998.9067788,kiemthugialap046@gmail.com,GET,/orders/me,6.507,200,ok,0,steady
1791234998.9434235,kiemthugialap057@gmail.com,GET,/orders/me,9.865,200,ok,0,steady
1791234998.9449713,kiemthugialap019@gmail.com,GET,/orders/me,10.595,200,ok,0,steady
1791234998.9472349,kiemthugialap093@gmail.com,GET,/concerts,3.562,200,ok,0,steady
1791234998.9507136,kiemthugialap065@gmail.com,GET,/orders/me,5.605,200,ok,0,steady
1791234998.951259,kiemthugialap011@gmail.com,GET,/orders/me,5.828,200,ok,0,steady
1791234998.9917889,kiemthugialap062@gmail.com,GET,/orders/me,7.956,200,ok,0,steady
1791234999.025898,kiemthugialap014@gmail.com,GET,/orders/me,7.835,200,ok,0,steady
1791234999.0298085,kiemthugialap051@gmail.com,GET,/orders/me,3.607,200,ok,0,steady
1791234999.0352774,kiemthugialap029@gmail.com,GET,/orders/me,5.324,200,ok,0,steady
1791234999.036479,kiemthugialap066@gmail.com,GET,/orders/me,6.187,200,ok,0,steady
1791234999.0394747,kiemthugialap026@gmail.com,GET,/orders/me,3.943,200,ok,0,steady
1791234999.0731428,kiemthugialap049@gmail.com,GET,/concerts/{id},4.546,200,ok,0,steady
1791234999.146638,kiemthugialap052@gmail.com,GET,/orders/me,7.542,200,ok,0,steady
1791234999.147037,kiemthugialap017@gmail.com,GET,/orders/me,6.259,200,ok,0,steady
1791234999.1776345,kiemthugialap094@gmail.com,GET,/orders/me,7.842,200,ok,0,steady
1791234999.1780653,kiemthugialap073@gmail.com,GET,/orders/me,9.716,200,ok,0,steady
1791234999.2114484,kiemthugialap086@gmail.com,GET,/concerts?on_sale=true,6.114,200,ok,0,steady
1791234999.2164931,kiemthugialap098@gmail.com,GET,/concerts?on_sale=true,4.752,200,ok,0,steady
1791234999.2307289,kiemthugialap044@gmail.com,GET,/orders/me,5.767,200,ok,0,steady
1791234999.245643,kiemthugialap081@gmail.com,GET,/concerts?on_sale=true,4.59,200,ok,0,steady
1791234999.2841284,kiemthugialap006@gmail.com,GET,/orders/me,8.714,200,ok,0,steady
1791234999.2855418,kiemthugialap028@gmail.com,GET,/orders/me,11.342,200,ok,0,steady
1791234999.2860398,kiemthugialap082@gmail.com,GET,/orders/me,12.861,200,ok,0,steady
1791234999.2889771,kiemthugialap015@gmail.com,GET,/orders/me,4.631,200,ok,0,steady
1791234999.3142755,kiemthugialap074@gmail.com,GET,/orders/me,7.184,200,ok,0,steady
1791234999.3155487,kiemthugialap033@gmail.com,GET,/orders/me,9.834,200,ok,0,steady
1791234999.3174043,kiemthugialap084@gmail.com,GET,/concerts?on_sale=true,2.915,200,ok,0,steady
1791234999.331563,kiemthugialap053@gmail.com,GET,/concerts?on_sale=true,4.419,200,ok,0,steady
1791234999.3367522,kiemthugialap095@gmail.com,GET,/orders/me,4.991,200,ok,0,steady
1791234999.3589914,kiemthugialap100@gmail.com,GET,/concerts,7.806,200,ok,0,steady
1791234999.3606427,kiemthugialap012@gmail.com,GET,/orders/me,8.106,200,ok,0,steady
1791234999.3627858,kiemthugialap003@gmail.com,GET,/concerts,3.114,200,ok,0,steady
1791234999.363219,kiemthugialap010@gmail.com,GET,/concerts?on_sale=true,4.019,200,ok,0,steady
1791234999.371871,kiemthugialap089@gmail.com,GET,/concerts?on_sale=true,5.25,200,ok,0,steady
1791234999.3726628,kiemthugialap056@gmail.com,GET,/orders/me,5.555,200,ok,0,steady
1791234999.394219,kiemthugialap027@gmail.com,GET,/orders/me,7.808,200,ok,0,steady
1791234999.3952508,kiemthugialap034@gmail.com,GET,/orders/me,10.097,200,ok,0,steady
1791234999.3973293,kiemthugialap008@gmail.com,GET,/orders/me,2.93,200,ok,0,steady
1791234999.423897,kiemthugialap058@gmail.com,GET,/concerts?on_sale=true,6.158,200,ok,0,steady
1791234999.4294665,kiemthugialap022@gmail.com,GET,/orders/me,5.31,200,ok,0,steady
1791234999.4424963,kiemthugialap064@gmail.com,GET,/orders/me,7.514,200,ok,0,steady
1791234999.4473948,kiemthugialap046@gmail.com,GET,/orders/me,4.62,200,ok,0,steady
1791234999.4951916,kiemthugialap047@gmail.com,GET,/orders/me,11.473,200,ok,0,steady
1791234999.4956882,kiemthugialap005@gmail.com,GET,/orders/me,10.2,200,ok,0,steady
1791234999.4961467,kiemthugialap020@gmail.com,GET,/orders/me,11.16,200,ok,0,steady
1791234999.5426867,kiemthugialap002@gmail.com,GET,/orders/me,7.056,200,ok,0,steady
1791234999.597179,kiemthugialap037@gmail.com,GET,/concerts?on_sale=true,11.616,200,ok,0,steady
1791234999.5976005,kiemthugialap077@gmail.com,GET,/concerts,11.75,200,ok,0,steady
1791234999.598186,kiemthugialap068@gmail.com,GET,/concerts,8.543,200,ok,0,steady
1791234999.5988245,kiemthugialap051@gmail.com,GET,/concerts?on_sale=true,14.823,200,ok,0,steady
1791234999.599381,kiemthugialap080@gmail.com,GET,/orders/me,13.24,200,ok,0,steady
1791234999.6030166,kiemthugialap070@gmail.com,GET,/concerts?on_sale=true,3.474,200,ok,0,steady
1791234999.6614628,kiemthugialap040@gmail.com,GET,/orders/me,9.933,200,ok,0,steady
1791234999.6619346,kiemthugialap004@gmail.com,GET,/orders/me,8.902,200,ok,0,steady
1791234999.6720047,kiemthugialap072@gmail.com,GET,/concerts,4.432,200,ok,0,steady
1791234999.6930702,kiemthugialap078@gmail.com,GET,/orders/me,8.629,200,ok,0,steady
1791234999.6935842,kiemthugialap067@gmail.com,GET,/orders/me,7.792,200,ok,0,steady
1791234999.7110775,kiemthugialap026@gmail.com,GET,/orders/me,8.095,200,ok,0,steady
1791234999.712887,kiemthugialap071@gmail.com,GET,/orders/me,10.36,200,ok,0,steady
1791234999.713304,kiemthugialap021@gmail.com,GET,/orders/me,11.892,200,ok,0,steady
1791234999.717054,kiemthugialap017@gmail.com,GET,/orders/me,5.286,200,ok,0,steady
1791234999.7177541,kiemthugialap076@gmail.com,GET,/orders/me,6.329,200,ok,0,steady
1791234999.7372792,kiemthugialap088@gmail.com,GET,/concerts?on_sale=true,17.464,200,ok,0,steady
1791234999.7377803,kiemthugialap042@gmail.com,GET,/concerts/{id},17.398,200,ok,0,steady
1791234999.7575355,kiemthugialap001@gmail.com,GET,/concerts,5.597,200,ok,0,steady
1791234999.7589285,kiemthugialap009@gmail.com,GET,/orders/me,8.348,200,ok,0,steady
1791234999.76202,kiemthugialap048@gmail.com,GET,/orders/me,4.331,200,ok,0,steady
1791234999.8075535,kiemthugialap060@gmail.com,GET,/orders/me,4.684,200,ok,0,steady
1791234999.8242912,kiemthugialap097@gmail.com,GET,/orders/me,6.748,200,ok,0,steady
1791234999.8587668,kiemthugialap039@gmail.com,GET,/concerts,6.244,200,ok,0,steady
1791234999.8597825,kiemthugialap059@gmail.com,GET,/orders/me,8.605,200,ok,0,steady
1791234999.8894513,kiemthugialap069@gmail.com,GET,/concerts?on_sale=true,6.447,200,ok,0,steady
1791234999.889925,kiemthugialap061@gmail.com,GET,/concerts?on_sale=true,6.002,200,ok,0,steady
1791234999.906229,kiemthugialap090@gmail.com,GET,/concerts/{id},5.787,200,ok,0,steady
1791234999.9073973,kiemthugialap015@gmail.com,GET,/orders/me,6.105,200,ok,0,steady
1791234999.9251666,kiemthugialap049@gmail.com,GET,/orders/me,7.36,200,ok,0,steady
1791234999.929091,kiemthugialap006@gmail.com,GET,/orders/me,3.708,200,ok,0,steady
1791234999.938762,kiemthugialap011@gmail.com,GET,/orders/me,5.245,200,ok,0,steady
1791234999.9751837,kiemthugialap014@gmail.com,GET,/concerts/{id},5.417,200,ok,0,steady
1791234999.979708,kiemthugialap010@gmail.com,GET,/orders/me,4.293,200,ok,0,steady
1791235000.0237124,kiemthugialap035@gmail.com,GET,/orders/me,5.23,200,ok,0,steady
1791235000.026786,kiemthugialap052@gmail.com,GET,/concerts,2.822,200,ok,0,steady
1791235000.043017,kiemthugialap046@gmail.com,GET,/orders/me,8.62,200,ok,0,steady
1791235000.0435889,kiemthugialap032@gmail.com,GET,/orders/me,10.126,200,ok,0,steady
1791235000.087406,kiemthugialap047@gmail.com,GET,/concerts?on_sale=true,10.144,200,ok,0,steady
1791235000.0885913,kiemthugialap016@gmail.com,GET,/concerts?on_sale=true,9.951,200,ok,0,steady
1791235000.0907116,kiemthugialap025@gmail.com,GET,/orders/me,14.06,200,ok,0,steady
1791235000.0910833,kiemthugialap086@gmail.com,GET,/orders/me,14.139,200,ok,0,steady
1791235000.091993,kiemthugialap045@gmail.com,GET,/orders/me,16.168,200,ok,0,steady
1791235000.0946016,kiemthugialap036@gmail.com,GET,/concerts,6.975,200,ok,0,steady
1791235000.0949404,kiemthugialap087@gmail.com,GET,/orders/me,9.728,200,ok,0,steady
1791235000.1063585,kiemthugialap079@gmail.com,GET,/orders/me,5.383,200,ok,0,steady
1791235000.1431425,kiemthugialap054@gmail.com,GET,/orders/me,7.14,200,ok,0,steady
1791235000.146806,kiemthugialap084@gmail.com,GET,/orders/me,3.334,200,ok,0,steady
1791235000.2001443,kiemthugialap004@gmail.com,GET,/orders/me,15.547,200,ok,0,steady
1791235000.203329,kiemthugialap031@gmail.com,GET,/orders/me,16.719,200,ok,0,steady
1791235000.2039046,kiemthugialap038@gmail.com,GET,/concerts,17.705,200,ok,0,steady
1791235000.2043297,kiemthugialap030@gmail.com,GET,/orders/me,17.429,200,ok,0,steady
1791235000.205597,kiemthugialap066@gmail.com,GET,/orders/me,18.332,200,ok,0,steady
1791235000.2059257,kiemthugialap053@gmail.com,GET,/orders/me,18.355,200,ok,0,steady
1791235000.2104328,kiemthugialap043@gmail.com,GET,/orders/me,9.729,200,ok,0,steady
1791235000.2113457,kiemthugialap065@gmail.com,GET,/orders/me,10.998,200,ok,0,steady
1791235000.2118452,kiemthugialap018@gmail.com,GET,/orders/me,7.368,200,ok,0,steady
1791235000.2243228,kiemthugialap007@gmail.com,GET,/orders/me,4.99,200,ok,0,steady
1791235000.2395127,kiemthugialap092@gmail.com,GET,/concerts,4.678,200,ok,0,steady
1791235000.257521,kiemthugialap083@gmail.com,GET,/concerts/{id},5.512,200,ok,0,steady
1791235000.2809424,kiemthugialap012@gmail.com,GET,/orders/me,11.639,200,ok,0,steady
1791235000.281895,kiemthugialap063@gmail.com,GET,/orders/me,11.649,200,ok,0,steady
1791235000.2827916,kiemthugialap013@gmail.com,GET,/orders/me,9.358,200,ok,0,steady
1791235000.283385,kiemthugialap095@gmail.com,GET,/orders/me,9.547,200,ok,0,steady
1791235000.289298,kiemthugialap019@gmail.com,GET,/concerts?on_sale=true,4.907,200,ok,0,steady
1791235000.2988539,kiemthugialap001@gmail.com,GET,/concerts,5.296,200,ok,0,steady
1791235000.3446226,kiemthugialap044@gmail.com,GET,/orders/me,8.493,200,ok,0,steady
1791235000.345034,kiemthugialap055@gmail.com,GET,/orders/me,10.536,200,ok,0,steady
1791235000.4004953,kiemthugialap081@gmail.com,GET,/orders/me,7.914,200,ok,0,steady
1791235000.403042,kiemthugialap099@gmail.com,GET,/orders/me,11.661,200,ok,0,steady
1791235000.407264,kiemthugialap085@gmail.com,GET,/orders/me,6.462,200,ok,0,steady
1791235000.4315014,kiemthugialap057@gmail.com,GET,/concerts,8.804,200,ok,0,steady
1791235000.4338148,kiemthugialap096@gmail.com,GET,/orders/me,8.417,200,ok,0,steady
1791235000.434938,kiemthugialap023@gmail.com,GET,/orders/me,10.023,200,ok,0,steady
1791235000.4355688,kiemthugialap075@gmail.com,GET,/orders/me,11.745,200,ok,0,steady
1791235000.4759283,kiemthugialap091@gmail.com,GET,/orders/me,7.124,200,ok,0,steady
1791235000.4810221,kiemthugialap021@gmail.com,GET,/orders/me,4.809,200,ok,0,steady
1791235000.5322635,kiemthugialap006@gmail.com,GET,/orders/me,8.443,200,ok,0,steady
1791235000.5332358,kiemthugialap022@gmail.com,GET,/orders/me,8.46,200,ok,0,steady
1791235000.5356822,kiemthugialap034@gmail.com,GET,/orders/me,3.228,200,ok,0,steady
1791235000.6094582,kiemthugialap067@gmail.com,GET,/orders/me,7.269,200,ok,0,steady
1791235000.6582854,kiemthugialap073@gmail.com,GET,/concerts/{id},7.382,200,ok,0,steady
1791235000.6593502,kiemthugialap041@gmail.com,GET,/orders/me,6.871,200,ok,0,steady
1791235000.6633632,kiemthugialap089@gmail.com,GET,/orders/me,4.875,200,ok,0,steady
1791235000.664253,kiemthugialap024@gmail.com,GET,/orders/me,4.545,200,ok,0,steady
1791235000.6665719,kiemthugialap010@gmail.com,GET,/orders/me,3.082,200,ok,0,steady
1791235000.680494,kiemthugialap027@gmail.com,GET,/concerts/{id},5.174,200,ok,0,steady
1791235000.707986,kiemthugialap051@gmail.com,GET,/orders/me,6.98,200,ok,0,steady
1791235000.7278154,kiemthugialap056@gmail.com,GET,/concerts,9.855,200,ok,0,steady
1791235000.7288864,kiemthugialap047@gmail.com,GET,/concerts?on_sale=true,8.79,200,ok,0,steady
1791235000.7296174,kiemthugialap011@gmail.com,GET,/orders/me,10.167,200,ok,0,steady
1791235000.7299602,kiemthugialap087@gmail.com,GET,/orders/me,9.539,200,ok,0,steady
1791235000.7583373,kiemthugialap033@gmail.com,GET,/orders/me,7.725,200,ok,0,steady
1791235000.7791255,kiemthugialap015@gmail.com,GET,/orders/me,11.128,200,ok,0,steady
1791235000.7803473,kiemthugialap093@gmail.com,GET,/orders/me,7.665,200,ok,0,steady
1791235000.783762,kiemthugialap043@gmail.com,GET,/concerts,3.229,200,ok,0,steady
1791235000.8113134,kiemthugialap065@gmail.com,GET,/orders/me,10.045,200,ok,0,steady
1791235000.812067,kiemthugialap026@gmail.com,GET,/orders/me,9.371,200,ok,0,steady
1791235000.825114,kiemthugialap100@gmail.com,GET,/orders/me,6.371,200,ok,0,steady
1791235000.8429015,kiemthugialap053@gmail.com,GET,/orders/me,8.525,200,ok,0,steady
1791235000.849786,kiemthugialap060@gmail.com,GET,/orders/me,6.627,200,ok,0,steady
1791235000.8502061,kiemthugialap083@gmail.com,GET,/orders/me,6.574,200,ok,0,steady
1791235000.8715827,kiemthugialap061@gmail.com,GET,/concerts,4.329,200,ok,0,steady
1791235000.8904502,kiemthugialap042@gmail.com,GET,/concerts?on_sale=true,6.184,200,ok,0,steady
1791235000.8909872,kiemthugialap059@gmail.com,GET,/orders/me,7.673,200,ok,0,steady
1791235000.9063993,kiemthugialap050@gmail.com,GET,/orders/me,5.251,200,ok,0,steady
1791235000.9227862,kiemthugialap098@gmail.com,GET,/concerts/{id},4.908,200,ok,0,steady
1791235000.9657643,kiemthugialap003@gmail.com,GET,/orders/me,15.63,200,ok,0,steady
1791235000.967424,kiemthugialap031@gmail.com,GET,/orders/me,16.137,200,ok,0,steady
1791235000.9677985,kiemthugialap094@gmail.com,GET,/orders/me,13.365,200,ok,0,steady
1791235000.9717045,kiemthugialap062@gmail.com,GET,/orders/me,19.395,200,ok,0,steady
1791235000.9721844,kiemthugialap035@gmail.com,GET,/orders/me,20.386,200,ok,0,steady
1791235000.9730685,kiemthugialap023@gmail.com,GET,/concerts?on_sale=true,7.002,200,ok,0,steady
1791235000.995511,kiemthugialap029@gmail.com,GET,/orders/me,9.554,200,ok,0,steady
1791235000.9964511,kiemthugialap007@gmail.com,GET,/orders/me,6.801,200,ok,0,steady
1791235001.044037,kiemthugialap037@gmail.com,GET,/orders/me,7.123,200,ok,0,steady
1791235001.059233,kiemthugialap096@gmail.com,GET,/orders/me,6.325,200,ok,0,steady
1791235001.0656788,kiemthugialap039@gmail.com,GET,/orders/me,6.181,200,ok,0,steady
1791235001.0727293,kiemthugialap071@gmail.com,GET,/orders/me,11.724,200,ok,0,steady
1791235001.0732713,kiemthugialap044@gmail.com,GET,/concerts?on_sale=true,12.066,200,ok,0,steady
1791235001.0742455,kiemthugialap072@gmail.com,GET,/orders/me,13.635,200,ok,0,steady
1791235001.0770698,kiemthugialap080@gmail.com,GET,/orders/me,6.877,200,ok,0,steady
1791235001.0916908,kiemthugialap074@gmail.com,GET,/orders/me,6.27,200,ok,0,steady
1791235001.1084266,kiemthugialap070@gmail.com,GET,/orders/me,6.364,200,ok,0,steady
1791235001.1128664,kiemthugialap018@gmail.com,GET,/orders/me,4.228,200,ok,0,steady
1791235001.144296,kiemthugialap028@gmail.com,GET,/orders/me,9.696,200,ok,0,steady
1791235001.1447265,kiemthugialap058@gmail.com,GET,/orders/me,8.538,200,ok,0,steady
1791235001.196332,kiemthugialap084@gmail.com,GET,/orders/me,11.949,200,ok,0,steady
1791235001.1969757,kiemthugialap048@gmail.com,GET,/orders/me,8.408,200,ok,0,steady
1791235001.1974857,kiemthugialap064@gmail.com,GET,/orders/me,7.878,200,ok,0,steady
1791235001.2080839,kiemthugialap032@gmail.com,GET,/concerts/{id},5.828,200,ok,0,steady
1791235001.2097352,kiemthugialap005@gmail.com,GET,/orders/me,5.959,200,ok,0,steady
1791235001.2409794,kiemthugialap004@gmail.com,GET,/orders/me,7.461,200,ok,0,steady
1791235001.2452357,kiemthugialap068@gmail.com,GET,/orders/me,3.845,200,ok,0,steady
1791235001.2871912,kiemthugialap016@gmail.com,GET,/concerts,21.508,200,ok,0,steady
1791235001.291578,kiemthugialap082@gmail.com,GET,/orders/me,24.962,200,ok,0,steady
1791235001.2934496,kiemthugialap078@gmail.com,GET,/orders/me,8.938,200,ok,0,steady
1791235001.313647,kiemthugialap054@gmail.com,GET,/concerts/{id},5.188,200,ok,0,steady
1791235001.3597655,kiemthugialap055@gmail.com,GET,/orders/me,7.47,200,ok,0,steady
1791235001.3607728,kiemthugialap020@gmail.com,GET,/orders/me,9.218,200,ok,0,steady
1791235001.3629951,kiemthugialap045@gmail.com,GET,/orders/me,2.95,200,ok,0,steady
1791235001.4041855,kiemthugialap076@gmail.com,GET,/orders/me,14.777,200,ok,0,steady
1791235001.4049168,kiemthugialap085@gmail.com,GET,/concerts/{id},18.866,200,ok,0,steady
1791235001.4085948,kiemthugialap047@gmail.com,GET,/orders/me,21.027,200,ok,0,steady
1791235001.4090357,kiemthugialap021@gmail.com,GET,/orders/me,18.84,200,ok,0,steady
1791235001.4096632,kiemthugialap001@gmail.com,GET,/orders/me,19.89,200,ok,0,steady
1791235001.411847,kiemthugialap008@gmail.com,GET,/orders/me,6.745,200,ok,0,steady
1791235001.4219766,kiemthugialap077@gmail.com,GET,/concerts,4.835,200,ok,0,steady
1791235001.4486487,kiemthugialap036@gmail.com,GET,/orders/me,7.088,200,ok,0,steady
1791235001.4933186,kiemthugialap040@gmail.com,GET,/concerts,7.148,200,ok,0,steady
1791235001.4946148,kiemthugialap017@gmail.com,GET,/concerts/{id},9.852,200,ok,0,steady
1791235001.4975982,kiemthugialap027@gmail.com,GET,/orders/me,4.07,200,ok,0,steady
1791235001.5251074,kiemthugialap002@gmail.com,GET,/orders/me,6.914,200,ok,0,steady
1791235001.5480602,kiemthugialap075@gmail.com,GET,/concerts?on_sale=true,7.706,200,ok,0,steady
1791235001.5495245,kiemthugialap053@gmail.com,GET,/orders/me,8.336,200,ok,0,steady
1791235001.5554106,kiemthugialap009@gmail.com,GET,/orders/me,6.808,200,ok,0,steady
1791235001.555856,kiemthugialap092@gmail.com,GET,/orders/me,7.624,200,ok,0,steady
1791235001.5581934,kiemthugialap091@gmail.com,GET,/orders/me,6.337,200,ok,0,steady
1791235001.5992954,kiemthugialap066@gmail.com,GET,/concerts?on_sale=true,11.041,200,ok,0,steady
1791235001.6005158,kiemthugialap025@gmail.com,GET,/orders/me,10.934,200,ok,0,steady
1791235001.601971,kiemthugialap006@gmail.com,GET,/orders/me,12.796,200,ok,0,steady
1791235001.6035445,kiemthugialap023@gmail.com,GET,/orders/me,12.653,200,ok,0,steady
1791235001.6089728,kiemthugialap031@gmail.com,GET,/orders/me,9.452,200,ok,0,steady
1791235001.609365,kiemthugialap097@gmail.com,GET,/orders/me,5.667,200,ok,0,steady
1791235001.6474001,kiemthugialap050@gmail.com,GET,/orders/me,13.77,200,ok,0,steady
1791235001.647781,kiemthugialap088@gmail.com,GET,/orders/me,11.314,200,ok,0,steady
1791235001.6480765,kiemthugialap074@gmail.com,GET,/orders/me,13.352,200,ok,0,steady
1791235001.6491969,kiemthugialap049@gmail.com,GET,/orders/me,6.997,200,ok,0,steady
1791235001.691644,kiemthugialap063@gmail.com,GET,/orders/me,7.972,200,ok,0,steady
1791235001.7232437,kiemthugialap086@gmail.com,GET,/orders/me,6.59,200,ok,0,steady
1791235001.727529,kiemthugialap019@gmail.com,GET,/orders/me,4.038,200,ok,0,steady
1791235001.7574027,kiemthugialap042@gmail.com,GET,/concerts/{id},5.478,200,ok,0,steady
1791235001.7748454,kiemthugialap022@gmail.com,GET,/orders/me,7.078,200,ok,0,steady
1791235001.7777734,kiemthugialap079@gmail.com,GET,/concerts/{id},2.718,200,ok,0,steady
1791235001.7896514,kiemthugialap057@gmail.com,GET,/orders/me,5.972,200,ok,0,steady
1791235001.8121972,kiemthugialap064@gmail.com,GET,/orders/me,8.765,200,ok,0,steady
1791235001.8131983,kiemthugialap069@gmail.com,GET,/orders/me,11.487,200,ok,0,steady
1791235001.8439896,kiemthugialap039@gmail.com,GET,/orders/me,9.061,200,ok,0,steady
1791235001.8589957,kiemthugialap059@gmail.com,GET,/orders/me,7.204,200,ok,0,steady
1791235001.8656425,kiemthugialap090@gmail.com,GET,/concerts,4.041,200,ok,0,steady
1791235001.8665795,kiemthugialap026@gmail.com,GET,/orders/me,7.397,200,ok,0,steady
1791235001.9084585,kiemthugialap055@gmail.com,GET,/concerts/{id},4.579,200,ok,0,steady
1791235001.909963,kiemthugialap084@gmail.com,GET,/orders/me,8.382,200,ok,0,steady
1791235001.9122403,kiemthugialap071@gmail.com,GET,/orders/me,3.592,200,ok,0,steady
1791235001.9245327,kiemthugialap005@gmail.com,GET,/concerts,5.201,200,ok,0,steady
1791235001.9255388,kiemthugialap046@gmail.com,GET,/orders/me,7.815,200,ok,0,steady
1791235001.9391916,kiemthugialap085@gmail.com,GET,/concerts,5.55,200,ok,0,steady
1791235001.9425678,kiemthugialap030@gmail.com,GET,/concerts?on_sale=true,3.152,200,ok,0,steady
1791235001.9793246,kiemthugialap052@gmail.com,GET,/orders/me,22.869,200,ok,0,steady
1791235001.9799004,kiemthugialap014@gmail.com,GET,/orders/me,24.288,200,ok,0,steady
1791235001.981035,kiemthugialap001@gmail.com,GET,/orders/me,22.018,200,ok,0,steady
1791235002.0090306,kiemthugialap072@gmail.com,GET,/orders/me,6.995,200,ok,0,steady
1791235002.0448017,kiemthugialap013@gmail.com,GET,/orders/me,10.966,200,ok,0,steady
1791235002.0465887,kiemthugialap095@gmail.com,GET,/orders/me,11.28,200,ok,0,steady
1791235002.0469773,kiemthugialap051@gmail.com,GET,/orders/me,9.004,200,ok,0,steady
1791235002.0507462,kiemthugialap040@gmail.com,GET,/orders/me,5.321,200,ok,0,steady
1791235002.0511706,kiemthugialap087@gmail.com,GET,/orders/me,6.203,200,ok,0,steady
1791235002.076184,kiemthugialap012@gmail.com,GET,/concerts?on_sale=true,3.997,200,ok,0,steady
1791235002.076615,kiemthugialap056@gmail.com,GET,/concerts,5.103,200,ok,0,steady
1791235002.0918093,kiemthugialap078@gmail.com,GET,/orders/me,4.457,200,ok,0,steady
1791235002.1246827,kiemthugialap068@gmail.com,GET,/orders/me,4.689,200,ok,0,steady
1791235002.1279523,kiemthugialap053@gmail.com,GET,/orders/me,3.116,200,ok,0,steady
1791235002.1769795,kiemthugialap034@gmail.com,GET,/orders/me,6.512,200,ok,0,steady
1791235002.178235,kiemthugialap016@gmail.com,GET,/orders/me,8.884,200,ok,0,steady
1791235002.1804252,kiemthugialap038@gmail.com,GET,/orders/me,3.239,200,ok,0,steady
1791235002.1898742,kiemthugialap035@gmail.com,GET,/orders/me,5.545,200,ok,0,steady
1791235002.2060344,kiemthugialap074@gmail.com,GET,/concerts?on_sale=true,4.919,200,ok,0,steady
1791235002.2411096,kiemthugialap054@gmail.com,GET,/concerts/{id},5.46,200,ok,0,steady
1791235002.2415411,kiemthugialap081@gmail.com,GET,/concerts,7.002,200,ok,0,steady
1791235002.2797036,kiemthugialap011@gmail.com,GET,/orders/me,10.825,200,ok,0,steady
1791235002.2842295,kiemthugialap029@gmail.com,GET,/orders/me,7.657,200,ok,0,steady
1791235002.2846236,kiemthugialap032@gmail.com,GET,/orders/me,7.146,200,ok,0,steady
1791235002.3040996,kiemthugialap099@gmail.com,GET,/orders/me,10.121,200,ok,0,steady
1791235002.304634,kiemthugialap058@gmail.com,GET,/orders/me,10.985,200,ok,0,steady
1791235002.3050468,kiemthugialap080@gmail.com,GET,/orders/me,12.081,200,ok,0,steady
1791235002.313835,kiemthugialap028@gmail.com,GET,/orders/me,5.523,200,ok,0,steady
1791235002.31707,kiemthugialap075@gmail.com,GET,/orders/me,3.073,200,ok,0,steady
1791235002.363785,kiemthugialap041@gmail.com,GET,/concerts/{id},13.412,200,ok,0,steady
1791235002.3642218,kiemthugialap098@gmail.com,GET,/concerts,12.034,200,ok,0,steady
1791235002.3645232,kiemthugialap065@gmail.com,GET,/concerts,9.86,200,ok,0,steady
1791235002.366936,kiemthugialap076@gmail.com,GET,/orders/me,15.425,200,ok,0,steady
1791235002.3674152,kiemthugialap064@gmail.com,GET,/orders/me,14.83,200,ok,0,steady
1791235002.3679347,kiemthugialap057@gmail.com,GET,/orders/me,12.868,200,ok,0,steady
1791235002.3789747,kiemthugialap061@gmail.com,GET,/orders/me,6.785,200,ok,0,steady
1791235002.409134,kiemthugialap007@gmail.com,GET,/orders/me,6.99,200,ok,0,steady
1791235002.4241807,kiemthugialap079@gmail.com,GET,/orders/me,5.458,200,ok,0,steady
1791235002.4402716,kiemthugialap033@gmail.com,GET,/orders/me,5.729,200,ok,0,steady
1791235002.4458067,kiemthugialap055@gmail.com,GET,/orders/me,3.982,200,ok,0,steady
1791235002.4579642,kiemthugialap005@gmail.com,GET,/concerts/{id},5.696,200,ok,0,steady
1791235002.4592738,kiemthugialap100@gmail.com,GET,/orders/me,8.013,200,ok,0,steady
1791235002.5075855,kiemthugialap020@gmail.com,GET,/orders/me,21.542,200,ok,0,steady
1791235002.5080986,kiemthugialap073@gmail.com,GET,/orders/me,23.491,200,ok,0,steady
1791235002.5093684,kiemthugialap024@gmail.com,GET,/orders/me,15.781,200,ok,0,steady
1791235002.511738,kiemthugialap025@gmail.com,GET,/orders/me,3.516,200,ok,0,steady
1791235002.5236363,kiemthugialap071@gmail.com,GET,/orders/me,6.039,200,ok,0,steady
1791235002.527531,kiemthugialap070@gmail.com,GET,/orders/me,3.676,200,ok,0,steady
1791235002.5416465,kiemthugialap092@gmail.com,GET,/orders/me,7.064,200,ok,0,steady
1791235002.542536,kiemthugialap015@gmail.com,GET,/orders/me,6.933,200,ok,0,steady
1791235002.5780833,kiemthugialap086@gmail.com,GET,/concerts/{id},8.599,200,ok,0,steady
1791235002.5787132,kiemthugialap067@gmail.com,GET,/concerts,8.803,200,ok,0,steady
1791235002.579705,kiemthugialap089@gmail.com,GET,/concerts?on_sale=true,12.012,200,ok,0,steady
1791235002.5805752,kiemthugialap010@gmail.com,GET,/orders/me,10.304,200,ok,0,steady
1791235002.5958123,kiemthugialap013@gmail.com,GET,/orders/me,7.243,200,ok,0,steady
1791235002.6100655,kiemthugialap004@gmail.com,GET,/concerts,4.573,200,ok,0,steady
1791235002.6243422,kiemthugialap047@gmail.com,GET,/orders/me,5.661,200,ok,0,steady
1791235002.6268456,kiemthugialap018@gmail.com,GET,/concerts,2.323,200,ok,0,steady
1791235002.6424942,kiemthugialap042@gmail.com,GET,/orders/me,8.057,200,ok,0,steady
1791235002.6586032,kiemthugialap060@gmail.com,GET,/concerts?on_sale=true,5.9,200,ok,0,steady
1791235002.6596937,kiemthugialap093@gmail.com,GET,/orders/me,8.603,200,ok,0,steady
1791235002.693231,kiemthugialap051@gmail.com,GET,/orders/me,10.303,200,ok,0,steady
1791235002.6973555,kiemthugialap084@gmail.com,GET,/orders/me,7.926,200,ok,0,steady
1791235002.699958,kiemthugialap030@gmail.com,GET,/orders/me,5.623,200,ok,0,steady
1791235002.7049992,kiemthugialap083@gmail.com,GET,/concerts/{id},4.861,200,ok,0,steady
1791235002.7498138,kiemthugialap036@gmail.com,GET,/orders/me,8.042,200,ok,0,steady
1791235002.75024,kiemthugialap087@gmail.com,GET,/orders/me,6.828,200,ok,0,steady
1791235002.7662215,kiemthugialap062@gmail.com,GET,/orders/me,7.927,200,ok,0,steady
1791235002.7666576,kiemthugialap016@gmail.com,GET,/orders/me,9.435,200,ok,0,steady
1791235002.7972808,kiemthugialap043@gmail.com,GET,/orders/me,12.367,200,ok,0,steady
1791235002.7984521,kiemthugialap022@gmail.com,GET,/orders/me,11.753,200,ok,0,steady
1791235002.7987735,kiemthugialap026@gmail.com,GET,/orders/me,12.553,200,ok,0,steady
1791235002.8006108,kiemthugialap069@gmail.com,GET,/orders/me,3.133,200,ok,0,steady
1791235002.8197038,kiemthugialap078@gmail.com,GET,/orders/me,8.404,200,ok,0,steady
1791235002.8203955,kiemthugialap023@gmail.com,GET,/orders/me,10.302,200,ok,0,steady
1791235002.8791325,kiemthugialap048@gmail.com,GET,/concerts,12.123,200,ok,0,steady
1791235002.8823006,kiemthugialap082@gmail.com,GET,/orders/me,13.119,200,ok,0,steady
1791235002.8826332,kiemthugialap096@gmail.com,GET,/orders/me,14.732,200,ok,0,steady
1791235002.883242,kiemthugialap003@gmail.com,GET,/orders/me,13.54,200,ok,0,steady
1791235002.8835328,kiemthugialap094@gmail.com,GET,/orders/me,12.207,200,ok,0,steady
1791235002.886355,kiemthugialap037@gmail.com,GET,/orders/me,7.026,200,ok,0,steady
1791235002.9110305,kiemthugialap044@gmail.com,GET,/orders/me,9.533,200,ok,0,steady
1791235002.9117491,kiemthugialap049@gmail.com,GET,/orders/me,6.453,200,ok,0,steady
1791235002.9258182,kiemthugialap090@gmail.com,GET,/concerts?on_sale=true,5.91,200,ok,0,steady
1791235002.92709,kiemthugialap064@gmail.com,GET,/orders/me,8.01,200,ok,0,steady
1791235002.9298406,kiemthugialap056@gmail.com,GET,/concerts/{id},3.821,200,ok,0,steady
1791235002.9311464,kiemthugialap080@gmail.com,GET,/orders/me,3.881,200,ok,0,steady
1791235002.9583912,kiemthugialap017@gmail.com,GET,/orders/me,7.553,200,ok,0,steady
1791235002.9943733,kiemthugialap088@gmail.com,GET,/orders/me,10.215,200,ok,0,steady
1791235002.9947934,kiemthugialap052@gmail.com,GET,/orders/me,9.076,200,ok,0,steady
1791235003.0096118,kiemthugialap095@gmail.com,GET,/orders/me,8.352,200,ok,0,steady
1791235003.0102782,kiemthugialap075@gmail.com,GET,/concerts,4.695,200,ok,0,steady
1791235003.0450728,kiemthugialap038@gmail.com,GET,/orders/me,8.109,200,ok,0,steady
1791235003.046042,kiemthugialap091@gmail.com,GET,/orders/me,8.458,200,ok,0,steady
1791235003.0463665,kiemthugialap021@gmail.com,GET,/orders/me,11.652,200,ok,0,steady
1791235003.04817,kiemthugialap072@gmail.com,GET,/orders/me,2.921,200,ok,0,steady
1791235003.0720294,kiemthugialap035@gmail.com,GET,/concerts,5.494,200,ok,0,steady
1791235003.1316414,kiemthugialap004@gmail.com,GET,/concerts/{id},11.358,200,ok,0,steady
1791235003.1339705,kiemthugialap079@gmail.com,GET,/orders/me,15.392,200,ok,0,steady
1791235003.1381254,kiemthugialap029@gmail.com,GET,/orders/me,18.204,200,ok,0,steady
1791235003.13951,kiemthugialap005@gmail.com,GET,/concerts,10.594,200,ok,0,steady
1791235003.1410577,kiemthugialap077@gmail.com,GET,/orders/me,13.11,200,ok,0,steady
1791235003.141727,kiemthugialap027@gmail.com,GET,/concerts?on_sale=true,7.582,200,ok,0,steady
1791235003.1805706,kiemthugialap008@gmail.com,GET,/concerts/{id},12.017,200,ok,0,steady
1791235003.1817083,kiemthugialap001@gmail.com,GET,/orders/me,11.479,200,ok,0,steady
1791235003.1823075,kiemthugialap031@gmail.com,GET,/orders/me,12.458,200,ok,0,steady
1791235003.1827543,kiemthugialap014@gmail.com,GET,/orders/me,9.241,200,ok,0,steady
1791235003.2188318,kiemthugialap010@gmail.com,GET,/concerts,18.867,200,ok,0,steady
1791235003.2208705,kiemthugialap045@gmail.com,GET,/orders/me,18.78,200,ok,0,steady
1791235003.240834,kiemthugialap024@gmail.com,GET,/concerts,4.592,200,ok,0,steady
1791235003.2418928,kiemthugialap085@gmail.com,GET,/orders/me,6.341,200,ok,0,steady
1791235003.2750359,kiemthugialap002@gmail.com,GET,/orders/me,7.328,200,ok,0,steady
1791235003.312735,kiemthugialap100@gmail.com,GET,/orders/me,5.157,200,ok,0,steady
1791235003.32808,kiemthugialap087@gmail.com,GET,/concerts,6.178,200,ok,0,steady
1791235003.3296905,kiemthugialap009@gmail.com,GET,/orders/me,7.231,200,ok,0,steady
1791235003.331878,kiemthugialap074@gmail.com,GET,/orders/me,3.536,200,ok,0,steady
1791235003.4278154,kiemthugialap019@gmail.com,GET,/orders/me,6.605,200,ok,0,steady
1791235003.447585,kiemthugialap069@gmail.com,GET,/orders/me,12.314,200,ok,0,steady
1791235003.4489665,kiemthugialap097@gmail.com,GET,/orders/me,12.351,200,ok,0,steady
1791235003.4753995,kiemthugialap006@gmail.com,GET,/orders/me,7.383,200,ok,0,steady
1791235003.494108,kiemthugialap059@gmail.com,GET,/orders/me,8.647,200,ok,0,steady
1791235003.494514,kiemthugialap086@gmail.com,GET,/orders/me,6.984,200,ok,0,steady
1791235003.506586,kiemthugialap011@gmail.com,GET,/concerts?on_sale=true,5.679,200,ok,0,steady
1791235003.5075045,kiemthugialap042@gmail.com,GET,/orders/me,4.816,200,ok,0,steady
1791235003.5106452,kiemthugialap033@gmail.com,GET,/orders/me,3.007,200,ok,0,steady
1791235003.545555,kiemthugialap066@gmail.com,GET,/orders/me,10.104,200,ok,0,steady
1791235003.5460875,kiemthugialap060@gmail.com,GET,/orders/me,12.293,200,ok,0,steady
1791235003.580651,kiemthugialap012@gmail.com,GET,/orders/me,9.354,200,ok,0,steady
1791235003.5813127,kiemthugialap030@gmail.com,GET,/orders/me,11.8,200,ok,0,steady
1791235003.581613,kiemthugialap041@gmail.com,GET,/orders/me,10.766,200,ok,0,steady
1791235003.585586,kiemthugialap016@gmail.com,GET,/orders/me,3.836,200,ok,0,steady
1791235003.6079917,kiemthugialap052@gmail.com,GET,/concerts,7.542,200,ok,0,steady
1791235003.6091533,kiemthugialap050@gmail.com,GET,/orders/me,7.287,200,ok,0,steady
1791235003.645954,kiemthugialap063@gmail.com,GET,/concerts/{id},9.448,200,ok,0,steady
1791235003.6468341,kiemthugialap017@gmail.com,GET,/orders/me,10.793,200,ok,0,steady
1791235003.6472147,kiemthugialap034@gmail.com,GET,/orders/me,12.473,200,ok,0,steady
1791235003.6586885,kiemthugialap092@gmail.com,GET,/orders/me,6.604,200,ok,0,steady
1791235003.6624558,kiemthugialap091@gmail.com,GET,/orders/me,3.574,200,ok,0,steady
1791235003.7116501,kiemthugialap008@gmail.com,GET,/orders/me,7.429,200,ok,0,steady
1791235003.7120442,kiemthugialap046@gmail.com,GET,/orders/me,9.074,200,ok,0,steady
1791235003.712903,kiemthugialap089@gmail.com,GET,/orders/me,11.56,200,ok,0,steady
1791235003.7415552,kiemthugialap057@gmail.com,GET,/concerts/{id},4.774,200,ok,0,steady
1791235003.742191,kiemthugialap081@gmail.com,GET,/orders/me,7.83,200,ok,0,steady
1791235003.830651,kiemthugialap084@gmail.com,GET,/orders/me,11.281,200,ok,0,steady
1791235003.8320029,kiemthugialap032@gmail.com,GET,/orders/me,14.181,200,ok,0,steady
1791235003.8325443,kiemthugialap048@gmail.com,GET,/orders/me,12.717,200,ok,0,steady
1791235003.8629673,kiemthugialap064@gmail.com,GET,/orders/me,13.622,200,ok,0,steady
1791235003.8643835,kiemthugialap039@gmail.com,GET,/orders/me,13.854,200,ok,0,steady
1791235003.8647332,kiemthugialap067@gmail.com,GET,/orders/me,13.782,200,ok,0,steady
1791235003.866686,kiemthugialap028@gmail.com,GET,/orders/me,3.507,200,ok,0,steady
1791235003.8930798,kiemthugialap025@gmail.com,GET,/orders/me,7.495,200,ok,0,steady
1791235003.9224524,kiemthugialap044@gmail.com,GET,/concerts/{id},4.227,200,ok,0,steady
1791235003.94034,kiemthugialap037@gmail.com,GET,/orders/me,5.683,200,ok,0,steady
1791235003.9577134,kiemthugialap038@gmail.com,GET,/orders/me,6.804,200,ok,0,steady
1791235003.9624472,kiemthugialap002@gmail.com,GET,/orders/me,4.474,200,ok,0,steady
1791235003.9731274,kiemthugialap004@gmail.com,GET,/orders/me,4.198,200,ok,0,steady
1791235003.9768112,kiemthugialap094@gmail.com,GET,/orders/me,3.421,200,ok,0,steady
1791235003.9922228,kiemthugialap047@gmail.com,GET,/concerts/{id},7.916,200,ok,0,steady
1791235003.9936924,kiemthugialap073@gmail.com,GET,/orders/me,8.713,200,ok,0,steady
1791235003.9940565,kiemthugialap083@gmail.com,GET,/orders/me,8.034,200,ok,0,steady
1791235003.9973717,kiemthugialap040@gmail.com,GET,/orders/me,3.183,200,ok,0,steady
1791235004.0120108,kiemthugialap058@gmail.com,GET,/orders/me,10.738,200,ok,0,steady
1791235004.0125103,kiemthugialap026@gmail.com,GET,/orders/me,10.302,200,ok,0,steady
1791235004.0128136,kiemthugialap054@gmail.com,GET,/orders/me,9.885,200,ok,0,steady
1791235004.0411124,kiemthugialap093@gmail.com,GET,/orders/me,6.536,200,ok,0,steady
1791235004.0440736,kiemthugialap043@gmail.com,GET,/concerts/{id},2.732,200,ok,0,steady
1791235004.0472562,kiemthugialap086@gmail.com,GET,/concerts,2.965,200,ok,0,steady
1791235004.060805,kiemthugialap078@gmail.com,GET,/concerts,4.992,200,ok,0,steady
1791235004.0815647,kiemthugialap018@gmail.com,GET,/concerts/{id},6.216,200,ok,0,steady
1791235004.0826364,kiemthugialap099@gmail.com,GET,/orders/me,6.615,200,ok,0,steady
1791235004.085514,kiemthugialap053@gmail.com,GET,/orders/me,3.706,200,ok,0,steady
1791235004.099099,kiemthugialap011@gmail.com,GET,/orders/me,7.048,200,ok,0,steady
1791235004.0994952,kiemthugialap087@gmail.com,GET,/orders/me,8.457,200,ok,0,steady
1791235004.130374,kiemthugialap024@gmail.com,GET,/concerts?on_sale=true,6.436,200,ok,0,steady
1791235004.1314998,kiemthugialap068@gmail.com,GET,/orders/me,8.537,200,ok,0,steady
1791235004.1796432,kiemthugialap075@gmail.com,GET,/orders/me,11.23,200,ok,0,steady
1791235004.1801496,kiemthugialap065@gmail.com,GET,/orders/me,9.835,200,ok,0,steady
1791235004.180482,kiemthugialap021@gmail.com,GET,/orders/me,13.266,200,ok,0,steady
1791235004.2092533,kiemthugialap085@gmail.com,GET,/orders/me,8.129,200,ok,0,steady
1791235004.2252452,kiemthugialap076@gmail.com,GET,/orders/me,5.608,200,ok,0,steady
1791235004.2289376,kiemthugialap049@gmail.com,GET,/orders/me,3.502,200,ok,0,steady
1791235004.2571983,kiemthugialap008@gmail.com,GET,/orders/me,7.097,200,ok,0,steady
1791235004.2613065,kiemthugialap098@gmail.com,GET,/orders/me,3.874,200,ok,0,steady
1791235004.29643,kiemthugialap007@gmail.com,GET,/concerts,4.191,200,ok,0,steady
1791235004.3280537,kiemthugialap020@gmail.com,GET,/orders/me,15.647,200,ok,0,steady
1791235004.331041,kiemthugialap003@gmail.com,GET,/orders/me,21.417,200,ok,0,steady
1791235004.3314378,kiemthugialap050@gmail.com,GET,/orders/me,20.658,200,ok,0,steady
1791235004.331765,kiemthugialap034@gmail.com,GET,/orders/me,18.213,200,ok,0,steady
1791235004.3331683,kiemthugialap077@gmail.com,GET,/orders/me,14.175,200,ok,0,steady
1791235004.3335948,kiemthugialap100@gmail.com,GET,/orders/me,13.728,200,ok,0,steady
1791235004.3416104,kiemthugialap005@gmail.com,GET,/concerts/{id},12.22,200,ok,0,steady
1791235004.3421345,kiemthugialap072@gmail.com,GET,/orders/me,13.055,200,ok,0,steady
1791235004.342685,kiemthugialap051@gmail.com,GET,/orders/me,13.902,200,ok,0,steady
1791235004.3430557,kiemthugialap055@gmail.com,GET,/orders/me,14.774,200,ok,0,steady
1791235004.3472927,kiemthugialap061@gmail.com,GET,/orders/me,4.109,200,ok,0,steady
1791235004.3497899,kiemthugialap015@gmail.com,GET,/concerts,2.331,200,ok,0,steady
1791235004.3807502,kiemthugialap013@gmail.com,GET,/concerts?on_sale=true,7.883,200,ok,0,steady
1791235004.3828459,kiemthugialap022@gmail.com,GET,/orders/me,8.184,200,ok,0,steady
1791235004.3832595,kiemthugialap080@gmail.com,GET,/orders/me,8.146,200,ok,0,steady
1791235004.4066074,kiemthugialap071@gmail.com,GET,/concerts?on_sale=true,5.004,200,ok,0,steady
1791235004.4106429,kiemthugialap014@gmail.com,GET,/orders/me,3.868,200,ok,0,steady
1791235004.483738,kiemthugialap045@gmail.com,GET,/orders/me,16.733,200,ok,0,steady
1791235004.48594,kiemthugialap023@gmail.com,GET,/orders/me,15.524,200,ok,0,steady
1791235004.4865687,kiemthugialap067@gmail.com,GET,/orders/me,18.766,200,ok,0,steady
1791235004.4871402,kiemthugialap082@gmail.com,GET,/orders/me,19.061,200,ok,0,steady
1791235004.4885323,kiemthugialap027@gmail.com,GET,/orders/me,12.445,200,ok,0,steady
1791235004.489306,kiemthugialap070@gmail.com,GET,/concerts,5.329,200,ok,0,steady
1791235004.559131,kiemthugialap090@gmail.com,GET,/orders/me,7.664,200,ok,0,steady
1791235004.5770032,kiemthugialap043@gmail.com,GET,/orders/me,8.851,200,ok,0,steady
1791235004.578361,kiemthugialap060@gmail.com,GET,/orders/me,11.58,200,ok,0,steady
1791235004.580101,kiemthugialap096@gmail.com,GET,/orders/me,8.149,200,ok,0,steady
1791235004.5812745,kiemthugialap095@gmail.com,GET,/orders/me,4.054,200,ok,0,steady
1791235004.5889153,kiemthugialap016@gmail.com,GET,/concerts?on_sale=true,3.506,200,ok,0,steady
1791235004.606861,kiemthugialap083@gmail.com,GET,/orders/me,5.797,200,ok,0,steady
1791235004.6218586,kiemthugialap056@gmail.com,GET,/concerts?on_sale=true,3.827,200,ok,0,steady
1791235004.6576915,kiemthugialap029@gmail.com,GET,/orders/me,6.012,200,ok,0,steady
1791235004.6581416,kiemthugialap044@gmail.com,GET,/orders/me,7.974,200,ok,0,steady
1791235004.671665,kiemthugialap062@gmail.com,GET,/orders/me,5.862,200,ok,0,steady
1791235004.6861038,kiemthugialap036@gmail.com,GET,/concerts?on_sale=true,4.601,200,ok,0,steady
1791235004.7002413,kiemthugialap064@gmail.com,GET,/orders/me,6.6,200,ok,0,steady
1791235004.705337,kiemthugialap010@gmail.com,GET,/orders/me,4.845,200,ok,0,steady
1791235004.7820826,kiemthugialap032@gmail.com,GET,/orders/me,11.708,200,ok,0,steady
1791235004.7826426,kiemthugialap097@gmail.com,GET,/orders/me,10.736,200,ok,0,steady
1791235004.8309088,kiemthugialap099@gmail.com,GET,/concerts?on_sale=true,5.79,200,ok,0,steady
1791235004.8459964,kiemthugialap089@gmail.com,GET,/orders/me,5.425,200,ok,0,steady
1791235004.849787,kiemthugialap065@gmail.com,GET,/orders/me,3.58,200,ok,0,steady
1791235004.874617,kiemthugialap042@gmail.com,GET,/concerts/{id},6.579,200,ok,0,steady
1791235004.893916,kiemthugialap035@gmail.com,GET,/orders/me,9.364,200,ok,0,steady
1791235004.894739,kiemthugialap088@gmail.com,GET,/orders/me,11.267,200,ok,0,steady
1791235004.9179916,kiemthugialap046@gmail.com,GET,/orders/me,6.644,200,ok,0,steady
1791235004.9186125,kiemthugialap074@gmail.com,GET,/orders/me,8.719,200,ok,0,steady
1791235004.9228303,kiemthugialap100@gmail.com,GET,/concerts/{id},3.98,200,ok,0,steady
1791235004.9273252,kiemthugialap081@gmail.com,GET,/orders/me,4.282,200,ok,0,steady
1791235004.9431412,kiemthugialap022@gmail.com,GET,/orders/me,7.625,200,ok,0,steady
1791235004.94369,kiemthugialap084@gmail.com,GET,/orders/me,9.073,200,ok,0,steady
1791235004.9561827,kiemthugialap091@gmail.com,GET,/orders/me,5.756,200,ok,0,steady
1791235004.9737573,kiemthugialap087@gmail.com,GET,/concerts/{id},5.273,200,ok,0,steady
1791235004.9741726,kiemthugialap009@gmail.com,GET,/concerts,4.81,200,ok,0,steady
1791235004.9934406,kiemthugialap007@gmail.com,GET,/orders/me,7.781,200,ok,0,steady
1791235004.9982638,kiemthugialap005@gmail.com,GET,/orders/me,4.545,200,ok,0,steady
1791235005.0031965,kiemthugialap093@gmail.com,GET,/orders/me,4.73,200,ok,0,steady
1791235005.008787,kiemthugialap033@gmail.com,GET,/orders/me,7.55,200,ok,0,steady
1791235005.0431442,kiemthugialap038@gmail.com,GET,/orders/me,7.223,200,ok,0,steady
1791235005.057863,kiemthugialap031@gmail.com,GET,/concerts/{id},7.045,200,ok,0,steady
1791235005.059516,kiemthugialap052@gmail.com,GET,/orders/me,7.974,200,ok,0,steady
1791235005.064483,kiemthugialap017@gmail.com,GET,/orders/me,6.021,200,ok,0,steady
1791235005.0648274,kiemthugialap028@gmail.com,GET,/orders/me,6.755,200,ok,0,steady
1791235005.0658097,kiemthugialap006@gmail.com,GET,/orders/me,6.158,200,ok,0,steady
1791235005.0950074,kiemthugialap012@gmail.com,GET,/orders/me,10.057,200,ok,0,steady
1791235005.0964882,kiemthugialap080@gmail.com,GET,/orders/me,8.305,200,ok,0,steady
1791235005.0968535,kiemthugialap048@gmail.com,GET,/orders/me,9.522,200,ok,0,steady
1791235005.0989952,kiemthugialap002@gmail.com,GET,/orders/me,3.801,200,ok,0,steady
1791235005.1023111,kiemthugialap001@gmail.com,GET,/concerts/{id},3.134,200,ok,0,steady
1791235005.115228,kiemthugialap079@gmail.com,GET,/concerts,5.334,200,ok,0,steady
1791235005.156829,kiemthugialap021@gmail.com,GET,/orders/me,20.096,200,ok,0,steady
1791235005.1573477,kiemthugialap077@gmail.com,GET,/orders/me,22.456,200,ok,0,steady
1791235005.1577024,kiemthugialap096@gmail.com,GET,/orders/me,21.355,200,ok,0,steady
1791235005.1601033,kiemthugialap066@gmail.com,GET,/orders/me,9.281,200,ok,0,steady
1791235005.1773312,kiemthugialap076@gmail.com,GET,/orders/me,8.765,200,ok,0,steady
1791235005.2242973,kiemthugialap051@gmail.com,GET,/concerts/{id},19.634,200,ok,0,steady
1791235005.2261467,kiemthugialap083@gmail.com,GET,/orders/me,21.871,200,ok,0,steady
1791235005.2272947,kiemthugialap067@gmail.com,GET,/orders/me,24.43,200,ok,0,steady
1791235005.2288294,kiemthugialap063@gmail.com,GET,/concerts?on_sale=true,4.3,200,ok,0,steady
1791235005.259514,kiemthugialap059@gmail.com,GET,/orders/me,7.943,200,ok,0,steady
1791235005.2626307,kiemthugialap057@gmail.com,GET,/concerts?on_sale=true,2.881,200,ok,0,steady
1791235005.2758715,kiemthugialap034@gmail.com,GET,/orders/me,6.821,200,ok,0,steady
1791235005.2762506,kiemthugialap047@gmail.com,GET,/orders/me,6.557,200,ok,0,steady
1791235005.3090732,kiemthugialap092@gmail.com,GET,/concerts,5.863,200,ok,0,steady
1791235005.3101249,kiemthugialap069@gmail.com,GET,/concerts/{id},7.863,200,ok,0,steady
1791235005.3125186,kiemthugialap027@gmail.com,GET,/orders/me,3.246,200,ok,0,steady
1791235005.324858,kiemthugialap049@gmail.com,GET,/concerts/{id},5.549,200,ok,0,steady
1791235005.32613,kiemthugialap019@gmail.com,GET,/orders/me,8.378,200,ok,0,steady
1791235005.3585658,kiemthugialap082@gmail.com,GET,/orders/me,7.524,200,ok,0,steady
1791235005.3713386,kiemthugialap030@gmail.com,GET,/concerts,4.669,200,ok,0,steady
1791235005.3908143,kiemthugialap025@gmail.com,GET,/orders/me,8.103,200,ok,0,steady
1791235005.3912778,kiemthugialap072@gmail.com,GET,/orders/me,7.05,200,ok,0,steady
1791235005.4231284,kiemthugialap013@gmail.com,GET,/orders/me,8.221,200,ok,0,steady
1791235005.441384,kiemthugialap008@gmail.com,GET,/concerts,5.392,200,ok,0,steady
1791235005.4563324,kiemthugialap023@gmail.com,GET,/concerts?on_sale=true,5.04,200,ok,0,steady
1791235005.4603028,kiemthugialap010@gmail.com,GET,/orders/me,3.757,200,ok,0,steady
1791235005.4635584,kiemthugialap041@gmail.com,GET,/orders/me,3.125,200,ok,0,steady
1791235005.4753256,kiemthugialap024@gmail.com,GET,/concerts,6.694,200,ok,0,steady
1791235005.492798,kiemthugialap043@gmail.com,GET,/orders/me,7.319,200,ok,0,steady
1791235005.5071666,kiemthugialap068@gmail.com,GET,/orders/me,6.649,200,ok,0,steady
1791235005.5298762,kiemthugialap011@gmail.com,GET,/orders/me,4.284,200,ok,0,steady
1791235005.5486424,kiemthugialap090@gmail.com,GET,/concerts,6.242,200,ok,0,steady
1791235005.5499158,kiemthugialap015@gmail.com,GET,/orders/me,8.421,200,ok,0,steady
1791235005.5545855,kiemthugialap053@gmail.com,GET,/orders/me,4.51,200,ok,0,steady
1791235005.5586612,kiemthugialap035@gmail.com,GET,/concerts/{id},3.535,200,ok,0,steady
1791235005.5596786,kiemthugialap046@gmail.com,GET,/concerts?on_sale=true,4.95,200,ok,0,steady
1791235005.5626156,kiemthugialap060@gmail.com,GET,/orders/me,3.781,200,ok,0,steady
1791235005.5776439,kiemthugialap099@gmail.com,GET,/orders/me,4.942,200,ok,0,steady
1791235005.607271,kiemthugialap044@gmail.com,GET,/orders/me,5.899,200,ok,0,steady
1791235005.6264703,kiemthugialap075@gmail.com,GET,/orders/me,9.248,200,ok,0,steady
1791235005.6270008,kiemthugialap080@gmail.com,GET,/orders/me,8.914,200,ok,0,steady
1791235005.6484425,kiemthugialap055@gmail.com,GET,/orders/me,10.56,200,ok,0,steady
1791235005.6490579,kiemthugialap020@gmail.com,GET,/orders/me,10.553,200,ok,0,steady
1791235005.6539218,kiemthugialap064@gmail.com,GET,/orders/me,8.402,200,ok,0,steady
1791235005.6543958,kiemthugialap039@gmail.com,GET,/orders/me,7.955,200,ok,0,steady
1791235005.676523,kiemthugialap070@gmail.com,GET,/concerts/{id},5.151,200,ok,0,steady
1791235005.6907732,kiemthugialap079@gmail.com,GET,/concerts?on_sale=true,4.933,200,ok,0,steady
1791235005.7091787,kiemthugialap054@gmail.com,GET,/concerts/{id},5.974,200,ok,0,steady
1791235005.7098558,kiemthugialap086@gmail.com,GET,/concerts?on_sale=true,8.162,200,ok,0,steady
1791235005.7244182,kiemthugialap006@gmail.com,GET,/orders/me,6.273,200,ok,0,steady
1791235005.751296,kiemthugialap091@gmail.com,GET,/concerts?on_sale=true,5.581,200,ok,0,steady
1791235005.7594445,kiemthugialap040@gmail.com,GET,/orders/me,7.901,200,ok,0,steady
1791235005.7612913,kiemthugialap085@gmail.com,GET,/orders/me,6.663,200,ok,0,steady
1791235005.7821722,kiemthugialap037@gmail.com,GET,/orders/me,12.284,200,ok,0,steady
1791235005.7826104,kiemthugialap078@gmail.com,GET,/orders/me,13.793,200,ok,0,steady
1791235005.7829216,kiemthugialap005@gmail.com,GET,/orders/me,11.1,200,ok,0,steady
1791235005.7832546,kiemthugialap003@gmail.com,GET,/orders/me,12.77,200,ok,0,steady
1791235005.7835603,kiemthugialap036@gmail.com,GET,/orders/me,13.364,200,ok,0,steady
1791235005.8122513,kiemthugialap067@gmail.com,GET,/orders/me,12.155,200,ok,0,steady
1791235005.8145952,kiemthugialap018@gmail.com,GET,/orders/me,15.16,200,ok,0,steady
1791235005.8442967,kiemthugialap045@gmail.com,GET,/concerts?on_sale=true,4.953,200,ok,0,steady
1791235005.8448942,kiemthugialap094@gmail.com,GET,/concerts?on_sale=true,6.61,200,ok,0,steady
1791235005.8459556,kiemthugialap032@gmail.com,GET,/orders/me,8.422,200,ok,0,steady
1791235005.8740964,kiemthugialap058@gmail.com,GET,/orders/me,4.867,200,ok,0,steady
1791235005.8777444,kiemthugialap004@gmail.com,GET,/concerts,3.431,200,ok,0,steady
1791235005.8814182,kiemthugialap074@gmail.com,GET,/orders/me,3.515,200,ok,0,steady
1791235005.9262476,kiemthugialap050@gmail.com,GET,/orders/me,6.29,200,ok,0,steady
1791235005.9266012,kiemthugialap016@gmail.com,GET,/orders/me,7.478,200,ok,0,steady
1791235005.9571118,kiemthugialap073@gmail.com,GET,/orders/me,6.924,200,ok,0,steady
1791235005.961552,kiemthugialap098@gmail.com,GET,/concerts?on_sale=true,4.156,200,ok,0,steady
1791235005.9653625,kiemthugialap014@gmail.com,GET,/orders/me,3.616,200,ok,0,steady
1791235005.9746966,kiemthugialap071@gmail.com,GET,/orders/me,5.74,200,ok,0,steady
1791235006.0227747,kiemthugialap026@gmail.com,GET,/concerts?on_sale=true,6.414,200,ok,0,steady
1791235006.0411792,kiemthugialap084@gmail.com,GET,/orders/me,8.163,200,ok,0,steady
1791235006.0799992,kiemthugialap009@gmail.com,GET,/orders/me,11.128,200,ok,0,steady
1791235006.0805335,kiemthugialap095@gmail.com,GET,/orders/me,12.326,200,ok,0,steady
1791235006.0809765,kiemthugialap002@gmail.com,GET,/orders/me,13.874,200,ok,0,steady
1791235006.1150422,kiemthugialap082@gmail.com,GET,/orders/me,12.059,200,ok,0,steady
1791235006.1223168,kiemthugialap007@gmail.com,GET,/concerts/{id},6.884,200,ok,0,steady
1791235006.1826909,kiemthugialap061@gmail.com,GET,/orders/me,12.63,200,ok,0,steady
1791235006.183225,kiemthugialap093@gmail.com,GET,/orders/me,12.675,200,ok,0,steady
1791235006.1836286,kiemthugialap029@gmail.com,GET,/orders/me,15.243,200,ok,0,steady
1791235006.224993,kiemthugialap062@gmail.com,GET,/orders/me,6.973,200,ok,0,steady
1791235006.261384,kiemthugialap038@gmail.com,GET,/concerts/{id},9.467,200,ok,0,steady
1791235006.264493,kiemthugialap024@gmail.com,GET,/orders/me,13.588,200,ok,0,steady
1791235006.2648165,kiemthugialap083@gmail.com,GET,/orders/me,12.58,200,ok,0,steady
1791235006.2655346,kiemthugialap027@gmail.com,GET,/orders/me,11.375,200,ok,0,steady
1791235006.267695,kiemthugialap031@gmail.com,GET,/concerts/{id},5.799,200,ok,0,steady
1791235006.2689974,kiemthugialap063@gmail.com,GET,/orders/me,7.432,200,ok,0,steady
1791235006.2948635,kiemthugialap044@gmail.com,GET,/orders/me,7.825,200,ok,0,steady
1791235006.2953103,kiemthugialap087@gmail.com,GET,/orders/me,9.507,200,ok,0,steady
1791235006.309479,kiemthugialap017@gmail.com,GET,/concerts?on_sale=true,6.906,200,ok,0,steady
1791235006.310653,kiemthugialap046@gmail.com,GET,/orders/me,9.448,200,ok,0,steady
1791235006.328573,kiemthugialap039@gmail.com,GET,/orders/me,6.572,200,ok,0,steady
1791235006.3301349,kiemthugialap088@gmail.com,GET,/orders/me,9.99,200,ok,0,steady
1791235006.3342404,kiemthugialap056@gmail.com,GET,/orders/me,5.476,200,ok,0,steady
1791235006.334432,kiemthugialap065@gmail.com,GET,/orders/me,5.295,200,ok,0,steady
1791235006.4075844,kiemthugialap077@gmail.com,GET,/concerts,4.584,200,ok,0,steady
1791235006.4089103,kiemthugialap090@gmail.com,GET,/orders/me,7.406,200,ok,0,steady
1791235006.411742,kiemthugialap089@gmail.com,GET,/concerts?on_sale=true,2.676,200,ok,0,steady
1791235006.4400506,kiemthugialap097@gmail.com,GET,/concerts?on_sale=true,4.566,200,ok,0,steady
1791235006.4444716,kiemthugialap055@gmail.com,GET,/orders/me,4.199,200,ok,0,steady
1791235006.4552464,kiemthugialap028@gmail.com,GET,/orders/me,4.644,200,ok,0,steady
1791235006.4752414,kiemthugialap043@gmail.com,GET,/orders/me,7.265,200,ok,0,steady
1791235006.5084229,kiemthugialap060@gmail.com,GET,/orders/me,14.256,200,ok,0,steady
1791235006.5098948,kiemthugialap034@gmail.com,GET,/orders/me,30.341,200,ok,0,steady
1791235006.5112448,kiemthugialap008@gmail.com,GET,/orders/me,17.421,200,ok,0,steady
1791235006.529725,kiemthugialap019@gmail.com,GET,/concerts,36.562,200,ok,0,steady
1791235006.5302317,kiemthugialap011@gmail.com,GET,/orders/me,33.941,200,ok,0,steady
1791235006.5325866,kiemthugialap092@gmail.com,GET,/orders/me,37.73,200,ok,0,steady
1791235006.5336921,kiemthugialap059@gmail.com,GET,/orders/me,25.054,200,ok,0,steady
1791235006.5398705,kiemthugialap048@gmail.com,GET,/concerts/{id},7.108,200,ok,0,steady
1791235006.5413163,kiemthugialap058@gmail.com,GET,/orders/me,16.454,200,ok,0,steady
1791235006.5421875,kiemthugialap045@gmail.com,GET,/orders/me,14.196,200,ok,0,steady
1791235006.5429075,kiemthugialap064@gmail.com,GET,/orders/me,17.471,200,ok,0,steady
1791235006.5564926,kiemthugialap051@gmail.com,GET,/orders/me,4.448,200,ok,0,steady
1791235006.5617943,kiemthugialap091@gmail.com,GET,/concerts?on_sale=true,5.094,200,ok,0,steady
1791235006.5628278,kiemthugialap073@gmail.com,GET,/orders/me,5.681,200,ok,0,steady
1791235006.5948288,kiemthugialap069@gmail.com,GET,/orders/me,10.347,200,ok,0,steady
1791235006.5953372,kiemthugialap096@gmail.com,GET,/orders/me,9.766,200,ok,0,steady
1791235006.5965881,kiemthugialap015@gmail.com,GET,/orders/me,8.227,200,ok,0,steady
1791235006.5991426,kiemthugialap021@gmail.com,GET,/concerts/{id},3.679,200,ok,0,steady
1791235006.6003945,kiemthugialap033@gmail.com,GET,/orders/me,3.691,200,ok,0,steady
1791235006.633289,kiemthugialap003@gmail.com,GET,/concerts?on_sale=true,5.373,200,ok,0,steady
1791235006.6388547,kiemthugialap026@gmail.com,GET,/orders/me,5.332,200,ok,0,steady
1791235006.6418967,kiemthugialap072@gmail.com,GET,/concerts?on_sale=true,2.805,200,ok,0,steady
1791235006.6574204,kiemthugialap012@gmail.com,GET,/orders/me,7.163,200,ok,0,steady
1791235006.6579087,kiemthugialap100@gmail.com,GET,/orders/me,7.019,200,ok,0,steady
1791235006.6732302,kiemthugialap042@gmail.com,GET,/orders/me,4.171,200,ok,0,steady
1791235006.692164,kiemthugialap076@gmail.com,GET,/orders/me,7.046,200,ok,0,steady
1791235006.692519,kiemthugialap070@gmail.com,GET,/orders/me,6.083,200,ok,0,steady
1791235006.756706,kiemthugialap095@gmail.com,GET,/orders/me,19.54,200,ok,0,steady
1791235006.757246,kiemthugialap062@gmail.com,GET,/orders/me,17.987,200,ok,0,steady
1791235006.791677,kiemthugialap047@gmail.com,GET,/orders/me,8.602,200,ok,0,steady
1791235006.7932332,kiemthugialap053@gmail.com,GET,/orders/me,9.189,200,ok,0,steady
1791235006.7959104,kiemthugialap020@gmail.com,GET,/orders/me,3.976,200,ok,0,steady
1791235006.826191,kiemthugialap086@gmail.com,GET,/orders/me,6.536,200,ok,0,steady
1791235006.8416228,kiemthugialap016@gmail.com,GET,/orders/me,6.401,200,ok,0,steady
1791235006.8756235,kiemthugialap022@gmail.com,GET,/orders/me,6.023,200,ok,0,steady
1791235006.8765302,kiemthugialap037@gmail.com,GET,/orders/me,6.408,200,ok,0,steady
1791235006.8778994,kiemthugialap081@gmail.com,GET,/concerts/{id},2.132,200,ok,0,steady
1791235006.890752,kiemthugialap035@gmail.com,GET,/orders/me,5.03,200,ok,0,steady
1791235006.9068737,kiemthugialap030@gmail.com,GET,/orders/me,4.938,200,ok,0,steady
1791235006.945931,kiemthugialap041@gmail.com,GET,/orders/me,6.911,200,ok,0,steady
1791235006.9485013,kiemthugialap001@gmail.com,GET,/concerts,2.373,200,ok,0,steady
1791235006.9967418,kiemthugialap018@gmail.com,GET,/concerts,7.727,200,ok,0,steady
1791235006.9978356,kiemthugialap066@gmail.com,GET,/orders/me,12.168,200,ok,0,steady
1791235006.9997282,kiemthugialap010@gmail.com,GET,/orders/me,11.948,200,ok,0,steady
1791235007.0011322,kiemthugialap050@gmail.com,GET,/orders/me,14.694,200,ok,0,steady
1791235007.0049386,kiemthugialap057@gmail.com,GET,/concerts/{id},5.011,200,ok,0,steady
1791235007.026249,kiemthugialap094@gmail.com,GET,/concerts/{id},9.359,200,ok,0,steady
1791235007.0283852,kiemthugialap013@gmail.com,GET,/orders/me,10.392,200,ok,0,steady
1791235007.028813,kiemthugialap061@gmail.com,GET,/orders/me,11.125,200,ok,0,steady
1791235007.0324383,kiemthugialap077@gmail.com,GET,/orders/me,3.502,200,ok,0,steady
1791235007.0602953,kiemthugialap043@gmail.com,GET,/concerts/{id},7.976,200,ok,0,steady
1791235007.0627615,kiemthugialap082@gmail.com,GET,/orders/me,8.382,200,ok,0,steady
1791235007.0739093,kiemthugialap063@gmail.com,GET,/concerts?on_sale=true,13.4,200,ok,0,steady
1791235007.0752068,kiemthugialap052@gmail.com,GET,/orders/me,14.382,200,ok,0,steady
1791235007.0755587,kiemthugialap002@gmail.com,GET,/orders/me,13.331,200,ok,0,steady
1791235007.0767379,kiemthugialap040@gmail.com,GET,/orders/me,15.66,200,ok,0,steady
1791235007.0773964,kiemthugialap068@gmail.com,GET,/orders/me,10.149,200,ok,0,steady
1791235007.0793316,kiemthugialap090@gmail.com,GET,/orders/me,5.196,200,ok,0,steady
1791235007.1090097,kiemthugialap054@gmail.com,GET,/orders/me,5.312,200,ok,0,steady
1791235007.1094162,kiemthugialap005@gmail.com,GET,/orders/me,7.766,200,ok,0,steady
1791235007.1328628,kiemthugialap099@gmail.com,GET,/orders/me,7.205,200,ok,0,steady
1791235007.178514,kiemthugialap089@gmail.com,GET,/orders/me,9.177,200,ok,0,steady
1791235007.1806607,kiemthugialap049@gmail.com,GET,/orders/me,12.836,200,ok,0,steady
1791235007.182442,kiemthugialap098@gmail.com,GET,/concerts?on_sale=true,3.643,200,ok,0,steady
1791235007.2076554,kiemthugialap042@gmail.com,GET,/orders/me,5.495,200,ok,0,steady
1791235007.2235816,kiemthugialap021@gmail.com,GET,/orders/me,5.491,200,ok,0,steady
1791235007.2274754,kiemthugialap048@gmail.com,GET,/orders/me,3.663,200,ok,0,steady
1791235007.2575283,kiemthugialap004@gmail.com,GET,/orders/me,8.102,200,ok,0,steady
1791235007.2581067,kiemthugialap045@gmail.com,GET,/orders/me,9.739,200,ok,0,steady
1791235007.294203,kiemthugialap074@gmail.com,GET,/orders/me,9.907,200,ok,0,steady
1791235007.29573,kiemthugialap073@gmail.com,GET,/orders/me,9.952,200,ok,0,steady
1791235007.29849,kiemthugialap055@gmail.com,GET,/orders/me,4.027,200,ok,0,steady
1791235007.3022435,kiemthugialap064@gmail.com,GET,/orders/me,3.61,200,ok,0,steady
1791235007.3291028,kiemthugialap019@gmail.com,GET,/orders/me,6.029,200,ok,0,steady
1791235007.3323436,kiemthugialap015@gmail.com,GET,/orders/me,3.043,200,ok,0,steady
1791235007.3345835,kiemthugialap025@gmail.com,GET,/concerts?on_sale=true,2.098,200,ok,0,steady
1791235007.3420842,kiemthugialap038@gmail.com,GET,/orders/me,5.471,200,ok,0,steady
1791235007.3918283,kiemthugialap036@gmail.com,GET,/concerts?on_sale=true,5.924,200,ok,0,steady
1791235007.408654,kiemthugialap075@gmail.com,GET,/concerts/{id},6.796,200,ok,0,steady
1791235007.4099123,kiemthugialap071@gmail.com,GET,/orders/me,6.446,200,ok,0,steady
1791235007.412301,kiemthugialap083@gmail.com,GET,/orders/me,3.474,200,ok,0,steady
1791235007.4463673,kiemthugialap029@gmail.com,GET,/concerts/{id},11.501,200,ok,0,steady
1791235007.4485266,kiemthugialap028@gmail.com,GET,/orders/me,12.851,200,ok,0,steady
1791235007.4489095,kiemthugialap007@gmail.com,GET,/orders/me,14.947,200,ok,0,steady
1791235007.4494748,kiemthugialap023@gmail.com,GET,/orders/me,14.172,200,ok,0,steady
1791235007.449805,kiemthugialap078@gmail.com,GET,/orders/me,13.817,200,ok,0,steady
1791235007.5116308,kiemthugialap080@gmail.com,GET,/orders/me,10.656,200,ok,0,steady
1791235007.5122166,kiemthugialap079@gmail.com,GET,/orders/me,8.726,200,ok,0,steady
1791235007.521965,kiemthugialap006@gmail.com,GET,/orders/me,5.678,200,ok,0,steady
1791235007.5383108,kiemthugialap032@gmail.com,GET,/orders/me,5.973,200,ok,0,steady
1791235007.6070614,kiemthugialap095@gmail.com,GET,/concerts?on_sale=true,20.151,200,ok,0,steady
1791235007.6076677,kiemthugialap017@gmail.com,GET,/orders/me,22.36,200,ok,0,steady
1791235007.6410215,kiemthugialap020@gmail.com,GET,/concerts/{id},6.528,200,ok,0,steady
1791235007.6433146,kiemthugialap024@gmail.com,GET,/orders/me,8.257,200,ok,0,steady
1791235007.6453085,kiemthugialap014@gmail.com,GET,/orders/me,8.913,200,ok,0,steady
1791235007.6462684,kiemthugialap027@gmail.com,GET,/orders/me,5.071,200,ok,0,steady
1791235007.6590383,kiemthugialap091@gmail.com,GET,/orders/me,5.601,200,ok,0,steady
1791235007.6620073,kiemthugialap012@gmail.com,GET,/concerts/{id},2.74,200,ok,0,steady
1791235007.6961567,kiemthugialap034@gmail.com,GET,/orders/me,9.898,200,ok,0,steady
1791235007.6965957,kiemthugialap030@gmail.com,GET,/orders/me,10.121,200,ok,0,steady
1791235007.697565,kiemthugialap084@gmail.com,GET,/orders/me,12.154,200,ok,0,steady
1791235007.6995528,kiemthugialap016@gmail.com,GET,/orders/me,2.841,200,ok,0,steady
1791235007.7238357,kiemthugialap085@gmail.com,GET,/orders/me,6.006,200,ok,0,steady
1791235007.7571094,kiemthugialap013@gmail.com,GET,/concerts?on_sale=true,4.643,200,ok,0,steady
1791235007.773952,kiemthugialap060@gmail.com,GET,/orders/me,7.361,200,ok,0,steady
1791235007.7955456,kiemthugialap039@gmail.com,GET,/orders/me,9.539,200,ok,0,steady
1791235007.7959664,kiemthugialap042@gmail.com,GET,/orders/me,8.988,200,ok,0,steady
1791235007.7967904,kiemthugialap098@gmail.com,GET,/orders/me,8.659,200,ok,0,steady
1791235007.8074052,kiemthugialap067@gmail.com,GET,/orders/me,5.677,200,ok,0,steady
1791235007.8345828,kiemthugialap044@gmail.com,GET,/concerts/{id},6.723,200,ok,0,steady
1791235007.8386152,kiemthugialap033@gmail.com,GET,/orders/me,11.004,200,ok,0,steady
1791235007.8393445,kiemthugialap009@gmail.com,GET,/orders/me,12.757,200,ok,0,steady
1791235007.8756008,kiemthugialap066@gmail.com,GET,/orders/me,5.951,200,ok,0,steady
1791235007.9106827,kiemthugialap062@gmail.com,GET,/concerts?on_sale=true,5.618,200,ok,0,steady
1791235007.9110644,kiemthugialap097@gmail.com,GET,/concerts/{id},4.967,200,ok,0,steady
1791235007.941984,kiemthugialap059@gmail.com,GET,/orders/me,6.136,200,ok,0,steady
1791235007.9457507,kiemthugialap057@gmail.com,GET,/orders/me,3.598,200,ok,0,steady
1791235007.9743068,kiemthugialap061@gmail.com,GET,/orders/me,6.159,200,ok,0,steady
1791235008.0073152,kiemthugialap093@gmail.com,GET,/concerts/{id},4.685,200,ok,0,steady
1791235008.0132246,kiemthugialap087@gmail.com,GET,/orders/me,5.521,200,ok,0,steady
1791235008.062504,kiemthugialap007@gmail.com,GET,/orders/me,27.432,200,ok,0,steady
1791235008.0632238,kiemthugialap092@gmail.com,GET,/concerts/{id},13.403,200,ok,0,steady
1791235008.064825,kiemthugialap080@gmail.com,GET,/orders/me,30.757,200,ok,0,steady
1791235008.0671024,kiemthugialap036@gmail.com,GET,/concerts,18.244,200,ok,0,steady
1791235008.074065,kiemthugialap040@gmail.com,GET,/orders/me,40.552,200,ok,0,steady
1791235008.077087,kiemthugialap037@gmail.com,GET,/orders/me,26.879,200,ok,0,steady
1791235008.1115797,kiemthugialap054@gmail.com,GET,/orders/me,6.507,200,ok,0,steady
1791235008.1400862,kiemthugialap056@gmail.com,GET,/concerts?on_sale=true,19.944,200,ok,0,steady
1791235008.1413825,kiemthugialap008@gmail.com,GET,/concerts/{id},22.27,200,ok,0,steady
1791235008.1442156,kiemthugialap031@gmail.com,GET,/orders/me,9.643,200,ok,0,steady
1791235008.145205,kiemthugialap046@gmail.com,GET,/orders/me,4.881,200,ok,0,steady
1791235008.1481974,kiemthugialap063@gmail.com,GET,/orders/me,2.845,200,ok,0,steady
1791235008.155883,kiemthugialap035@gmail.com,GET,/orders/me,7.513,200,ok,0,steady
1791235008.194308,kiemthugialap069@gmail.com,GET,/orders/me,11.484,200,ok,0,steady
1791235008.2456975,kiemthugialap011@gmail.com,GET,/orders/me,11.064,200,ok,0,steady
1791235008.2462244,kiemthugialap088@gmail.com,GET,/orders/me,11.297,200,ok,0,steady
1791235008.2466116,kiemthugialap081@gmail.com,GET,/orders/me,12.67,200,ok,0,steady
1791235008.2753992,kiemthugialap065@gmail.com,GET,/orders/me,9.419,200,ok,0,steady
1791235008.2769449,kiemthugialap100@gmail.com,GET,/orders/me,9.708,200,ok,0,steady
1791235008.2898545,kiemthugialap094@gmail.com,GET,/concerts/{id},7.16,200,ok,0,steady
1791235008.294413,kiemthugialap019@gmail.com,GET,/orders/me,13.404,200,ok,0,steady
1791235008.3078976,kiemthugialap051@gmail.com,GET,/concerts,4.126,200,ok,0,steady
1791235008.3300939,kiemthugialap025@gmail.com,GET,/orders/me,10.618,200,ok,0,steady
1791235008.3312461,kiemthugialap090@gmail.com,GET,/orders/me,10.667,200,ok,0,steady
1791235008.3315501,kiemthugialap058@gmail.com,GET,/orders/me,9.664,200,ok,0,steady
1791235008.3333383,kiemthugialap027@gmail.com,GET,/orders/me,3.063,200,ok,0,steady
1791235008.381147,kiemthugialap072@gmail.com,GET,/orders/me,11.288,200,ok,0,steady
1791235008.3816411,kiemthugialap068@gmail.com,GET,/orders/me,12.204,200,ok,0,steady
1791235008.3819554,kiemthugialap034@gmail.com,GET,/orders/me,11.844,200,ok,0,steady
1791235008.3822649,kiemthugialap049@gmail.com,GET,/orders/me,14.287,200,ok,0,steady
1791235008.4089184,kiemthugialap073@gmail.com,GET,/concerts?on_sale=true,6.135,200,ok,0,steady
1791235008.410073,kiemthugialap079@gmail.com,GET,/orders/me,6.463,200,ok,0,steady
1791235008.448238,kiemthugialap002@gmail.com,GET,/concerts,9.076,200,ok,0,steady
1791235008.4508448,kiemthugialap023@gmail.com,GET,/concerts?on_sale=true,14.332,200,ok,0,steady
1791235008.451157,kiemthugialap016@gmail.com,GET,/orders/me,12.573,200,ok,0,steady
1791235008.45175,kiemthugialap070@gmail.com,GET,/orders/me,13.74,200,ok,0,steady
1791235008.4570174,kiemthugialap053@gmail.com,GET,/orders/me,8.57,200,ok,0,steady
1791235008.4599752,kiemthugialap005@gmail.com,GET,/concerts,8.026,200,ok,0,steady
1791235008.4606981,kiemthugialap042@gmail.com,GET,/concerts?on_sale=true,7.182,200,ok,0,steady
1791235008.4617586,kiemthugialap033@gmail.com,GET,/orders/me,8.712,200,ok,0,steady
1791235008.4927511,kiemthugialap096@gmail.com,GET,/concerts?on_sale=true,7.756,200,ok,0,steady
1791235008.493846,kiemthugialap026@gmail.com,GET,/orders/me,7.798,200,ok,0,steady
1791235008.5121675,kiemthugialap061@gmail.com,GET,/concerts/{id},11.447,200,ok,0,steady
1791235008.5142496,kiemthugialap029@gmail.com,GET,/orders/me,11.317,200,ok,0,steady
1791235008.517689,kiemthugialap076@gmail.com,GET,/orders/me,5.243,200,ok,0,steady
1791235008.5447338,kiemthugialap013@gmail.com,GET,/orders/me,7.545,200,ok,0,steady
1791235008.5451663,kiemthugialap041@gmail.com,GET,/orders/me,9.309,200,ok,0,steady
1791235008.5940711,kiemthugialap045@gmail.com,GET,/orders/me,11.554,200,ok,0,steady
1791235008.5945528,kiemthugialap003@gmail.com,GET,/orders/me,10.892,200,ok,0,steady
1791235008.594872,kiemthugialap028@gmail.com,GET,/orders/me,11.546,200,ok,0,steady
1791235008.6040487,kiemthugialap086@gmail.com,GET,/orders/me,5.644,200,ok,0,steady
1791235008.6156197,kiemthugialap043@gmail.com,GET,/orders/me,6.715,200,ok,0,steady
1791235008.6602707,kiemthugialap083@gmail.com,GET,/concerts?on_sale=true,9.298,200,ok,0,steady
1791235008.6623626,kiemthugialap057@gmail.com,GET,/concerts,8.796,200,ok,0,steady
1791235008.6671534,kiemthugialap048@gmail.com,GET,/orders/me,6.087,200,ok,0,steady
1791235008.6695232,kiemthugialap085@gmail.com,GET,/orders/me,8.926,200,ok,0,steady
1791235008.6768427,kiemthugialap082@gmail.com,GET,/orders/me,9.501,200,ok,0,steady
1791235008.678013,kiemthugialap080@gmail.com,GET,/orders/me,10.312,200,ok,0,steady
1791235008.6783261,kiemthugialap038@gmail.com,GET,/orders/me,8.592,200,ok,0,steady
1791235008.6801865,kiemthugialap014@gmail.com,GET,/orders/me,3.151,200,ok,0,steady
1791235008.709849,kiemthugialap050@gmail.com,GET,/concerts/{id},8.294,200,ok,0,steady
1791235008.7103386,kiemthugialap078@gmail.com,GET,/concerts?on_sale=true,10.167,200,ok,0,steady
1791235008.713027,kiemthugialap010@gmail.com,GET,/concerts/{id},6.422,200,ok,0,steady
1791235008.7142987,kiemthugialap047@gmail.com,GET,/orders/me,8.772,200,ok,0,steady
1791235008.7466028,kiemthugialap084@gmail.com,GET,/orders/me,11.404,200,ok,0,steady
1791235008.7474182,kiemthugialap064@gmail.com,GET,/orders/me,10.864,200,ok,0,steady
1791235008.7481086,kiemthugialap075@gmail.com,GET,/orders/me,10.226,200,ok,0,steady
1791235008.748499,kiemthugialap052@gmail.com,GET,/orders/me,10.254,200,ok,0,steady
1791235008.7753382,kiemthugialap004@gmail.com,GET,/orders/me,8.395,200,ok,0,steady
1791235008.8004007,kiemthugialap097@gmail.com,GET,/orders/me,7.999,200,ok,0,steady
1791235008.8073778,kiemthugialap011@gmail.com,GET,/orders/me,6.709,200,ok,0,steady
1791235008.8126388,kiemthugialap015@gmail.com,GET,/concerts/{id},4.987,200,ok,0,steady
1791235008.8278239,kiemthugialap094@gmail.com,GET,/concerts/{id},5.02,200,ok,0,steady
1791235008.8389287,kiemthugialap022@gmail.com,GET,/orders/me,7.31,200,ok,0,steady
1791235008.8658907,kiemthugialap030@gmail.com,GET,/concerts,6.303,200,ok,0,steady
1791235008.867472,kiemthugialap018@gmail.com,GET,/orders/me,9.009,200,ok,0,steady
1791235008.8758662,kiemthugialap063@gmail.com,GET,/concerts,8.133,200,ok,0,steady
1791235008.876609,kiemthugialap001@gmail.com,GET,/orders/me,7.64,200,ok,0,steady
1791235008.9261007,kiemthugialap099@gmail.com,GET,/concerts/{id},6.93,200,ok,0,steady
1791235008.9272308,kiemthugialap032@gmail.com,GET,/orders/me,9.196,200,ok,0,steady
1791235009.0125556,kiemthugialap002@gmail.com,GET,/concerts,7.722,200,ok,0,steady
1791235009.0146394,kiemthugialap077@gmail.com,GET,/concerts,10.677,200,ok,0,steady
1791235009.0259364,kiemthugialap024@gmail.com,GET,/orders/me,12.501,200,ok,0,steady
1791235009.0287263,kiemthugialap006@gmail.com,GET,/orders/me,15.854,200,ok,0,steady
1791235009.0305083,kiemthugialap068@gmail.com,GET,/orders/me,10.089,200,ok,0,steady
1791235009.0437772,kiemthugialap066@gmail.com,GET,/concerts/{id},4.323,200,ok,0,steady
1791235009.0447958,kiemthugialap046@gmail.com,GET,/orders/me,6.208,200,ok,0,steady
1791235009.082866,kiemthugialap089@gmail.com,GET,/orders/me,10.085,200,ok,0,steady
1791235009.083308,kiemthugialap070@gmail.com,GET,/orders/me,9.486,200,ok,0,steady
1791235009.0836105,kiemthugialap098@gmail.com,GET,/orders/me,10.096,200,ok,0,steady
1791235009.1264582,kiemthugialap021@gmail.com,GET,/concerts/{id},7.935,200,ok,0,steady
1791235009.155411,kiemthugialap074@gmail.com,GET,/orders/me,35.702,200,ok,0,steady
1791235009.1558068,kiemthugialap060@gmail.com,GET,/orders/me,36.557,200,ok,0,steady
1791235009.1586125,kiemthugialap055@gmail.com,GET,/orders/me,31.925,200,ok,0,steady
1791235009.1931787,kiemthugialap039@gmail.com,GET,/concerts?on_sale=true,5.587,200,ok,0,steady
1791235009.1940439,kiemthugialap051@gmail.com,GET,/orders/me,7.532,200,ok,0,steady
1791235009.2079642,kiemthugialap016@gmail.com,GET,/orders/me,5.62,200,ok,0,steady
1791235009.2114096,kiemthugialap093@gmail.com,GET,/orders/me,3.297,200,ok,0,steady
1791235009.26061,kiemthugialap076@gmail.com,GET,/concerts/{id},7.924,200,ok,0,steady
1791235009.2619326,kiemthugialap017@gmail.com,GET,/orders/me,10.412,200,ok,0,steady
1791235009.2934444,kiemthugialap100@gmail.com,GET,/concerts?on_sale=true,8.06,200,ok,0,steady
1791235009.2940004,kiemthugialap058@gmail.com,GET,/concerts,5.985,200,ok,0,steady
1791235009.294344,kiemthugialap007@gmail.com,GET,/concerts,7.444,200,ok,0,steady
1791235009.3081982,kiemthugialap061@gmail.com,GET,/orders/me,5.978,200,ok,0,steady
1791235009.3262348,kiemthugialap095@gmail.com,GET,/concerts/{id},7.501,200,ok,0,steady
1791235009.3272698,kiemthugialap003@gmail.com,GET,/orders/me,7.156,200,ok,0,steady
1791235009.3307424,kiemthugialap096@gmail.com,GET,/orders/me,3.322,200,ok,0,steady
1791235009.3614104,kiemthugialap083@gmail.com,GET,/concerts,10.227,200,ok,0,steady
1791235009.3640633,kiemthugialap052@gmail.com,GET,/orders/me,11.933,200,ok,0,steady
1791235009.3646147,kiemthugialap071@gmail.com,GET,/orders/me,10.975,200,ok,0,steady
1791235009.3674035,kiemthugialap012@gmail.com,GET,/orders/me,8.22,200,ok,0,steady
1791235009.367763,kiemthugialap041@gmail.com,GET,/orders/me,6.212,200,ok,0,steady
1791235009.413051,kiemthugialap042@gmail.com,GET,/orders/me,9.135,200,ok,0,steady
1791235009.4142547,kiemthugialap064@gmail.com,GET,/orders/me,10.845,200,ok,0,steady
1791235009.4145722,kiemthugialap005@gmail.com,GET,/orders/me,12.757,200,ok,0,steady
1791235009.418561,kiemthugialap023@gmail.com,GET,/orders/me,5.293,200,ok,0,steady
1791235009.4200466,kiemthugialap014@gmail.com,GET,/concerts,5.355,200,ok,0,steady
1791235009.4215078,kiemthugialap036@gmail.com,GET,/orders/me,6.297,200,ok,0,steady
1791235009.4412365,kiemthugialap067@gmail.com,GET,/concerts/{id},6.518,200,ok,0,steady
1791235009.4665382,kiemthugialap048@gmail.com,GET,/orders/me,6.858,200,ok,0,steady
1791235009.474637,kiemthugialap091@gmail.com,GET,/orders/me,5.2,200,ok,0,steady
1791235009.4913528,kiemthugialap047@gmail.com,GET,/concerts?on_sale=true,6.341,200,ok,0,steady
1791235009.5103693,kiemthugialap099@gmail.com,GET,/concerts?on_sale=true,7.427,200,ok,0,steady
1791235009.5114343,kiemthugialap081@gmail.com,GET,/orders/me,6.536,200,ok,0,steady
1791235009.5271966,kiemthugialap008@gmail.com,GET,/orders/me,8.939,200,ok,0,steady
1791235009.5291326,kiemthugialap092@gmail.com,GET,/orders/me,8.934,200,ok,0,steady
1791235009.5320911,kiemthugialap020@gmail.com,GET,/concerts/{id},4.659,200,ok,0,steady
1791235009.5332253,kiemthugialap044@gmail.com,GET,/orders/me,5.305,200,ok,0,steady
1791235009.562454,kiemthugialap090@gmail.com,GET,/orders/me,9.963,200,ok,0,steady
1791235009.563761,kiemthugialap066@gmail.com,GET,/orders/me,9.849,200,ok,0,steady
1791235009.5651119,kiemthugialap087@gmail.com,GET,/concerts?on_sale=true,2.405,200,ok,0,steady
1791235009.6263435,kiemthugialap059@gmail.com,GET,/orders/me,8.265,200,ok,0,steady
1791235009.6402283,kiemthugialap078@gmail.com,GET,/orders/me,7.127,200,ok,0,steady
1791235009.6442986,kiemthugialap086@gmail.com,GET,/orders/me,3.837,200,ok,0,steady
1791235009.6921425,kiemthugialap043@gmail.com,GET,/concerts/{id},26.756,200,ok,0,steady
1791235009.6943922,kiemthugialap035@gmail.com,GET,/orders/me,26.694,200,ok,0,steady
1791235009.7003157,kiemthugialap009@gmail.com,GET,/orders/me,26.574,200,ok,0,steady
1791235009.7164226,kiemthugialap088@gmail.com,GET,/orders/me,6.774,200,ok,0,steady
1791235009.741774,kiemthugialap002@gmail.com,GET,/concerts?on_sale=true,6.61,200,ok,0,steady
1791235009.7453392,kiemthugialap029@gmail.com,GET,/concerts?on_sale=true,3.323,200,ok,0,steady
1791235009.7492547,kiemthugialap037@gmail.com,GET,/orders/me,3.751,200,ok,0,steady
1791235009.7562125,kiemthugialap010@gmail.com,GET,/orders/me,6.76,200,ok,0,steady
1791235009.7605283,kiemthugialap050@gmail.com,GET,/orders/me,9.104,200,ok,0,steady
1791235009.7609723,kiemthugialap065@gmail.com,GET,/orders/me,8.161,200,ok,0,steady
1791235009.7654662,kiemthugialap063@gmail.com,GET,/concerts/{id},3.527,200,ok,0,steady
1791235009.7665148,kiemthugialap062@gmail.com,GET,/orders/me,5.421,200,ok,0,steady
1791235009.7819614,kiemthugialap084@gmail.com,GET,/orders/me,7.996,200,ok,0,steady
1791235009.7829459,kiemthugialap030@gmail.com,GET,/orders/me,5.295,200,ok,0,steady
1791235009.7909973,kiemthugialap089@gmail.com,GET,/orders/me,4.73,200,ok,0,steady
1791235009.8068068,kiemthugialap082@gmail.com,GET,/concerts,5.193,200,ok,0,steady
1791235009.8321605,kiemthugialap053@gmail.com,GET,/orders/me,8.799,200,ok,0,steady
1791235009.8433602,kiemthugialap097@gmail.com,GET,/concerts/{id},4.445,200,ok,0,steady
1791235009.876533,kiemthugialap034@gmail.com,GET,/concerts?on_sale=true,6.57,200,ok,0,steady
1791235009.878321,kiemthugialap054@gmail.com,GET,/orders/me,7.809,200,ok,0,steady
1791235009.8803017,kiemthugialap098@gmail.com,GET,/orders/me,3.595,200,ok,0,steady
1791235009.8921905,kiemthugialap031@gmail.com,GET,/orders/me,6.51,200,ok,0,steady
1791235009.94609,kiemthugialap095@gmail.com,GET,/orders/me,9.979,200,ok,0,steady
1791235009.9476993,kiemthugialap033@gmail.com,GET,/orders/me,13.19,200,ok,0,steady
1791235009.9527407,kiemthugialap074@gmail.com,GET,/orders/me,4.84,200,ok,0,steady
1791235009.957263,kiemthugialap019@gmail.com,GET,/orders/me,4.274,200,ok,0,steady
1791235009.975594,kiemthugialap046@gmail.com,GET,/orders/me,9.214,200,ok,0,steady
1791235009.9761307,kiemthugialap027@gmail.com,GET,/orders/me,8.991,200,ok,0,steady
1791235009.9900115,kiemthugialap014@gmail.com,GET,/orders/me,6.707,200,ok,0,steady
1791235009.99055,kiemthugialap076@gmail.com,GET,/orders/me,8.028,200,ok,0,steady
1791235010.0282383,kiemthugialap069@gmail.com,GET,/concerts?on_sale=true,5.871,200,ok,0,steady
1791235010.029358,kiemthugialap052@gmail.com,GET,/orders/me,6.052,200,ok,0,steady
1791235010.0651255,kiemthugialap032@gmail.com,GET,/concerts?on_sale=true,9.832,200,ok,0,steady
1791235010.0666502,kiemthugialap056@gmail.com,GET,/orders/me,11.115,200,ok,0,steady
1791235010.0669641,kiemthugialap060@gmail.com,GET,/orders/me,12.01,200,ok,0,steady
1791235010.0677643,kiemthugialap024@gmail.com,GET,/orders/me,13.619,200,ok,0,steady
1791235010.074146,kiemthugialap017@gmail.com,GET,/concerts/{id},8.787,200,ok,0,steady
1791235010.0746865,kiemthugialap025@gmail.com,GET,/concerts,9.006,200,ok,0,steady
1791235010.0751402,kiemthugialap040@gmail.com,GET,/orders/me,8.064,200,ok,0,steady
1791235010.1440444,kiemthugialap066@gmail.com,GET,/concerts?on_sale=true,6.55,200,ok,0,steady
1791235010.1452312,kiemthugialap100@gmail.com,GET,/orders/me,9.123,200,ok,0,steady
1791235010.157046,kiemthugialap026@gmail.com,GET,/orders/me,5.983,200,ok,0,steady
1791235010.1597354,kiemthugialap068@gmail.com,GET,/concerts/{id},2.492,200,ok,0,steady
1791235010.1940377,kiemthugialap021@gmail.com,GET,/orders/me,7.677,200,ok,0,steady
1791235010.1945286,kiemthugialap075@gmail.com,GET,/orders/me,8.968,200,ok,0,steady
1791235010.2256877,kiemthugialap042@gmail.com,GET,/orders/me,5.006,200,ok,0,steady
1791235010.2422585,kiemthugialap039@gmail.com,GET,/orders/me,5.343,200,ok,0,steady
1791235010.2714746,kiemthugialap088@gmail.com,GET,/concerts,6.632,200,ok,0,steady
1791235010.274221,kiemthugialap085@gmail.com,GET,/orders/me,10.497,200,ok,0,steady
1791235010.274784,kiemthugialap020@gmail.com,GET,/concerts,11.806,200,ok,0,steady
1791235010.2998025,kiemthugialap003@gmail.com,GET,/orders/me,4.836,200,ok,0,steady
1791235010.3190775,kiemthugialap008@gmail.com,GET,/concerts/{id},6.972,200,ok,0,steady
1791235010.3224053,kiemthugialap081@gmail.com,GET,/orders/me,10.825,200,ok,0,steady
1791235010.3230438,kiemthugialap079@gmail.com,GET,/orders/me,11.199,200,ok,0,steady
1791235010.3234916,kiemthugialap049@gmail.com,GET,/orders/me,12.583,200,ok,0,steady
1791235010.3345206,kiemthugialap051@gmail.com,GET,/orders/me,6.714,200,ok,0,steady
1791235010.334933,kiemthugialap004@gmail.com,GET,/orders/me,6.256,200,ok,0,steady
1791235010.3387861,kiemthugialap028@gmail.com,GET,/concerts?on_sale=true,3.682,200,ok,0,steady
1791235010.350938,kiemthugialap083@gmail.com,GET,/concerts,6.402,200,ok,0,steady
1791235010.3532443,kiemthugialap035@gmail.com,GET,/orders/me,8.076,200,ok,0,steady
1791235010.3534658,kiemthugialap072@gmail.com,GET,/orders/me,7.988,200,ok,0,steady
1791235010.3570867,kiemthugialap094@gmail.com,GET,/orders/me,5.977,200,ok,0,steady
1791235010.3851564,kiemthugialap023@gmail.com,GET,/orders/me,6.382,200,ok,0,steady
1791235010.4259977,kiemthugialap013@gmail.com,GET,/concerts,7.726,200,ok,0,steady
1791235010.4266512,kiemthugialap055@gmail.com,GET,/concerts/{id},8.752,200,ok,0,steady
1791235010.4275658,kiemthugialap073@gmail.com,GET,/orders/me,10.73,200,ok,0,steady
1791235010.4771917,kiemthugialap053@gmail.com,GET,/concerts,10.342,200,ok,0,steady
1791235010.4778786,kiemthugialap033@gmail.com,GET,/orders/me,9.284,200,ok,0,steady
1791235010.5082865,kiemthugialap045@gmail.com,GET,/orders/me,6.948,200,ok,0,steady
1791235010.544534,kiemthugialap046@gmail.com,GET,/orders/me,8.507,200,ok,0,steady
1791235010.5534167,kiemthugialap030@gmail.com,GET,/orders/me,8.478,200,ok,0,steady
1791235010.5562415,kiemthugialap089@gmail.com,GET,/orders/me,10.047,200,ok,0,steady
1791235010.5779097,kiemthugialap015@gmail.com,GET,/concerts?on_sale=true,7.341,200,ok,0,steady
1791235010.57914,kiemthugialap096@gmail.com,GET,/orders/me,9.384,200,ok,0,steady
1791235010.5807033,kiemthugialap018@gmail.com,GET,/concerts/{id},2.532,200,ok,0,steady
1791235010.6077626,kiemthugialap061@gmail.com,GET,/concerts/{id},5.007,200,ok,0,steady
1791235010.608727,kiemthugialap057@gmail.com,GET,/orders/me,6.805,200,ok,0,steady
1791235010.6298833,kiemthugialap038@gmail.com,GET,/orders/me,8.245,200,ok,0,steady
1791235010.630648,kiemthugialap011@gmail.com,GET,/orders/me,10.558,200,ok,0,steady
1791235010.6309848,kiemthugialap080@gmail.com,GET,/orders/me,12.044,200,ok,0,steady
1791235010.663932,kiemthugialap099@gmail.com,GET,/concerts,7.426,200,ok,0,steady
1791235010.6643708,kiemthugialap044@gmail.com,GET,/concerts/{id},9.733,200,ok,0,steady
1791235010.6660376,kiemthugialap006@gmail.com,GET,/orders/me,12.473,200,ok,0,steady
1791235010.6665,kiemthugialap040@gmail.com,GET,/orders/me,11.376,200,ok,0,steady
1791235010.7112472,kiemthugialap048@gmail.com,GET,/orders/me,9.855,200,ok,0,steady
1791235010.7168934,kiemthugialap022@gmail.com,GET,/concerts?on_sale=true,5.349,200,ok,0,steady
1791235010.7256596,kiemthugialap001@gmail.com,GET,/concerts,4.951,200,ok,0,steady
1791235010.729929,kiemthugialap029@gmail.com,GET,/concerts,4.064,200,ok,0,steady
1791235010.7448008,kiemthugialap016@gmail.com,GET,/orders/me,7.526,200,ok,0,steady
1791235010.7483747,kiemthugialap097@gmail.com,GET,/concerts,3.355,200,ok,0,steady
1791235010.7555072,kiemthugialap014@gmail.com,GET,/orders/me,6.938,200,ok,0,steady
1791235010.7611153,kiemthugialap005@gmail.com,GET,/concerts?on_sale=true,7.345,200,ok,0,steady
1791235010.7654495,kiemthugialap092@gmail.com,GET,/concerts/{id},4.092,200,ok,0,steady
1791235010.8318455,kiemthugialap098@gmail.com,GET,/orders/me,23.608,200,ok,0,steady
1791235010.8377273,kiemthugialap091@gmail.com,GET,/orders/me,30.382,200,ok,0,steady
1791235010.8382516,kiemthugialap063@gmail.com,GET,/orders/me,11.01,200,ok,0,steady
1791235010.8391547,kiemthugialap067@gmail.com,GET,/orders/me,12.746,200,ok,0,steady
1791235010.8588488,kiemthugialap032@gmail.com,GET,/orders/me,4.871,200,ok,0,steady
1791235010.8780336,kiemthugialap077@gmail.com,GET,/orders/me,8.125,200,ok,0,steady
1791235010.8785684,kiemthugialap066@gmail.com,GET,/concerts/{id},7.754,200,ok,0,steady
1791235010.8788626,kiemthugialap007@gmail.com,GET,/concerts,7.723,200,ok,0,steady
1791235010.9121199,kiemthugialap004@gmail.com,GET,/concerts?on_sale=true,8.426,200,ok,0,steady
1791235010.9124923,kiemthugialap012@gmail.com,GET,/concerts?on_sale=true,7.627,200,ok,0,steady
1791235010.9132433,kiemthugialap070@gmail.com,GET,/orders/me,9.293,200,ok,0,steady
1791235010.9137745,kiemthugialap019@gmail.com,GET,/orders/me,10.683,200,ok,0,steady
1791235010.9517055,kiemthugialap021@gmail.com,GET,/orders/me,8.485,200,ok,0,steady
1791235010.952811,kiemthugialap050@gmail.com,GET,/orders/me,8.862,200,ok,0,steady
1791235011.0055172,kiemthugialap094@gmail.com,GET,/concerts?on_sale=true,4.142,200,ok,0,steady
1791235011.0235403,kiemthugialap100@gmail.com,GET,/concerts/{id},5.891,200,ok,0,steady
1791235011.0302973,kiemthugialap034@gmail.com,GET,/orders/me,6.37,200,ok,0,steady
1791235011.0592663,kiemthugialap058@gmail.com,GET,/orders/me,7.665,200,ok,0,steady
1791235011.0616663,kiemthugialap082@gmail.com,GET,/orders/me,11.049,200,ok,0,steady
1791235011.077134,kiemthugialap039@gmail.com,GET,/concerts?on_sale=true,4.614,200,ok,0,steady
1791235011.0953472,kiemthugialap093@gmail.com,GET,/orders/me,7.181,200,ok,0,steady
1791235011.1089182,kiemthugialap090@gmail.com,GET,/concerts,6.028,200,ok,0,steady
1791235011.1099398,kiemthugialap087@gmail.com,GET,/orders/me,6.046,200,ok,0,steady
1791235011.1123502,kiemthugialap088@gmail.com,GET,/orders/me,3.237,200,ok,0,steady
1791235011.123052,kiemthugialap047@gmail.com,GET,/orders/me,4.333,200,ok,0,steady
1791235011.1254005,kiemthugialap035@gmail.com,GET,/concerts,2.178,200,ok,0,steady
1791235011.173264,kiemthugialap084@gmail.com,GET,/concerts,4.096,200,ok,0,steady
1791235011.2117112,kiemthugialap055@gmail.com,GET,/orders/me,6.174,200,ok,0,steady
1791235011.2121134,kiemthugialap041@gmail.com,GET,/orders/me,6.131,200,ok,0,steady
1791235011.2253544,kiemthugialap064@gmail.com,GET,/orders/me,3.956,200,ok,0,steady
1791235011.2426918,kiemthugialap071@gmail.com,GET,/orders/me,4.655,200,ok,0,steady
1791235011.2453227,kiemthugialap027@gmail.com,GET,/concerts/{id},2.45,200,ok,0,steady
1791235011.276215,kiemthugialap036@gmail.com,GET,/orders/me,5.961,200,ok,0,steady
1791235011.27981,kiemthugialap086@gmail.com,GET,/concerts?on_sale=true,8.368,200,ok,0,steady
1791235011.280451,kiemthugialap095@gmail.com,GET,/orders/me,9.396,200,ok,0,steady
1791235011.3075678,kiemthugialap001@gmail.com,GET,/concerts,3.784,200,ok,0,steady
1791235011.3424876,kiemthugialap060@gmail.com,GET,/concerts,6.288,200,ok,0,steady
1791235011.3441932,kiemthugialap076@gmail.com,GET,/orders/me,6.482,200,ok,0,steady
1791235011.346715,kiemthugialap072@gmail.com,GET,/concerts,4.071,200,ok,0,steady
1791235011.347695,kiemthugialap045@gmail.com,GET,/orders/me,4.677,200,ok,0,steady
1791235011.3578327,kiemthugialap002@gmail.com,GET,/concerts,5.707,200,ok,0,steady
1791235011.376534,kiemthugialap018@gmail.com,GET,/orders/me,8.491,200,ok,0,steady
1791235011.4014602,kiemthugialap014@gmail.com,GET,/concerts?on_sale=true,6.372,200,ok,0,steady
1791235011.406418,kiemthugialap025@gmail.com,GET,/orders/me,12.337,200,ok,0,steady
1791235011.4080102,kiemthugialap010@gmail.com,GET,/orders/me,10.916,200,ok,0,steady
1791235011.4092014,kiemthugialap068@gmail.com,GET,/orders/me,11.795,200,ok,0,steady
1791235011.4132378,kiemthugialap026@gmail.com,GET,/orders/me,6.578,200,ok,0,steady
1791235011.4142225,kiemthugialap024@gmail.com,GET,/orders/me,6.056,200,ok,0,steady
1791235011.415643,kiemthugialap023@gmail.com,GET,/concerts,2.252,200,ok,0,steady
1791235011.4318078,kiemthugialap005@gmail.com,GET,/concerts,6.249,200,ok,0,steady
1791235011.442212,kiemthugialap061@gmail.com,GET,/orders/me,6.564,200,ok,0,steady
1791235011.4664235,kiemthugialap078@gmail.com,GET,/orders/me,10.32,200,ok,0,steady
1791235011.4668424,kiemthugialap008@gmail.com,GET,/orders/me,9.617,200,ok,0,steady
1791235011.467182,kiemthugialap013@gmail.com,GET,/orders/me,10.303,200,ok,0,steady
1791235011.5126092,kiemthugialap022@gmail.com,GET,/concerts/{id},5.828,200,ok,0,steady
1791235011.5205436,kiemthugialap057@gmail.com,GET,/orders/me,11.58,200,ok,0,steady
1791235011.5214236,kiemthugialap085@gmail.com,GET,/orders/me,13.01,200,ok,0,steady
1791235011.549866,kiemthugialap089@gmail.com,GET,/orders/me,10.278,200,ok,0,steady
1791235011.5505407,kiemthugialap032@gmail.com,GET,/orders/me,11.416,200,ok,0,steady
1791235011.5510645,kiemthugialap054@gmail.com,GET,/concerts/{id},12.636,200,ok,0,steady
1791235011.5763814,kiemthugialap043@gmail.com,GET,/concerts,6.44,200,ok,0,steady
1791235011.5964794,kiemthugialap079@gmail.com,GET,/concerts/{id},7.056,200,ok,0,steady
1791235011.5976098,kiemthugialap059@gmail.com,GET,/orders/me,6.283,200,ok,0,steady
1791235011.6098971,kiemthugialap046@gmail.com,GET,/orders/me,4.566,200,ok,0,steady
1791235011.6127949,kiemthugialap081@gmail.com,GET,/orders/me,2.752,200,ok,0,steady
1791235011.6257327,kiemthugialap006@gmail.com,GET,/orders/me,5.443,200,ok,0,steady
1791235011.6261075,kiemthugialap037@gmail.com,GET,/orders/me,6.252,200,ok,0,steady
1791235011.6402273,kiemthugialap074@gmail.com,GET,/orders/me,4.468,200,ok,0,steady
1791235011.6724925,kiemthugialap017@gmail.com,GET,/concerts?on_sale=true,4.553,200,ok,0,steady
1791235011.673407,kiemthugialap097@gmail.com,GET,/orders/me,6.209,200,ok,0,steady
1791235011.6877356,kiemthugialap009@gmail.com,GET,/orders/me,4.831,200,ok,0,steady
1791235011.7089813,kiemthugialap065@gmail.com,GET,/concerts/{id},3.629,200,ok,0,steady
1791235011.7405734,kiemthugialap069@gmail.com,GET,/orders/me,4.775,200,ok,0,steady
1791235011.757976,kiemthugialap062@gmail.com,GET,/orders/me,6.27,200,ok,0,steady
1791235011.7591724,kiemthugialap094@gmail.com,GET,/orders/me,6.512,200,ok,0,steady
1791235011.7605903,kiemthugialap038@gmail.com,GET,/concerts/{id},2.407,200,ok,0,steady
1791235011.7792923,kiemthugialap080@gmail.com,GET,/orders/me,4.014,200,ok,0,steady
1791235011.8235776,kiemthugialap056@gmail.com,GET,/orders/me,5.112,200,ok,0,steady
1791235011.8393288,kiemthugialap075@gmail.com,GET,/orders/me,4.988,200,ok,0,steady
1791235011.8597867,kiemthugialap095@gmail.com,GET,/orders/me,6.961,200,ok,0,steady
1791235011.8602498,kiemthugialap031@gmail.com,GET,/orders/me,8.113,200,ok,0,steady
1791235011.8898053,kiemthugialap003@gmail.com,GET,/concerts?on_sale=true,4.661,200,ok,0,steady
1791235011.8907602,kiemthugialap033@gmail.com,GET,/orders/me,6.118,200,ok,0,steady
1791235011.8932776,kiemthugialap055@gmail.com,GET,/orders/me,3.312,200,ok,0,steady
1791235011.9089646,kiemthugialap053@gmail.com,GET,/orders/me,7.262,200,ok,0,steady
1791235011.9334195,kiemthugialap067@gmail.com,GET,/orders/me,9.276,200,ok,0,steady
1791235011.9338884,kiemthugialap083@gmail.com,GET,/orders/me,8.323,200,ok,0,steady
1791235011.9341934,kiemthugialap051@gmail.com,GET,/orders/me,9.504,200,ok,0,steady
1791235011.9346037,kiemthugialap091@gmail.com,GET,/orders/me,11.509,200,ok,0,steady
1791235011.9625723,kiemthugialap024@gmail.com,GET,/concerts/{id},4.125,200,ok,0,steady
1791235011.9630015,kiemthugialap014@gmail.com,GET,/concerts/{id},5.393,200,ok,0,steady
1791235011.9667623,kiemthugialap050@gmail.com,GET,/orders/me,3.626,200,ok,0,steady
1791235011.9827094,kiemthugialap030@gmail.com,GET,/concerts?on_sale=true,9.428,200,ok,0,steady
1791235011.984965,kiemthugialap042@gmail.com,GET,/orders/me,11.127,200,ok,0,steady
1791235011.9859266,kiemthugialap015@gmail.com,GET,/orders/me,11.07,200,ok,0,steady
1791235012.0097737,kiemthugialap098@gmail.com,GET,/orders/me,7.945,200,ok,0,steady
1791235012.037251,kiemthugialap082@gmail.com,GET,/orders/me,10.533,200,ok,0,steady
1791235012.0377407,kiemthugialap052@gmail.com,GET,/orders/me,11.824,200,ok,0,steady
1791235012.0380976,kiemthugialap049@gmail.com,GET,/orders/me,11.836,200,ok,0,steady
1791235012.038231,kiemthugialap028@gmail.com,GET,/orders/me,13.215,200,ok,0,steady
1791235012.0618362,kiemthugialap004@gmail.com,GET,/orders/me,4.49,200,ok,0,steady
1791235012.1470847,kiemthugialap011@gmail.com,GET,/orders/me,6.367,200,ok,0,steady
1791235012.1849782,kiemthugialap020@gmail.com,GET,/orders/me,12.29,200,ok,0,steady
1791235012.1887994,kiemthugialap064@gmail.com,GET,/orders/me,13.44,200,ok,0,steady
1791235012.2279162,kiemthugialap040@gmail.com,GET,/orders/me,22.303,200,ok,0,steady
1791235012.2290435,kiemthugialap089@gmail.com,GET,/concerts/{id},24.288,200,ok,0,steady
1791235012.232502,kiemthugialap036@gmail.com,GET,/orders/me,26.115,200,ok,0,steady
1791235012.2744873,kiemthugialap078@gmail.com,GET,/orders/me,6.818,200,ok,0,steady
1791235012.2753866,kiemthugialap076@gmail.com,GET,/orders/me,6.654,200,ok,0,steady
1791235012.2776842,kiemthugialap099@gmail.com,GET,/concerts/{id},3.052,200,ok,0,steady
1791235012.2795286,kiemthugialap086@gmail.com,GET,/orders/me,4.03,200,ok,0,steady
1791235012.30723,kiemthugialap062@gmail.com,GET,/orders/me,8.36,200,ok,0,steady
1791235012.3097367,kiemthugialap038@gmail.com,GET,/orders/me,9.767,200,ok,0,steady
1791235012.3143115,kiemthugialap006@gmail.com,GET,/orders/me,6.808,200,ok,0,steady
1791235012.315813,kiemthugialap090@gmail.com,GET,/orders/me,7.563,200,ok,0,steady
1791235012.3333862,kiemthugialap061@gmail.com,GET,/concerts/{id},6.711,200,ok,0,steady
1791235012.3616924,kiemthugialap007@gmail.com,GET,/concerts,16.092,200,ok,0,steady
1791235012.36567,kiemthugialap057@gmail.com,GET,/orders/me,21.534,200,ok,0,steady
1791235012.367084,kiemthugialap096@gmail.com,GET,/orders/me,7.527,200,ok,0,steady
1791235012.4103742,kiemthugialap031@gmail.com,GET,/concerts/{id},7.668,200,ok,0,steady
1791235012.4114883,kiemthugialap073@gmail.com,GET,/orders/me,7.618,200,ok,0,steady
1791235012.4611597,kiemthugialap026@gmail.com,GET,/orders/me,6.892,200,ok,0,steady
1791235012.464469,kiemthugialap079@gmail.com,GET,/orders/me,3.009,200,ok,0,steady
1791235012.491598,kiemthugialap029@gmail.com,GET,/orders/me,6.682,200,ok,0,steady
1791235012.5085702,kiemthugialap017@gmail.com,GET,/orders/me,6.907,200,ok,0,steady
1791235012.509449,kiemthugialap066@gmail.com,GET,/orders/me,6.274,200,ok,0,steady
1791235012.5113678,kiemthugialap088@gmail.com,GET,/orders/me,2.671,200,ok,0,steady
1791235012.5253406,kiemthugialap060@gmail.com,GET,/orders/me,6.899,200,ok,0,steady
1791235012.5258167,kiemthugialap074@gmail.com,GET,/orders/me,8.432,200,ok,0,steady
1791235012.5470963,kiemthugialap087@gmail.com,GET,/orders/me,8.174,200,ok,0,steady
1791235012.5487137,kiemthugialap067@gmail.com,GET,/orders/me,8.404,200,ok,0,steady
1791235012.5529468,kiemthugialap059@gmail.com,GET,/orders/me,5.614,200,ok,0,steady
1791235012.5539243,kiemthugialap043@gmail.com,GET,/orders/me,6.204,200,ok,0,steady
1791235012.5778415,kiemthugialap039@gmail.com,GET,/orders/me,9.012,200,ok,0,steady
1791235012.590521,kiemthugialap100@gmail.com,GET,/orders/me,6.319,200,ok,0,steady
1791235012.596537,kiemthugialap002@gmail.com,GET,/orders/me,5.814,200,ok,0,steady
1791235012.597,kiemthugialap009@gmail.com,GET,/orders/me,5.956,200,ok,0,steady
1791235012.6012979,kiemthugialap044@gmail.com,GET,/orders/me,4.14,200,ok,0,steady
1791235012.6417925,kiemthugialap052@gmail.com,GET,/concerts,6.141,200,ok,0,steady
1791235012.6431978,kiemthugialap016@gmail.com,GET,/orders/me,6.9,200,ok,0,steady
1791235012.674794,kiemthugialap048@gmail.com,GET,/concerts,17.592,200,ok,0,steady
1791235012.6763544,kiemthugialap008@gmail.com,GET,/orders/me,20.486,200,ok,0,steady
1791235012.6792417,kiemthugialap042@gmail.com,GET,/concerts?on_sale=true,3.886,200,ok,0,steady
1791235012.679744,kiemthugialap012@gmail.com,GET,/concerts,4.758,200,ok,0,steady
1791235012.712093,kiemthugialap019@gmail.com,GET,/concerts,7.917,200,ok,0,steady
1791235012.7126317,kiemthugialap092@gmail.com,GET,/orders/me,8.986,200,ok,0,steady
1791235012.7129524,kiemthugialap023@gmail.com,GET,/orders/me,8.563,200,ok,0,steady
1791235012.763381,kiemthugialap063@gmail.com,GET,/orders/me,10.905,200,ok,0,steady
1791235012.7638652,kiemthugialap040@gmail.com,GET,/orders/me,12.423,200,ok,0,steady
1791235012.7642012,kiemthugialap034@gmail.com,GET,/orders/me,12.056,200,ok,0,steady
1791235012.767737,kiemthugialap070@gmail.com,GET,/concerts?on_sale=true,3.393,200,ok,0,steady
1791235012.7680988,kiemthugialap091@gmail.com,GET,/orders/me,8.392,200,ok,0,steady
1791235012.7912304,kiemthugialap085@gmail.com,GET,/orders/me,4.599,200,ok,0,steady
1791235012.8082585,kiemthugialap050@gmail.com,GET,/concerts,4.598,200,ok,0,steady
1791235012.809404,kiemthugialap027@gmail.com,GET,/orders/me,6.365,200,ok,0,steady
1791235012.8439076,kiemthugialap056@gmail.com,GET,/orders/me,24.727,200,ok,0,steady
1791235012.8489525,kiemthugialap058@gmail.com,GET,/orders/me,27.566,200,ok,0,steady
1791235012.849647,kiemthugialap093@gmail.com,GET,/orders/me,29.362,200,ok,0,steady
1791235012.8500433,kiemthugialap055@gmail.com,GET,/orders/me,29.077,200,ok,0,steady
1791235012.8559935,kiemthugialap046@gmail.com,GET,/concerts,8.705,200,ok,0,steady
1791235012.8580139,kiemthugialap054@gmail.com,GET,/orders/me,13.756,200,ok,0,steady
1791235012.8772607,kiemthugialap077@gmail.com,GET,/concerts/{id},6.386,200,ok,0,steady
1791235012.878377,kiemthugialap061@gmail.com,GET,/orders/me,8.53,200,ok,0,steady
1791235012.8824503,kiemthugialap032@gmail.com,GET,/orders/me,4.993,200,ok,0,steady
1791235012.8841417,kiemthugialap010@gmail.com,GET,/orders/me,5.606,200,ok,0,steady
1791235012.8921103,kiemthugialap078@gmail.com,GET,/orders/me,9.081,200,ok,0,steady
1791235012.8927894,kiemthugialap037@gmail.com,GET,/orders/me,10.18,200,ok,0,steady
1791235012.8935323,kiemthugialap035@gmail.com,GET,/orders/me,9.223,200,ok,0,steady
1791235012.9081616,kiemthugialap003@gmail.com,GET,/orders/me,7.295,200,ok,0,steady
1791235012.9125307,kiemthugialap057@gmail.com,GET,/concerts?on_sale=true,4.174,200,ok,0,steady
1791235012.9134743,kiemthugialap021@gmail.com,GET,/orders/me,4.751,200,ok,0,steady
1791235012.9413822,kiemthugialap047@gmail.com,GET,/concerts?on_sale=true,6.675,200,ok,0,steady
1791235012.9418833,kiemthugialap018@gmail.com,GET,/concerts/{id},8.936,200,ok,0,steady
1791235012.9428496,kiemthugialap072@gmail.com,GET,/orders/me,8.546,200,ok,0,steady
1791235012.9579659,kiemthugialap045@gmail.com,GET,/orders/me,5.145,200,ok,0,steady
1791235012.9937384,kiemthugialap076@gmail.com,GET,/orders/me,8.329,200,ok,0,steady
1791235012.9947348,kiemthugialap096@gmail.com,GET,/orders/me,7.73,200,ok,0,steady
1791235012.9980416,kiemthugialap036@gmail.com,GET,/orders/me,4.156,200,ok,0,steady
1791235012.9989436,kiemthugialap013@gmail.com,GET,/concerts/{id},4.085,200,ok,0,steady
1791235013.0002866,kiemthugialap084@gmail.com,GET,/concerts/{id},2.121,200,ok,0,steady
1791235013.0273037,kiemthugialap004@gmail.com,GET,/orders/me,9.031,200,ok,0,steady
1791235013.0278604,kiemthugialap068@gmail.com,GET,/orders/me,10.372,200,ok,0,steady
1791235013.0322137,kiemthugialap033@gmail.com,GET,/orders/me,4.219,200,ok,0,steady
1791235013.0568728,kiemthugialap082@gmail.com,GET,/orders/me,6.19,200,ok,0,steady
1791235013.0575335,kiemthugialap094@gmail.com,GET,/orders/me,8.016,200,ok,0,steady
1791235013.0762794,kiemthugialap020@gmail.com,GET,/concerts?on_sale=true,3.64,200,ok,0,steady
1791235013.0792983,kiemthugialap005@gmail.com,GET,/orders/me,2.866,200,ok,0,steady
1791235013.1418955,kiemthugialap022@gmail.com,GET,/orders/me,5.979,200,ok,0,steady
1791235013.145202,kiemthugialap099@gmail.com,GET,/orders/me,3.151,200,ok,0,steady
1791235013.1611292,kiemthugialap071@gmail.com,GET,/concerts/{id},8.384,200,ok,0,steady
1791235013.16211,kiemthugialap015@gmail.com,GET,/concerts/{id},8.458,200,ok,0,steady
1791235013.1624463,kiemthugialap041@gmail.com,GET,/concerts/{id},6.534,200,ok,0,steady
1791235013.163669,kiemthugialap024@gmail.com,GET,/orders/me,8.589,200,ok,0,steady
1791235013.2073958,kiemthugialap001@gmail.com,GET,/orders/me,5.672,200,ok,0,steady
1791235013.2420619,kiemthugialap066@gmail.com,GET,/orders/me,5.274,200,ok,0,steady
1791235013.2580214,kiemthugialap097@gmail.com,GET,/orders/me,4.436,200,ok,0,steady
1791235013.2744339,kiemthugialap017@gmail.com,GET,/orders/me,5.482,200,ok,0,steady
1791235013.3280923,kiemthugialap025@gmail.com,GET,/orders/me,6.638,200,ok,0,steady
1791235013.374537,kiemthugialap051@gmail.com,GET,/concerts,4.272,200,ok,0,steady
1791235013.408638,kiemthugialap040@gmail.com,GET,/concerts?on_sale=true,21.24,200,ok,0,steady
1791235013.4114575,kiemthugialap065@gmail.com,GET,/orders/me,22.811,200,ok,0,steady
1791235013.4136019,kiemthugialap010@gmail.com,GET,/concerts?on_sale=true,6.064,200,ok,0,steady
1791235013.414473,kiemthugialap093@gmail.com,GET,/orders/me,23.516,200,ok,0,steady
1791235013.4150608,kiemthugialap034@gmail.com,GET,/orders/me,7.991,200,ok,0,steady
1791235013.4268742,kiemthugialap095@gmail.com,GET,/orders/me,4.161,200,ok,0,steady
1791235013.4747503,kiemthugialap016@gmail.com,GET,/orders/me,4.839,200,ok,0,steady
1791235013.4931655,kiemthugialap079@gmail.com,GET,/concerts/{id},4.734,200,ok,0,steady
1791235013.4950917,kiemthugialap092@gmail.com,GET,/orders/me,8.571,200,ok,0,steady
1791235013.4954638,kiemthugialap072@gmail.com,GET,/orders/me,8.072,200,ok,0,steady
1791235013.496843,kiemthugialap069@gmail.com,GET,/concerts,3.454,200,ok,0,steady
1791235013.5235553,kiemthugialap073@gmail.com,GET,/concerts?on_sale=true,3.784,200,ok,0,steady
1791235013.5422218,kiemthugialap013@gmail.com,GET,/orders/me,5.395,200,ok,0,steady
1791235013.5432432,kiemthugialap080@gmail.com,GET,/orders/me,7.754,200,ok,0,steady
1791235013.5453966,kiemthugialap087@gmail.com,GET,/orders/me,3.04,200,ok,0,steady
1791235013.558721,kiemthugialap081@gmail.com,GET,/concerts?on_sale=true,6.012,200,ok,0,steady
1791235013.5599456,kiemthugialap029@gmail.com,GET,/orders/me,6.345,200,ok,0,steady
1791235013.5627964,kiemthugialap059@gmail.com,GET,/orders/me,3.875,200,ok,0,steady
1791235013.5933285,kiemthugialap084@gmail.com,GET,/orders/me,6.966,200,ok,0,steady
1791235013.6589828,kiemthugialap027@gmail.com,GET,/orders/me,4.064,200,ok,0,steady
1791235013.661542,kiemthugialap067@gmail.com,GET,/concerts/{id},2.39,200,ok,0,steady
1791235013.673234,kiemthugialap082@gmail.com,GET,/concerts,2.682,200,ok,0,steady
1791235013.6928236,kiemthugialap047@gmail.com,GET,/orders/me,4.548,200,ok,0,steady
1791235013.696307,kiemthugialap100@gmail.com,GET,/orders/me,3.323,200,ok,0,steady
1791235013.706825,kiemthugialap023@gmail.com,GET,/concerts,3.322,200,ok,0,steady
1791235013.7308269,kiemthugialap068@gmail.com,GET,/concerts?on_sale=true,6.969,200,ok,0,steady
1791235013.7313085,kiemthugialap053@gmail.com,GET,/concerts?on_sale=true,8.055,200,ok,0,steady
1791235013.7331114,kiemthugialap075@gmail.com,GET,/orders/me,8.651,200,ok,0,steady
1791235013.7336857,kiemthugialap090@gmail.com,GET,/orders/me,9.532,200,ok,0,steady
1791235013.7350667,kiemthugialap036@gmail.com,GET,/concerts/{id},3.447,200,ok,0,steady
1791235013.7801385,kiemthugialap008@gmail.com,GET,/concerts,10.847,200,ok,0,steady
1791235013.7822242,kiemthugialap049@gmail.com,GET,/concerts,13.601,200,ok,0,steady
1791235013.782665,kiemthugialap083@gmail.com,GET,/concerts?on_sale=true,10.639,200,ok,0,steady
1791235013.7878435,kiemthugialap089@gmail.com,GET,/orders/me,18.248,200,ok,0,steady
1791235013.789042,kiemthugialap005@gmail.com,GET,/orders/me,19.194,200,ok,0,steady
1791235013.79034,kiemthugialap044@gmail.com,GET,/concerts,10.007,200,ok,0,steady
1791235013.7909732,kiemthugialap011@gmail.com,GET,/orders/me,10.17,200,ok,0,steady
1791235013.8143933,kiemthugialap098@gmail.com,GET,/orders/me,5.495,200,ok,0,steady
1791235013.8419185,kiemthugialap028@gmail.com,GET,/orders/me,6.844,200,ok,0,steady
1791235013.8469021,kiemthugialap035@gmail.com,GET,/concerts/{id},3.768,200,ok,0,steady
1791235013.8480437,kiemthugialap060@gmail.com,GET,/orders/me,5.831,200,ok,0,steady
1791235013.8708851,kiemthugialap064@gmail.com,GET,/concerts/{id},4.291,200,ok,0,steady
1791235013.8934093,kiemthugialap091@gmail.com,GET,/orders/me,10.613,200,ok,0,steady
1791235013.8962557,kiemthugialap066@gmail.com,GET,/orders/me,14.162,200,ok,0,steady
1791235013.9166377,kiemthugialap052@gmail.com,GET,/concerts/{id},22.92,200,ok,0,steady
1791235013.922116,kiemthugialap019@gmail.com,GET,/orders/me,27.332,200,ok,0,steady
1791235013.9252348,kiemthugialap009@gmail.com,GET,/orders/me,28.77,200,ok,0,steady
1791235013.9259467,kiemthugialap030@gmail.com,GET,/orders/me,11.724,200,ok,0,steady
1791235013.9310725,kiemthugialap077@gmail.com,GET,/orders/me,4.932,200,ok,0,steady
1791235013.9471438,kiemthugialap014@gmail.com,GET,/orders/me,5.882,200,ok,0,steady
1791235013.9728591,kiemthugialap010@gmail.com,GET,/concerts,3.344,200,ok,0,steady
1791235013.9761639,kiemthugialap086@gmail.com,GET,/concerts/{id},3.174,200,ok,0,steady
1791235013.976524,kiemthugialap093@gmail.com,GET,/concerts/{id},2.987,200,ok,0,steady
1791235014.0075896,kiemthugialap034@gmail.com,GET,/orders/me,4.622,200,ok,0,steady
1791235014.0448077,kiemthugialap072@gmail.com,GET,/concerts?on_sale=true,5.009,200,ok,0,steady
1791235014.0456882,kiemthugialap078@gmail.com,GET,/concerts/{id},5.666,200,ok,0,steady
1791235014.0465193,kiemthugialap061@gmail.com,GET,/orders/me,7.248,200,ok,0,steady
1791235014.0489106,kiemthugialap096@gmail.com,GET,/concerts/{id},3.948,200,ok,0,steady
1791235014.0505285,kiemthugialap040@gmail.com,GET,/orders/me,4.727,200,ok,0,steady
1791235014.052935,kiemthugialap038@gmail.com,GET,/orders/me,3.899,200,ok,0,steady
1791235014.0763984,kiemthugialap069@gmail.com,GET,/orders/me,6.9,200,ok,0,steady
1791235014.077409,kiemthugialap062@gmail.com,GET,/orders/me,6.998,200,ok,0,steady
1791235014.079388,kiemthugialap026@gmail.com,GET,/orders/me,2.81,200,ok,0,steady
1791235014.1105182,kiemthugialap073@gmail.com,GET,/orders/me,6.229,200,ok,0,steady
1791235014.1111012,kiemthugialap042@gmail.com,GET,/orders/me,8.343,200,ok,0,steady
1791235014.1457489,kiemthugialap046@gmail.com,GET,/concerts/{id},5.233,200,ok,0,steady
1791235014.1463087,kiemthugialap057@gmail.com,GET,/concerts,6.914,200,ok,0,steady
1791235014.1467404,kiemthugialap043@gmail.com,GET,/orders/me,8.135,200,ok,0,steady
1791235014.1589353,kiemthugialap031@gmail.com,GET,/concerts/{id},4.334,200,ok,0,steady
1791235014.1601548,kiemthugialap095@gmail.com,GET,/orders/me,6.613,200,ok,0,steady
1791235014.19089,kiemthugialap002@gmail.com,GET,/orders/me,4.581,200,ok,0,steady
1791235014.2257328,kiemthugialap023@gmail.com,GET,/concerts/{id},4.787,200,ok,0,steady
1791235014.2274656,kiemthugialap007@gmail.com,GET,/orders/me,6.947,200,ok,0,steady
1791235014.2278564,kiemthugialap074@gmail.com,GET,/orders/me,8.564,200,ok,0,steady
1791235014.247562,kiemthugialap058@gmail.com,GET,/orders/me,12.74,200,ok,0,steady
1791235014.2546947,kiemthugialap097@gmail.com,GET,/orders/me,6.927,200,ok,0,steady
1791235014.2569606,kiemthugialap070@gmail.com,GET,/orders/me,8.388,200,ok,0,steady
1791235014.2579136,kiemthugialap006@gmail.com,GET,/orders/me,5.627,200,ok,0,steady
1791235014.2754648,kiemthugialap041@gmail.com,GET,/concerts,4.993,200,ok,0,steady
1791235014.276663,kiemthugialap015@gmail.com,GET,/orders/me,7.428,200,ok,0,steady
1791235014.2789586,kiemthugialap099@gmail.com,GET,/orders/me,3.3,200,ok,0,steady
1791235014.3268485,kiemthugialap063@gmail.com,GET,/orders/me,6.507,200,ok,0,steady
1791235014.379504,kiemthugialap004@gmail.com,GET,/orders/me,7.354,200,ok,0,steady
1791235014.3805392,kiemthugialap084@gmail.com,GET,/orders/me,8.932,200,ok,0,steady
1791235014.3808708,kiemthugialap092@gmail.com,GET,/orders/me,8.534,200,ok,0,steady
1791235014.3826733,kiemthugialap075@gmail.com,GET,/orders/me,2.984,200,ok,0,steady
1791235014.4288054,kiemthugialap039@gmail.com,GET,/concerts?on_sale=true,5.283,200,ok,0,steady
1791235014.4300246,kiemthugialap088@gmail.com,GET,/orders/me,9.858,200,ok,0,steady
1791235014.4302998,kiemthugialap024@gmail.com,GET,/concerts,8.305,200,ok,0,steady
1791235014.4304118,kiemthugialap029@gmail.com,GET,/concerts,8.071,200,ok,0,steady
1791235014.445077,kiemthugialap048@gmail.com,GET,/concerts/{id},4.879,200,ok,0,steady
1791235014.4930444,kiemthugialap055@gmail.com,GET,/orders/me,4.353,200,ok,0,steady
1791235014.5260687,kiemthugialap067@gmail.com,GET,/orders/me,6.218,200,ok,0,steady
1791235014.5422533,kiemthugialap089@gmail.com,GET,/orders/me,4.888,200,ok,0,steady
1791235014.5508292,kiemthugialap003@gmail.com,GET,/orders/me,5.748,200,ok,0,steady
1791235014.5516644,kiemthugialap056@gmail.com,GET,/orders/me,5.149,200,ok,0,steady
1791235014.5574431,kiemthugialap086@gmail.com,GET,/concerts/{id},5.571,200,ok,0,steady
1791235014.5666335,kiemthugialap052@gmail.com,GET,/orders/me,8.859,200,ok,0,steady
1791235014.568199,kiemthugialap065@gmail.com,GET,/orders/me,9.121,200,ok,0,steady
1791235014.5686493,kiemthugialap071@gmail.com,GET,/orders/me,8.77,200,ok,0,steady
1791235014.574289,kiemthugialap032@gmail.com,GET,/concerts/{id},5.448,200,ok,0,steady
1791235014.5746922,kiemthugialap085@gmail.com,GET,/orders/me,7.503,200,ok,0,steady
1791235014.5749962,kiemthugialap037@gmail.com,GET,/orders/me,8.167,200,ok,0,steady
1791235014.5969996,kiemthugialap027@gmail.com,GET,/concerts,3.122,200,ok,0,steady
1791235014.5980432,kiemthugialap012@gmail.com,GET,/orders/me,5.73,200,ok,0,steady
1791235014.6343656,kiemthugialap022@gmail.com,GET,/concerts/{id},7.046,200,ok,0,steady
1791235014.6366549,kiemthugialap073@gmail.com,GET,/orders/me,9.633,200,ok,0,steady
1791235014.637442,kiemthugialap077@gmail.com,GET,/orders/me,12.009,200,ok,0,steady
1791235014.637781,kiemthugialap016@gmail.com,GET,/orders/me,11.148,200,ok,0,steady
1791235014.6626098,kiemthugialap078@gmail.com,GET,/orders/me,7.303,200,ok,0,steady
1791235014.6888902,kiemthugialap005@gmail.com,GET,/concerts?on_sale=true,26.023,200,ok,0,steady
1791235014.71599,kiemthugialap034@gmail.com,GET,/orders/me,15.966,200,ok,0,steady
1791235014.7211318,kiemthugialap001@gmail.com,GET,/orders/me,32.026,200,ok,0,steady
1791235014.7258947,kiemthugialap054@gmail.com,GET,/orders/me,9.68,200,ok,0,steady
1791235014.729492,kiemthugialap017@gmail.com,GET,/orders/me,29.78,200,ok,0,steady
1791235014.731055,kiemthugialap033@gmail.com,GET,/orders/me,31.753,200,ok,0,steady
1791235014.7500434,kiemthugialap021@gmail.com,GET,/orders/me,12.824,200,ok,0,steady
1791235014.75178,kiemthugialap062@gmail.com,GET,/orders/me,13.753,200,ok,0,steady
1791235014.760213,kiemthugialap018@gmail.com,GET,/orders/me,9.598,200,ok,0,steady
1791235014.7609003,kiemthugialap008@gmail.com,GET,/orders/me,10.702,200,ok,0,steady
1791235014.7616081,kiemthugialap050@gmail.com,GET,/orders/me,10.833,200,ok,0,steady
1791235014.7794547,kiemthugialap031@gmail.com,GET,/orders/me,4.554,200,ok,0,steady
1791235014.7814581,kiemthugialap064@gmail.com,GET,/concerts,1.872,200,ok,0,steady
1791235014.8256624,kiemthugialap099@gmail.com,GET,/orders/me,5.123,200,ok,0,steady
1791235014.8265045,kiemthugialap094@gmail.com,GET,/orders/me,6.83,200,ok,0,steady
1791235014.8283563,kiemthugialap038@gmail.com,GET,/orders/me,2.564,200,ok,0,steady
1791235014.840168,kiemthugialap072@gmail.com,GET,/orders/me,4.503,200,ok,0,steady
1791235014.895058,kiemthugialap095@gmail.com,GET,/concerts/{id},5.371,200,ok,0,steady
1791235014.8960345,kiemthugialap075@gmail.com,GET,/concerts?on_sale=true,7.257,200,ok,0,steady
1791235014.8963556,kiemthugialap020@gmail.com,GET,/concerts,7.828,200,ok,0,steady
1791235014.8971996,kiemthugialap036@gmail.com,GET,/orders/me,9.171,200,ok,0,steady
1791235014.8990045,kiemthugialap004@gmail.com,GET,/orders/me,3.77,200,ok,0,steady
1791235014.924328,kiemthugialap069@gmail.com,GET,/orders/me,4.616,200,ok,0,steady
1791235014.9456549,kiemthugialap044@gmail.com,GET,/orders/me,9.591,200,ok,0,steady
1791235014.9460526,kiemthugialap045@gmail.com,GET,/orders/me,9.21,200,ok,0,steady
1791235014.9619973,kiemthugialap076@gmail.com,GET,/concerts?on_sale=true,3.451,200,ok,0,steady
1791235014.9746094,kiemthugialap009@gmail.com,GET,/concerts?on_sale=true,5.406,200,ok,0,steady
1791235014.9762135,kiemthugialap081@gmail.com,GET,/orders/me,5.817,200,ok,0,steady
1791235014.9930408,kiemthugialap035@gmail.com,GET,/orders/me,4.376,200,ok,0,steady
1791235014.996563,kiemthugialap061@gmail.com,GET,/orders/me,3.336,200,ok,0,steady
1791235015.0578017,kiemthugialap003@gmail.com,GET,/concerts?on_sale=true,6.491,200,ok,0,steady
1791235015.0585253,kiemthugialap025@gmail.com,GET,/orders/me,8.357,200,ok,0,steady
1791235015.0747926,kiemthugialap070@gmail.com,GET,/orders/me,7.546,200,ok,0,steady
1791235015.075233,kiemthugialap082@gmail.com,GET,/orders/me,8.936,200,ok,0,steady
1791235015.0924053,kiemthugialap011@gmail.com,GET,/orders/me,6.833,200,ok,0,steady
1791235015.092852,kiemthugialap013@gmail.com,GET,/orders/me,6.386,200,ok,0,steady
1791235015.106757,kiemthugialap087@gmail.com,GET,/orders/me,5.502,200,ok,0,steady
1791235015.123066,kiemthugialap066@gmail.com,GET,/orders/me,4.623,200,ok,0,steady
1791235015.14074,kiemthugialap071@gmail.com,GET,/orders/me,5.198,200,ok,0,steady
1791235015.1562984,kiemthugialap046@gmail.com,GET,/concerts?on_sale=true,5.484,200,ok,0,steady
1791235015.1730657,kiemthugialap067@gmail.com,GET,/orders/me,6.524,200,ok,0,steady
1791235015.1946414,kiemthugialap051@gmail.com,GET,/orders/me,4.88,200,ok,0,steady
1791235015.2096717,kiemthugialap090@gmail.com,GET,/orders/me,4.127,200,ok,0,steady
1791235015.2578316,kiemthugialap093@gmail.com,GET,/concerts,4.69,200,ok,0,steady
1791235015.2588556,kiemthugialap092@gmail.com,GET,/orders/me,6.833,200,ok,0,steady
1791235015.2886765,kiemthugialap047@gmail.com,GET,/concerts?on_sale=true,20.608,200,ok,0,steady
1791235015.29052,kiemthugialap100@gmail.com,GET,/orders/me,20.161,200,ok,0,steady
1791235015.291929,kiemthugialap048@gmail.com,GET,/orders/me,23.133,200,ok,0,steady
1791235015.2961555,kiemthugialap059@gmail.com,GET,/orders/me,5.503,200,ok,0,steady
1791235015.2971032,kiemthugialap001@gmail.com,GET,/orders/me,6.117,200,ok,0,steady
1791235015.29905,kiemthugialap096@gmail.com,GET,/concerts?on_sale=true,2.76,200,ok,0,steady
1791235015.300879,kiemthugialap060@gmail.com,GET,/orders/me,3.641,200,ok,0,steady
1791235015.3430524,kiemthugialap041@gmail.com,GET,/orders/me,4.279,200,ok,0,steady
1791235015.3589404,kiemthugialap015@gmail.com,GET,/concerts/{id},3.917,200,ok,0,steady
1791235015.3599458,kiemthugialap079@gmail.com,GET,/orders/me,5.448,200,ok,0,steady
1791235015.3624086,kiemthugialap091@gmail.com,GET,/orders/me,3.278,200,ok,0,steady
1791235015.3771098,kiemthugialap028@gmail.com,GET,/orders/me,5.874,200,ok,0,steady
1791235015.37809,kiemthugialap086@gmail.com,GET,/orders/me,7.485,200,ok,0,steady
1791235015.3796966,kiemthugialap098@gmail.com,GET,/concerts,2.422,200,ok,0,steady
1791235015.4438064,kiemthugialap043@gmail.com,GET,/orders/me,4.234,200,ok,0,steady
1791235015.4602664,kiemthugialap057@gmail.com,GET,/orders/me,4.12,200,ok,0,steady
1791235015.493421,kiemthugialap052@gmail.com,GET,/orders/me,5.205,200,ok,0,steady
1791235015.5151565,kiemthugialap027@gmail.com,GET,/concerts,6.433,200,ok,0,steady
1791235015.517794,kiemthugialap063@gmail.com,GET,/concerts,9.585,200,ok,0,steady
1791235015.521011,kiemthugialap053@gmail.com,GET,/orders/me,13.673,200,ok,0,steady
1791235015.5216663,kiemthugialap062@gmail.com,GET,/orders/me,12.563,200,ok,0,steady
1791235015.5239058,kiemthugialap080@gmail.com,GET,/concerts?on_sale=true,8.54,200,ok,0,steady
1791235015.558129,kiemthugialap050@gmail.com,GET,/orders/me,4.361,200,ok,0,steady
1791235015.5748475,kiemthugialap031@gmail.com,GET,/orders/me,4.967,200,ok,0,steady
1791235015.6094592,kiemthugialap005@gmail.com,GET,/orders/me,8.005,200,ok,0,steady
1791235015.6312938,kiemthugialap054@gmail.com,GET,/orders/me,5.665,200,ok,0,steady
1791235015.6323476,kiemthugialap088@gmail.com,GET,/concerts,7.945,200,ok,0,steady
1791235015.6349733,kiemthugialap082@gmail.com,GET,/orders/me,3.506,200,ok,0,steady
1791235015.6397479,kiemthugialap018@gmail.com,GET,/orders/me,4.631,200,ok,0,steady
1791235015.6778014,kiemthugialap068@gmail.com,GET,/concerts/{id},5.349,200,ok,0,steady
1791235015.6788104,kiemthugialap029@gmail.com,GET,/orders/me,7.077,200,ok,0,steady
1791235015.692145,kiemthugialap004@gmail.com,GET,/orders/me,4.527,200,ok,0,steady
1791235015.7077038,kiemthugialap006@gmail.com,GET,/concerts?on_sale=true,3.888,200,ok,0,steady
1791235015.727669,kiemthugialap019@gmail.com,GET,/orders/me,4.074,200,ok,0,steady
1791235015.730548,kiemthugialap049@gmail.com,GET,/orders/me,2.745,200,ok,0,steady
1791235015.739192,kiemthugialap021@gmail.com,GET,/concerts/{id},3.123,200,ok,0,steady
1791235015.7754204,kiemthugialap083@gmail.com,GET,/orders/me,4.945,200,ok,0,steady
1791235015.793624,kiemthugialap036@gmail.com,GET,/orders/me,8.922,200,ok,0,steady
1791235015.7940452,kiemthugialap039@gmail.com,GET,/orders/me,8.938,200,ok,0,steady
1791235015.813986,kiemthugialap073@gmail.com,GET,/concerts?on_sale=true,5.127,200,ok,0,steady
1791235015.8607945,kiemthugialap092@gmail.com,GET,/concerts?on_sale=true,8.331,200,ok,0,steady
1791235015.872262,kiemthugialap010@gmail.com,GET,/orders/me,16.797,200,ok,0,steady
1791235015.872702,kiemthugialap017@gmail.com,GET,/orders/me,18.827,200,ok,0,steady
1791235015.909542,kiemthugialap045@gmail.com,GET,/orders/me,5.956,200,ok,0,steady
1791235015.9105058,kiemthugialap042@gmail.com,GET,/orders/me,6.111,200,ok,0,steady
1791235015.911953,kiemthugialap028@gmail.com,GET,/concerts?on_sale=true,2.238,200,ok,0,steady
1791235015.9296165,kiemthugialap030@gmail.com,GET,/orders/me,8.859,200,ok,0,steady
1791235015.930105,kiemthugialap070@gmail.com,GET,/orders/me,9.67,200,ok,0,steady
1791235015.9304242,kiemthugialap022@gmail.com,GET,/orders/me,10.744,200,ok,0,steady
1791235015.9664934,kiemthugialap065@gmail.com,GET,/concerts?on_sale=true,6.626,200,ok,0,steady
1791235015.9678504,kiemthugialap040@gmail.com,GET,/concerts/{id},8.385,200,ok,0,steady
1791235015.968458,kiemthugialap014@gmail.com,GET,/orders/me,10.017,200,ok,0,steady
1791235015.9715283,kiemthugialap015@gmail.com,GET,/concerts,4.798,200,ok,0,steady
1791235015.9752731,kiemthugialap002@gmail.com,GET,/concerts,3.569,200,ok,0,steady
1791235015.978278,kiemthugialap087@gmail.com,GET,/orders/me,4.164,200,ok,0,steady
1791235015.9957016,kiemthugialap096@gmail.com,GET,/orders/me,5.864,200,ok,0,steady
1791235016.0113838,kiemthugialap043@gmail.com,GET,/orders/me,5.58,200,ok,0,steady
1791235016.0147574,kiemthugialap076@gmail.com,GET,/orders/me,3.141,200,ok,0,steady
1791235016.0312395,kiemthugialap007@gmail.com,GET,/orders/me,5.57,200,ok,0,steady
1791235016.0335693,kiemthugialap078@gmail.com,GET,/orders/me,5.54,200,ok,0,steady
1791235016.0597537,kiemthugialap026@gmail.com,GET,/concerts,5.596,200,ok,0,steady
1791235016.0613122,kiemthugialap072@gmail.com,GET,/orders/me,9.037,200,ok,0,steady
1791235016.0616798,kiemthugialap062@gmail.com,GET,/orders/me,7.964,200,ok,0,steady
1791235016.0933118,kiemthugialap097@gmail.com,GET,/orders/me,6.825,200,ok,0,steady
1791235016.1295497,kiemthugialap052@gmail.com,GET,/concerts?on_sale=true,10.223,200,ok,0,steady
1791235016.1317189,kiemthugialap041@gmail.com,GET,/concerts,5.639,200,ok,0,steady
1791235016.1320858,kiemthugialap013@gmail.com,GET,/orders/me,11.474,200,ok,0,steady
1791235016.1879277,kiemthugialap033@gmail.com,GET,/concerts,20.4,200,ok,0,steady
1791235016.1995525,kiemthugialap025@gmail.com,GET,/orders/me,30.899,200,ok,0,steady
1791235016.2000453,kiemthugialap074@gmail.com,GET,/orders/me,31.767,200,ok,0,steady
1791235016.2034094,kiemthugialap016@gmail.com,GET,/concerts/{id},31.575,200,ok,0,steady
1791235016.2039924,kiemthugialap011@gmail.com,GET,/concerts,33.051,200,ok,0,steady
1791235016.2079206,kiemthugialap084@gmail.com,GET,/orders/me,19.784,200,ok,0,steady
1791235016.2083328,kiemthugialap061@gmail.com,GET,/orders/me,25.085,200,ok,0,steady
1791235016.2087662,kiemthugialap023@gmail.com,GET,/orders/me,37.325,200,ok,0,steady
1791235016.2097287,kiemthugialap012@gmail.com,GET,/concerts,11.094,200,ok,0,steady
1791235016.2211723,kiemthugialap053@gmail.com,GET,/orders/me,6.691,200,ok,0,steady
1791235016.2339725,kiemthugialap008@gmail.com,GET,/orders/me,8.278,200,ok,0,steady
1791235016.2357028,kiemthugialap032@gmail.com,GET,/orders/me,11.142,200,ok,0,steady
1791235016.236374,kiemthugialap058@gmail.com,GET,/orders/me,12.621,200,ok,0,steady
1791235016.2393258,kiemthugialap056@gmail.com,GET,/orders/me,5.093,200,ok,0,steady
1791235016.2432926,kiemthugialap057@gmail.com,GET,/orders/me,3.773,200,ok,0,steady
1791235016.2895715,kiemthugialap059@gmail.com,GET,/concerts?on_sale=true,4.306,200,ok,0,steady
1791235016.2926314,kiemthugialap001@gmail.com,GET,/orders/me,2.917,200,ok,0,steady
1791235016.3063684,kiemthugialap048@gmail.com,GET,/orders/me,4.528,200,ok,0,steady
1791235016.3228583,kiemthugialap054@gmail.com,GET,/concerts/{id},4.954,200,ok,0,steady
1791235016.3456616,kiemthugialap024@gmail.com,GET,/concerts/{id},8.411,200,ok,0,steady
1791235016.3469608,kiemthugialap089@gmail.com,GET,/concerts/{id},10.575,200,ok,0,steady
1791235016.3472853,kiemthugialap055@gmail.com,GET,/orders/me,9.552,200,ok,0,steady
1791235016.3492987,kiemthugialap039@gmail.com,GET,/orders/me,3.432,200,ok,0,steady
1791235016.373569,kiemthugialap063@gmail.com,GET,/orders/me,5.477,200,ok,0,steady
1791235016.4098592,kiemthugialap037@gmail.com,GET,/orders/me,6.143,200,ok,0,steady
1791235016.4259143,kiemthugialap077@gmail.com,GET,/orders/me,5.026,200,ok,0,steady
1791235016.4632044,kiemthugialap095@gmail.com,GET,/orders/me,5.981,200,ok,0,steady
1791235016.4677844,kiemthugialap075@gmail.com,GET,/orders/me,4.387,200,ok,0,steady
1791235016.4922385,kiemthugialap022@gmail.com,GET,/concerts?on_sale=true,3.146,200,ok,0,steady
1791235016.5279422,kiemthugialap009@gmail.com,GET,/orders/me,7.066,200,ok,0,steady
1791235016.5582154,kiemthugialap051@gmail.com,GET,/concerts/{id},4.281,200,ok,0,steady
1791235016.5586529,kiemthugialap002@gmail.com,GET,/concerts/{id},3.477,200,ok,0,steady
1791235016.5765452,kiemthugialap085@gmail.com,GET,/orders/me,6.752,200,ok,0,steady
1791235016.5772388,kiemthugialap096@gmail.com,GET,/orders/me,5.914,200,ok,0,steady
1791235016.6269364,kiemthugialap046@gmail.com,GET,/concerts/{id},6.897,200,ok,0,steady
1791235016.6281898,kiemthugialap066@gmail.com,GET,/orders/me,6.915,200,ok,0,steady
1791235016.6306908,kiemthugialap099@gmail.com,GET,/orders/me,3.572,200,ok,0,steady
1791235016.641668,kiemthugialap027@gmail.com,GET,/orders/me,5.238,200,ok,0,steady
1791235016.6838424,kiemthugialap006@gmail.com,GET,/concerts?on_sale=true,7.549,200,ok,0,steady
1791235016.686091,kiemthugialap026@gmail.com,GET,/orders/me,8.803,200,ok,0,steady
1791235016.6865335,kiemthugialap069@gmail.com,GET,/orders/me,8.963,200,ok,0,steady
1791235016.6916912,kiemthugialap064@gmail.com,GET,/concerts?on_sale=true,7.591,200,ok,0,steady
1791235016.6924388,kiemthugialap003@gmail.com,GET,/concerts?on_sale=true,5.766,200,ok,0,steady
1791235016.6930847,kiemthugialap038@gmail.com,GET,/orders/me,8.487,200,ok,0,steady
1791235016.7190645,kiemthugialap034@gmail.com,GET,/orders/me,11.272,200,ok,0,steady
1791235016.7201571,kiemthugialap011@gmail.com,GET,/orders/me,11.954,200,ok,0,steady
1791235016.72058,kiemthugialap049@gmail.com,GET,/orders/me,11.936,200,ok,0,steady
1791235016.720868,kiemthugialap007@gmail.com,GET,/orders/me,12.004,200,ok,0,steady
1791235016.7209826,kiemthugialap094@gmail.com,GET,/orders/me,12.57,200,ok,0,steady
1791235016.7430198,kiemthugialap050@gmail.com,GET,/concerts/{id},7.0,200,ok,0,steady
1791235016.7439718,kiemthugialap065@gmail.com,GET,/orders/me,6.97,200,ok,0,steady
1791235016.7633808,kiemthugialap080@gmail.com,GET,/orders/me,6.858,200,ok,0,steady
1791235016.7923172,kiemthugialap032@gmail.com,GET,/orders/me,3.999,200,ok,0,steady
1791235016.8098466,kiemthugialap044@gmail.com,GET,/concerts,4.617,200,ok,0,steady
1791235016.8109038,kiemthugialap072@gmail.com,GET,/orders/me,6.536,200,ok,0,steady
1791235016.813315,kiemthugialap020@gmail.com,GET,/orders/me,3.286,200,ok,0,steady
1791235016.8233116,kiemthugialap079@gmail.com,GET,/concerts?on_sale=true,3.097,200,ok,0,steady
1791235016.8268876,kiemthugialap010@gmail.com,GET,/orders/me,3.42,200,ok,0,steady
1791235016.8423972,kiemthugialap082@gmail.com,GET,/orders/me,5.18,200,ok,0,steady
1791235016.8591895,kiemthugialap100@gmail.com,GET,/orders/me,5.615,200,ok,0,steady
1791235016.878709,kiemthugialap071@gmail.com,GET,/orders/me,5.134,200,ok,0,steady
1791235016.8808033,kiemthugialap024@gmail.com,GET,/concerts,1.959,200,ok,0,steady
1791235016.9247828,kiemthugialap068@gmail.com,GET,/concerts?on_sale=true,3.821,200,ok,0,steady
1791235016.9729552,kiemthugialap086@gmail.com,GET,/concerts/{id},26.384,200,ok,0,steady
1791235016.9734306,kiemthugialap084@gmail.com,GET,/concerts?on_sale=true,27.516,200,ok,0,steady
1791235016.9782317,kiemthugialap035@gmail.com,GET,/orders/me,23.066,200,ok,0,steady
1791235016.979729,kiemthugialap060@gmail.com,GET,/concerts,9.951,200,ok,0,steady
1791235016.9807382,kiemthugialap048@gmail.com,GET,/orders/me,10.145,200,ok,0,steady
1791235016.9816413,kiemthugialap081@gmail.com,GET,/orders/me,10.527,200,ok,0,steady
1791235017.0084379,kiemthugialap093@gmail.com,GET,/concerts/{id},4.057,200,ok,0,steady
1791235017.0095172,kiemthugialap053@gmail.com,GET,/orders/me,6.065,200,ok,0,steady
1791235017.0119593,kiemthugialap067@gmail.com,GET,/orders/me,3.377,200,ok,0,steady
1791235017.0245368,kiemthugialap040@gmail.com,GET,/orders/me,5.996,200,ok,0,steady
1791235017.025054,kiemthugialap098@gmail.com,GET,/orders/me,5.06,200,ok,0,steady
1791235017.0601444,kiemthugialap036@gmail.com,GET,/orders/me,8.941,200,ok,0,steady
1791235017.0636213,kiemthugialap061@gmail.com,GET,/orders/me,5.097,200,ok,0,steady
1791235017.064928,kiemthugialap002@gmail.com,GET,/orders/me,4.597,200,ok,0,steady
1791235017.0784285,kiemthugialap025@gmail.com,GET,/orders/me,7.9,200,ok,0,steady
1791235017.0794835,kiemthugialap018@gmail.com,GET,/orders/me,9.876,200,ok,0,steady
1791235017.0797987,kiemthugialap087@gmail.com,GET,/orders/me,8.326,200,ok,0,steady
1791235017.0814104,kiemthugialap063@gmail.com,GET,/orders/me,2.785,200,ok,0,steady
1791235017.0901682,kiemthugialap085@gmail.com,GET,/orders/me,4.497,200,ok,0,steady
1791235017.1242816,kiemthugialap078@gmail.com,GET,/orders/me,5.955,200,ok,0,steady
1791235017.1621127,kiemthugialap090@gmail.com,GET,/orders/me,9.909,200,ok,0,steady
1791235017.1631348,kiemthugialap047@gmail.com,GET,/concerts,6.844,200,ok,0,steady
1791235017.1644578,kiemthugialap088@gmail.com,GET,/orders/me,7.7,200,ok,0,steady
1791235017.1829052,kiemthugialap016@gmail.com,GET,/orders/me,7.46,200,ok,0,steady
1791235017.2147772,kiemthugialap091@gmail.com,GET,/concerts/{id},7.572,200,ok,0,steady
1791235017.2159724,kiemthugialap031@gmail.com,GET,/orders/me,6.611,200,ok,0,steady
1791235017.2161388,kiemthugialap066@gmail.com,GET,/orders/me,7.528,200,ok,0,steady
1791235017.2273715,kiemthugialap029@gmail.com,GET,/concerts?on_sale=true,4.405,200,ok,0,steady
1791235017.2284105,kiemthugialap083@gmail.com,GET,/orders/me,6.045,200,ok,0,steady
1791235017.2617211,kiemthugialap011@gmail.com,GET,/orders/me,7.46,200,ok,0,steady
1791235017.2621653,kiemthugialap021@gmail.com,GET,/orders/me,8.496,200,ok,0,steady
1791235017.2767816,kiemthugialap028@gmail.com,GET,/orders/me,7.069,200,ok,0,steady
1791235017.2917747,kiemthugialap019@gmail.com,GET,/orders/me,4.916,200,ok,0,steady
1791235017.3264666,kiemthugialap065@gmail.com,GET,/concerts/{id},6.313,200,ok,0,steady
1791235017.3276305,kiemthugialap038@gmail.com,GET,/orders/me,8.253,200,ok,0,steady
1791235017.3419142,kiemthugialap037@gmail.com,GET,/orders/me,6.801,200,ok,0,steady
1791235017.357458,kiemthugialap097@gmail.com,GET,/orders/me,5.239,200,ok,0,steady
1791235017.3748035,kiemthugialap017@gmail.com,GET,/orders/me,6.518,200,ok,0,steady
1791235017.3965874,kiemthugialap062@gmail.com,GET,/orders/me,6.512,200,ok,0,steady
1791235017.4015276,kiemthugialap099@gmail.com,GET,/orders/me,4.682,200,ok,0,steady
1791235017.428597,kiemthugialap009@gmail.com,GET,/concerts/{id},6.364,200,ok,0,steady
1791235017.4298043,kiemthugialap042@gmail.com,GET,/orders/me,8.073,200,ok,0,steady
1791235017.513577,kiemthugialap074@gmail.com,GET,/orders/me,4.72,200,ok,0,steady
1791235017.5156956,kiemthugialap005@gmail.com,GET,/concerts,1.976,200,ok,0,steady
1791235017.5776544,kiemthugialap013@gmail.com,GET,/concerts/{id},6.783,200,ok,0,steady
1791235017.5797691,kiemthugialap004@gmail.com,GET,/orders/me,9.259,200,ok,0,steady
1791235017.5803974,kiemthugialap032@gmail.com,GET,/orders/me,10.671,200,ok,0,steady
1791235017.5819616,kiemthugialap076@gmail.com,GET,/concerts/{id},4.131,200,ok,0,steady
1791235017.583192,kiemthugialap089@gmail.com,GET,/concerts/{id},2.673,200,ok,0,steady
1791235017.5869732,kiemthugialap094@gmail.com,GET,/orders/me,3.631,200,ok,0,steady
1791235017.591649,kiemthugialap034@gmail.com,GET,/orders/me,4.325,200,ok,0,steady
1791235017.6097019,kiemthugialap045@gmail.com,GET,/orders/me,7.912,200,ok,0,steady
1791235017.6103222,kiemthugialap033@gmail.com,GET,/orders/me,9.252,200,ok,0,steady
1791235017.6469023,kiemthugialap067@gmail.com,GET,/orders/me,4.811,200,ok,0,steady
1791235017.649656,kiemthugialap051@gmail.com,GET,/orders/me,2.62,200,ok,0,steady
1791235017.7087903,kiemthugialap096@gmail.com,GET,/concerts?on_sale=true,5.384,200,ok,0,steady
1791235017.7316613,kiemthugialap001@gmail.com,GET,/concerts,3.83,200,ok,0,steady
1791235017.732676,kiemthugialap036@gmail.com,GET,/orders/me,7.147,200,ok,0,steady
1791235017.7590652,kiemthugialap059@gmail.com,GET,/orders/me,5.84,200,ok,0,steady
1791235017.79104,kiemthugialap041@gmail.com,GET,/concerts,6.111,200,ok,0,steady
1791235017.7918231,kiemthugialap061@gmail.com,GET,/concerts?on_sale=true,5.92,200,ok,0,steady
1791235017.7934115,kiemthugialap073@gmail.com,GET,/orders/me,9.443,200,ok,0,steady
1791235017.7947364,kiemthugialap031@gmail.com,GET,/orders/me,7.922,200,ok,0,steady
1791235017.7980509,kiemthugialap053@gmail.com,GET,/orders/me,4.213,200,ok,0,steady
1791235017.7983935,kiemthugialap055@gmail.com,GET,/orders/me,4.865,200,ok,0,steady
1791235017.8207815,kiemthugialap092@gmail.com,GET,/concerts?on_sale=true,7.025,200,ok,0,steady
1791235017.822636,kiemthugialap030@gmail.com,GET,/orders/me,8.511,200,ok,0,steady
1791235017.8230193,kiemthugialap052@gmail.com,GET,/orders/me,11.251,200,ok,0,steady
1791235017.843564,kiemthugialap070@gmail.com,GET,/orders/me,6.722,200,ok,0,steady
1791235017.84483,kiemthugialap012@gmail.com,GET,/orders/me,7.404,200,ok,0,steady
1791235017.846182,kiemthugialap014@gmail.com,GET,/concerts?on_sale=true,2.402,200,ok,0,steady
1791235017.8876295,kiemthugialap043@gmail.com,GET,/concerts?on_sale=true,3.993,200,ok,0,steady
1791235017.9061778,kiemthugialap056@gmail.com,GET,/concerts,5.462,200,ok,0,steady
1791235017.9070854,kiemthugialap058@gmail.com,GET,/orders/me,7.296,200,ok,0,steady
1791235017.9086494,kiemthugialap079@gmail.com,GET,/concerts?on_sale=true,2.333,200,ok,0,steady
1791235017.9104643,kiemthugialap020@gmail.com,GET,/orders/me,3.274,200,ok,0,steady
1791235017.9258418,kiemthugialap029@gmail.com,GET,/concerts?on_sale=true,4.964,200,ok,0,steady
1791235017.92629,kiemthugialap023@gmail.com,GET,/concerts/{id},7.139,200,ok,0,steady
1791235017.9461648,kiemthugialap015@gmail.com,GET,/orders/me,7.813,200,ok,0,steady
1791235017.94665,kiemthugialap064@gmail.com,GET,/orders/me,8.881,200,ok,0,steady
1791235017.9469652,kiemthugialap060@gmail.com,GET,/orders/me,8.408,200,ok,0,steady
1791235018.0048041,kiemthugialap050@gmail.com,GET,/concerts,16.409,200,ok,0,steady
1791235018.0050194,kiemthugialap039@gmail.com,GET,/concerts/{id},15.876,200,ok,0,steady
1791235018.0075781,kiemthugialap022@gmail.com,GET,/orders/me,18.667,200,ok,0,steady
1791235018.0087926,kiemthugialap008@gmail.com,GET,/orders/me,6.237,200,ok,0,steady
1791235018.0483418,kiemthugialap074@gmail.com,GET,/concerts/{id},5.24,200,ok,0,steady
1791235018.0494912,kiemthugialap066@gmail.com,GET,/orders/me,7.952,200,ok,0,steady
1791235018.074365,kiemthugialap083@gmail.com,GET,/orders/me,4.946,200,ok,0,steady
1791235018.130898,kiemthugialap007@gmail.com,GET,/orders/me,9.522,200,ok,0,steady
1791235018.1313705,kiemthugialap006@gmail.com,GET,/orders/me,9.548,200,ok,0,steady
1791235018.1317058,kiemthugialap018@gmail.com,GET,/orders/me,11.662,200,ok,0,steady
1791235018.1320999,kiemthugialap027@gmail.com,GET,/orders/me,10.515,200,ok,0,steady
1791235018.1815743,kiemthugialap075@gmail.com,GET,/orders/me,11.273,200,ok,0,steady
1791235018.1820571,kiemthugialap057@gmail.com,GET,/orders/me,11.038,200,ok,0,steady
1791235018.1823614,kiemthugialap019@gmail.com,GET,/orders/me,10.927,200,ok,0,steady
1791235018.1826782,kiemthugialap004@gmail.com,GET,/orders/me,10.822,200,ok,0,steady
1791235018.2092416,kiemthugialap017@gmail.com,GET,/orders/me,7.695,200,ok,0,steady
1791235018.2158809,kiemthugialap077@gmail.com,GET,/orders/me,5.632,200,ok,0,steady
1791235018.2163584,kiemthugialap054@gmail.com,GET,/orders/me,6.934,200,ok,0,steady
1791235018.2208617,kiemthugialap046@gmail.com,GET,/concerts?on_sale=true,4.321,200,ok,0,steady
1791235018.2238753,kiemthugialap010@gmail.com,GET,/orders/me,6.455,200,ok,0,steady
1791235018.231436,kiemthugialap032@gmail.com,GET,/orders/me,6.059,200,ok,0,steady
1791235018.2554665,kiemthugialap099@gmail.com,GET,/concerts,17.973,200,ok,0,steady
1791235018.2567394,kiemthugialap100@gmail.com,GET,/orders/me,18.678,200,ok,0,steady
1791235018.258447,kiemthugialap013@gmail.com,GET,/concerts/{id},2.787,200,ok,0,steady
1791235018.3078992,kiemthugialap095@gmail.com,GET,/concerts,5.838,200,ok,0,steady
1791235018.308943,kiemthugialap080@gmail.com,GET,/orders/me,5.384,200,ok,0,steady
1791235018.3553083,kiemthugialap089@gmail.com,GET,/concerts/{id},18.338,200,ok,0,steady
1791235018.3559117,kiemthugialap068@gmail.com,GET,/concerts,20.184,200,ok,0,steady
1791235018.3562882,kiemthugialap040@gmail.com,GET,/concerts/{id},18.965,200,ok,0,steady
1791235018.373182,kiemthugialap037@gmail.com,GET,/concerts/{id},3.93,200,ok,0,steady
1791235018.373586,kiemthugialap097@gmail.com,GET,/concerts?on_sale=true,5.283,200,ok,0,steady
1791235018.3895566,kiemthugialap031@gmail.com,GET,/concerts/{id},4.2,200,ok,0,steady
1791235018.4469545,kiemthugialap059@gmail.com,GET,/orders/me,6.611,200,ok,0,steady
1791235018.4871163,kiemthugialap002@gmail.com,GET,/orders/me,28.744,200,ok,0,steady
1791235018.4876943,kiemthugialap049@gmail.com,GET,/orders/me,30.367,200,ok,0,steady
1791235018.490347,kiemthugialap072@gmail.com,GET,/orders/me,20.835,200,ok,0,steady
1791235018.5087497,kiemthugialap044@gmail.com,GET,/orders/me,6.138,200,ok,0,steady
1791235018.5423162,kiemthugialap088@gmail.com,GET,/concerts?on_sale=true,6.723,200,ok,0,steady
1791235018.5433376,kiemthugialap024@gmail.com,GET,/orders/me,6.857,200,ok,0,steady
1791235018.5777445,kiemthugialap069@gmail.com,GET,/orders/me,5.809,200,ok,0,steady
1791235018.6055582,kiemthugialap026@gmail.com,GET,/concerts,3.959,200,ok,0,steady
1791235018.6268442,kiemthugialap092@gmail.com,GET,/concerts/{id},9.322,200,ok,0,steady
1791235018.6301064,kiemthugialap071@gmail.com,GET,/orders/me,11.62,200,ok,0,steady
1791235018.6304662,kiemthugialap094@gmail.com,GET,/orders/me,11.113,200,ok,0,steady
1791235018.631299,kiemthugialap098@gmail.com,GET,/orders/me,10.922,200,ok,0,steady
1791235018.6316116,kiemthugialap029@gmail.com,GET,/orders/me,12.538,200,ok,0,steady
1791235018.6348453,kiemthugialap096@gmail.com,GET,/orders/me,7.826,200,ok,0,steady
1791235018.6364174,kiemthugialap035@gmail.com,GET,/orders/me,5.839,200,ok,0,steady
1791235018.6537828,kiemthugialap081@gmail.com,GET,/concerts?on_sale=true,4.649,200,ok,0,steady
1791235018.6641638,kiemthugialap076@gmail.com,GET,/orders/me,6.012,200,ok,0,steady
1791235018.6756055,kiemthugialap003@gmail.com,GET,/concerts/{id},6.33,200,ok,0,steady
1791235018.680182,kiemthugialap084@gmail.com,GET,/orders/me,9.294,200,ok,0,steady
1791235018.6807232,kiemthugialap042@gmail.com,GET,/orders/me,9.132,200,ok,0,steady
1791235018.7091458,kiemthugialap062@gmail.com,GET,/orders/me,6.263,200,ok,0,steady
1791235018.7095954,kiemthugialap011@gmail.com,GET,/orders/me,5.649,200,ok,0,steady
1791235018.7259233,kiemthugialap078@gmail.com,GET,/orders/me,7.379,200,ok,0,steady
1791235018.7262676,kiemthugialap082@gmail.com,GET,/orders/me,6.048,200,ok,0,steady
1791235018.7455013,kiemthugialap048@gmail.com,GET,/orders/me,6.903,200,ok,0,steady
1791235018.7460315,kiemthugialap093@gmail.com,GET,/orders/me,7.751,200,ok,0,steady
1791235018.7463803,kiemthugialap064@gmail.com,GET,/orders/me,9.061,200,ok,0,steady
1791235018.7493641,kiemthugialap090@gmail.com,GET,/orders/me,2.872,200,ok,0,steady
1791235018.7938972,kiemthugialap086@gmail.com,GET,/concerts/{id},6.372,200,ok,0,steady
1791235018.79519,kiemthugialap014@gmail.com,GET,/concerts?on_sale=true,7.987,200,ok,0,steady
1791235018.79614,kiemthugialap057@gmail.com,GET,/orders/me,9.345,200,ok,0,steady
1791235018.7965553,kiemthugialap065@gmail.com,GET,/orders/me,11.036,200,ok,0,steady
1791235018.7983837,kiemthugialap056@gmail.com,GET,/orders/me,4.265,200,ok,0,steady
1791235018.8245144,kiemthugialap091@gmail.com,GET,/orders/me,4.947,200,ok,0,steady
1791235018.8425252,kiemthugialap073@gmail.com,GET,/orders/me,6.522,200,ok,0,steady
1791235018.8429255,kiemthugialap028@gmail.com,GET,/orders/me,5.991,200,ok,0,steady
1791235018.860182,kiemthugialap016@gmail.com,GET,/concerts/{id},7.628,200,ok,0,steady
1791235018.884603,kiemthugialap012@gmail.com,GET,/concerts?on_sale=true,5.741,200,ok,0,steady
1791235018.885053,kiemthugialap030@gmail.com,GET,/orders/me,5.517,200,ok,0,steady
1791235018.9169075,kiemthugialap068@gmail.com,GET,/concerts,4.434,200,ok,0,steady
1791235018.9181461,kiemthugialap087@gmail.com,GET,/orders/me,6.551,200,ok,0,steady
1791235018.932613,kiemthugialap058@gmail.com,GET,/orders/me,4.725,200,ok,0,steady
1791235018.9444933,kiemthugialap051@gmail.com,GET,/orders/me,5.079,200,ok,0,steady
1791235018.95989,kiemthugialap085@gmail.com,GET,/orders/me,4.282,200,ok,0,steady
1791235018.9990242,kiemthugialap041@gmail.com,GET,/orders/me,8.03,200,ok,0,steady
1791235019.0005264,kiemthugialap095@gmail.com,GET,/orders/me,9.887,200,ok,0,steady
1791235019.0008693,kiemthugialap025@gmail.com,GET,/orders/me,11.09,200,ok,0,steady
1791235019.003862,kiemthugialap059@gmail.com,GET,/concerts?on_sale=true,4.639,200,ok,0,steady
1791235019.0066292,kiemthugialap021@gmail.com,GET,/orders/me,7.078,200,ok,0,steady
1791235019.008352,kiemthugialap075@gmail.com,GET,/orders/me,5.7,200,ok,0,steady
1791235019.0104024,kiemthugialap001@gmail.com,GET,/orders/me,3.624,200,ok,0,steady
1791235019.0271547,kiemthugialap047@gmail.com,GET,/concerts/{id},5.677,200,ok,0,steady
1791235019.0780714,kiemthugialap033@gmail.com,GET,/concerts,6.797,200,ok,0,steady
1791235019.079535,kiemthugialap050@gmail.com,GET,/orders/me,9.513,200,ok,0,steady
1791235019.0963502,kiemthugialap063@gmail.com,GET,/orders/me,4.59,200,ok,0,steady
1791235019.1128561,kiemthugialap088@gmail.com,GET,/orders/me,5.379,200,ok,0,steady
1791235019.1737673,kiemthugialap071@gmail.com,GET,/concerts/{id},4.681,200,ok,0,steady
1791235019.1956584,kiemthugialap009@gmail.com,GET,/orders/me,4.841,200,ok,0,steady
1791235019.2127283,kiemthugialap013@gmail.com,GET,/orders/me,5.307,200,ok,0,steady
1791235019.2130716,kiemthugialap017@gmail.com,GET,/orders/me,6.466,200,ok,0,steady
1791235019.228976,kiemthugialap045@gmail.com,GET,/orders/me,5.467,200,ok,0,steady
1791235019.229342,kiemthugialap053@gmail.com,GET,/orders/me,6.68,200,ok,0,steady
1791235019.2742388,kiemthugialap083@gmail.com,GET,/orders/me,4.49,200,ok,0,steady
1791235019.2965055,kiemthugialap052@gmail.com,GET,/concerts?on_sale=true,9.507,200,ok,0,steady
1791235019.2971418,kiemthugialap022@gmail.com,GET,/concerts,11.38,200,ok,0,steady
1791235019.2977,kiemthugialap036@gmail.com,GET,/concerts?on_sale=true,9.005,200,ok,0,steady
1791235019.2989924,kiemthugialap081@gmail.com,GET,/orders/me,11.598,200,ok,0,steady
1791235019.3146484,kiemthugialap007@gmail.com,GET,/concerts?on_sale=true,4.776,200,ok,0,steady
1791235019.3156052,kiemthugialap096@gmail.com,GET,/orders/me,7.159,200,ok,0,steady
1791235019.3180087,kiemthugialap100@gmail.com,GET,/orders/me,3.199,200,ok,0,steady
1791235019.3209112,kiemthugialap038@gmail.com,GET,/concerts?on_sale=true,2.756,200,ok,0,steady
1791235019.3606412,kiemthugialap069@gmail.com,GET,/concerts?on_sale=true,4.939,200,ok,0,steady
1791235019.3616178,kiemthugialap034@gmail.com,GET,/orders/me,5.444,200,ok,0,steady
1791235019.3917882,kiemthugialap023@gmail.com,GET,/orders/me,4.495,200,ok,0,steady
1791235019.4129107,kiemthugialap019@gmail.com,GET,/concerts?on_sale=true,6.503,200,ok,0,steady
1791235019.4140706,kiemthugialap005@gmail.com,GET,/orders/me,6.141,200,ok,0,steady
1791235019.4163015,kiemthugialap061@gmail.com,GET,/orders/me,3.218,200,ok,0,steady
1791235019.4421945,kiemthugialap008@gmail.com,GET,/orders/me,3.966,200,ok,0,steady
1791235019.4582298,kiemthugialap011@gmail.com,GET,/concerts?on_sale=true,4.197,200,ok,0,steady
1791235019.4950671,kiemthugialap055@gmail.com,GET,/orders/me,6.668,200,ok,0,steady
1791235019.496402,kiemthugialap032@gmail.com,GET,/orders/me,7.569,200,ok,0,steady
1791235019.4985073,kiemthugialap044@gmail.com,GET,/orders/me,3.225,200,ok,0,steady
1791235019.5403192,kiemthugialap035@gmail.com,GET,/orders/me,20.378,200,ok,0,steady
1791235019.541366,kiemthugialap027@gmail.com,GET,/orders/me,22.628,200,ok,0,steady
1791235019.5430381,kiemthugialap025@gmail.com,GET,/concerts,5.096,200,ok,0,steady
1791235019.5433297,kiemthugialap068@gmail.com,GET,/concerts/{id},7.529,200,ok,0,steady
1791235019.5445728,kiemthugialap076@gmail.com,GET,/concerts?on_sale=true,4.088,200,ok,0,steady
1791235019.5768824,kiemthugialap059@gmail.com,GET,/orders/me,5.64,200,ok,0,steady
1791235019.6089742,kiemthugialap067@gmail.com,GET,/concerts/{id},5.889,200,ok,0,steady
1791235019.6315274,kiemthugialap099@gmail.com,GET,/orders/me,5.887,200,ok,0,steady
1791235019.6469264,kiemthugialap080@gmail.com,GET,/orders/me,5.714,200,ok,0,steady
1791235019.6636004,kiemthugialap049@gmail.com,GET,/orders/me,6.212,200,ok,0,steady
1791235019.6960487,kiemthugialap048@gmail.com,GET,/orders/me,6.854,200,ok,0,steady
1791235019.699924,kiemthugialap043@gmail.com,GET,/orders/me,3.686,200,ok,0,steady
1791235019.7347605,kiemthugialap014@gmail.com,GET,/concerts,8.479,200,ok,0,steady
1791235019.7373514,kiemthugialap050@gmail.com,GET,/orders/me,12.378,200,ok,0,steady
1791235019.7562065,kiemthugialap020@gmail.com,GET,/concerts?on_sale=true,3.816,200,ok,0,steady
1791235019.7605855,kiemthugialap054@gmail.com,GET,/orders/me,4.132,200,ok,0,steady
1791235019.76261,kiemthugialap060@gmail.com,GET,/concerts,1.896,200,ok,0,steady
1791235019.7760503,kiemthugialap084@gmail.com,GET,/orders/me,8.147,200,ok,0,steady
1791235019.779474,kiemthugialap013@gmail.com,GET,/concerts/{id},3.16,200,ok,0,steady
1791235019.8263333,kiemthugialap079@gmail.com,GET,/orders/me,7.393,200,ok,0,steady
1791235019.8267019,kiemthugialap070@gmail.com,GET,/orders/me,6.161,200,ok,0,steady
1791235019.8424559,kiemthugialap097@gmail.com,GET,/orders/me,5.002,200,ok,0,steady
1791235019.8429537,kiemthugialap015@gmail.com,GET,/orders/me,6.501,200,ok,0,steady
1791235019.8891928,kiemthugialap077@gmail.com,GET,/orders/me,4.844,200,ok,0,steady
1791235019.906181,kiemthugialap004@gmail.com,GET,/orders/me,4.96,200,ok,0,steady
1791235019.9084196,kiemthugialap086@gmail.com,GET,/concerts/{id},2.095,200,ok,0,steady
1791235019.9257545,kiemthugialap090@gmail.com,GET,/concerts?on_sale=true,5.682,200,ok,0,steady
1791235019.9262965,kiemthugialap037@gmail.com,GET,/concerts,4.897,200,ok,0,steady
1791235019.962778,kiemthugialap066@gmail.com,GET,/orders/me,6.241,200,ok,0,steady
1791235019.9925141,kiemthugialap074@gmail.com,GET,/concerts,4.354,200,ok,0,steady
1791235020.0279264,kiemthugialap016@gmail.com,GET,/orders/me,23.741,200,ok,0,steady
1791235020.029735,kiemthugialap034@gmail.com,GET,/orders/me,27.24,200,ok,0,steady
1791235020.0300975,kiemthugialap039@gmail.com,GET,/orders/me,26.773,200,ok,0,steady
1791235020.0322053,kiemthugialap063@gmail.com,GET,/orders/me,13.871,200,ok,0,steady
1791235020.0334911,kiemthugialap019@gmail.com,GET,/concerts,8.871,200,ok,0,steady
1791235020.0339923,kiemthugialap088@gmail.com,GET,/concerts/{id},5.79,200,ok,0,steady
1791235020.0600388,kiemthugialap018@gmail.com,GET,/orders/me,6.437,200,ok,0,steady
1791235020.060551,kiemthugialap010@gmail.com,GET,/orders/me,8.432,200,ok,0,steady
1791235020.0733054,kiemthugialap072@gmail.com,GET,/concerts/{id},4.332,200,ok,0,steady
1791235020.0743864,kiemthugialap075@gmail.com,GET,/orders/me,5.946,200,ok,0,steady
1791235020.124985,kiemthugialap046@gmail.com,GET,/concerts?on_sale=true,4.521,200,ok,0,steady
1791235020.1259758,kiemthugialap006@gmail.com,GET,/orders/me,6.568,200,ok,0,steady
1791235020.162335,kiemthugialap081@gmail.com,GET,/concerts?on_sale=true,7.353,200,ok,0,steady
1791235020.1637466,kiemthugialap057@gmail.com,GET,/orders/me,8.276,200,ok,0,steady
1791235020.1642342,kiemthugialap026@gmail.com,GET,/orders/me,8.528,200,ok,0,steady
1791235020.1658518,kiemthugialap035@gmail.com,GET,/concerts/{id},3.305,200,ok,0,steady
1791235020.176345,kiemthugialap078@gmail.com,GET,/orders/me,6.0,200,ok,0,steady
1791235020.1775904,kiemthugialap092@gmail.com,GET,/orders/me,8.329,200,ok,0,steady
1791235020.1807408,kiemthugialap089@gmail.com,GET,/concerts,3.027,200,ok,0,steady
1791235020.181082,kiemthugialap040@gmail.com,GET,/orders/me,4.533,200,ok,0,steady
1791235020.1839366,kiemthugialap062@gmail.com,GET,/orders/me,2.73,200,ok,0,steady
1791235020.2249782,kiemthugialap002@gmail.com,GET,/orders/me,5.926,200,ok,0,steady
1791235020.2466764,kiemthugialap033@gmail.com,GET,/orders/me,6.187,200,ok,0,steady
1791235020.2497623,kiemthugialap069@gmail.com,GET,/orders/me,2.94,200,ok,0,steady
1791235020.277133,kiemthugialap031@gmail.com,GET,/concerts,4.352,200,ok,0,steady
1791235020.2782035,kiemthugialap023@gmail.com,GET,/orders/me,6.101,200,ok,0,steady
1791235020.2796602,kiemthugialap059@gmail.com,GET,/concerts,2.311,200,ok,0,steady
1791235020.2922666,kiemthugialap017@gmail.com,GET,/orders/me,4.648,200,ok,0,steady
1791235020.307978,kiemthugialap003@gmail.com,GET,/concerts,4.051,200,ok,0,steady
1791235020.3270419,kiemthugialap052@gmail.com,GET,/orders/me,6.958,200,ok,0,steady
1791235020.3299665,kiemthugialap085@gmail.com,GET,/concerts?on_sale=true,2.708,200,ok,0,steady
1791235020.3417406,kiemthugialap041@gmail.com,GET,/orders/me,5.122,200,ok,0,steady
1791235020.359252,kiemthugialap021@gmail.com,GET,/orders/me,5.398,200,ok,0,steady
1791235020.362187,kiemthugialap029@gmail.com,GET,/orders/me,2.799,200,ok,0,steady
1791235020.4286664,kiemthugialap094@gmail.com,GET,/orders/me,7.787,200,ok,0,steady
1791235020.4291947,kiemthugialap043@gmail.com,GET,/concerts,9.465,200,ok,0,steady
1791235020.4305758,kiemthugialap098@gmail.com,GET,/orders/me,9.298,200,ok,0,steady
1791235020.430921,kiemthugialap024@gmail.com,GET,/orders/me,9.278,200,ok,0,steady
1791235020.4492466,kiemthugialap048@gmail.com,GET,/concerts?on_sale=true,5.313,200,ok,0,steady
1791235020.4766254,kiemthugialap008@gmail.com,GET,/orders/me,5.648,200,ok,0,steady
1791235020.4770412,kiemthugialap071@gmail.com,GET,/orders/me,7.396,200,ok,0,steady
1791235020.505493,kiemthugialap028@gmail.com,GET,/orders/me,4.649,200,ok,0,steady
1791235020.5094144,kiemthugialap064@gmail.com,GET,/orders/me,3.676,200,ok,0,steady
1791235020.5232782,kiemthugialap056@gmail.com,GET,/orders/me,5.822,200,ok,0,steady
1791235020.5639517,kiemthugialap091@gmail.com,GET,/orders/me,6.172,200,ok,0,steady
1791235020.5643396,kiemthugialap042@gmail.com,GET,/orders/me,7.51,200,ok,0,steady
1791235020.579132,kiemthugialap080@gmail.com,GET,/concerts/{id},4.776,200,ok,0,steady
1791235020.581195,kiemthugialap034@gmail.com,GET,/orders/me,8.478,200,ok,0,steady
1791235020.5816367,kiemthugialap058@gmail.com,GET,/orders/me,8.243,200,ok,0,steady
1791235020.5839603,kiemthugialap061@gmail.com,GET,/orders/me,4.679,200,ok,0,steady
1791235020.6109364,kiemthugialap030@gmail.com,GET,/orders/me,6.434,200,ok,0,steady
1791235020.6158488,kiemthugialap007@gmail.com,GET,/orders/me,4.702,200,ok,0,steady
1791235020.6168778,kiemthugialap082@gmail.com,GET,/orders/me,5.002,200,ok,0,steady
1791235020.6444209,kiemthugialap012@gmail.com,GET,/concerts?on_sale=true,6.292,200,ok,0,steady
1791235020.646698,kiemthugialap095@gmail.com,GET,/concerts/{id},5.27,200,ok,0,steady
1791235020.6472151,kiemthugialap005@gmail.com,GET,/orders/me,10.355,200,ok,0,steady
1791235020.6578207,kiemthugialap093@gmail.com,GET,/orders/me,4.563,200,ok,0,steady
1791235020.6769345,kiemthugialap100@gmail.com,GET,/orders/me,7.33,200,ok,0,steady
1791235020.70799,kiemthugialap051@gmail.com,GET,/orders/me,7.185,200,ok,0,steady
1791235020.7238727,kiemthugialap001@gmail.com,GET,/orders/me,5.255,200,ok,0,steady
1791235020.7449152,kiemthugialap065@gmail.com,GET,/orders/me,7.829,200,ok,0,steady
1791235020.7454445,kiemthugialap011@gmail.com,GET,/concerts/{id},7.988,200,ok,0,steady
1791235020.7701645,kiemthugialap039@gmail.com,GET,/orders/me,34.668,200,ok,0,steady
1791235020.7748244,kiemthugialap049@gmail.com,GET,/concerts,21.915,200,ok,0,steady
1791235020.7767792,kiemthugialap068@gmail.com,GET,/orders/me,8.106,200,ok,0,steady
1791235020.7803843,kiemthugialap002@gmail.com,GET,/orders/me,4.791,200,ok,0,steady
1791235020.7808487,kiemthugialap078@gmail.com,GET,/orders/me,5.805,200,ok,0,steady
1791235020.8080244,kiemthugialap081@gmail.com,GET,/orders/me,7.384,200,ok,0,steady
1791235020.8428135,kiemthugialap088@gmail.com,GET,/orders/me,7.879,200,ok,0,steady
1791235020.8431983,kiemthugialap073@gmail.com,GET,/orders/me,6.937,200,ok,0,steady
1791235020.8634732,kiemthugialap072@gmail.com,GET,/concerts?on_sale=true,4.063,200,ok,0,steady
1791235020.8812034,kiemthugialap087@gmail.com,GET,/orders/me,5.186,200,ok,0,steady
1791235020.8968236,kiemthugialap097@gmail.com,GET,/concerts?on_sale=true,5.454,200,ok,0,steady
1791235020.908631,kiemthugialap070@gmail.com,GET,/orders/me,5.798,200,ok,0,steady
1791235020.946402,kiemthugialap099@gmail.com,GET,/concerts,9.813,200,ok,0,steady
1791235020.9508958,kiemthugialap062@gmail.com,GET,/orders/me,11.439,200,ok,0,steady
1791235020.9512618,kiemthugialap020@gmail.com,GET,/orders/me,14.518,200,ok,0,steady
1791235020.95161,kiemthugialap014@gmail.com,GET,/orders/me,15.341,200,ok,0,steady
1791235020.951738,kiemthugialap022@gmail.com,GET,/orders/me,16.318,200,ok,0,steady
1791235020.9586842,kiemthugialap038@gmail.com,GET,/orders/me,11.335,200,ok,0,steady
1791235020.9591272,kiemthugialap032@gmail.com,GET,/orders/me,12.479,200,ok,0,steady
1791235020.962073,kiemthugialap047@gmail.com,GET,/concerts?on_sale=true,5.56,200,ok,0,steady
1791235020.9657476,kiemthugialap041@gmail.com,GET,/concerts/{id},5.337,200,ok,0,steady
1791235020.9748905,kiemthugialap024@gmail.com,GET,/concerts?on_sale=true,3.927,200,ok,0,steady
1791235021.030007,kiemthugialap043@gmail.com,GET,/concerts/{id},8.105,200,ok,0,steady
1791235021.0308688,kiemthugialap008@gmail.com,GET,/orders/me,8.687,200,ok,0,steady
1791235021.0313494,kiemthugialap025@gmail.com,GET,/orders/me,10.482,200,ok,0,steady
1791235021.0762312,kiemthugialap031@gmail.com,GET,/concerts/{id},7.354,200,ok,0,steady
1791235021.078832,kiemthugialap050@gmail.com,GET,/orders/me,10.872,200,ok,0,steady
1791235021.0816941,kiemthugialap063@gmail.com,GET,/concerts,8.507,200,ok,0,steady
1791235021.0832102,kiemthugialap059@gmail.com,GET,/orders/me,6.552,200,ok,0,steady
1791235021.083695,kiemthugialap083@gmail.com,GET,/orders/me,7.33,200,ok,0,steady
1791235021.0909233,kiemthugialap085@gmail.com,GET,/concerts/{id},3.44,200,ok,0,steady
1791235021.0919147,kiemthugialap089@gmail.com,GET,/orders/me,5.834,200,ok,0,steady
1791235021.1239893,kiemthugialap009@gmail.com,GET,/concerts?on_sale=true,5.685,200,ok,0,steady
1791235021.1633449,kiemthugialap082@gmail.com,GET,/orders/me,10.719,200,ok,0,steady
1791235021.1638138,kiemthugialap036@gmail.com,GET,/orders/me,8.25,200,ok,0,steady
1791235021.1641288,kiemthugialap045@gmail.com,GET,/orders/me,9.307,200,ok,0,steady
1791235021.1679788,kiemthugialap012@gmail.com,GET,/orders/me,3.691,200,ok,0,steady
1791235021.1944478,kiemthugialap069@gmail.com,GET,/orders/me,7.37,200,ok,0,steady
1791235021.1960964,kiemthugialap019@gmail.com,GET,/orders/me,10.185,200,ok,0,steady
1791235021.199343,kiemthugialap027@gmail.com,GET,/orders/me,4.664,200,ok,0,steady
1791235021.2026806,kiemthugialap096@gmail.com,GET,/concerts?on_sale=true,3.118,200,ok,0,steady
1791235021.241546,kiemthugialap053@gmail.com,GET,/orders/me,7.581,200,ok,0,steady
1791235021.2419698,kiemthugialap055@gmail.com,GET,/orders/me,6.069,200,ok,0,steady
1791235021.2739265,kiemthugialap064@gmail.com,GET,/orders/me,5.855,200,ok,0,steady
1791235021.277757,kiemthugialap035@gmail.com,GET,/concerts?on_sale=true,3.567,200,ok,0,steady
1791235021.2975094,kiemthugialap084@gmail.com,GET,/concerts?on_sale=true,4.795,200,ok,0,steady
1791235021.2985356,kiemthugialap026@gmail.com,GET,/orders/me,6.697,200,ok,0,steady
1791235021.3432922,kiemthugialap076@gmail.com,GET,/orders/me,7.626,200,ok,0,steady
1791235021.4072425,kiemthugialap077@gmail.com,GET,/concerts,3.813,200,ok,0,steady
1791235021.4085464,kiemthugialap007@gmail.com,GET,/concerts/{id},6.755,200,ok,0,steady
1791235021.4115083,kiemthugialap075@gmail.com,GET,/orders/me,4.055,200,ok,0,steady
1791235021.4424372,kiemthugialap004@gmail.com,GET,/concerts,7.489,200,ok,0,steady
1791235021.444093,kiemthugialap040@gmail.com,GET,/orders/me,8.457,200,ok,0,steady
1791235021.4444778,kiemthugialap044@gmail.com,GET,/orders/me,7.353,200,ok,0,steady
1791235021.460418,kiemthugialap067@gmail.com,GET,/concerts,5.901,200,ok,0,steady
1791235021.461648,kiemthugialap016@gmail.com,GET,/orders/me,8.629,200,ok,0,steady
1791235021.4747326,kiemthugialap017@gmail.com,GET,/orders/me,6.192,200,ok,0,steady
1791235021.5102816,kiemthugialap054@gmail.com,GET,/orders/me,6.105,200,ok,0,steady
1791235021.5107112,kiemthugialap023@gmail.com,GET,/orders/me,8.362,200,ok,0,steady
1791235021.5229247,kiemthugialap015@gmail.com,GET,/concerts/{id},4.218,200,ok,0,steady
1791235021.5399265,kiemthugialap060@gmail.com,GET,/orders/me,5.371,200,ok,0,steady
1791235021.5431774,kiemthugialap079@gmail.com,GET,/orders/me,3.111,200,ok,0,steady
1791235021.545249,kiemthugialap037@gmail.com,GET,/concerts,1.938,200,ok,0,steady
1791235021.5769625,kiemthugialap091@gmail.com,GET,/orders/me,8.849,200,ok,0,steady
1791235021.5774412,kiemthugialap003@gmail.com,GET,/orders/me,10.745,200,ok,0,steady
1791235021.5777483,kiemthugialap086@gmail.com,GET,/orders/me,8.697,200,ok,0,steady
1791235021.5780852,kiemthugialap071@gmail.com,GET,/orders/me,10.313,200,ok,0,steady
1791235021.596097,kiemthugialap018@gmail.com,GET,/orders/me,9.235,200,ok,0,steady
1791235021.59662,kiemthugialap097@gmail.com,GET,/orders/me,10.151,200,ok,0,steady
1791235021.596956,kiemthugialap011@gmail.com,GET,/orders/me,11.479,200,ok,0,steady
1791235021.6413846,kiemthugialap066@gmail.com,GET,/orders/me,4.816,200,ok,0,steady
1791235021.6592205,kiemthugialap098@gmail.com,GET,/orders/me,7.831,200,ok,0,steady
1791235021.6600187,kiemthugialap088@gmail.com,GET,/orders/me,7.915,200,ok,0,steady
1791235021.6723807,kiemthugialap013@gmail.com,GET,/concerts,5.115,200,ok,0,steady
1791235021.709442,kiemthugialap046@gmail.com,GET,/orders/me,3.857,200,ok,0,steady
1791235021.7263536,kiemthugialap089@gmail.com,GET,/concerts,4.234,200,ok,0,steady
1791235021.7274232,kiemthugialap038@gmail.com,GET,/orders/me,5.942,200,ok,0,steady
1791235021.7433503,kiemthugialap090@gmail.com,GET,/concerts/{id},6.208,200,ok,0,steady
1791235021.7438707,kiemthugialap021@gmail.com,GET,/concerts,5.935,200,ok,0,steady
1791235021.759618,kiemthugialap100@gmail.com,GET,/orders/me,6.421,200,ok,0,steady
1791235021.8410225,kiemthugialap022@gmail.com,GET,/orders/me,7.034,200,ok,0,steady
1791235021.8413942,kiemthugialap042@gmail.com,GET,/orders/me,6.14,200,ok,0,steady
1791235021.8560407,kiemthugialap028@gmail.com,GET,/orders/me,4.574,200,ok,0,steady
1791235021.8595583,kiemthugialap010@gmail.com,GET,/orders/me,3.371,200,ok,0,steady
1791235021.8902404,kiemthugialap065@gmail.com,GET,/orders/me,5.941,200,ok,0,steady
1791235021.892826,kiemthugialap041@gmail.com,GET,/orders/me,5.348,200,ok,0,steady
1791235021.8964772,kiemthugialap033@gmail.com,GET,/orders/me,3.457,200,ok,0,steady
1791235021.9034011,kiemthugialap085@gmail.com,GET,/concerts/{id},4.317,200,ok,0,steady
1791235021.905104,kiemthugialap074@gmail.com,GET,/orders/me,8.402,200,ok,0,steady
1791235021.9056795,kiemthugialap057@gmail.com,GET,/orders/me,7.225,200,ok,0,steady
1791235021.9473557,kiemthugialap093@gmail.com,GET,/concerts,6.983,200,ok,0,steady
1791235021.9477952,kiemthugialap005@gmail.com,GET,/orders/me,9.909,200,ok,0,steady
1791235021.9747005,kiemthugialap058@gmail.com,GET,/orders/me,5.949,200,ok,0,steady
1791235022.0081491,kiemthugialap034@gmail.com,GET,/orders/me,7.803,200,ok,0,steady
1791235022.0795872,kiemthugialap094@gmail.com,GET,/concerts,3.342,200,ok,0,steady
1791235022.1117113,kiemthugialap006@gmail.com,GET,/orders/me,9.732,200,ok,0,steady
1791235022.1122575,kiemthugialap049@gmail.com,GET,/orders/me,9.455,200,ok,0,steady
1791235022.112661,kiemthugialap097@gmail.com,GET,/concerts?on_sale=true,9.527,200,ok,0,steady
1791235022.1404939,kiemthugialap092@gmail.com,GET,/orders/me,4.819,200,ok,0,steady
1791235022.1434617,kiemthugialap052@gmail.com,GET,/concerts?on_sale=true,2.5,200,ok,0,steady
1791235022.1728308,kiemthugialap026@gmail.com,GET,/orders/me,5.574,200,ok,0,steady
1791235022.2307653,kiemthugialap078@gmail.com,GET,/orders/me,8.522,200,ok,0,steady
1791235022.233044,kiemthugialap007@gmail.com,GET,/orders/me,9.984,200,ok,0,steady
1791235022.233411,kiemthugialap079@gmail.com,GET,/orders/me,11.539,200,ok,0,steady
1791235022.2338374,kiemthugialap029@gmail.com,GET,/orders/me,12.689,200,ok,0,steady
1791235022.2430549,kiemthugialap001@gmail.com,GET,/orders/me,11.162,200,ok,0,steady
1791235022.2449536,kiemthugialap077@gmail.com,GET,/orders/me,10.979,200,ok,0,steady
1791235022.2483444,kiemthugialap067@gmail.com,GET,/orders/me,17.364,200,ok,0,steady
1791235022.2505226,kiemthugialap051@gmail.com,GET,/concerts,9.544,200,ok,0,steady
1791235022.2510896,kiemthugialap064@gmail.com,GET,/orders/me,19.669,200,ok,0,steady
1791235022.25183,kiemthugialap013@gmail.com,GET,/orders/me,10.332,200,ok,0,steady
1791235022.276496,kiemthugialap002@gmail.com,GET,/orders/me,7.948,200,ok,0,steady
1791235022.2807505,kiemthugialap043@gmail.com,GET,/orders/me,4.049,200,ok,0,steady
1791235022.2886064,kiemthugialap061@gmail.com,GET,/orders/me,4.503,200,ok,0,steady
1791235022.2919753,kiemthugialap046@gmail.com,GET,/orders/me,3.22,200,ok,0,steady
1791235022.3061469,kiemthugialap087@gmail.com,GET,/concerts/{id},6.298,200,ok,0,steady
1791235022.322302,kiemthugialap082@gmail.com,GET,/orders/me,22.028,200,ok,0,steady
1791235022.3237226,kiemthugialap048@gmail.com,GET,/orders/me,22.635,200,ok,0,steady
1791235022.3260386,kiemthugialap056@gmail.com,GET,/concerts,3.506,200,ok,0,steady
1791235022.3287635,kiemthugialap045@gmail.com,GET,/concerts/{id},2.576,200,ok,0,steady
1791235022.3423693,kiemthugialap068@gmail.com,GET,/orders/me,7.449,200,ok,0,steady
1791235022.3430157,kiemthugialap080@gmail.com,GET,/orders/me,6.084,200,ok,0,steady
1791235022.4044096,kiemthugialap015@gmail.com,GET,/orders/me,5.535,200,ok,0,steady
1791235022.4067512,kiemthugialap025@gmail.com,GET,/concerts,2.185,200,ok,0,steady
1791235022.4255488,kiemthugialap063@gmail.com,GET,/concerts/{id},4.17,200,ok,0,steady
1791235022.425895,kiemthugialap012@gmail.com,GET,/concerts/{id},4.974,200,ok,0,steady
1791235022.4615386,kiemthugialap073@gmail.com,GET,/concerts?on_sale=true,6.864,200,ok,0,steady
1791235022.4637337,kiemthugialap081@gmail.com,GET,/orders/me,10.076,200,ok,0,steady
1791235022.4640882,kiemthugialap030@gmail.com,GET,/orders/me,8.243,200,ok,0,steady
1791235022.464404,kiemthugialap020@gmail.com,GET,/orders/me,9.476,200,ok,0,steady
1791235022.4918847,kiemthugialap031@gmail.com,GET,/orders/me,5.572,200,ok,0,steady
1791235022.4923124,kiemthugialap099@gmail.com,GET,/orders/me,7.284,200,ok,0,steady
1791235022.5267036,kiemthugialap011@gmail.com,GET,/concerts,6.421,200,ok,0,steady
1791235022.529003,kiemthugialap059@gmail.com,GET,/orders/me,12.556,200,ok,0,steady
1791235022.529954,kiemthugialap072@gmail.com,GET,/orders/me,10.935,200,ok,0,steady
1791235022.5304158,kiemthugialap024@gmail.com,GET,/orders/me,12.775,200,ok,0,steady
1791235022.5495732,kiemthugialap062@gmail.com,GET,/concerts?on_sale=true,6.147,200,ok,0,steady
1791235022.5504012,kiemthugialap070@gmail.com,GET,/orders/me,7.566,200,ok,0,steady
1791235022.551922,kiemthugialap033@gmail.com,GET,/orders/me,10.068,200,ok,0,steady
1791235022.5561173,kiemthugialap086@gmail.com,GET,/orders/me,6.396,200,ok,0,steady
1791235022.5747745,kiemthugialap005@gmail.com,GET,/orders/me,4.916,200,ok,0,steady
1791235022.5952878,kiemthugialap004@gmail.com,GET,/orders/me,6.253,200,ok,0,steady
1791235022.5957575,kiemthugialap095@gmail.com,GET,/orders/me,8.311,200,ok,0,steady
1791235022.612589,kiemthugialap035@gmail.com,GET,/concerts/{id},6.812,200,ok,0,steady
1791235022.6145504,kiemthugialap050@gmail.com,GET,/orders/me,9.758,200,ok,0,steady
1791235022.6149898,kiemthugialap027@gmail.com,GET,/orders/me,8.986,200,ok,0,steady
1791235022.644266,kiemthugialap037@gmail.com,GET,/orders/me,4.737,200,ok,0,steady
1791235022.6474314,kiemthugialap075@gmail.com,GET,/orders/me,2.995,200,ok,0,steady
1791235022.6727037,kiemthugialap084@gmail.com,GET,/concerts?on_sale=true,3.351,200,ok,0,steady
1791235022.6905715,kiemthugialap038@gmail.com,GET,/orders/me,5.164,200,ok,0,steady
1791235022.705976,kiemthugialap039@gmail.com,GET,/concerts/{id},4.373,200,ok,0,steady
1791235022.709195,kiemthugialap032@gmail.com,GET,/orders/me,3.074,200,ok,0,steady
1791235022.7400928,kiemthugialap041@gmail.com,GET,/concerts/{id},3.71,200,ok,0,steady
1791235022.760501,kiemthugialap017@gmail.com,GET,/orders/me,4.08,200,ok,0,steady
1791235022.7930725,kiemthugialap098@gmail.com,GET,/orders/me,5.498,200,ok,0,steady
1791235022.8405957,kiemthugialap087@gmail.com,GET,/concerts/{id},18.069,200,ok,0,steady
1791235022.843029,kiemthugialap047@gmail.com,GET,/orders/me,20.143,200,ok,0,steady
1791235022.8433995,kiemthugialap064@gmail.com,GET,/orders/me,21.41,200,ok,0,steady
1791235022.8450093,kiemthugialap097@gmail.com,GET,/orders/me,24.257,200,ok,0,steady
1791235022.8460224,kiemthugialap076@gmail.com,GET,/concerts?on_sale=true,8.289,200,ok,0,steady
1791235022.8463483,kiemthugialap060@gmail.com,GET,/concerts,7.955,200,ok,0,steady
1791235022.8570943,kiemthugialap065@gmail.com,GET,/orders/me,5.143,200,ok,0,steady
1791235022.87521,kiemthugialap002@gmail.com,GET,/concerts/{id},4.013,200,ok,0,steady
1791235022.9146867,kiemthugialap074@gmail.com,GET,/orders/me,10.541,200,ok,0,steady
1791235022.915305,kiemthugialap034@gmail.com,GET,/orders/me,10.837,200,ok,0,steady
1791235022.9158857,kiemthugialap077@gmail.com,GET,/orders/me,12.859,200,ok,0,steady
1791235022.9162147,kiemthugialap058@gmail.com,GET,/orders/me,10.364,200,ok,0,steady
1791235022.9441261,kiemthugialap025@gmail.com,GET,/orders/me,8.034,200,ok,0,steady
1791235022.9451158,kiemthugialap014@gmail.com,GET,/orders/me,7.05,200,ok,0,steady
1791235022.9485953,kiemthugialap019@gmail.com,GET,/orders/me,4.296,200,ok,0,steady
1791235022.9496384,kiemthugialap036@gmail.com,GET,/orders/me,4.387,200,ok,0,steady
1791235022.9512246,kiemthugialap088@gmail.com,GET,/concerts?on_sale=true,2.512,200,ok,0,steady
1791235022.9671423,kiemthugialap082@gmail.com,GET,/concerts,4.741,200,ok,0,steady
1791235022.9935625,kiemthugialap091@gmail.com,GET,/concerts/{id},6.685,200,ok,0,steady
1791235022.9943926,kiemthugialap023@gmail.com,GET,/orders/me,8.635,200,ok,0,steady
1791235022.9948523,kiemthugialap009@gmail.com,GET,/orders/me,9.776,200,ok,0,steady
1791235023.0055442,kiemthugialap003@gmail.com,GET,/concerts/{id},3.905,200,ok,0,steady
1791235023.0241063,kiemthugialap096@gmail.com,GET,/orders/me,5.429,200,ok,0,steady
1791235023.0250158,kiemthugialap100@gmail.com,GET,/orders/me,6.841,200,ok,0,steady
1791235023.0273118,kiemthugialap008@gmail.com,GET,/orders/me,3.048,200,ok,0,steady
1791235023.0570846,kiemthugialap066@gmail.com,GET,/concerts/{id},5.436,200,ok,0,steady
1791235023.0581412,kiemthugialap040@gmail.com,GET,/orders/me,4.894,200,ok,0,steady
1791235023.0771215,kiemthugialap083@gmail.com,GET,/orders/me,8.446,200,ok,0,steady
1791235023.07919,kiemthugialap013@gmail.com,GET,/orders/me,8.605,200,ok,0,steady
1791235023.0847604,kiemthugialap057@gmail.com,GET,/concerts,5.4,200,ok,0,steady
1791235023.0852444,kiemthugialap053@gmail.com,GET,/orders/me,7.798,200,ok,0,steady
1791235023.0855763,kiemthugialap089@gmail.com,GET,/orders/me,7.568,200,ok,0,steady
1791235023.1109989,kiemthugialap043@gmail.com,GET,/concerts,6.888,200,ok,0,steady
1791235023.1122265,kiemthugialap044@gmail.com,GET,/orders/me,6.535,200,ok,0,steady
1791235023.11423,kiemthugialap069@gmail.com,GET,/concerts?on_sale=true,3.001,200,ok,0,steady
1791235023.1447506,kiemthugialap055@gmail.com,GET,/concerts?on_sale=true,6.859,200,ok,0,steady
1791235023.1452074,kiemthugialap022@gmail.com,GET,/concerts?on_sale=true,9.064,200,ok,0,steady
1791235023.1463022,kiemthugialap046@gmail.com,GET,/orders/me,8.983,200,ok,0,steady
1791235023.1763654,kiemthugialap059@gmail.com,GET,/concerts,6.185,200,ok,0,steady
1791235023.1833153,kiemthugialap021@gmail.com,GET,/orders/me,6.616,200,ok,0,steady
1791235023.2400248,kiemthugialap094@gmail.com,GET,/orders/me,5.104,200,ok,0,steady
1791235023.2735949,kiemthugialap081@gmail.com,GET,/orders/me,5.186,200,ok,0,steady
1791235023.2907903,kiemthugialap033@gmail.com,GET,/concerts,3.733,200,ok,0,steady
1791235023.310521,kiemthugialap085@gmail.com,GET,/orders/me,7.485,200,ok,0,steady
1791235023.3582146,kiemthugialap090@gmail.com,GET,/orders/me,4.326,200,ok,0,steady
1791235023.37985,kiemthugialap005@gmail.com,GET,/orders/me,9.563,200,ok,0,steady
1791235023.38129,kiemthugialap027@gmail.com,GET,/orders/me,9.656,200,ok,0,steady
1791235023.3816264,kiemthugialap038@gmail.com,GET,/orders/me,8.791,200,ok,0,steady
1791235023.3827186,kiemthugialap024@gmail.com,GET,/concerts,2.635,200,ok,0,steady
1791235023.3997135,kiemthugialap010@gmail.com,GET,/concerts,5.053,200,ok,0,steady
1791235023.4001117,kiemthugialap054@gmail.com,GET,/concerts?on_sale=true,5.974,200,ok,0,steady
1791235023.4082181,kiemthugialap016@gmail.com,GET,/orders/me,4.708,200,ok,0,steady
1791235023.440451,kiemthugialap068@gmail.com,GET,/concerts,4.201,200,ok,0,steady
1791235023.459326,kiemthugialap032@gmail.com,GET,/orders/me,4.584,200,ok,0,steady
1791235023.475518,kiemthugialap018@gmail.com,GET,/concerts/{id},3.681,200,ok,0,steady
1791235023.4758537,kiemthugialap071@gmail.com,GET,/concerts/{id},5.033,200,ok,0,steady
1791235023.4897757,kiemthugialap084@gmail.com,GET,/orders/me,4.66,200,ok,0,steady
1791235023.510436,kiemthugialap028@gmail.com,GET,/concerts/{id},5.268,200,ok,0,steady
1791235023.510926,kiemthugialap095@gmail.com,GET,/concerts?on_sale=true,6.358,200,ok,0,steady
1791235023.5126617,kiemthugialap098@gmail.com,GET,/orders/me,6.465,200,ok,0,steady
1791235023.5146465,kiemthugialap020@gmail.com,GET,/orders/me,3.599,200,ok,0,steady
1791235023.5587196,kiemthugialap006@gmail.com,GET,/concerts/{id},3.603,200,ok,0,steady
1791235023.5916486,kiemthugialap037@gmail.com,GET,/concerts,3.985,200,ok,0,steady
1791235023.5921588,kiemthugialap011@gmail.com,GET,/concerts/{id},5.447,200,ok,0,steady
1791235023.647336,kiemthugialap099@gmail.com,GET,/orders/me,6.135,200,ok,0,steady
1791235023.6987536,kiemthugialap064@gmail.com,GET,/concerts/{id},9.648,200,ok,0,steady
1791235023.6998932,kiemthugialap075@gmail.com,GET,/orders/me,12.306,200,ok,0,steady
1791235023.7029874,kiemthugialap042@gmail.com,GET,/orders/me,14.328,200,ok,0,steady
1791235023.7078912,kiemthugialap049@gmail.com,GET,/concerts?on_sale=true,8.88,200,ok,0,steady
1791235023.7089841,kiemthugialap093@gmail.com,GET,/concerts?on_sale=true,8.952,200,ok,0,steady
1791235023.710541,kiemthugialap013@gmail.com,GET,/orders/me,7.342,200,ok,0,steady
1791235023.7602613,kiemthugialap002@gmail.com,GET,/concerts/{id},4.257,200,ok,0,steady
1791235023.7768059,kiemthugialap003@gmail.com,GET,/concerts,4.036,200,ok,0,steady
1791235023.797237,kiemthugialap030@gmail.com,GET,/orders/me,7.654,200,ok,0,steady
1791235023.797655,kiemthugialap062@gmail.com,GET,/orders/me,9.077,200,ok,0,steady
1791235023.800663,kiemthugialap073@gmail.com,GET,/orders/me,5.527,200,ok,0,steady
1791235023.8118007,kiemthugialap067@gmail.com,GET,/orders/me,4.393,200,ok,0,steady
1791235023.8449125,kiemthugialap022@gmail.com,GET,/concerts?on_sale=true,4.88,200,ok,0,steady
1791235023.8632586,kiemthugialap026@gmail.com,GET,/concerts?on_sale=true,6.304,200,ok,0,steady
1791235023.8642728,kiemthugialap001@gmail.com,GET,/orders/me,5.91,200,ok,0,steady
1791235023.8813257,kiemthugialap066@gmail.com,GET,/orders/me,6.449,200,ok,0,steady
1791235023.8817515,kiemthugialap034@gmail.com,GET,/orders/me,8.269,200,ok,0,steady
1791235023.8820488,kiemthugialap074@gmail.com,GET,/orders/me,7.5,200,ok,0,steady
1791235023.8850517,kiemthugialap031@gmail.com,GET,/orders/me,2.9,200,ok,0,steady
1791235023.8950434,kiemthugialap017@gmail.com,GET,/orders/me,4.179,200,ok,0,steady
1791235023.912905,kiemthugialap035@gmail.com,GET,/orders/me,5.914,200,ok,0,steady
1791235023.9290583,kiemthugialap078@gmail.com,GET,/orders/me,4.159,200,ok,0,steady
1791235023.9461107,kiemthugialap012@gmail.com,GET,/orders/me,4.921,200,ok,0,steady
1791235023.9808636,kiemthugialap079@gmail.com,GET,/concerts?on_sale=true,6.191,200,ok,0,steady
1791235023.982561,kiemthugialap029@gmail.com,GET,/orders/me,7.104,200,ok,0,steady
1791235023.9828444,kiemthugialap082@gmail.com,GET,/orders/me,7.129,200,ok,0,steady
1791235023.9863663,kiemthugialap071@gmail.com,GET,/orders/me,5.362,200,ok,0,steady
1791235023.986691,kiemthugialap058@gmail.com,GET,/orders/me,5.383,200,ok,0,steady
1791235024.0275333,kiemthugialap033@gmail.com,GET,/orders/me,21.582,200,ok,0,steady
1791235024.0281086,kiemthugialap080@gmail.com,GET,/orders/me,21.204,200,ok,0,steady
1791235024.0329938,kiemthugialap050@gmail.com,GET,/orders/me,7.779,200,ok,0,steady
1791235024.0333385,kiemthugialap092@gmail.com,GET,/orders/me,8.969,200,ok,0,steady
1791235024.0336804,kiemthugialap065@gmail.com,GET,/orders/me,20.307,200,ok,0,steady
1791235024.0653095,kiemthugialap061@gmail.com,GET,/concerts?on_sale=true,9.294,200,ok,0,steady
1791235024.0700283,kiemthugialap053@gmail.com,GET,/orders/me,11.621,200,ok,0,steady
1791235024.0704756,kiemthugialap004@gmail.com,GET,/orders/me,13.583,200,ok,0,steady
1791235024.0754778,kiemthugialap014@gmail.com,GET,/concerts,8.891,200,ok,0,steady
1791235024.0790498,kiemthugialap069@gmail.com,GET,/orders/me,13.466,200,ok,0,steady
1791235024.0795584,kiemthugialap032@gmail.com,GET,/orders/me,13.496,200,ok,0,steady
1791235024.0799644,kiemthugialap063@gmail.com,GET,/orders/me,11.466,200,ok,0,steady
1791235024.110692,kiemthugialap051@gmail.com,GET,/orders/me,5.416,200,ok,0,steady
1791235024.1458266,kiemthugialap045@gmail.com,GET,/concerts/{id},5.267,200,ok,0,steady
1791235024.1463144,kiemthugialap052@gmail.com,GET,/concerts/{id},6.528,200,ok,0,steady
1791235024.1466153,kiemthugialap056@gmail.com,GET,/concerts,7.521,200,ok,0,steady
1791235024.1594353,kiemthugialap007@gmail.com,GET,/concerts/{id},3.661,200,ok,0,steady
1791235024.1784494,kiemthugialap083@gmail.com,GET,/orders/me,5.746,200,ok,0,steady
1791235024.1970727,kiemthugialap037@gmail.com,GET,/orders/me,5.516,200,ok,0,steady
1791235024.198018,kiemthugialap086@gmail.com,GET,/orders/me,7.468,200,ok,0,steady
1791235024.2002091,kiemthugialap039@gmail.com,GET,/orders/me,2.983,200,ok,0,steady
1791235024.2030976,kiemthugialap023@gmail.com,GET,/orders/me,2.753,200,ok,0,steady
1791235024.2464075,kiemthugialap048@gmail.com,GET,/concerts,3.314,200,ok,0,steady
1791235024.279874,kiemthugialap089@gmail.com,GET,/orders/me,5.94,200,ok,0,steady
1791235024.3227322,kiemthugialap099@gmail.com,GET,/orders/me,8.018,200,ok,0,steady
1791235024.349353,kiemthugialap038@gmail.com,GET,/orders/me,9.756,200,ok,0,steady
1791235024.3656847,kiemthugialap008@gmail.com,GET,/concerts/{id},8.218,200,ok,0,steady
1791235024.37044,kiemthugialap015@gmail.com,GET,/orders/me,4.516,200,ok,0,steady
1791235024.4101067,kiemthugialap072@gmail.com,GET,/orders/me,19.528,200,ok,0,steady
1791235024.4105551,kiemthugialap100@gmail.com,GET,/concerts?on_sale=true,21.276,200,ok,0,steady
1791235024.4140189,kiemthugialap043@gmail.com,GET,/orders/me,23.74,200,ok,0,steady
1791235024.4457242,kiemthugialap001@gmail.com,GET,/concerts/{id},5.941,200,ok,0,steady
1791235024.4462767,kiemthugialap060@gmail.com,GET,/concerts?on_sale=true,7.147,200,ok,0,steady
1791235024.461157,kiemthugialap070@gmail.com,GET,/concerts,3.992,200,ok,0,steady
1791235024.4811177,kiemthugialap081@gmail.com,GET,/orders/me,8.689,200,ok,0,steady
1791235024.4815626,kiemthugialap040@gmail.com,GET,/concerts,7.595,200,ok,0,steady
1791235024.4823425,kiemthugialap088@gmail.com,GET,/orders/me,8.947,200,ok,0,steady
1791235024.4844706,kiemthugialap035@gmail.com,GET,/concerts/{id},1.998,200,ok,0,steady
1791235024.4944682,kiemthugialap047@gmail.com,GET,/orders/me,5.458,200,ok,0,steady
1791235024.5104992,kiemthugialap066@gmail.com,GET,/orders/me,4.702,200,ok,0,steady
1791235024.530129,kiemthugialap067@gmail.com,GET,/orders/me,6.701,200,ok,0,steady
1791235024.5304818,kiemthugialap098@gmail.com,GET,/orders/me,8.052,200,ok,0,steady
1791235024.5325613,kiemthugialap057@gmail.com,GET,/concerts,5.277,200,ok,0,steady
1791235024.5336561,kiemthugialap062@gmail.com,GET,/orders/me,5.939,200,ok,0,steady
1791235024.5920298,kiemthugialap019@gmail.com,GET,/concerts?on_sale=true,19.562,200,ok,0,steady
1791235024.5939748,kiemthugialap041@gmail.com,GET,/orders/me,20.94,200,ok,0,steady
1791235024.5957656,kiemthugialap087@gmail.com,GET,/concerts,6.163,200,ok,0,steady
1791235024.5961146,kiemthugialap029@gmail.com,GET,/concerts/{id},4.939,200,ok,0,steady
1791235024.611602,kiemthugialap097@gmail.com,GET,/concerts,5.189,200,ok,0,steady
1791235024.6126451,kiemthugialap074@gmail.com,GET,/orders/me,4.68,200,ok,0,steady
1791235024.645614,kiemthugialap076@gmail.com,GET,/concerts/{id},4.186,200,ok,0,steady
1791235024.6613827,kiemthugialap036@gmail.com,GET,/concerts/{id},4.048,200,ok,0,steady
1791235024.697825,kiemthugialap026@gmail.com,GET,/orders/me,6.879,200,ok,0,steady
1791235024.7128818,kiemthugialap084@gmail.com,GET,/orders/me,4.986,200,ok,0,steady
1791235024.7816586,kiemthugialap017@gmail.com,GET,/orders/me,6.921,200,ok,0,steady
1791235024.8124366,kiemthugialap068@gmail.com,GET,/orders/me,4.814,200,ok,0,steady
1791235024.8179436,kiemthugialap021@gmail.com,GET,/orders/me,5.344,200,ok,0,steady
1791235024.8185794,kiemthugialap090@gmail.com,GET,/concerts/{id},4.996,200,ok,0,steady
1791235024.820051,kiemthugialap080@gmail.com,GET,/orders/me,6.759,200,ok,0,steady
1791235024.822171,kiemthugialap016@gmail.com,GET,/concerts/{id},2.881,200,ok,0,steady
1791235024.8231745,kiemthugialap086@gmail.com,GET,/orders/me,4.475,200,ok,0,steady
1791235024.8457584,kiemthugialap010@gmail.com,GET,/orders/me,5.295,200,ok,0,steady
1791235024.8969576,kiemthugialap009@gmail.com,GET,/concerts/{id},5.067,200,ok,0,steady
1791235024.898043,kiemthugialap096@gmail.com,GET,/orders/me,4.677,200,ok,0,steady
1791235024.9135618,kiemthugialap044@gmail.com,GET,/concerts?on_sale=true,6.279,200,ok,0,steady
1791235024.9145255,kiemthugialap077@gmail.com,GET,/orders/me,5.975,200,ok,0,steady
1791235024.9289892,kiemthugialap024@gmail.com,GET,/concerts/{id},4.852,200,ok,0,steady
1791235024.9460897,kiemthugialap025@gmail.com,GET,/concerts?on_sale=true,5.25,200,ok,0,steady
1791235024.9488685,kiemthugialap073@gmail.com,GET,/concerts/{id},6.264,200,ok,0,steady
1791235024.9504461,kiemthugialap083@gmail.com,GET,/concerts,4.131,200,ok,0,steady
1791235024.9540708,kiemthugialap050@gmail.com,GET,/orders/me,5.016,200,ok,0,steady
1791235024.9833314,kiemthugialap099@gmail.com,GET,/concerts,8.721,200,ok,0,steady
1791235024.9853773,kiemthugialap007@gmail.com,GET,/concerts?on_sale=true,9.901,200,ok,0,steady
1791235024.9856842,kiemthugialap046@gmail.com,GET,/concerts/{id},10.581,200,ok,0,steady
1791235024.9859636,kiemthugialap053@gmail.com,GET,/concerts,11.169,200,ok,0,steady
1791235024.9864924,kiemthugialap039@gmail.com,GET,/orders/me,12.731,200,ok,0,steady
1791235024.9905078,kiemthugialap085@gmail.com,GET,/concerts?on_sale=true,6.296,200,ok,0,steady
1791235024.9918764,kiemthugialap079@gmail.com,GET,/orders/me,7.997,200,ok,0,steady
1791235024.9930909,kiemthugialap091@gmail.com,GET,/orders/me,9.563,200,ok,0,steady
1791235025.0161576,kiemthugialap004@gmail.com,GET,/concerts?on_sale=true,9.825,200,ok,0,steady
1791235025.0180182,kiemthugialap055@gmail.com,GET,/orders/me,10.678,200,ok,0,steady
1791235025.0185037,kiemthugialap095@gmail.com,GET,/orders/me,10.768,200,ok,0,steady
1791235025.045378,kiemthugialap032@gmail.com,GET,/orders/me,5.858,200,ok,0,steady
1791235025.0951838,kiemthugialap063@gmail.com,GET,/orders/me,5.849,200,ok,0,steady
1791235025.0989337,kiemthugialap059@gmail.com,GET,/orders/me,3.539,200,ok,0,steady
1791235025.111683,kiemthugialap087@gmail.com,GET,/orders/me,4.244,200,ok,0,steady
1791235025.1141162,kiemthugialap033@gmail.com,GET,/concerts,2.29,200,ok,0,steady
1791235025.1265965,kiemthugialap051@gmail.com,GET,/orders/me,4.093,200,ok,0,steady
1791235025.1609385,kiemthugialap013@gmail.com,GET,/orders/me,5.156,200,ok,0,steady
1791235025.2083094,kiemthugialap074@gmail.com,GET,/concerts,17.032,200,ok,0,steady
1791235025.209575,kiemthugialap027@gmail.com,GET,/concerts?on_sale=true,16.706,200,ok,0,steady
1791235025.214115,kiemthugialap094@gmail.com,GET,/orders/me,22.544,200,ok,0,steady
1791235025.2146208,kiemthugialap002@gmail.com,GET,/orders/me,24.166,200,ok,0,steady
1791235025.215068,kiemthugialap070@gmail.com,GET,/orders/me,23.29,200,ok,0,steady
1791235025.2165124,kiemthugialap006@gmail.com,GET,/orders/me,9.865,200,ok,0,steady
1791235025.2178583,kiemthugialap057@gmail.com,GET,/orders/me,4.933,200,ok,0,steady
1791235025.2636044,kiemthugialap093@gmail.com,GET,/concerts?on_sale=true,6.294,200,ok,0,steady
1791235025.26394,kiemthugialap047@gmail.com,GET,/concerts/{id},6.37,200,ok,0,steady
1791235025.2642305,kiemthugialap056@gmail.com,GET,/concerts?on_sale=true,8.248,200,ok,0,steady
1791235025.2811549,kiemthugialap034@gmail.com,GET,/concerts,5.033,200,ok,0,steady
1791235025.2822244,kiemthugialap012@gmail.com,GET,/orders/me,6.775,200,ok,0,steady
1791235025.2968311,kiemthugialap011@gmail.com,GET,/orders/me,6.015,200,ok,0,steady
1791235025.300566,kiemthugialap029@gmail.com,GET,/orders/me,3.501,200,ok,0,steady
1791235025.3318021,kiemthugialap028@gmail.com,GET,/orders/me,5.414,200,ok,0,steady
1791235025.3322275,kiemthugialap054@gmail.com,GET,/orders/me,7.152,200,ok,0,steady
1791235025.3479478,kiemthugialap005@gmail.com,GET,/concerts?on_sale=true,5.202,200,ok,0,steady
1791235025.3498335,kiemthugialap023@gmail.com,GET,/orders/me,6.264,200,ok,0,steady
1791235025.3501902,kiemthugialap045@gmail.com,GET,/orders/me,8.023,200,ok,0,steady
1791235025.352353,kiemthugialap064@gmail.com,GET,/concerts,3.905,200,ok,0,steady
1791235025.352687,kiemthugialap100@gmail.com,GET,/concerts/{id},4.571,200,ok,0,steady
1791235025.3685193,kiemthugialap092@gmail.com,GET,/concerts,3.773,200,ok,0,steady
1791235025.3799837,kiemthugialap036@gmail.com,GET,/orders/me,5.453,200,ok,0,steady
1791235025.3842335,kiemthugialap020@gmail.com,GET,/concerts/{id},4.033,200,ok,0,steady
1791235025.384701,kiemthugialap084@gmail.com,GET,/concerts,4.062,200,ok,0,steady
1791235025.388217,kiemthugialap022@gmail.com,GET,/orders/me,3.369,200,ok,0,steady
1791235025.3935554,kiemthugialap071@gmail.com,GET,/orders/me,5.181,200,ok,0,steady
1791235025.394666,kiemthugialap072@gmail.com,GET,/orders/me,5.998,200,ok,0,steady
1791235025.39646,kiemthugialap058@gmail.com,GET,/concerts/{id},2.719,200,ok,0,steady
1791235025.4504478,kiemthugialap052@gmail.com,GET,/concerts,5.197,200,ok,0,steady
1791235025.4514465,kiemthugialap018@gmail.com,GET,/orders/me,5.11,200,ok,0,steady
1791235025.4680705,kiemthugialap049@gmail.com,GET,/concerts/{id},8.046,200,ok,0,steady
1791235025.493862,kiemthugialap030@gmail.com,GET,/orders/me,30.512,200,ok,0,steady
1791235025.4943564,kiemthugialap068@gmail.com,GET,/orders/me,33.754,200,ok,0,steady
1791235025.4972818,kiemthugialap042@gmail.com,GET,/orders/me,5.855,200,ok,0,steady
1791235025.5014207,kiemthugialap003@gmail.com,GET,/orders/me,3.984,200,ok,0,steady
1791235025.530207,kiemthugialap097@gmail.com,GET,/concerts,7.297,200,ok,0,steady
1791235025.5643132,kiemthugialap037@gmail.com,GET,/orders/me,7.409,200,ok,0,steady
1791235025.5819075,kiemthugialap069@gmail.com,GET,/orders/me,9.053,200,ok,0,steady
1791235025.5825028,kiemthugialap078@gmail.com,GET,/orders/me,8.619,200,ok,0,steady
1791235025.613078,kiemthugialap075@gmail.com,GET,/concerts,7.115,200,ok,0,steady
1791235025.6169932,kiemthugialap080@gmail.com,GET,/concerts?on_sale=true,3.654,200,ok,0,steady
1791235025.6451397,kiemthugialap050@gmail.com,GET,/concerts,3.572,200,ok,0,steady
1791235025.6465354,kiemthugialap061@gmail.com,GET,/orders/me,5.996,200,ok,0,steady
1791235025.6494071,kiemthugialap062@gmail.com,GET,/orders/me,4.106,200,ok,0,steady
1791235025.685583,kiemthugialap076@gmail.com,GET,/orders/me,11.906,200,ok,0,steady
1791235025.6861134,kiemthugialap098@gmail.com,GET,/orders/me,13.265,200,ok,0,steady
1791235025.6865027,kiemthugialap095@gmail.com,GET,/orders/me,12.368,200,ok,0,steady
1791235025.7105448,kiemthugialap043@gmail.com,GET,/orders/me,4.531,200,ok,0,steady
1791235025.713546,kiemthugialap024@gmail.com,GET,/concerts/{id},2.793,200,ok,0,steady
1791235025.7612941,kiemthugialap096@gmail.com,GET,/orders/me,5.304,200,ok,0,steady
1791235025.764705,kiemthugialap053@gmail.com,GET,/orders/me,3.237,200,ok,0,steady
1791235025.7967196,kiemthugialap085@gmail.com,GET,/orders/me,5.813,200,ok,0,steady
1791235025.8003469,kiemthugialap006@gmail.com,GET,/orders/me,3.468,200,ok,0,steady
1791235025.8031552,kiemthugialap031@gmail.com,GET,/concerts/{id},2.675,200,ok,0,steady
1791235025.8305101,kiemthugialap014@gmail.com,GET,/orders/me,7.596,200,ok,0,steady
1791235025.8309388,kiemthugialap086@gmail.com,GET,/orders/me,6.982,200,ok,0,steady
1791235025.8439488,kiemthugialap051@gmail.com,GET,/orders/me,4.498,200,ok,0,steady
1791235025.8823407,kiemthugialap054@gmail.com,GET,/concerts?on_sale=true,8.383,200,ok,0,steady
1791235025.882742,kiemthugialap092@gmail.com,GET,/concerts?on_sale=true,7.541,200,ok,0,steady
1791235025.883766,kiemthugialap040@gmail.com,GET,/orders/me,8.132,200,ok,0,steady
1791235025.8840904,kiemthugialap034@gmail.com,GET,/orders/me,11.175,200,ok,0,steady
1791235025.8861418,kiemthugialap047@gmail.com,GET,/orders/me,4.532,200,ok,0,steady
1791235025.9127176,kiemthugialap065@gmail.com,GET,/concerts?on_sale=true,5.546,200,ok,0,steady
1791235025.9180949,kiemthugialap010@gmail.com,GET,/concerts,4.304,200,ok,0,steady
1791235025.9189596,kiemthugialap070@gmail.com,GET,/orders/me,5.997,200,ok,0,steady
1791235025.9214833,kiemthugialap041@gmail.com,GET,/orders/me,3.262,200,ok,0,steady
1791235025.9248505,kiemthugialap091@gmail.com,GET,/orders/me,3.247,200,ok,0,steady
1791235025.9359689,kiemthugialap077@gmail.com,GET,/orders/me,5.504,200,ok,0,steady
1791235025.9422638,kiemthugialap027@gmail.com,GET,/orders/me,6.068,200,ok,0,steady
1791235025.9427881,kiemthugialap082@gmail.com,GET,/orders/me,5.898,200,ok,0,steady
1791235025.945068,kiemthugialap081@gmail.com,GET,/concerts/{id},4.222,200,ok,0,steady
1791235025.978087,kiemthugialap035@gmail.com,GET,/concerts?on_sale=true,4.213,200,ok,0,steady
1791235026.0140479,kiemthugialap008@gmail.com,GET,/orders/me,5.153,200,ok,0,steady
1791235026.0275402,kiemthugialap066@gmail.com,GET,/concerts,4.235,200,ok,0,steady
1791235026.0799255,kiemthugialap074@gmail.com,GET,/concerts?on_sale=true,5.376,200,ok,0,steady
1791235026.0964327,kiemthugialap022@gmail.com,GET,/orders/me,4.975,200,ok,0,steady
1791235026.1137462,kiemthugialap060@gmail.com,GET,/orders/me,5.235,200,ok,0,steady
1791235026.1290987,kiemthugialap033@gmail.com,GET,/orders/me,4.871,200,ok,0,steady
1791235026.1452448,kiemthugialap090@gmail.com,GET,/orders/me,4.725,200,ok,0,steady
1791235026.1631765,kiemthugialap028@gmail.com,GET,/orders/me,5.98,200,ok,0,steady
1791235026.1656437,kiemthugialap050@gmail.com,GET,/concerts?on_sale=true,2.284,200,ok,0,steady
1791235026.1676707,kiemthugialap001@gmail.com,GET,/concerts?on_sale=true,1.913,200,ok,0,steady
1791235026.1795962,kiemthugialap088@gmail.com,GET,/orders/me,5.115,200,ok,0,steady
1791235026.1981149,kiemthugialap015@gmail.com,GET,/orders/me,5.641,200,ok,0,steady
1791235026.1995323,kiemthugialap087@gmail.com,GET,/orders/me,7.897,200,ok,0,steady
1791235026.201252,kiemthugialap009@gmail.com,GET,/concerts,2.794,200,ok,0,steady
1791235026.2022526,kiemthugialap026@gmail.com,GET,/concerts,2.596,200,ok,0,steady
1791235026.2308538,kiemthugialap048@gmail.com,GET,/orders/me,5.638,200,ok,0,steady
1791235026.2340076,kiemthugialap019@gmail.com,GET,/concerts,2.926,200,ok,0,steady
1791235026.2376127,kiemthugialap089@gmail.com,GET,/orders/me,3.465,200,ok,0,steady
1791235026.28163,kiemthugialap005@gmail.com,GET,/orders/me,8.325,200,ok,0,steady
1791235026.2823763,kiemthugialap049@gmail.com,GET,/orders/me,7.85,200,ok,0,steady
1791235026.313051,kiemthugialap038@gmail.com,GET,/concerts/{id},5.556,200,ok,0,steady
1791235026.3139832,kiemthugialap046@gmail.com,GET,/orders/me,5.56,200,ok,0,steady
1791235026.3281355,kiemthugialap098@gmail.com,GET,/concerts,4.014,200,ok,0,steady
1791235026.332614,kiemthugialap080@gmail.com,GET,/orders/me,4.32,200,ok,0,steady
1791235026.3454375,kiemthugialap031@gmail.com,GET,/concerts?on_sale=true,4.043,200,ok,0,steady
1791235026.3790112,kiemthugialap099@gmail.com,GET,/orders/me,5.406,200,ok,0,steady
1791235026.3998988,kiemthugialap062@gmail.com,GET,/orders/me,9.581,200,ok,0,steady
1791235026.4016101,kiemthugialap021@gmail.com,GET,/orders/me,10.427,200,ok,0,steady
1791235026.4019315,kiemthugialap053@gmail.com,GET,/orders/me,12.655,200,ok,0,steady
1791235026.402274,kiemthugialap056@gmail.com,GET,/orders/me,11.412,200,ok,0,steady
1791235026.404172,kiemthugialap068@gmail.com,GET,/concerts?on_sale=true,4.067,200,ok,0,steady
1791235026.4051468,kiemthugialap017@gmail.com,GET,/orders/me,4.581,200,ok,0,steady
1791235026.448582,kiemthugialap043@gmail.com,GET,/orders/me,5.597,200,ok,0,steady
1791235026.4490585,kiemthugialap100@gmail.com,GET,/orders/me,6.788,200,ok,0,steady
1791235026.463021,kiemthugialap013@gmail.com,GET,/orders/me,5.258,200,ok,0,steady
1791235026.479704,kiemthugialap094@gmail.com,GET,/orders/me,4.521,200,ok,0,steady
1791235026.4975061,kiemthugialap079@gmail.com,GET,/orders/me,6.906,200,ok,0,steady
1791235026.4985583,kiemthugialap067@gmail.com,GET,/orders/me,6.807,200,ok,0,steady
1791235026.5005887,kiemthugialap064@gmail.com,GET,/orders/me,2.896,200,ok,0,steady
1791235026.5303621,kiemthugialap029@gmail.com,GET,/concerts/{id},6.16,200,ok,0,steady
1791235026.5315585,kiemthugialap092@gmail.com,GET,/orders/me,5.776,200,ok,0,steady
1791235026.5617867,kiemthugialap078@gmail.com,GET,/concerts/{id},4.213,200,ok,0,steady
1791235026.5834303,kiemthugialap073@gmail.com,GET,/orders/me,8.995,200,ok,0,steady
1791235026.5838494,kiemthugialap076@gmail.com,GET,/orders/me,7.205,200,ok,0,steady
1791235026.5841813,kiemthugialap093@gmail.com,GET,/orders/me,8.926,200,ok,0,steady
1791235026.5982282,kiemthugialap095@gmail.com,GET,/orders/me,6.936,200,ok,0,steady
1791235026.6298335,kiemthugialap007@gmail.com,GET,/orders/me,5.007,200,ok,0,steady
1791235026.6673203,kiemthugialap059@gmail.com,GET,/orders/me,9.415,200,ok,0,steady
1791235026.6677992,kiemthugialap016@gmail.com,GET,/orders/me,11.075,200,ok,0,steady
1791235026.6681097,kiemthugialap002@gmail.com,GET,/orders/me,10.62,200,ok,0,steady
1791235026.7315557,kiemthugialap096@gmail.com,GET,/orders/me,8.357,200,ok,0,steady
1791235026.7967436,kiemthugialap083@gmail.com,GET,/orders/me,23.937,200,ok,0,steady
1791235026.797296,kiemthugialap003@gmail.com,GET,/concerts,23.406,200,ok,0,steady
1791235026.8003786,kiemthugialap045@gmail.com,GET,/concerts,10.272,200,ok,0,steady
1791235026.8028207,kiemthugialap061@gmail.com,GET,/orders/me,11.659,200,ok,0,steady
1791235026.803282,kiemthugialap089@gmail.com,GET,/orders/me,10.733,200,ok,0,steady
1791235026.8078916,kiemthugialap004@gmail.com,GET,/orders/me,4.431,200,ok,0,steady
1791235026.8125648,kiemthugialap025@gmail.com,GET,/orders/me,6.253,200,ok,0,steady
1791235026.815997,kiemthugialap055@gmail.com,GET,/concerts,3.233,200,ok,0,steady
1791235026.8534703,kiemthugialap039@gmail.com,GET,/concerts/{id},13.674,200,ok,0,steady
1791235026.8559854,kiemthugialap098@gmail.com,GET,/concerts/{id},15.675,200,ok,0,steady
1791235026.8605773,kiemthugialap032@gmail.com,GET,/orders/me,19.958,200,ok,0,steady
1791235026.8631575,kiemthugialap063@gmail.com,GET,/orders/me,20.898,200,ok,0,steady
1791235026.8633423,kiemthugialap040@gmail.com,GET,/orders/me,22.613,200,ok,0,steady
1791235026.863926,kiemthugialap075@gmail.com,GET,/orders/me,22.981,200,ok,0,steady
1791235026.8663907,kiemthugialap044@gmail.com,GET,/orders/me,12.496,200,ok,0,steady
1791235026.86693,kiemthugialap034@gmail.com,GET,/orders/me,10.717,200,ok,0,steady
1791235026.8963082,kiemthugialap012@gmail.com,GET,/orders/me,5.264,200,ok,0,steady
1791235026.896765,kiemthugialap015@gmail.com,GET,/orders/me,7.157,200,ok,0,steady
1791235026.9001348,kiemthugialap051@gmail.com,GET,/orders/me,3.253,200,ok,0,steady
1791235026.902391,kiemthugialap027@gmail.com,GET,/concerts/{id},2.108,200,ok,0,steady
1791235026.9133778,kiemthugialap058@gmail.com,GET,/orders/me,5.683,200,ok,0,steady
1791235026.9137638,kiemthugialap001@gmail.com,GET,/orders/me,5.574,200,ok,0,steady
1791235026.9300902,kiemthugialap011@gmail.com,GET,/orders/me,7.018,200,ok,0,steady
1791235026.930688,kiemthugialap084@gmail.com,GET,/orders/me,6.918,200,ok,0,steady
1791235026.9328907,kiemthugialap037@gmail.com,GET,/orders/me,4.852,200,ok,0,steady
1791235026.9624343,kiemthugialap052@gmail.com,GET,/concerts?on_sale=true,3.647,200,ok,0,steady
1791235026.979102,kiemthugialap014@gmail.com,GET,/concerts?on_sale=true,4.428,200,ok,0,steady
1791235026.9969885,kiemthugialap020@gmail.com,GET,/orders/me,5.883,200,ok,0,steady
1791235027.0134687,kiemthugialap018@gmail.com,GET,/concerts,4.343,200,ok,0,steady
1791235027.0139072,kiemthugialap090@gmail.com,GET,/concerts/{id},5.926,200,ok,0,steady
1791235027.0318704,kiemthugialap057@gmail.com,GET,/concerts/{id},7.129,200,ok,0,steady
1791235027.0331,kiemthugialap071@gmail.com,GET,/orders/me,7.188,200,ok,0,steady
1791235027.0655284,kiemthugialap088@gmail.com,GET,/orders/me,6.383,200,ok,0,steady
1791235027.0660284,kiemthugialap036@gmail.com,GET,/orders/me,7.927,200,ok,0,steady
1791235027.0798929,kiemthugialap087@gmail.com,GET,/orders/me,4.777,200,ok,0,steady
1791235027.1128237,kiemthugialap070@gmail.com,GET,/orders/me,4.967,200,ok,0,steady
1791235027.1445887,kiemthugialap056@gmail.com,GET,/concerts/{id},4.078,200,ok,0,steady
1791235027.1622581,kiemthugialap021@gmail.com,GET,/orders/me,5.371,200,ok,0,steady
1791235027.1656098,kiemthugialap074@gmail.com,GET,/orders/me,3.204,200,ok,0,steady
1791235027.21272,kiemthugialap078@gmail.com,GET,/orders/me,4.293,200,ok,0,steady
1791235027.2282453,kiemthugialap046@gmail.com,GET,/orders/me,4.612,200,ok,0,steady
1791235027.2947168,kiemthugialap033@gmail.com,GET,/orders/me,19.94,200,ok,0,steady
1791235027.29537,kiemthugialap048@gmail.com,GET,/orders/me,21.878,200,ok,0,steady
1791235027.2994447,kiemthugialap023@gmail.com,GET,/orders/me,6.741,200,ok,0,steady
1791235027.300559,kiemthugialap010@gmail.com,GET,/orders/me,8.564,200,ok,0,steady
1791235027.3038168,kiemthugialap093@gmail.com,GET,/orders/me,4.217,200,ok,0,steady
1791235027.3048024,kiemthugialap054@gmail.com,GET,/orders/me,4.093,200,ok,0,steady
1791235027.3295703,kiemthugialap041@gmail.com,GET,/concerts,6.451,200,ok,0,steady
1791235027.334907,kiemthugialap091@gmail.com,GET,/orders/me,5.073,200,ok,0,steady
1791235027.3628328,kiemthugialap030@gmail.com,GET,/concerts/{id},4.955,200,ok,0,steady
1791235027.3939364,kiemthugialap053@gmail.com,GET,/concerts,17.347,200,ok,0,steady
1791235027.3942742,kiemthugialap072@gmail.com,GET,/concerts/{id},18.909,200,ok,0,steady
1791235027.3974464,kiemthugialap097@gmail.com,GET,/orders/me,21.775,200,ok,0,steady
1791235027.3995543,kiemthugialap080@gmail.com,GET,/orders/me,25.266,200,ok,0,steady
1791235027.4005063,kiemthugialap028@gmail.com,GET,/concerts/{id},8.412,200,ok,0,steady
1791235027.4014795,kiemthugialap069@gmail.com,GET,/orders/me,8.635,200,ok,0,steady
1791235027.4328635,kiemthugialap042@gmail.com,GET,/orders/me,4.434,200,ok,0,steady
1791235027.4363198,kiemthugialap083@gmail.com,GET,/orders/me,3.256,200,ok,0,steady
1791235027.4406629,kiemthugialap006@gmail.com,GET,/concerts,4.118,200,ok,0,steady
1791235027.4420485,kiemthugialap063@gmail.com,GET,/orders/me,5.171,200,ok,0,steady
1791235027.4645004,kiemthugialap081@gmail.com,GET,/orders/me,6.891,200,ok,0,steady
1791235027.464952,kiemthugialap047@gmail.com,GET,/orders/me,8.497,200,ok,0,steady
1791235027.4980366,kiemthugialap040@gmail.com,GET,/orders/me,6.982,200,ok,0,steady
1791235027.4991732,kiemthugialap077@gmail.com,GET,/orders/me,7.298,200,ok,0,steady
1791235027.5015614,kiemthugialap100@gmail.com,GET,/orders/me,3.372,200,ok,0,steady
1791235027.5038555,kiemthugialap049@gmail.com,GET,/concerts?on_sale=true,2.18,200,ok,0,steady
1791235027.512238,kiemthugialap031@gmail.com,GET,/orders/me,4.406,200,ok,0,steady
1791235027.568811,kiemthugialap035@gmail.com,GET,/concerts?on_sale=true,10.948,200,ok,0,steady
1791235027.569521,kiemthugialap043@gmail.com,GET,/orders/me,9.794,200,ok,0,steady
1791235027.5699027,kiemthugialap098@gmail.com,GET,/orders/me,11.292,200,ok,0,steady
1791235027.5771606,kiemthugialap079@gmail.com,GET,/concerts/{id},4.353,200,ok,0,steady
1791235027.5970895,kiemthugialap064@gmail.com,GET,/orders/me,6.585,200,ok,0,steady
1791235027.613154,kiemthugialap085@gmail.com,GET,/orders/me,4.499,200,ok,0,steady
1791235027.6293318,kiemthugialap017@gmail.com,GET,/concerts,4.508,200,ok,0,steady
1791235027.6625366,kiemthugialap058@gmail.com,GET,/concerts?on_sale=true,5.091,200,ok,0,steady
1791235027.6629012,kiemthugialap013@gmail.com,GET,/concerts,4.223,200,ok,0,steady
1791235027.6797545,kiemthugialap070@gmail.com,GET,/orders/me,4.964,200,ok,0,steady
1791235027.6841288,kiemthugialap027@gmail.com,GET,/orders/me,4.223,200,ok,0,steady
1791235027.7292778,kiemthugialap024@gmail.com,GET,/orders/me,4.581,200,ok,0,steady
1791235027.7314742,kiemthugialap055@gmail.com,GET,/concerts?on_sale=true,2.055,200,ok,0,steady
1791235027.7495449,kiemthugialap005@gmail.com,GET,/concerts?on_sale=true,7.826,200,ok,0,steady
1791235027.7507775,kiemthugialap066@gmail.com,GET,/orders/me,8.162,200,ok,0,steady
1791235027.751153,kiemthugialap086@gmail.com,GET,/orders/me,8.207,200,ok,0,steady
1791235027.7528653,kiemthugialap092@gmail.com,GET,/orders/me,3.116,200,ok,0,steady
1791235027.7774837,kiemthugialap065@gmail.com,GET,/concerts/{id},3.853,200,ok,0,steady
1791235027.7834506,kiemthugialap082@gmail.com,GET,/concerts?on_sale=true,5.107,200,ok,0,steady
1791235027.784996,kiemthugialap060@gmail.com,GET,/orders/me,7.344,200,ok,0,steady
1791235027.7865286,kiemthugialap075@gmail.com,GET,/concerts?on_sale=true,2.824,200,ok,0,steady
1791235027.8506925,kiemthugialap037@gmail.com,GET,/concerts?on_sale=true,7.636,200,ok,0,steady
1791235027.851133,kiemthugialap044@gmail.com,GET,/concerts/{id},10.403,200,ok,0,steady
1791235027.8517601,kiemthugialap026@gmail.com,GET,/orders/me,9.742,200,ok,0,steady
1791235027.8521292,kiemthugialap062@gmail.com,GET,/orders/me,13.029,200,ok,0,steady
1791235027.8797567,kiemthugialap012@gmail.com,GET,/orders/me,6.421,200,ok,0,steady
1791235027.883844,kiemthugialap038@gmail.com,GET,/orders/me,3.802,200,ok,0,steady
1791235027.8992,kiemthugialap022@gmail.com,GET,/concerts?on_sale=true,9.817,200,ok,0,steady
1791235027.9014688,kiemthugialap090@gmail.com,GET,/orders/me,10.875,200,ok,0,steady
1791235027.905335,kiemthugialap057@gmail.com,GET,/orders/me,3.707,200,ok,0,steady
1791235027.918086,kiemthugialap099@gmail.com,GET,/orders/me,5.215,200,ok,0,steady
1791235027.9478488,kiemthugialap021@gmail.com,GET,/concerts,6.069,200,ok,0,steady
1791235027.9484885,kiemthugialap073@gmail.com,GET,/concerts?on_sale=true,7.843,200,ok,0,steady
1791235027.9617267,kiemthugialap087@gmail.com,GET,/concerts?on_sale=true,4.041,200,ok,0,steady
1791235027.9796815,kiemthugialap029@gmail.com,GET,/orders/me,6.54,200,ok,0,steady
1791235027.980047,kiemthugialap014@gmail.com,GET,/orders/me,6.102,200,ok,0,steady
1791235028.0162668,kiemthugialap011@gmail.com,GET,/concerts,10.092,200,ok,0,steady
1791235028.0179625,kiemthugialap008@gmail.com,GET,/orders/me,10.479,200,ok,0,steady
1791235028.018519,kiemthugialap061@gmail.com,GET,/orders/me,9.849,200,ok,0,steady
1791235028.0188951,kiemthugialap001@gmail.com,GET,/orders/me,11.703,200,ok,0,steady
1791235028.0333576,kiemthugialap020@gmail.com,GET,/orders/me,8.263,200,ok,0,steady
1791235028.033822,kiemthugialap036@gmail.com,GET,/orders/me,8.01,200,ok,0,steady
1791235028.0452056,kiemthugialap019@gmail.com,GET,/concerts,5.139,200,ok,0,steady
1791235028.0462146,kiemthugialap045@gmail.com,GET,/orders/me,5.697,200,ok,0,steady
1791235028.0623987,kiemthugialap010@gmail.com,GET,/orders/me,4.229,200,ok,0,steady
1791235028.1162817,kiemthugialap041@gmail.com,GET,/concerts,6.05,200,ok,0,steady
1791235028.1180725,kiemthugialap042@gmail.com,GET,/orders/me,5.597,200,ok,0,steady
1791235028.1202462,kiemthugialap050@gmail.com,GET,/orders/me,3.8,200,ok,0,steady
1791235028.1284125,kiemthugialap039@gmail.com,GET,/orders/me,5.362,200,ok,0,steady
1791235028.1336496,kiemthugialap006@gmail.com,GET,/orders/me,5.0,200,ok,0,steady
1791235028.1648366,kiemthugialap043@gmail.com,GET,/orders/me,6.736,200,ok,0,steady
1791235028.1652544,kiemthugialap067@gmail.com,GET,/orders/me,5.675,200,ok,0,steady
1791235028.1803064,kiemthugialap009@gmail.com,GET,/concerts,5.45,200,ok,0,steady
1791235028.1952975,kiemthugialap089@gmail.com,GET,/concerts,4.743,200,ok,0,steady
1791235028.2451904,kiemthugialap085@gmail.com,GET,/concerts?on_sale=true,19.179,200,ok,0,steady
1791235028.2504973,kiemthugialap015@gmail.com,GET,/orders/me,25.692,200,ok,0,steady
1791235028.251027,kiemthugialap052@gmail.com,GET,/orders/me,24.088,200,ok,0,steady
1791235028.252355,kiemthugialap098@gmail.com,GET,/concerts/{id},9.154,200,ok,0,steady
1791235028.256948,kiemthugialap034@gmail.com,GET,/orders/me,14.168,200,ok,0,steady
1791235028.2577152,kiemthugialap083@gmail.com,GET,/orders/me,15.85,200,ok,0,steady
1791235028.2610097,kiemthugialap013@gmail.com,GET,/orders/me,11.417,200,ok,0,steady
1791235028.2622876,kiemthugialap018@gmail.com,GET,/orders/me,11.116,200,ok,0,steady
1791235028.2639635,kiemthugialap091@gmail.com,GET,/concerts?on_sale=true,2.787,200,ok,0,steady
1791235028.2797623,kiemthugialap072@gmail.com,GET,/orders/me,6.238,200,ok,0,steady
1791235028.3133833,kiemthugialap031@gmail.com,GET,/concerts,5.589,200,ok,0,steady
1791235028.3157177,kiemthugialap092@gmail.com,GET,/concerts/{id},2.2,200,ok,0,steady
1791235028.3292124,kiemthugialap017@gmail.com,GET,/orders/me,5.14,200,ok,0,steady
1791235028.3457222,kiemthugialap068@gmail.com,GET,/concerts,4.65,200,ok,0,steady
1791235028.3628001,kiemthugialap003@gmail.com,GET,/concerts?on_sale=true,3.422,200,ok,0,steady
1791235028.3801115,kiemthugialap095@gmail.com,GET,/orders/me,4.868,200,ok,0,steady
1791235028.3998613,kiemthugialap049@gmail.com,GET,/concerts?on_sale=true,5.501,200,ok,0,steady
1791235028.4009066,kiemthugialap016@gmail.com,GET,/concerts?on_sale=true,8.131,200,ok,0,steady
1791235028.4022994,kiemthugialap002@gmail.com,GET,/orders/me,10.686,200,ok,0,steady
1791235028.4028695,kiemthugialap007@gmail.com,GET,/orders/me,8.978,200,ok,0,steady
1791235028.4046943,kiemthugialap075@gmail.com,GET,/orders/me,4.653,200,ok,0,steady
1791235028.448297,kiemthugialap046@gmail.com,GET,/orders/me,5.082,200,ok,0,steady
1791235028.4638026,kiemthugialap100@gmail.com,GET,/orders/me,4.979,200,ok,0,steady
1791235028.4672253,kiemthugialap096@gmail.com,GET,/orders/me,3.211,200,ok,0,steady
1791235028.479197,kiemthugialap094@gmail.com,GET,/orders/me,5.083,200,ok,0,steady
1791235028.4822762,kiemthugialap059@gmail.com,GET,/orders/me,2.932,200,ok,0,steady
1791235028.5302029,kiemthugialap065@gmail.com,GET,/concerts?on_sale=true,4.634,200,ok,0,steady
1791235028.532081,kiemthugialap047@gmail.com,GET,/orders/me,8.169,200,ok,0,steady
1791235028.5330012,kiemthugialap004@gmail.com,GET,/orders/me,5.569,200,ok,0,steady
1791235028.5497398,kiemthugialap053@gmail.com,GET,/orders/me,8.036,200,ok,0,steady
1791235028.5509048,kiemthugialap025@gmail.com,GET,/orders/me,10.186,200,ok,0,steady
1791235028.5512135,kiemthugialap071@gmail.com,GET,/orders/me,8.655,200,ok,0,steady
1791235028.5528648,kiemthugialap074@gmail.com,GET,/orders/me,2.929,200,ok,0,steady
1791235028.5614116,kiemthugialap077@gmail.com,GET,/orders/me,4.332,200,ok,0,steady
1791235028.5812466,kiemthugialap076@gmail.com,GET,/concerts?on_sale=true,3.674,200,ok,0,steady
1791235028.58496,kiemthugialap030@gmail.com,GET,/orders/me,3.517,200,ok,0,steady
1791235028.6266491,kiemthugialap086@gmail.com,GET,/concerts,3.863,200,ok,0,steady
1791235028.6507728,kiemthugialap079@gmail.com,GET,/orders/me,10.207,200,ok,0,steady
1791235028.651267,kiemthugialap045@gmail.com,GET,/orders/me,8.038,200,ok,0,steady
1791235028.6515884,kiemthugialap020@gmail.com,GET,/orders/me,10.039,200,ok,0,steady
1791235028.6804197,kiemthugialap010@gmail.com,GET,/orders/me,4.694,200,ok,0,steady
1791235028.6970205,kiemthugialap050@gmail.com,GET,/concerts,5.164,200,ok,0,steady
1791235028.6973855,kiemthugialap088@gmail.com,GET,/concerts?on_sale=true,4.513,200,ok,0,steady
1791235028.713718,kiemthugialap084@gmail.com,GET,/orders/me,5.818,200,ok,0,steady
1791235028.7497227,kiemthugialap051@gmail.com,GET,/orders/me,8.272,200,ok,0,steady
1791235028.7501826,kiemthugialap082@gmail.com,GET,/orders/me,7.569,200,ok,0,steady
1791235028.765698,kiemthugialap085@gmail.com,GET,/concerts?on_sale=true,7.924,200,ok,0,steady
1791235028.76631,kiemthugialap054@gmail.com,GET,/orders/me,7.716,200,ok,0,steady
1791235028.7975094,kiemthugialap057@gmail.com,GET,/orders/me,5.679,200,ok,0,steady
1791235028.798439,kiemthugialap032@gmail.com,GET,/orders/me,7.583,200,ok,0,steady
1791235028.800479,kiemthugialap038@gmail.com,GET,/orders/me,2.841,200,ok,0,steady
1791235028.8302984,kiemthugialap098@gmail.com,GET,/orders/me,5.658,200,ok,0,steady
1791235028.878713,kiemthugialap035@gmail.com,GET,/orders/me,5.198,200,ok,0,steady
1791235028.8838174,kiemthugialap026@gmail.com,GET,/orders/me,4.901,200,ok,0,steady
1791235028.8846774,kiemthugialap028@gmail.com,GET,/orders/me,5.083,200,ok,0,steady
1791235028.914507,kiemthugialap015@gmail.com,GET,/concerts?on_sale=true,5.542,200,ok,0,steady
1791235028.9150364,kiemthugialap078@gmail.com,GET,/concerts/{id},7.402,200,ok,0,steady
1791235028.916013,kiemthugialap081@gmail.com,GET,/orders/me,6.69,200,ok,0,steady
1791235028.9654639,kiemthugialap073@gmail.com,GET,/concerts,5.704,200,ok,0,steady
1791235028.9669163,kiemthugialap083@gmail.com,GET,/orders/me,6.956,200,ok,0,steady
1791235028.967865,kiemthugialap060@gmail.com,GET,/orders/me,8.693,200,ok,0,steady
1791235028.9693382,kiemthugialap097@gmail.com,GET,/concerts,2.278,200,ok,0,steady
1791235028.971217,kiemthugialap048@gmail.com,GET,/orders/me,3.238,200,ok,0,steady
1791235029.0002697,kiemthugialap040@gmail.com,GET,/orders/me,7.99,200,ok,0,steady
1791235029.0016,kiemthugialap056@gmail.com,GET,/orders/me,10.274,200,ok,0,steady
1791235029.0037813,kiemthugialap002@gmail.com,GET,/orders/me,3.259,200,ok,0,steady
1791235029.0295053,kiemthugialap080@gmail.com,GET,/concerts?on_sale=true,5.873,200,ok,0,steady
1791235029.062571,kiemthugialap093@gmail.com,GET,/orders/me,23.164,200,ok,0,steady
1791235029.0633729,kiemthugialap021@gmail.com,GET,/concerts?on_sale=true,7.012,200,ok,0,steady
1791235029.0643096,kiemthugialap069@gmail.com,GET,/orders/me,23.341,200,ok,0,steady
1791235029.0948734,kiemthugialap033@gmail.com,GET,/concerts/{id},4.055,200,ok,0,steady
1791235029.1129086,kiemthugialap062@gmail.com,GET,/orders/me,6.764,200,ok,0,steady
1791235029.1481252,kiemthugialap068@gmail.com,GET,/concerts/{id},8.0,200,ok,0,steady
1791235029.149751,kiemthugialap042@gmail.com,GET,/orders/me,10.23,200,ok,0,steady
1791235029.1531577,kiemthugialap063@gmail.com,GET,/orders/me,4.758,200,ok,0,steady
1791235029.1792617,kiemthugialap092@gmail.com,GET,/orders/me,6.108,200,ok,0,steady
1791235029.2116823,kiemthugialap053@gmail.com,GET,/concerts?on_sale=true,4.192,200,ok,0,steady
1791235029.2273972,kiemthugialap064@gmail.com,GET,/concerts,4.249,200,ok,0,steady
1791235029.2301736,kiemthugialap023@gmail.com,GET,/concerts/{id},2.616,200,ok,0,steady
1791235029.2468379,kiemthugialap044@gmail.com,GET,/orders/me,6.173,200,ok,0,steady
1791235029.2479434,kiemthugialap029@gmail.com,GET,/orders/me,8.238,200,ok,0,steady
1791235029.2493913,kiemthugialap070@gmail.com,GET,/concerts?on_sale=true,2.406,200,ok,0,steady
1791235029.2787504,kiemthugialap071@gmail.com,GET,/concerts,4.23,200,ok,0,steady
1791235029.2820234,kiemthugialap027@gmail.com,GET,/concerts,2.493,200,ok,0,steady
1791235029.2823396,kiemthugialap090@gmail.com,GET,/concerts,3.453,200,ok,0,steady
1791235029.3457334,kiemthugialap066@gmail.com,GET,/concerts/{id},4.423,200,ok,0,steady
1791235029.3669941,kiemthugialap075@gmail.com,GET,/concerts?on_sale=true,6.947,200,ok,0,steady
1791235029.3679988,kiemthugialap100@gmail.com,GET,/orders/me,6.772,200,ok,0,steady
1791235029.3684022,kiemthugialap091@gmail.com,GET,/orders/me,10.367,200,ok,0,steady
1791235029.3702772,kiemthugialap051@gmail.com,GET,/orders/me,3.105,200,ok,0,steady
1791235029.3965883,kiemthugialap041@gmail.com,GET,/orders/me,5.33,200,ok,0,steady
1791235029.4312806,kiemthugialap020@gmail.com,GET,/orders/me,6.491,200,ok,0,steady
1791235029.4316785,kiemthugialap038@gmail.com,GET,/orders/me,7.559,200,ok,0,steady
1791235029.445796,kiemthugialap058@gmail.com,GET,/concerts,3.794,200,ok,0,steady
1791235029.4811897,kiemthugialap011@gmail.com,GET,/orders/me,4.967,200,ok,0,steady
1791235029.4815807,kiemthugialap037@gmail.com,GET,/orders/me,6.628,200,ok,0,steady
1791235029.529361,kiemthugialap002@gmail.com,GET,/orders/me,5.098,200,ok,0,steady
1791235029.5315433,kiemthugialap060@gmail.com,GET,/concerts,2.035,200,ok,0,steady
1791235029.5678132,kiemthugialap057@gmail.com,GET,/concerts/{id},9.067,200,ok,0,steady
1791235029.5705018,kiemthugialap048@gmail.com,GET,/orders/me,10.921,200,ok,0,steady
1791235029.5709171,kiemthugialap024@gmail.com,GET,/orders/me,11.796,200,ok,0,steady
1791235029.5712235,kiemthugialap012@gmail.com,GET,/orders/me,13.537,200,ok,0,steady
1791235029.594676,kiemthugialap018@gmail.com,GET,/concerts,4.625,200,ok,0,steady
1791235029.6168435,kiemthugialap008@gmail.com,GET,/concerts?on_sale=true,7.055,200,ok,0,steady
1791235029.6186168,kiemthugialap006@gmail.com,GET,/orders/me,9.112,200,ok,0,steady
1791235029.6189742,kiemthugialap052@gmail.com,GET,/orders/me,10.002,200,ok,0,steady
1791235029.619356,kiemthugialap005@gmail.com,GET,/orders/me,9.265,200,ok,0,steady
1791235029.6490672,kiemthugialap059@gmail.com,GET,/orders/me,4.546,200,ok,0,steady
1791235029.6827927,kiemthugialap013@gmail.com,GET,/orders/me,7.074,200,ok,0,steady
1791235029.6837592,kiemthugialap030@gmail.com,GET,/orders/me,9.231,200,ok,0,steady
1791235029.6845777,kiemthugialap072@gmail.com,GET,/orders/me,7.605,200,ok,0,steady
1791235029.6864924,kiemthugialap055@gmail.com,GET,/concerts,3.513,200,ok,0,steady
1791235029.7134922,kiemthugialap054@gmail.com,GET,/concerts?on_sale=true,6.67,200,ok,0,steady
1791235029.715261,kiemthugialap003@gmail.com,GET,/orders/me,7.137,200,ok,0,steady
1791235029.7461233,kiemthugialap099@gmail.com,GET,/orders/me,4.746,200,ok,0,steady
1791235029.7484663,kiemthugialap093@gmail.com,GET,/concerts?on_sale=true,2.201,200,ok,0,steady
1791235029.7995586,kiemthugialap022@gmail.com,GET,/orders/me,8.467,200,ok,0,steady
1791235029.8003297,kiemthugialap050@gmail.com,GET,/orders/me,8.136,200,ok,0,steady
1791235029.8008626,kiemthugialap084@gmail.com,GET,/orders/me,8.296,200,ok,0,steady
1791235029.8126051,kiemthugialap009@gmail.com,GET,/orders/me,5.845,200,ok,0,steady
1791235029.832708,kiemthugialap036@gmail.com,GET,/orders/me,6.946,200,ok,0,steady
1791235029.833133,kiemthugialap025@gmail.com,GET,/orders/me,8.001,200,ok,0,steady
1791235029.8645308,kiemthugialap033@gmail.com,GET,/concerts/{id},6.984,200,ok,0,steady
1791235029.8665133,kiemthugialap047@gmail.com,GET,/orders/me,8.217,200,ok,0,steady
1791235029.866752,kiemthugialap001@gmail.com,GET,/orders/me,8.067,200,ok,0,steady
1791235029.869086,kiemthugialap087@gmail.com,GET,/orders/me,4.347,200,ok,0,steady
1791235029.87897,kiemthugialap096@gmail.com,GET,/orders/me,5.288,200,ok,0,steady
1791235029.8992598,kiemthugialap027@gmail.com,GET,/orders/me,6.878,200,ok,0,steady
1791235029.899794,kiemthugialap010@gmail.com,GET,/orders/me,8.307,200,ok,0,steady
1791235029.900137,kiemthugialap067@gmail.com,GET,/orders/me,6.849,200,ok,0,steady
1791235029.9322188,kiemthugialap045@gmail.com,GET,/orders/me,7.685,200,ok,0,steady
1791235029.9668398,kiemthugialap014@gmail.com,GET,/orders/me,8.74,200,ok,0,steady
1791235029.9672565,kiemthugialap090@gmail.com,GET,/orders/me,7.31,200,ok,0,steady
1791235029.9989522,kiemthugialap089@gmail.com,GET,/orders/me,8.676,200,ok,0,steady
1791235030.0001462,kiemthugialap017@gmail.com,GET,/orders/me,8.113,200,ok,0,steady
1791235030.0023322,kiemthugialap019@gmail.com,GET,/orders/me,3.178,200,ok,0,steady
1791235030.0052407,kiemthugialap061@gmail.com,GET,/orders/me,2.792,200,ok,0,steady
1791235030.0195441,kiemthugialap046@gmail.com,GET,/concerts,4.301,200,ok,0,steady
1791235030.0200274,kiemthugialap094@gmail.com,GET,/concerts?on_sale=true,5.311,200,ok,0,steady
1791235030.0293293,kiemthugialap032@gmail.com,GET,/orders/me,5.433,200,ok,0,steady
1791235030.046401,kiemthugialap039@gmail.com,GET,/orders/me,6.948,200,ok,0,steady
1791235030.097563,kiemthugialap016@gmail.com,GET,/concerts,23.941,200,ok,0,steady
1791235030.1003473,kiemthugialap049@gmail.com,GET,/orders/me,25.749,200,ok,0,steady
1791235030.1009722,kiemthugialap004@gmail.com,GET,/orders/me,28.286,200,ok,0,steady
1791235030.1048927,kiemthugialap012@gmail.com,GET,/orders/me,8.968,200,ok,0,steady
1791235030.1060712,kiemthugialap092@gmail.com,GET,/orders/me,12.203,200,ok,0,steady
1791235030.1081557,kiemthugialap038@gmail.com,GET,/concerts,3.071,200,ok,0,steady
1791235030.1235785,kiemthugialap065@gmail.com,GET,/orders/me,6.785,200,ok,0,steady
1791235030.1292574,kiemthugialap074@gmail.com,GET,/orders/me,5.476,200,ok,0,steady
1791235030.130625,kiemthugialap060@gmail.com,GET,/orders/me,6.101,200,ok,0,steady
1791235030.1349597,kiemthugialap037@gmail.com,GET,/orders/me,5.528,200,ok,0,steady
1791235030.1829944,kiemthugialap002@gmail.com,GET,/concerts?on_sale=true,21.005,200,ok,0,steady
1791235030.184167,kiemthugialap043@gmail.com,GET,/orders/me,23.002,200,ok,0,steady
1791235030.1847193,kiemthugialap018@gmail.com,GET,/orders/me,22.452,200,ok,0,steady
1791235030.2170224,kiemthugialap034@gmail.com,GET,/concerts/{id},7.186,200,ok,0,steady
1791235030.2180438,kiemthugialap011@gmail.com,GET,/orders/me,7.833,200,ok,0,steady
1791235030.2195668,kiemthugialap015@gmail.com,GET,/orders/me,10.708,200,ok,0,steady
1791235030.2566855,kiemthugialap076@gmail.com,GET,/orders/me,6.328,200,ok,0,steady
1791235030.257135,kiemthugialap028@gmail.com,GET,/orders/me,7.961,200,ok,0,steady
1791235030.2711394,kiemthugialap031@gmail.com,GET,/concerts,6.014,200,ok,0,steady
1791235030.2716165,kiemthugialap007@gmail.com,GET,/orders/me,5.289,200,ok,0,steady
1791235030.2929199,kiemthugialap040@gmail.com,GET,/concerts?on_sale=true,5.597,200,ok,0,steady
1791235030.2938812,kiemthugialap073@gmail.com,GET,/orders/me,5.932,200,ok,0,steady
1791235030.3081892,kiemthugialap068@gmail.com,GET,/orders/me,5.236,200,ok,0,steady
1791235030.3256297,kiemthugialap020@gmail.com,GET,/orders/me,7.364,200,ok,0,steady
1791235030.3274362,kiemthugialap084@gmail.com,GET,/orders/me,8.026,200,ok,0,steady
1791235030.3313913,kiemthugialap086@gmail.com,GET,/orders/me,5.486,200,ok,0,steady
1791235030.3527963,kiemthugialap088@gmail.com,GET,/orders/me,7.446,200,ok,0,steady
1791235030.370175,kiemthugialap081@gmail.com,GET,/orders/me,7.745,200,ok,0,steady
1791235030.370657,kiemthugialap095@gmail.com,GET,/orders/me,9.593,200,ok,0,steady
1791235030.4072223,kiemthugialap021@gmail.com,GET,/orders/me,10.707,200,ok,0,steady
1791235030.4077954,kiemthugialap026@gmail.com,GET,/orders/me,11.874,200,ok,0,steady
1791235030.4081652,kiemthugialap077@gmail.com,GET,/orders/me,13.716,200,ok,0,steady
1791235030.4331021,kiemthugialap066@gmail.com,GET,/orders/me,7.374,200,ok,0,steady
1791235030.4684522,kiemthugialap063@gmail.com,GET,/orders/me,7.388,200,ok,0,steady
1791235030.4846597,kiemthugialap051@gmail.com,GET,/orders/me,7.321,200,ok,0,steady
1791235030.5588706,kiemthugialap008@gmail.com,GET,/concerts?on_sale=true,5.233,200,ok,0,steady
1791235030.5655646,kiemthugialap079@gmail.com,GET,/orders/me,11.247,200,ok,0,steady
1791235030.585446,kiemthugialap083@gmail.com,GET,/concerts,8.11,200,ok,0,steady
1791235030.5866911,kiemthugialap054@gmail.com,GET,/concerts?on_sale=true,7.95,200,ok,0,steady
1791235030.5880463,kiemthugialap064@gmail.com,GET,/orders/me,9.763,200,ok,0,steady
1791235030.5902393,kiemthugialap032@gmail.com,GET,/concerts?on_sale=true,2.075,200,ok,0,steady
1791235030.6220424,kiemthugialap035@gmail.com,GET,/orders/me,10.544,200,ok,0,steady
1791235030.6224732,kiemthugialap049@gmail.com,GET,/orders/me,9.943,200,ok,0,steady
1791235030.6228106,kiemthugialap042@gmail.com,GET,/orders/me,8.799,200,ok,0,steady
1791235030.6320755,kiemthugialap056@gmail.com,GET,/orders/me,4.238,200,ok,0,steady
1791235030.6366444,kiemthugialap098@gmail.com,GET,/orders/me,4.386,200,ok,0,steady
1791235030.6977198,kiemthugialap082@gmail.com,GET,/orders/me,7.238,200,ok,0,steady
1791235030.7142918,kiemthugialap085@gmail.com,GET,/concerts/{id},7.584,200,ok,0,steady
1791235030.7160883,kiemthugialap024@gmail.com,GET,/orders/me,7.45,200,ok,0,steady
1791235030.7323303,kiemthugialap057@gmail.com,GET,/orders/me,6.592,200,ok,0,steady
1791235030.7494314,kiemthugialap050@gmail.com,GET,/concerts?on_sale=true,8.668,200,ok,0,steady
1791235030.7503343,kiemthugialap070@gmail.com,GET,/orders/me,8.725,200,ok,0,steady
1791235030.8031693,kiemthugialap096@gmail.com,GET,/orders/me,14.851,200,ok,0,steady
1791235030.8037505,kiemthugialap053@gmail.com,GET,/orders/me,14.592,200,ok,0,steady
1791235030.8042955,kiemthugialap011@gmail.com,GET,/orders/me,14.292,200,ok,0,steady
1791235030.8047063,kiemthugialap044@gmail.com,GET,/orders/me,15.251,200,ok,0,steady
1791235030.8050435,kiemthugialap038@gmail.com,GET,/orders/me,15.324,200,ok,0,steady
1791235030.826333,kiemthugialap100@gmail.com,GET,/orders/me,6.51,200,ok,0,steady
1791235030.8310394,kiemthugialap048@gmail.com,GET,/orders/me,4.451,200,ok,0,steady
1791235030.8700354,kiemthugialap052@gmail.com,GET,/concerts,6.647,200,ok,0,steady
1791235030.8872848,kiemthugialap071@gmail.com,GET,/orders/me,5.67,200,ok,0,steady
1791235030.9159234,kiemthugialap078@gmail.com,GET,/concerts/{id},3.887,200,ok,0,steady
1791235030.9178607,kiemthugialap081@gmail.com,GET,/orders/me,5.246,200,ok,0,steady
1791235030.9224021,kiemthugialap013@gmail.com,GET,/orders/me,4.392,200,ok,0,steady
1791235030.9532,kiemthugialap027@gmail.com,GET,/orders/me,6.689,200,ok,0,steady
1791235030.95365,kiemthugialap006@gmail.com,GET,/orders/me,8.262,200,ok,0,steady
1791235030.9540708,kiemthugialap097@gmail.com,GET,/orders/me,7.809,200,ok,0,steady
1791235030.9861395,kiemthugialap065@gmail.com,GET,/orders/me,5.732,200,ok,0,steady
1791235030.9876685,kiemthugialap004@gmail.com,GET,/orders/me,9.291,200,ok,0,steady
1791235030.9901621,kiemthugialap094@gmail.com,GET,/concerts?on_sale=true,3.857,200,ok,0,steady
1791235030.9905045,kiemthugialap060@gmail.com,GET,/concerts,3.853,200,ok,0,steady
1791235031.0176086,kiemthugialap005@gmail.com,GET,/orders/me,4.586,200,ok,0,steady
1791235031.0192695,kiemthugialap080@gmail.com,GET,/orders/me,7.386,200,ok,0,steady
1791235031.022495,kiemthugialap023@gmail.com,GET,/concerts?on_sale=true,4.299,200,ok,0,steady
1791235031.0235624,kiemthugialap022@gmail.com,GET,/orders/me,5.778,200,ok,0,steady
1791235031.0257452,kiemthugialap058@gmail.com,GET,/concerts,2.058,200,ok,0,steady
1791235031.0285006,kiemthugialap016@gmail.com,GET,/concerts/{id},2.61,200,ok,0,steady
1791235031.0547116,kiemthugialap030@gmail.com,GET,/concerts/{id},8.635,200,ok,0,steady
1791235031.0565658,kiemthugialap069@gmail.com,GET,/orders/me,10.065,200,ok,0,steady
1791235031.0569444,kiemthugialap087@gmail.com,GET,/orders/me,12.065,200,ok,0,steady
1791235031.0883017,kiemthugialap062@gmail.com,GET,/orders/me,8.816,200,ok,0,steady
1791235031.089948,kiemthugialap093@gmail.com,GET,/orders/me,11.853,200,ok,0,steady
1791235031.092787,kiemthugialap072@gmail.com,GET,/orders/me,4.213,200,ok,0,steady
1791235031.0978749,kiemthugialap095@gmail.com,GET,/orders/me,4.929,200,ok,0,steady
1791235031.1326334,kiemthugialap075@gmail.com,GET,/orders/me,21.331,200,ok,0,steady
1791235031.1336675,kiemthugialap073@gmail.com,GET,/orders/me,21.58,200,ok,0,steady
1791235031.167645,kiemthugialap002@gmail.com,GET,/concerts?on_sale=true,7.026,200,ok,0,steady
1791235031.1722991,kiemthugialap014@gmail.com,GET,/orders/me,4.378,200,ok,0,steady
1791235031.2022967,kiemthugialap059@gmail.com,GET,/concerts/{id},5.712,200,ok,0,steady
1791235031.2038789,kiemthugialap099@gmail.com,GET,/orders/me,9.135,200,ok,0,steady
1791235031.2212422,kiemthugialap029@gmail.com,GET,/orders/me,8.788,200,ok,0,steady
1791235031.2533329,kiemthugialap089@gmail.com,GET,/concerts,8.586,200,ok,0,steady
1791235031.2543557,kiemthugialap041@gmail.com,GET,/orders/me,8.6,200,ok,0,steady
1791235031.2859192,kiemthugialap090@gmail.com,GET,/orders/me,7.707,200,ok,0,steady
1791235031.3047655,kiemthugialap088@gmail.com,GET,/concerts,6.294,200,ok,0,steady
1791235031.3062532,kiemthugialap009@gmail.com,GET,/orders/me,8.748,200,ok,0,steady
1791235031.308827,kiemthugialap034@gmail.com,GET,/orders/me,3.793,200,ok,0,steady
1791235031.353611,kiemthugialap091@gmail.com,GET,/orders/me,7.686,200,ok,0,steady
1791235031.3547978,kiemthugialap068@gmail.com,GET,/orders/me,8.05,200,ok,0,steady
1791235031.3575995,kiemthugialap047@gmail.com,GET,/orders/me,3.817,200,ok,0,steady
1791235031.3601687,kiemthugialap010@gmail.com,GET,/concerts/{id},2.422,200,ok,0,steady
1791235031.3859906,kiemthugialap037@gmail.com,GET,/orders/me,7.543,200,ok,0,steady
1791235031.3865662,kiemthugialap039@gmail.com,GET,/orders/me,7.161,200,ok,0,steady
1791235031.417224,kiemthugialap045@gmail.com,GET,/concerts?on_sale=true,4.906,200,ok,0,steady
1791235031.4178016,kiemthugialap085@gmail.com,GET,/concerts/{id},6.362,200,ok,0,steady
1791235031.4508476,kiemthugialap078@gmail.com,GET,/orders/me,5.898,200,ok,0,steady
1791235031.4669363,kiemthugialap003@gmail.com,GET,/orders/me,5.334,200,ok,0,steady
1791235031.527715,kiemthugialap031@gmail.com,GET,/orders/me,15.192,200,ok,0,steady
1791235031.52971,kiemthugialap025@gmail.com,GET,/orders/me,18.202,200,ok,0,steady
1791235031.5301778,kiemthugialap098@gmail.com,GET,/orders/me,15.689,200,ok,0,steady
1791235031.530587,kiemthugialap011@gmail.com,GET,/orders/me,17.84,200,ok,0,steady
1791235031.5309644,kiemthugialap046@gmail.com,GET,/orders/me,17.943,200,ok,0,steady
1791235031.5314114,kiemthugialap100@gmail.com,GET,/concerts,3.375,200,ok,0,steady
1791235031.5493853,kiemthugialap042@gmail.com,GET,/concerts/{id},7.895,200,ok,0,steady
1791235031.5506828,kiemthugialap076@gmail.com,GET,/orders/me,8.191,200,ok,0,steady
1791235031.5855672,kiemthugialap017@gmail.com,GET,/concerts/{id},11.103,200,ok,0,steady
1791235031.5872092,kiemthugialap054@gmail.com,GET,/concerts?on_sale=true,11.507,200,ok,0,steady
1791235031.5879889,kiemthugialap001@gmail.com,GET,/orders/me,12.688,200,ok,0,steady
1791235031.6102836,kiemthugialap055@gmail.com,GET,/orders/me,6.944,200,ok,0,steady
1791235031.631925,kiemthugialap064@gmail.com,GET,/concerts?on_sale=true,7.215,200,ok,0,steady
1791235031.6383407,kiemthugialap074@gmail.com,GET,/concerts/{id},11.729,200,ok,0,steady
1791235031.6388373,kiemthugialap036@gmail.com,GET,/concerts,6.562,200,ok,0,steady
1791235031.6885293,kiemthugialap015@gmail.com,GET,/orders/me,9.684,200,ok,0,steady
1791235031.6900897,kiemthugialap067@gmail.com,GET,/orders/me,12.421,200,ok,0,steady
1791235031.692442,kiemthugialap035@gmail.com,GET,/orders/me,3.669,200,ok,0,steady
1791235031.6955385,kiemthugialap080@gmail.com,GET,/concerts,2.967,200,ok,0,steady
1791235031.7179239,kiemthugialap092@gmail.com,GET,/orders/me,5.138,200,ok,0,steady
1791235031.7510529,kiemthugialap082@gmail.com,GET,/orders/me,5.67,200,ok,0,steady
1791235031.754458,kiemthugialap019@gmail.com,GET,/orders/me,3.223,200,ok,0,steady
1791235031.7833824,kiemthugialap051@gmail.com,GET,/orders/me,5.285,200,ok,0,steady
1791235031.8849676,kiemthugialap033@gmail.com,GET,/orders/me,38.512,200,ok,0,steady
1791235031.8871696,kiemthugialap014@gmail.com,GET,/orders/me,41.493,200,ok,0,steady
1791235031.892378,kiemthugialap096@gmail.com,GET,/orders/me,29.867,200,ok,0,steady
1791235031.8930018,kiemthugialap075@gmail.com,GET,/orders/me,29.754,200,ok,0,steady
1791235031.894594,kiemthugialap018@gmail.com,GET,/orders/me,15.653,200,ok,0,steady
1791235031.8956122,kiemthugialap084@gmail.com,GET,/orders/me,17.787,200,ok,0,steady
1791235031.896419,kiemthugialap043@gmail.com,GET,/orders/me,11.16,200,ok,0,steady
1791235031.9186392,kiemthugialap058@gmail.com,GET,/concerts?on_sale=true,6.208,200,ok,0,steady
1791235031.9356344,kiemthugialap032@gmail.com,GET,/orders/me,8.1,200,ok,0,steady
1791235031.9637048,kiemthugialap022@gmail.com,GET,/concerts,7.229,200,ok,0,steady
1791235031.9643142,kiemthugialap026@gmail.com,GET,/orders/me,8.528,200,ok,0,steady
1791235031.9760244,kiemthugialap094@gmail.com,GET,/concerts/{id},4.935,200,ok,0,steady
1791235031.986632,kiemthugialap061@gmail.com,GET,/concerts,5.41,200,ok,0,steady
1791235032.0429618,kiemthugialap020@gmail.com,GET,/concerts,9.286,200,ok,0,steady
1791235032.0434163,kiemthugialap037@gmail.com,GET,/orders/me,11.728,200,ok,0,steady
1791235032.0512798,kiemthugialap081@gmail.com,GET,/orders/me,10.45,200,ok,0,steady
1791235032.0540597,kiemthugialap095@gmail.com,GET,/orders/me,12.582,200,ok,0,steady
1791235032.074877,kiemthugialap077@gmail.com,GET,/orders/me,23.112,200,ok,0,steady
1791235032.0754683,kiemthugialap071@gmail.com,GET,/orders/me,23.022,200,ok,0,steady
1791235032.1024222,kiemthugialap078@gmail.com,GET,/orders/me,48.021,200,ok,0,steady
1791235032.110871,kiemthugialap050@gmail.com,GET,/orders/me,42.593,200,ok,0,steady
1791235032.1114259,kiemthugialap083@gmail.com,GET,/orders/me,40.82,200,ok,0,steady
1791235032.1163702,kiemthugialap030@gmail.com,GET,/orders/me,16.571,200,ok,0,steady
1791235032.11698,kiemthugialap028@gmail.com,GET,/orders/me,14.209,200,ok,0,steady
1791235032.1174178,kiemthugialap086@gmail.com,GET,/orders/me,18.209,200,ok,0,steady
1791235032.1179366,kiemthugialap012@gmail.com,GET,/orders/me,20.354,200,ok,0,steady
1791235032.1253119,kiemthugialap088@gmail.com,GET,/orders/me,10.782,200,ok,0,steady
1791235032.1307817,kiemthugialap007@gmail.com,GET,/orders/me,5.143,200,ok,0,steady
1791235032.1434598,kiemthugialap065@gmail.com,GET,/orders/me,9.991,200,ok,0,steady
1791235032.143953,kiemthugialap062@gmail.com,GET,/orders/me,11.85,200,ok,0,steady
1791235032.144264,kiemthugialap073@gmail.com,GET,/orders/me,10.256,200,ok,0,steady
1791235032.1877108,kiemthugialap006@gmail.com,GET,/concerts?on_sale=true,6.699,200,ok,0,steady
1791235032.188609,kiemthugialap002@gmail.com,GET,/orders/me,8.962,200,ok,0,steady
1791235032.2202866,kiemthugialap098@gmail.com,GET,/concerts,22.59,200,ok,0,steady
1791235032.221097,kiemthugialap059@gmail.com,GET,/orders/me,22.42,200,ok,0,steady
1791235032.2230299,kiemthugialap040@gmail.com,GET,/orders/me,9.138,200,ok,0,steady
1791235032.2260494,kiemthugialap005@gmail.com,GET,/orders/me,4.8,200,ok,0,steady
1791235032.2286947,kiemthugialap057@gmail.com,GET,/concerts,2.498,200,ok,0,steady
1791235032.251889,kiemthugialap048@gmail.com,GET,/orders/me,4.137,200,ok,0,steady
1791235032.257485,kiemthugialap021@gmail.com,GET,/concerts?on_sale=true,5.242,200,ok,0,steady
1791235032.258593,kiemthugialap013@gmail.com,GET,/orders/me,5.625,200,ok,0,steady
1791235032.299605,kiemthugialap087@gmail.com,GET,/concerts,3.658,200,ok,0,steady
1791235032.3154716,kiemthugialap093@gmail.com,GET,/concerts/{id},4.424,200,ok,0,steady
1791235032.333714,kiemthugialap066@gmail.com,GET,/concerts?on_sale=true,6.881,200,ok,0,steady
1791235032.3346903,kiemthugialap052@gmail.com,GET,/orders/me,5.92,200,ok,0,steady
1791235032.3604662,kiemthugialap056@gmail.com,GET,/concerts?on_sale=true,7.119,200,ok,0,steady
1791235032.3626702,kiemthugialap009@gmail.com,GET,/orders/me,10.514,200,ok,0,steady
1791235032.3755193,kiemthugialap068@gmail.com,GET,/concerts/{id},3.443,200,ok,0,steady
1791235032.3890333,kiemthugialap017@gmail.com,GET,/concerts/{id},3.695,200,ok,0,steady
1791235032.4275575,kiemthugialap097@gmail.com,GET,/orders/me,6.939,200,ok,0,steady
1791235032.428055,kiemthugialap051@gmail.com,GET,/orders/me,10.232,200,ok,0,steady
1791235032.4283695,kiemthugialap038@gmail.com,GET,/orders/me,9.559,200,ok,0,steady
1791235032.4594066,kiemthugialap055@gmail.com,GET,/concerts,6.779,200,ok,0,steady
1791235032.4598515,kiemthugialap089@gmail.com,GET,/concerts,8.506,200,ok,0,steady
1791235032.461512,kiemthugialap092@gmail.com,GET,/orders/me,8.265,200,ok,0,steady
1791235032.4618473,kiemthugialap091@gmail.com,GET,/orders/me,8.893,200,ok,0,steady
1791235032.472829,kiemthugialap063@gmail.com,GET,/concerts/{id},4.415,200,ok,0,steady
1791235032.4743488,kiemthugialap072@gmail.com,GET,/orders/me,5.109,200,ok,0,steady
1791235032.4904425,kiemthugialap033@gmail.com,GET,/orders/me,6.866,200,ok,0,steady
1791235032.5140848,kiemthugialap004@gmail.com,GET,/orders/me,8.007,200,ok,0,steady
1791235032.5311246,kiemthugialap008@gmail.com,GET,/concerts?on_sale=true,4.02,200,ok,0,steady
1791235032.5367534,kiemthugialap079@gmail.com,GET,/concerts,5.39,200,ok,0,steady
1791235032.5381038,kiemthugialap042@gmail.com,GET,/orders/me,5.767,200,ok,0,steady
1791235032.5608916,kiemthugialap024@gmail.com,GET,/concerts/{id},5.33,200,ok,0,steady
1791235032.589653,kiemthugialap019@gmail.com,GET,/orders/me,9.463,200,ok,0,steady
1791235032.6250188,kiemthugialap010@gmail.com,GET,/concerts,9.306,200,ok,0,steady
1791235032.6280377,kiemthugialap049@gmail.com,GET,/orders/me,11.425,200,ok,0,steady
1791235032.628611,kiemthugialap080@gmail.com,GET,/orders/me,11.803,200,ok,0,steady
1791235032.6290154,kiemthugialap034@gmail.com,GET,/orders/me,12.685,200,ok,0,steady
1791235032.6524954,kiemthugialap095@gmail.com,GET,/concerts/{id},5.812,200,ok,0,steady
1791235032.654048,kiemthugialap050@gmail.com,GET,/orders/me,6.254,200,ok,0,steady
1791235032.658409,kiemthugialap070@gmail.com,GET,/orders/me,4.173,200,ok,0,steady
1791235032.6624148,kiemthugialap015@gmail.com,GET,/concerts?on_sale=true,3.783,200,ok,0,steady
1791235032.6728342,kiemthugialap029@gmail.com,GET,/orders/me,5.307,200,ok,0,steady
1791235032.677695,kiemthugialap044@gmail.com,GET,/orders/me,4.659,200,ok,0,steady
1791235032.7037117,kiemthugialap088@gmail.com,GET,/orders/me,5.414,200,ok,0,steady
1791235032.7144673,kiemthugialap053@gmail.com,GET,/concerts/{id},3.27,200,ok,0,steady
1791235032.7724447,kiemthugialap046@gmail.com,GET,/concerts?on_sale=true,7.05,200,ok,0,steady
1791235032.7734785,kiemthugialap048@gmail.com,GET,/orders/me,9.42,200,ok,0,steady
1791235032.855885,kiemthugialap023@gmail.com,GET,/concerts,6.668,200,ok,0,steady
1791235032.8582075,kiemthugialap045@gmail.com,GET,/orders/me,9.455,200,ok,0,steady
1791235032.8596203,kiemthugialap032@gmail.com,GET,/orders/me,11.958,200,ok,0,steady
1791235032.8615315,kiemthugialap031@gmail.com,GET,/concerts?on_sale=true,3.14,200,ok,0,steady
1791235032.8689532,kiemthugialap001@gmail.com,GET,/concerts?on_sale=true,4.326,200,ok,0,steady
1791235032.88928,kiemthugialap039@gmail.com,GET,/concerts,9.866,200,ok,0,steady
1791235032.8899622,kiemthugialap016@gmail.com,GET,/concerts?on_sale=true,8.707,200,ok,0,steady
1791235032.8904731,kiemthugialap069@gmail.com,GET,/orders/me,9.861,200,ok,0,steady
1791235032.9062812,kiemthugialap027@gmail.com,GET,/orders/me,7.326,200,ok,0,steady
1791235032.907219,kiemthugialap090@gmail.com,GET,/orders/me,7.76,200,ok,0,steady
1791235032.9269004,kiemthugialap060@gmail.com,GET,/orders/me,8.667,200,ok,0,steady
1791235032.9741597,kiemthugialap064@gmail.com,GET,/orders/me,4.688,200,ok,0,steady
1791235032.9897842,kiemthugialap041@gmail.com,GET,/concerts?on_sale=true,3.827,200,ok,0,steady
1791235033.0084686,kiemthugialap047@gmail.com,GET,/concerts/{id},5.817,200,ok,0,steady
1791235033.0094755,kiemthugialap043@gmail.com,GET,/orders/me,5.743,200,ok,0,steady
1791235033.040357,kiemthugialap085@gmail.com,GET,/orders/me,4.91,200,ok,0,steady
1791235033.0437527,kiemthugialap099@gmail.com,GET,/orders/me,3.24,200,ok,0,steady
1791235033.0752482,kiemthugialap100@gmail.com,GET,/orders/me,5.638,200,ok,0,steady
1791235033.1117508,kiemthugialap084@gmail.com,GET,/orders/me,8.713,200,ok,0,steady
1791235033.1123142,kiemthugialap093@gmail.com,GET,/orders/me,10.462,200,ok,0,steady
1791235033.1221156,kiemthugialap058@gmail.com,GET,/orders/me,4.612,200,ok,0,steady
1791235033.1587791,kiemthugialap083@gmail.com,GET,/orders/me,6.282,200,ok,0,steady
1791235033.1872988,kiemthugialap003@gmail.com,GET,/concerts/{id},4.437,200,ok,0,steady
1791235033.2026436,kiemthugialap061@gmail.com,GET,/orders/me,5.14,200,ok,0,steady
1791235033.2439559,kiemthugialap056@gmail.com,GET,/concerts?on_sale=true,7.873,200,ok,0,steady
1791235033.2457392,kiemthugialap034@gmail.com,GET,/orders/me,8.744,200,ok,0,steady
1791235033.27936,kiemthugialap096@gmail.com,GET,/orders/me,7.692,200,ok,0,steady
1791235033.280857,kiemthugialap011@gmail.com,GET,/orders/me,10.925,200,ok,0,steady
1791235033.2838614,kiemthugialap044@gmail.com,GET,/orders/me,4.26,200,ok,0,steady
1791235033.336561,kiemthugialap022@gmail.com,GET,/concerts,8.717,200,ok,0,steady
1791235033.3369956,kiemthugialap091@gmail.com,GET,/concerts?on_sale=true,7.705,200,ok,0,steady
1791235033.3382735,kiemthugialap035@gmail.com,GET,/orders/me,13.58,200,ok,0,steady
1791235033.3386612,kiemthugialap013@gmail.com,GET,/orders/me,12.654,200,ok,0,steady
1791235033.359271,kiemthugialap076@gmail.com,GET,/orders/me,6.909,200,ok,0,steady
1791235033.3628395,kiemthugialap068@gmail.com,GET,/orders/me,5.135,200,ok,0,steady
1791235033.371164,kiemthugialap026@gmail.com,GET,/orders/me,8.128,200,ok,0,steady
1791235033.3714926,kiemthugialap019@gmail.com,GET,/orders/me,7.962,200,ok,0,steady
1791235033.371775,kiemthugialap055@gmail.com,GET,/orders/me,7.404,200,ok,0,steady
1791235033.3903232,kiemthugialap054@gmail.com,GET,/concerts/{id},5.313,200,ok,0,steady
1791235033.410531,kiemthugialap062@gmail.com,GET,/concerts?on_sale=true,8.748,200,ok,0,steady
1791235033.413051,kiemthugialap014@gmail.com,GET,/orders/me,8.856,200,ok,0,steady
1791235033.4145572,kiemthugialap006@gmail.com,GET,/orders/me,11.135,200,ok,0,steady
1791235033.4165423,kiemthugialap030@gmail.com,GET,/concerts/{id},3.282,200,ok,0,steady
1791235033.455889,kiemthugialap092@gmail.com,GET,/orders/me,13.394,200,ok,0,steady
1791235033.4565837,kiemthugialap071@gmail.com,GET,/orders/me,15.337,200,ok,0,steady
1791235033.4571815,kiemthugialap025@gmail.com,GET,/orders/me,13.033,200,ok,0,steady
1791235033.4745452,kiemthugialap066@gmail.com,GET,/orders/me,12.077,200,ok,0,steady
1791235033.4888413,kiemthugialap074@gmail.com,GET,/orders/me,13.893,200,ok,0,steady
1791235033.4937525,kiemthugialap046@gmail.com,GET,/concerts?on_sale=true,12.615,200,ok,0,steady
1791235033.4956567,kiemthugialap018@gmail.com,GET,/orders/me,19.649,200,ok,0,steady
1791235033.5020728,kiemthugialap045@gmail.com,GET,/orders/me,8.028,200,ok,0,steady
1791235033.521587,kiemthugialap036@gmail.com,GET,/concerts?on_sale=true,7.246,200,ok,0,steady
1791235033.526043,kiemthugialap087@gmail.com,GET,/concerts/{id},4.156,200,ok,0,steady
1791235033.5589638,kiemthugialap010@gmail.com,GET,/orders/me,15.2,200,ok,0,steady
1791235033.5602596,kiemthugialap063@gmail.com,GET,/orders/me,14.89,200,ok,0,steady
1791235033.5608668,kiemthugialap049@gmail.com,GET,/orders/me,15.154,200,ok,0,steady
1791235033.5612836,kiemthugialap012@gmail.com,GET,/orders/me,16.351,200,ok,0,steady
1791235033.5687847,kiemthugialap067@gmail.com,GET,/concerts?on_sale=true,7.284,200,ok,0,steady
1791235033.569334,kiemthugialap051@gmail.com,GET,/concerts/{id},7.098,200,ok,0,steady
1791235033.5704699,kiemthugialap082@gmail.com,GET,/orders/me,6.763,200,ok,0,steady
1791235033.593068,kiemthugialap005@gmail.com,GET,/orders/me,7.018,200,ok,0,steady
1791235033.6656008,kiemthugialap075@gmail.com,GET,/concerts?on_sale=true,6.572,200,ok,0,steady
1791235033.6803176,kiemthugialap079@gmail.com,GET,/orders/me,6.187,200,ok,0,steady
1791235033.7324722,kiemthugialap042@gmail.com,GET,/orders/me,22.079,200,ok,0,steady
1791235033.732934,kiemthugialap038@gmail.com,GET,/orders/me,23.899,200,ok,0,steady
1791235033.7332883,kiemthugialap064@gmail.com,GET,/orders/me,23.474,200,ok,0,steady
1791235033.7492976,kiemthugialap097@gmail.com,GET,/orders/me,7.915,200,ok,0,steady
1791235033.749697,kiemthugialap040@gmail.com,GET,/concerts/{id},7.004,200,ok,0,steady
1791235033.7507381,kiemthugialap098@gmail.com,GET,/orders/me,8.464,200,ok,0,steady
1791235033.8148394,kiemthugialap094@gmail.com,GET,/orders/me,5.457,200,ok,0,steady
1791235033.8151948,kiemthugialap080@gmail.com,GET,/orders/me,6.341,200,ok,0,steady
1791235033.828017,kiemthugialap057@gmail.com,GET,/concerts/{id},3.605,200,ok,0,steady
1791235033.8313088,kiemthugialap059@gmail.com,GET,/concerts/{id},2.98,200,ok,0,steady
1791235033.8665648,kiemthugialap086@gmail.com,GET,/orders/me,7.084,200,ok,0,steady
1791235033.866981,kiemthugialap099@gmail.com,GET,/orders/me,6.323,200,ok,0,steady
1791235033.8987164,kiemthugialap073@gmail.com,GET,/orders/me,4.539,200,ok,0,steady
1791235033.9373257,kiemthugialap028@gmail.com,GET,/concerts,7.942,200,ok,0,steady
1791235033.9389937,kiemthugialap002@gmail.com,GET,/orders/me,11.824,200,ok,0,steady
1791235033.9410076,kiemthugialap043@gmail.com,GET,/orders/me,15.024,200,ok,0,steady
1791235033.9420314,kiemthugialap089@gmail.com,GET,/orders/me,15.208,200,ok,0,steady
1791235033.942463,kiemthugialap039@gmail.com,GET,/orders/me,13.741,200,ok,0,steady
1791235033.9453003,kiemthugialap081@gmail.com,GET,/orders/me,6.131,200,ok,0,steady
1791235033.948082,kiemthugialap008@gmail.com,GET,/concerts,2.629,200,ok,0,steady
1791235033.9681816,kiemthugialap001@gmail.com,GET,/concerts/{id},6.842,200,ok,0,steady
1791235033.9695816,kiemthugialap047@gmail.com,GET,/orders/me,8.657,200,ok,0,steady
1791235033.970023,kiemthugialap037@gmail.com,GET,/orders/me,9.737,200,ok,0,steady
1791235033.98047,kiemthugialap015@gmail.com,GET,/orders/me,4.888,200,ok,0,steady
1791235034.014716,kiemthugialap088@gmail.com,GET,/orders/me,4.715,200,ok,0,steady
1791235034.0180461,kiemthugialap007@gmail.com,GET,/orders/me,3.162,200,ok,0,steady
1791235034.0202277,kiemthugialap009@gmail.com,GET,/concerts/{id},2.052,200,ok,0,steady
1791235034.0580022,kiemthugialap029@gmail.com,GET,/orders/me,11.857,200,ok,0,steady
1791235034.0603669,kiemthugialap021@gmail.com,GET,/orders/me,14.635,200,ok,0,steady
1791235034.0608246,kiemthugialap020@gmail.com,GET,/orders/me,17.93,200,ok,0,steady
1791235034.062184,kiemthugialap017@gmail.com,GET,/orders/me,14.962,200,ok,0,steady
1791235034.0628266,kiemthugialap065@gmail.com,GET,/orders/me,17.529,200,ok,0,steady
1791235034.067286,kiemthugialap033@gmail.com,GET,/orders/me,6.33,200,ok,0,steady
1791235034.0683649,kiemthugialap077@gmail.com,GET,/orders/me,9.655,200,ok,0,steady
1791235034.06972,kiemthugialap078@gmail.com,GET,/concerts,2.291,200,ok,0,steady
1791235034.0974815,kiemthugialap052@gmail.com,GET,/orders/me,5.503,200,ok,0,steady
1791235034.09994,kiemthugialap041@gmail.com,GET,/concerts,2.265,200,ok,0,steady
1791235034.131679,kiemthugialap013@gmail.com,GET,/concerts/{id},5.056,200,ok,0,steady
1791235034.1327953,kiemthugialap004@gmail.com,GET,/orders/me,5.353,200,ok,0,steady
1791235034.219093,kiemthugialap051@gmail.com,GET,/orders/me,7.529,200,ok,0,steady
1791235034.220604,kiemthugialap048@gmail.com,GET,/orders/me,8.69,200,ok,0,steady
1791235034.2209752,kiemthugialap027@gmail.com,GET,/orders/me,10.15,200,ok,0,steady
1791235034.2239714,kiemthugialap030@gmail.com,GET,/orders/me,4.691,200,ok,0,steady
1791235034.2243118,kiemthugialap095@gmail.com,GET,/orders/me,4.696,200,ok,0,steady
1791235034.2472382,kiemthugialap060@gmail.com,GET,/orders/me,5.421,200,ok,0,steady
1791235034.2810593,kiemthugialap054@gmail.com,GET,/orders/me,4.708,200,ok,0,steady
1791235034.3168943,kiemthugialap032@gmail.com,GET,/concerts,23.563,200,ok,0,steady
1791235034.317962,kiemthugialap072@gmail.com,GET,/concerts,22.986,200,ok,0,steady
1791235034.320685,kiemthugialap091@gmail.com,GET,/orders/me,26.71,200,ok,0,steady
1791235034.3215616,kiemthugialap035@gmail.com,GET,/orders/me,27.053,200,ok,0,steady
1791235034.321937,kiemthugialap053@gmail.com,GET,/orders/me,29.237,200,ok,0,steady
1791235034.3235416,kiemthugialap011@gmail.com,GET,/orders/me,12.802,200,ok,0,steady
1791235034.3248196,kiemthugialap068@gmail.com,GET,/orders/me,15.463,200,ok,0,steady
1791235034.3278756,kiemthugialap069@gmail.com,GET,/orders/me,4.162,200,ok,0,steady
1791235034.349371,kiemthugialap085@gmail.com,GET,/concerts/{id},6.349,200,ok,0,steady
1791235034.351568,kiemthugialap019@gmail.com,GET,/orders/me,9.524,200,ok,0,steady
1791235034.352558,kiemthugialap014@gmail.com,GET,/orders/me,8.262,200,ok,0,steady
1791235034.3553538,kiemthugialap003@gmail.com,GET,/orders/me,5.759,200,ok,0,steady
1791235034.3558989,kiemthugialap058@gmail.com,GET,/orders/me,4.162,200,ok,0,steady
1791235034.3645937,kiemthugialap045@gmail.com,GET,/orders/me,6.273,200,ok,0,steady
1791235034.368053,kiemthugialap050@gmail.com,GET,/concerts,3.232,200,ok,0,steady
1791235034.3982196,kiemthugialap034@gmail.com,GET,/concerts/{id},5.039,200,ok,0,steady
1791235034.3985817,kiemthugialap055@gmail.com,GET,/concerts,4.283,200,ok,0,steady
1791235034.4190454,kiemthugialap022@gmail.com,GET,/orders/me,9.204,200,ok,0,steady
1791235034.4196515,kiemthugialap061@gmail.com,GET,/orders/me,8.133,200,ok,0,steady
1791235034.4200037,kiemthugialap012@gmail.com,GET,/orders/me,8.79,200,ok,0,steady
1791235034.433761,kiemthugialap066@gmail.com,GET,/concerts,7.375,200,ok,0,steady
1791235034.4348166,kiemthugialap062@gmail.com,GET,/orders/me,7.603,200,ok,0,steady
1791235034.4368672,kiemthugialap093@gmail.com,GET,/orders/me,2.941,200,ok,0,steady
1791235034.4396672,kiemthugialap067@gmail.com,GET,/orders/me,2.682,200,ok,0,steady
1791235034.443258,kiemthugialap031@gmail.com,GET,/orders/me,3.463,200,ok,0,steady
1791235034.4628427,kiemthugialap086@gmail.com,GET,/concerts,4.056,200,ok,0,steady
1791235034.4820864,kiemthugialap006@gmail.com,GET,/orders/me,5.951,200,ok,0,steady
1791235034.515601,kiemthugialap042@gmail.com,GET,/orders/me,6.149,200,ok,0,steady
1791235034.5213065,kiemthugialap023@gmail.com,GET,/orders/me,5.531,200,ok,0,steady
1791235034.5217187,kiemthugialap028@gmail.com,GET,/orders/me,5.669,200,ok,0,steady
1791235034.529887,kiemthugialap057@gmail.com,GET,/concerts,3.725,200,ok,0,steady
1791235034.5303211,kiemthugialap024@gmail.com,GET,/concerts,4.921,200,ok,0,steady
1791235034.5530524,kiemthugialap073@gmail.com,GET,/orders/me,7.718,200,ok,0,steady
1791235034.5540254,kiemthugialap087@gmail.com,GET,/orders/me,9.344,200,ok,0,steady
1791235034.5543432,kiemthugialap001@gmail.com,GET,/orders/me,8.221,200,ok,0,steady
1791235034.5559363,kiemthugialap007@gmail.com,GET,/orders/me,2.704,200,ok,0,steady
1791235034.6327932,kiemthugialap016@gmail.com,GET,/orders/me,6.17,200,ok,0,steady
1791235034.649003,kiemthugialap021@gmail.com,GET,/concerts?on_sale=true,4.019,200,ok,0,steady
1791235034.6494296,kiemthugialap074@gmail.com,GET,/concerts/{id},5.776,200,ok,0,steady
1791235034.6657338,kiemthugialap070@gmail.com,GET,/orders/me,6.9,200,ok,0,steady
1791235034.6661434,kiemthugialap025@gmail.com,GET,/concerts,4.567,200,ok,0,steady
1791235034.7154555,kiemthugialap041@gmail.com,GET,/orders/me,6.544,200,ok,0,steady
1791235034.7158,kiemthugialap059@gmail.com,GET,/orders/me,5.416,200,ok,0,steady
1791235034.7187018,kiemthugialap039@gmail.com,GET,/orders/me,2.804,200,ok,0,steady
1791235034.7675767,kiemthugialap075@gmail.com,GET,/orders/me,6.807,200,ok,0,steady
1791235034.767994,kiemthugialap036@gmail.com,GET,/orders/me,6.307,200,ok,0,steady
1791235034.7861545,kiemthugialap090@gmail.com,GET,/orders/me,8.788,200,ok,0,steady
1791235034.7865832,kiemthugialap015@gmail.com,GET,/orders/me,8.937,200,ok,0,steady
1791235034.786905,kiemthugialap064@gmail.com,GET,/orders/me,10.711,200,ok,0,steady
1791235034.8139017,kiemthugialap083@gmail.com,GET,/concerts/{id},4.978,200,ok,0,steady
1791235034.8650165,kiemthugialap010@gmail.com,GET,/concerts,6.185,200,ok,0,steady
1791235034.8664203,kiemthugialap096@gmail.com,GET,/orders/me,6.048,200,ok,0,steady
1791235034.9029057,kiemthugialap056@gmail.com,GET,/orders/me,10.515,200,ok,0,steady
1791235034.904122,kiemthugialap008@gmail.com,GET,/orders/me,12.805,200,ok,0,steady
1791235034.9044888,kiemthugialap044@gmail.com,GET,/orders/me,11.756,200,ok,0,steady
1791235034.9065733,kiemthugialap017@gmail.com,GET,/orders/me,3.406,200,ok,0,steady
1791235034.9317849,kiemthugialap030@gmail.com,GET,/orders/me,6.36,200,ok,0,steady
1791235034.984694,kiemthugialap038@gmail.com,GET,/concerts,8.88,200,ok,0,steady
1791235034.9856617,kiemthugialap082@gmail.com,GET,/orders/me,8.758,200,ok,0,steady
1791235034.9860864,kiemthugialap084@gmail.com,GET,/orders/me,8.822,200,ok,0,steady
1791235034.9884884,kiemthugialap076@gmail.com,GET,/concerts?on_sale=true,2.276,200,ok,0,steady
1791235034.995523,kiemthugialap100@gmail.com,GET,/concerts,4.089,200,ok,0,steady
1791235035.0361927,kiemthugialap081@gmail.com,GET,/concerts/{id},10.69,200,ok,0,steady
1791235035.0372128,kiemthugialap051@gmail.com,GET,/concerts?on_sale=true,10.413,200,ok,0,steady
1791235035.0383444,kiemthugialap046@gmail.com,GET,/orders/me,11.101,200,ok,0,steady
1791235035.0387256,kiemthugialap013@gmail.com,GET,/orders/me,9.785,200,ok,0,steady
1791235035.1317692,kiemthugialap094@gmail.com,GET,/orders/me,5.853,200,ok,0,steady
1791235035.1466296,kiemthugialap068@gmail.com,GET,/orders/me,4.664,200,ok,0,steady
1791235035.1832933,kiemthugialap037@gmail.com,GET,/orders/me,5.915,200,ok,0,steady
1791235035.215844,kiemthugialap071@gmail.com,GET,/orders/me,6.995,200,ok,0,steady
1791235035.2162004,kiemthugialap031@gmail.com,GET,/orders/me,6.217,200,ok,0,steady
1791235035.231601,kiemthugialap039@gmail.com,GET,/orders/me,6.032,200,ok,0,steady
1791235035.2361581,kiemthugialap004@gmail.com,GET,/orders/me,4.362,200,ok,0,steady
1791235035.284231,kiemthugialap026@gmail.com,GET,/orders/me,5.992,200,ok,0,steady
1791235035.2846866,kiemthugialap092@gmail.com,GET,/orders/me,7.205,200,ok,0,steady
1791235035.2972245,kiemthugialap005@gmail.com,GET,/concerts/{id},4.09,200,ok,0,steady
1791235035.303061,kiemthugialap073@gmail.com,GET,/orders/me,5.218,200,ok,0,steady
1791235035.303423,kiemthugialap079@gmail.com,GET,/orders/me,6.004,200,ok,0,steady
1791235035.3659904,kiemthugialap018@gmail.com,GET,/concerts?on_sale=true,7.249,200,ok,0,steady
1791235035.3674088,kiemthugialap003@gmail.com,GET,/orders/me,8.146,200,ok,0,steady
1791235035.3677812,kiemthugialap060@gmail.com,GET,/orders/me,7.479,200,ok,0,steady
1791235035.370957,kiemthugialap014@gmail.com,GET,/orders/me,3.057,200,ok,0,steady
1791235035.3788457,kiemthugialap090@gmail.com,GET,/orders/me,4.441,200,ok,0,steady
1791235035.4235086,kiemthugialap059@gmail.com,GET,/concerts,11.561,200,ok,0,steady
1791235035.427456,kiemthugialap012@gmail.com,GET,/concerts/{id},16.655,200,ok,0,steady
1791235035.4278762,kiemthugialap020@gmail.com,GET,/concerts?on_sale=true,16.228,200,ok,0,steady
1791235035.4282577,kiemthugialap078@gmail.com,GET,/concerts/{id},17.155,200,ok,0,steady
1791235035.4286356,kiemthugialap029@gmail.com,GET,/concerts,15.114,200,ok,0,steady
1791235035.4289286,kiemthugialap022@gmail.com,GET,/orders/me,19.189,200,ok,0,steady
1791235035.4292066,kiemthugialap028@gmail.com,GET,/orders/me,17.825,200,ok,0,steady
1791235035.4320242,kiemthugialap035@gmail.com,GET,/concerts?on_sale=true,7.602,200,ok,0,steady
1791235035.4330592,kiemthugialap057@gmail.com,GET,/concerts?on_sale=true,9.347,200,ok,0,steady
1791235035.4343076,kiemthugialap069@gmail.com,GET,/orders/me,10.182,200,ok,0,steady
1791235035.4361534,kiemthugialap098@gmail.com,GET,/orders/me,4.005,200,ok,0,steady
1791235035.447871,kiemthugialap011@gmail.com,GET,/concerts/{id},6.575,200,ok,0,steady
1791235035.4483938,kiemthugialap058@gmail.com,GET,/concerts?on_sale=true,5.849,200,ok,0,steady
1791235035.4981024,kiemthugialap047@gmail.com,GET,/orders/me,4.291,200,ok,0,steady
1791235035.5328782,kiemthugialap050@gmail.com,GET,/orders/me,6.723,200,ok,0,steady
1791235035.5332398,kiemthugialap063@gmail.com,GET,/orders/me,6.288,200,ok,0,steady
1791235035.5465198,kiemthugialap049@gmail.com,GET,/concerts?on_sale=true,4.14,200,ok,0,steady
1791235035.5651922,kiemthugialap055@gmail.com,GET,/orders/me,4.362,200,ok,0,steady
1791235035.5825944,kiemthugialap052@gmail.com,GET,/concerts,5.093,200,ok,0,steady
1791235035.5834394,kiemthugialap064@gmail.com,GET,/orders/me,6.906,200,ok,0,steady
1791235035.5856476,kiemthugialap076@gmail.com,GET,/concerts,2.094,200,ok,0,steady
1791235035.6353037,kiemthugialap027@gmail.com,GET,/orders/me,8.425,200,ok,0,steady
1791235035.6358483,kiemthugialap016@gmail.com,GET,/orders/me,9.912,200,ok,0,steady
1791235035.636201,kiemthugialap080@gmail.com,GET,/orders/me,8.994,200,ok,0,steady
1791235035.639193,kiemthugialap054@gmail.com,GET,/orders/me,2.86,200,ok,0,steady
1791235035.6791744,kiemthugialap088@gmail.com,GET,/orders/me,18.32,200,ok,0,steady
1791235035.6811402,kiemthugialap002@gmail.com,GET,/orders/me,22.086,200,ok,0,steady
1791235035.683722,kiemthugialap024@gmail.com,GET,/concerts?on_sale=true,3.754,200,ok,0,steady
1791235035.684781,kiemthugialap040@gmail.com,GET,/orders/me,5.369,200,ok,0,steady
1791235035.6869876,kiemthugialap009@gmail.com,GET,/orders/me,3.148,200,ok,0,steady
1791235035.7519443,kiemthugialap043@gmail.com,GET,/orders/me,9.37,200,ok,0,steady
1791235035.7529166,kiemthugialap097@gmail.com,GET,/orders/me,8.737,200,ok,0,steady
1791235035.7532446,kiemthugialap001@gmail.com,GET,/orders/me,9.46,200,ok,0,steady
1791235035.7545688,kiemthugialap099@gmail.com,GET,/concerts/{id},2.477,200,ok,0,steady
1791235035.786009,kiemthugialap056@gmail.com,GET,/orders/me,9.554,200,ok,0,steady
1791235035.786454,kiemthugialap065@gmail.com,GET,/orders/me,9.002,200,ok,0,steady
1791235035.7867517,kiemthugialap044@gmail.com,GET,/orders/me,9.043,200,ok,0,steady
1791235035.8077605,kiemthugialap086@gmail.com,GET,/concerts,8.985,200,ok,0,steady
1791235035.8101132,kiemthugialap051@gmail.com,GET,/orders/me,10.619,200,ok,0,steady
1791235035.8107157,kiemthugialap096@gmail.com,GET,/orders/me,11.61,200,ok,0,steady
1791235035.8112357,kiemthugialap093@gmail.com,GET,/orders/me,13.351,200,ok,0,steady
1791235035.831301,kiemthugialap021@gmail.com,GET,/concerts,5.522,200,ok,0,steady
1791235035.8332114,kiemthugialap091@gmail.com,GET,/orders/me,6.327,200,ok,0,steady
1791235035.835414,kiemthugialap036@gmail.com,GET,/concerts/{id},3.908,200,ok,0,steady
1791235035.8476055,kiemthugialap045@gmail.com,GET,/orders/me,4.989,200,ok,0,steady
1791235035.9140828,kiemthugialap062@gmail.com,GET,/concerts/{id},36.69,200,ok,0,steady
1791235035.9145343,kiemthugialap041@gmail.com,GET,/concerts,34.16,200,ok,0,steady
1791235035.919391,kiemthugialap092@gmail.com,GET,/orders/me,39.628,200,ok,0,steady
1791235035.919855,kiemthugialap053@gmail.com,GET,/orders/me,43.972,200,ok,0,steady
1791235035.92026,kiemthugialap067@gmail.com,GET,/orders/me,43.317,200,ok,0,steady
1791235035.9265594,kiemthugialap061@gmail.com,GET,/orders/me,34.064,200,ok,0,steady
1791235035.926812,kiemthugialap072@gmail.com,GET,/concerts/{id},15.181,200,ok,0,steady
1791235035.9275181,kiemthugialap089@gmail.com,GET,/orders/me,35.535,200,ok,0,steady
1791235035.928721,kiemthugialap008@gmail.com,GET,/orders/me,17.963,200,ok,0,steady
1791235035.9300077,kiemthugialap073@gmail.com,GET,/orders/me,17.789,200,ok,0,steady
1791235035.9313657,kiemthugialap018@gmail.com,GET,/orders/me,12.672,200,ok,0,steady
1791235035.9477031,kiemthugialap007@gmail.com,GET,/concerts,5.619,200,ok,0,steady
1791235035.966389,kiemthugialap046@gmail.com,GET,/orders/me,5.473,200,ok,0,steady
1791235035.966854,kiemthugialap015@gmail.com,GET,/orders/me,6.987,200,ok,0,steady
1791235035.981648,kiemthugialap066@gmail.com,GET,/orders/me,5.614,200,ok,0,steady
1791235036.0017161,kiemthugialap038@gmail.com,GET,/concerts/{id},8.632,200,ok,0,steady
1791235036.0023954,kiemthugialap083@gmail.com,GET,/concerts/{id},9.966,200,ok,0,steady
1791235036.0034678,kiemthugialap100@gmail.com,GET,/orders/me,9.408,200,ok,0,steady
1791235036.0317147,kiemthugialap077@gmail.com,GET,/orders/me,6.989,200,ok,0,steady
1791235036.0330143,kiemthugialap033@gmail.com,GET,/orders/me,7.855,200,ok,0,steady
1791235036.03531,kiemthugialap058@gmail.com,GET,/orders/me,3.382,200,ok,0,steady
1791235036.065961,kiemthugialap060@gmail.com,GET,/orders/me,7.549,200,ok,0,steady
1791235036.084079,kiemthugialap049@gmail.com,GET,/concerts/{id},7.607,200,ok,0,steady
1791235036.0851257,kiemthugialap082@gmail.com,GET,/orders/me,8.095,200,ok,0,steady
1791235036.0970125,kiemthugialap025@gmail.com,GET,/orders/me,5.117,200,ok,0,steady
1791235036.1025019,kiemthugialap057@gmail.com,GET,/orders/me,5.316,200,ok,0,steady
1791235036.102881,kiemthugialap048@gmail.com,GET,/orders/me,5.075,200,ok,0,steady
1791235036.114861,kiemthugialap075@gmail.com,GET,/orders/me,6.311,200,ok,0,steady
1791235036.1465414,kiemthugialap010@gmail.com,GET,/concerts?on_sale=true,4.727,200,ok,0,steady
1791235036.1613138,kiemthugialap034@gmail.com,GET,/concerts?on_sale=true,3.57,200,ok,0,steady
1791235036.1650066,kiemthugialap005@gmail.com,GET,/orders/me,3.512,200,ok,0,steady
1791235036.1801414,kiemthugialap074@gmail.com,GET,/orders/me,5.547,200,ok,0,steady
1791235036.1982086,kiemthugialap032@gmail.com,GET,/concerts/{id},6.589,200,ok,0,steady
1791235036.1991174,kiemthugialap095@gmail.com,GET,/orders/me,6.781,200,ok,0,steady
1791235036.2171364,kiemthugialap085@gmail.com,GET,/concerts,3.726,200,ok,0,steady
1791235036.2485118,kiemthugialap017@gmail.com,GET,/orders/me,6.844,200,ok,0,steady
1791235036.2644272,kiemthugialap024@gmail.com,GET,/orders/me,4.535,200,ok,0,steady
1791235036.2801669,kiemthugialap087@gmail.com,GET,/orders/me,5.167,200,ok,0,steady
1791235036.2836978,kiemthugialap070@gmail.com,GET,/orders/me,3.391,200,ok,0,steady
1791235036.3159208,kiemthugialap084@gmail.com,GET,/orders/me,5.562,200,ok,0,steady
1791235036.3163795,kiemthugialap094@gmail.com,GET,/orders/me,7.156,200,ok,0,steady
1791235036.3189504,kiemthugialap027@gmail.com,GET,/concerts/{id},2.45,200,ok,0,steady
1791235036.3325014,kiemthugialap019@gmail.com,GET,/orders/me,6.145,200,ok,0,steady
1791235036.3340073,kiemthugialap037@gmail.com,GET,/orders/me,8.637,200,ok,0,steady
1791235036.337994,kiemthugialap040@gmail.com,GET,/orders/me,5.241,200,ok,0,steady
1791235036.3390694,kiemthugialap068@gmail.com,GET,/orders/me,4.918,200,ok,0,steady
1791235036.3643785,kiemthugialap006@gmail.com,GET,/orders/me,5.248,200,ok,0,steady
1791235036.401391,kiemthugialap096@gmail.com,GET,/orders/me,7.298,200,ok,0,steady
1791235036.4017432,kiemthugialap098@gmail.com,GET,/orders/me,8.623,200,ok,0,steady
1791235036.4022012,kiemthugialap042@gmail.com,GET,/orders/me,7.825,200,ok,0,steady
1791235036.4143517,kiemthugialap022@gmail.com,GET,/concerts?on_sale=true,4.98,200,ok,0,steady
1791235036.4153495,kiemthugialap004@gmail.com,GET,/concerts/{id},4.473,200,ok,0,steady
1791235036.417801,kiemthugialap013@gmail.com,GET,/orders/me,3.259,200,ok,0,steady
1791235036.4205184,kiemthugialap031@gmail.com,GET,/orders/me,2.593,200,ok,0,steady
1791235036.4317064,kiemthugialap069@gmail.com,GET,/orders/me,5.916,200,ok,0,steady
1791235036.432606,kiemthugialap002@gmail.com,GET,/concerts,5.409,200,ok,0,steady
1791235036.466674,kiemthugialap023@gmail.com,GET,/concerts/{id},5.306,200,ok,0,steady
1791235036.4676726,kiemthugialap041@gmail.com,GET,/concerts?on_sale=true,6.705,200,ok,0,steady
1791235036.4680388,kiemthugialap064@gmail.com,GET,/concerts,8.586,200,ok,0,steady
1791235036.4692833,kiemthugialap030@gmail.com,GET,/orders/me,8.708,200,ok,0,steady
1791235036.533863,kiemthugialap039@gmail.com,GET,/orders/me,7.171,200,ok,0,steady
1791235036.548081,kiemthugialap093@gmail.com,GET,/orders/me,5.375,200,ok,0,steady
1791235036.5637026,kiemthugialap036@gmail.com,GET,/orders/me,5.404,200,ok,0,steady
1791235036.6300223,kiemthugialap090@gmail.com,GET,/orders/me,37.394,200,ok,0,steady
1791235036.6303513,kiemthugialap028@gmail.com,GET,/orders/me,36.871,200,ok,0,steady
1791235036.6313195,kiemthugialap092@gmail.com,GET,/orders/me,37.543,200,ok,0,steady
1791235036.6320589,kiemthugialap057@gmail.com,GET,/orders/me,21.05,200,ok,0,steady
1791235036.6331716,kiemthugialap021@gmail.com,GET,/concerts?on_sale=true,6.024,200,ok,0,steady
1791235036.6495948,kiemthugialap099@gmail.com,GET,/orders/me,5.769,200,ok,0,steady
1791235036.6816957,kiemthugialap063@gmail.com,GET,/orders/me,4.256,200,ok,0,steady
1791235036.7153268,kiemthugialap072@gmail.com,GET,/concerts/{id},5.361,200,ok,0,steady
1791235036.7157333,kiemthugialap047@gmail.com,GET,/concerts,4.67,200,ok,0,steady
1791235036.78531,kiemthugialap052@gmail.com,GET,/orders/me,6.652,200,ok,0,steady
1791235036.7864177,kiemthugialap049@gmail.com,GET,/orders/me,9.677,200,ok,0,steady
1791235036.7884924,kiemthugialap074@gmail.com,GET,/orders/me,2.959,200,ok,0,steady
1791235036.8134737,kiemthugialap088@gmail.com,GET,/orders/me,5.065,200,ok,0,steady
1791235036.8165836,kiemthugialap050@gmail.com,GET,/orders/me,2.95,200,ok,0,steady
1791235036.8497787,kiemthugialap076@gmail.com,GET,/orders/me,7.294,200,ok,0,steady
1791235036.8503106,kiemthugialap091@gmail.com,GET,/orders/me,7.02,200,ok,0,steady
1791235036.8809795,kiemthugialap001@gmail.com,GET,/orders/me,5.057,200,ok,0,steady
1791235036.9142373,kiemthugialap097@gmail.com,GET,/concerts?on_sale=true,4.731,200,ok,0,steady
1791235036.9185183,kiemthugialap011@gmail.com,GET,/orders/me,4.15,200,ok,0,steady
1791235036.921236,kiemthugialap038@gmail.com,GET,/orders/me,2.598,200,ok,0,steady
1791235036.9485662,kiemthugialap029@gmail.com,GET,/orders/me,5.994,200,ok,0,steady
1791235036.9649377,kiemthugialap055@gmail.com,GET,/concerts?on_sale=true,5.279,200,ok,0,steady
1791235036.9829903,kiemthugialap062@gmail.com,GET,/concerts/{id},6.292,200,ok,0,steady
1791235036.9843416,kiemthugialap024@gmail.com,GET,/orders/me,6.637,200,ok,0,steady
1791235036.999825,kiemthugialap096@gmail.com,GET,/concerts?on_sale=true,7.066,200,ok,0,steady
1791235037.0018113,kiemthugialap089@gmail.com,GET,/concerts/{id},8.725,200,ok,0,steady
1791235037.0022116,kiemthugialap081@gmail.com,GET,/orders/me,10.377,200,ok,0,steady
1791235037.005716,kiemthugialap071@gmail.com,GET,/concerts/{id},5.714,200,ok,0,steady
1791235037.0075758,kiemthugialap067@gmail.com,GET,/orders/me,6.883,200,ok,0,steady
1791235037.0082486,kiemthugialap080@gmail.com,GET,/orders/me,7.821,200,ok,0,steady
1791235037.0311472,kiemthugialap051@gmail.com,GET,/orders/me,4.935,200,ok,0,steady
1791235037.0825438,kiemthugialap084@gmail.com,GET,/concerts?on_sale=true,5.418,200,ok,0,steady
1791235037.083586,kiemthugialap075@gmail.com,GET,/orders/me,7.345,200,ok,0,steady
1791235037.0875916,kiemthugialap022@gmail.com,GET,/orders/me,4.873,200,ok,0,steady
1791235037.0884895,kiemthugialap039@gmail.com,GET,/orders/me,4.775,200,ok,0,steady
1791235037.0899792,kiemthugialap007@gmail.com,GET,/concerts,2.256,200,ok,0,steady
1791235037.1327713,kiemthugialap014@gmail.com,GET,/orders/me,5.993,200,ok,0,steady
1791235037.1332092,kiemthugialap078@gmail.com,GET,/orders/me,5.77,200,ok,0,steady
1791235037.1487415,kiemthugialap012@gmail.com,GET,/concerts,6.056,200,ok,0,steady
1791235037.1502075,kiemthugialap061@gmail.com,GET,/orders/me,6.844,200,ok,0,steady
1791235037.1663244,kiemthugialap020@gmail.com,GET,/concerts,5.834,200,ok,0,steady
1791235037.1673687,kiemthugialap023@gmail.com,GET,/orders/me,5.985,200,ok,0,steady
1791235037.201814,kiemthugialap063@gmail.com,GET,/orders/me,8.622,200,ok,0,steady
1791235037.2134092,kiemthugialap059@gmail.com,GET,/concerts,5.068,200,ok,0,steady
1791235037.214746,kiemthugialap021@gmail.com,GET,/orders/me,7.145,200,ok,0,steady
1791235037.2176986,kiemthugialap056@gmail.com,GET,/orders/me,4.061,200,ok,0,steady
1791235037.2205765,kiemthugialap043@gmail.com,GET,/concerts,2.698,200,ok,0,steady
1791235037.2512796,kiemthugialap083@gmail.com,GET,/concerts/{id},9.616,200,ok,0,steady
1791235037.2535288,kiemthugialap027@gmail.com,GET,/orders/me,9.857,200,ok,0,steady
1791235037.2546165,kiemthugialap094@gmail.com,GET,/orders/me,11.617,200,ok,0,steady
1791235037.2549841,kiemthugialap057@gmail.com,GET,/orders/me,9.953,200,ok,0,steady
1791235037.2572627,kiemthugialap086@gmail.com,GET,/orders/me,3.587,200,ok,0,steady
1791235037.281562,kiemthugialap046@gmail.com,GET,/orders/me,6.747,200,ok,0,steady
1791235037.2851865,kiemthugialap003@gmail.com,GET,/concerts/{id},5.151,200,ok,0,steady
1791235037.2856011,kiemthugialap026@gmail.com,GET,/concerts,6.258,200,ok,0,steady
1791235037.2990844,kiemthugialap079@gmail.com,GET,/orders/me,6.213,200,ok,0,steady
1791235037.31465,kiemthugialap054@gmail.com,GET,/concerts?on_sale=true,5.397,200,ok,0,steady
1791235037.4002683,kiemthugialap035@gmail.com,GET,/concerts?on_sale=true,7.931,200,ok,0,steady
1791235037.40138,kiemthugialap015@gmail.com,GET,/orders/me,8.021,200,ok,0,steady
1791235037.4313507,kiemthugialap017@gmail.com,GET,/concerts,4.069,200,ok,0,steady
1791235037.4328218,kiemthugialap085@gmail.com,GET,/orders/me,6.587,200,ok,0,steady
1791235037.4340942,kiemthugialap013@gmail.com,GET,/concerts/{id},2.614,200,ok,0,steady
1791235037.4483314,kiemthugialap076@gmail.com,GET,/orders/me,5.324,200,ok,0,steady
1791235037.4650025,kiemthugialap016@gmail.com,GET,/concerts,5.477,200,ok,0,steady
1791235037.466058,kiemthugialap009@gmail.com,GET,/orders/me,5.271,200,ok,0,steady
1791235037.4852939,kiemthugialap091@gmail.com,GET,/orders/me,7.951,200,ok,0,steady
1791235037.4857523,kiemthugialap008@gmail.com,GET,/orders/me,9.374,200,ok,0,steady
1791235037.4860427,kiemthugialap045@gmail.com,GET,/orders/me,7.726,200,ok,0,steady
1791235037.4892778,kiemthugialap018@gmail.com,GET,/orders/me,3.115,200,ok,0,steady
1791235037.5325727,kiemthugialap100@gmail.com,GET,/orders/me,6.564,200,ok,0,steady
1791235037.5334313,kiemthugialap047@gmail.com,GET,/orders/me,6.571,200,ok,0,steady
1791235037.5354095,kiemthugialap073@gmail.com,GET,/orders/me,2.696,200,ok,0,steady
1791235037.5656679,kiemthugialap095@gmail.com,GET,/concerts?on_sale=true,5.049,200,ok,0,steady
1791235037.56659,kiemthugialap074@gmail.com,GET,/orders/me,7.115,200,ok,0,steady
1791235037.5813608,kiemthugialap030@gmail.com,GET,/concerts/{id},4.141,200,ok,0,steady
1791235037.5824373,kiemthugialap099@gmail.com,GET,/orders/me,6.222,200,ok,0,steady
1791235037.6328804,kiemthugialap062@gmail.com,GET,/concerts/{id},5.384,200,ok,0,steady
1791235037.6342287,kiemthugialap070@gmail.com,GET,/orders/me,7.323,200,ok,0,steady
1791235037.6368942,kiemthugialap050@gmail.com,GET,/orders/me,3.853,200,ok,0,steady
1791235037.6459992,kiemthugialap064@gmail.com,GET,/concerts/{id},4.196,200,ok,0,steady
1791235037.6791909,kiemthugialap044@gmail.com,GET,/concerts/{id},19.421,200,ok,0,steady
1791235037.679565,kiemthugialap002@gmail.com,GET,/concerts/{id},18.873,200,ok,0,steady
1791235037.6817417,kiemthugialap080@gmail.com,GET,/concerts?on_sale=true,4.091,200,ok,0,steady
1791235037.69929,kiemthugialap065@gmail.com,GET,/orders/me,5.733,200,ok,0,steady
1791235037.7030067,kiemthugialap069@gmail.com,GET,/orders/me,3.526,200,ok,0,steady
1791235037.7052763,kiemthugialap098@gmail.com,GET,/concerts?on_sale=true,2.133,200,ok,0,steady
1791235037.722298,kiemthugialap052@gmail.com,GET,/orders/me,7.882,200,ok,0,steady
1791235037.722749,kiemthugialap068@gmail.com,GET,/orders/me,9.118,200,ok,0,steady
1791235037.7839324,kiemthugialap058@gmail.com,GET,/orders/me,7.411,200,ok,0,steady
1791235037.7843766,kiemthugialap077@gmail.com,GET,/orders/me,6.842,200,ok,0,steady
1791235037.7846968,kiemthugialap033@gmail.com,GET,/orders/me,9.036,200,ok,0,steady
1791235037.8139155,kiemthugialap001@gmail.com,GET,/concerts/{id},5.048,200,ok,0,steady
1791235037.8148978,kiemthugialap066@gmail.com,GET,/orders/me,5.426,200,ok,0,steady
1791235037.8369014,kiemthugialap053@gmail.com,GET,/orders/me,10.973,200,ok,0,steady
1791235037.8374705,kiemthugialap041@gmail.com,GET,/orders/me,10.291,200,ok,0,steady
1791235037.8378854,kiemthugialap060@gmail.com,GET,/orders/me,9.851,200,ok,0,steady
1791235037.841854,kiemthugialap029@gmail.com,GET,/orders/me,3.821,200,ok,0,steady
1791235037.8644896,kiemthugialap025@gmail.com,GET,/orders/me,5.884,200,ok,0,steady
1791235037.897631,kiemthugialap004@gmail.com,GET,/orders/me,4.213,200,ok,0,steady
1791235037.9301462,kiemthugialap036@gmail.com,GET,/concerts?on_sale=true,4.212,200,ok,0,steady
1791235037.9643772,kiemthugialap087@gmail.com,GET,/orders/me,4.435,200,ok,0,steady
1791235037.9665961,kiemthugialap040@gmail.com,GET,/concerts?on_sale=true,2.06,200,ok,0,steady
1791235037.9696233,kiemthugialap032@gmail.com,GET,/orders/me,2.832,200,ok,0,steady
1791235037.9996567,kiemthugialap031@gmail.com,GET,/concerts,5.467,200,ok,0,steady
1791235038.0005274,kiemthugialap054@gmail.com,GET,/concerts?on_sale=true,7.819,200,ok,0,steady
1791235038.0014117,kiemthugialap093@gmail.com,GET,/orders/me,7.559,200,ok,0,steady
1791235038.0043235,kiemthugialap082@gmail.com,GET,/orders/me,4.537,200,ok,0,steady
1791235038.0052152,kiemthugialap017@gmail.com,GET,/orders/me,4.566,200,ok,0,steady
1791235038.0072844,kiemthugialap097@gmail.com,GET,/concerts,1.936,200,ok,0,steady
1791235038.0500035,kiemthugialap043@gmail.com,GET,/concerts/{id},6.362,200,ok,0,steady
1791235038.0521739,kiemthugialap071@gmail.com,GET,/orders/me,7.379,200,ok,0,steady
1791235038.0553825,kiemthugialap048@gmail.com,GET,/orders/me,5.121,200,ok,0,steady
1791235038.0582528,kiemthugialap005@gmail.com,GET,/orders/me,2.76,200,ok,0,steady
1791235038.1007054,kiemthugialap086@gmail.com,GET,/orders/me,7.505,200,ok,0,steady
1791235038.1017911,kiemthugialap037@gmail.com,GET,/orders/me,7.315,200,ok,0,steady
1791235038.102274,kiemthugialap010@gmail.com,GET,/orders/me,10.195,200,ok,0,steady
1791235038.1336186,kiemthugialap034@gmail.com,GET,/orders/me,7.896,200,ok,0,steady
1791235038.135288,kiemthugialap055@gmail.com,GET,/orders/me,10.522,200,ok,0,steady
1791235038.1475918,kiemthugialap062@gmail.com,GET,/orders/me,4.382,200,ok,0,steady
1791235038.181701,kiemthugialap028@gmail.com,GET,/concerts?on_sale=true,5.612,200,ok,0,steady
1791235038.1831126,kiemthugialap090@gmail.com,GET,/orders/me,8.173,200,ok,0,steady
1791235038.2362506,kiemthugialap094@gmail.com,GET,/concerts?on_sale=true,9.984,200,ok,0,steady
1791235038.236634,kiemthugialap081@gmail.com,GET,/concerts/{id},8.791,200,ok,0,steady
1791235038.2370121,kiemthugialap003@gmail.com,GET,/concerts/{id},10.398,200,ok,0,steady
1791235038.238699,kiemthugialap092@gmail.com,GET,/orders/me,12.758,200,ok,0,steady
1791235038.2390988,kiemthugialap006@gmail.com,GET,/orders/me,13.703,200,ok,0,steady
1791235038.239612,kiemthugialap024@gmail.com,GET,/orders/me,11.157,200,ok,0,steady
1791235038.24101,kiemthugialap019@gmail.com,GET,/concerts/{id},5.758,200,ok,0,steady
1791235038.253497,kiemthugialap049@gmail.com,GET,/orders/me,5.6,200,ok,0,steady
1791235038.2575543,kiemthugialap056@gmail.com,GET,/orders/me,3.811,200,ok,0,steady
1791235038.2636306,kiemthugialap039@gmail.com,GET,/orders/me,4.358,200,ok,0,steady
1791235038.2802846,kiemthugialap052@gmail.com,GET,/orders/me,5.681,200,ok,0,steady
1791235038.3157406,kiemthugialap079@gmail.com,GET,/orders/me,7.175,200,ok,0,steady
1791235038.3161726,kiemthugialap057@gmail.com,GET,/orders/me,6.848,200,ok,0,steady
1791235038.3474908,kiemthugialap042@gmail.com,GET,/orders/me,5.589,200,ok,0,steady
1791235038.3822968,kiemthugialap072@gmail.com,GET,/orders/me,7.655,200,ok,0,steady
1791235038.413905,kiemthugialap008@gmail.com,GET,/concerts,5.512,200,ok,0,steady
1791235038.4476914,kiemthugialap051@gmail.com,GET,/orders/me,5.785,200,ok,0,steady
1791235038.4514546,kiemthugialap015@gmail.com,GET,/concerts?on_sale=true,3.483,200,ok,0,steady
1791235038.4680984,kiemthugialap038@gmail.com,GET,/concerts/{id},4.348,200,ok,0,steady
1791235038.4718227,kiemthugialap075@gmail.com,GET,/orders/me,3.527,200,ok,0,steady
1791235038.4805744,kiemthugialap022@gmail.com,GET,/concerts?on_sale=true,4.383,200,ok,0,steady
1791235038.4976995,kiemthugialap078@gmail.com,GET,/orders/me,5.971,200,ok,0,steady
1791235038.5136647,kiemthugialap027@gmail.com,GET,/orders/me,5.397,200,ok,0,steady
1791235038.5184124,kiemthugialap089@gmail.com,GET,/orders/me,4.46,200,ok,0,steady
1791235038.5473046,kiemthugialap063@gmail.com,GET,/orders/me,5.774,200,ok,0,steady
1791235038.550817,kiemthugialap095@gmail.com,GET,/orders/me,3.333,200,ok,0,steady
1791235038.584091,kiemthugialap043@gmail.com,GET,/concerts/{id},7.328,200,ok,0,steady
1791235038.5846343,kiemthugialap001@gmail.com,GET,/concerts,6.89,200,ok,0,steady
1791235038.5859685,kiemthugialap069@gmail.com,GET,/orders/me,8.632,200,ok,0,steady
1791235038.6141174,kiemthugialap054@gmail.com,GET,/concerts,5.215,200,ok,0,steady
1791235038.6152308,kiemthugialap080@gmail.com,GET,/orders/me,5.427,200,ok,0,steady
1791235038.6458228,kiemthugialap007@gmail.com,GET,/concerts,4.034,200,ok,0,steady
1791235038.667764,kiemthugialap099@gmail.com,GET,/concerts?on_sale=true,7.975,200,ok,0,steady
1791235038.6688907,kiemthugialap077@gmail.com,GET,/concerts?on_sale=true,10.016,200,ok,0,steady
1791235038.6701179,kiemthugialap093@gmail.com,GET,/orders/me,9.996,200,ok,0,steady
1791235038.673047,kiemthugialap011@gmail.com,GET,/orders/me,2.813,200,ok,0,steady
1791235038.6801913,kiemthugialap096@gmail.com,GET,/orders/me,4.048,200,ok,0,steady
1791235038.729961,kiemthugialap088@gmail.com,GET,/concerts,3.274,200,ok,0,steady
1791235038.7330256,kiemthugialap014@gmail.com,GET,/orders/me,2.932,200,ok,0,steady
1791235038.7356584,kiemthugialap017@gmail.com,GET,/orders/me,2.522,200,ok,0,steady
1791235038.7650533,kiemthugialap083@gmail.com,GET,/concerts?on_sale=true,4.657,200,ok,0,steady
1791235038.765897,kiemthugialap003@gmail.com,GET,/concerts/{id},4.209,200,ok,0,steady
1791235038.7671797,kiemthugialap033@gmail.com,GET,/concerts/{id},1.979,200,ok,0,steady
1791235038.796475,kiemthugialap021@gmail.com,GET,/orders/me,19.664,200,ok,0,steady
1791235038.796858,kiemthugialap031@gmail.com,GET,/orders/me,21.157,200,ok,0,steady
1791235038.798013,kiemthugialap068@gmail.com,GET,/orders/me,17.677,200,ok,0,steady
1791235038.8143196,kiemthugialap061@gmail.com,GET,/orders/me,5.575,200,ok,0,steady
1791235038.8183298,kiemthugialap085@gmail.com,GET,/concerts/{id},3.737,200,ok,0,steady
1791235038.8186698,kiemthugialap084@gmail.com,GET,/concerts,3.334,200,ok,0,steady
1791235038.8667307,kiemthugialap065@gmail.com,GET,/orders/me,7.092,200,ok,0,steady
1791235038.8861463,kiemthugialap048@gmail.com,GET,/orders/me,10.243,200,ok,0,steady
1791235038.8872612,kiemthugialap062@gmail.com,GET,/orders/me,10.24,200,ok,0,steady
1791235038.888309,kiemthugialap023@gmail.com,GET,/orders/me,7.882,200,ok,0,steady
1791235038.8886263,kiemthugialap047@gmail.com,GET,/orders/me,7.274,200,ok,0,steady
1791235038.8905938,kiemthugialap009@gmail.com,GET,/orders/me,4.279,200,ok,0,steady
1791235038.9159622,kiemthugialap100@gmail.com,GET,/orders/me,7.897,200,ok,0,steady
1791235038.9201922,kiemthugialap045@gmail.com,GET,/orders/me,3.977,200,ok,0,steady
1791235038.9829466,kiemthugialap067@gmail.com,GET,/concerts/{id},6.648,200,ok,0,steady
1791235038.9839833,kiemthugialap058@gmail.com,GET,/orders/me,6.95,200,ok,0,steady
1791235039.0019228,kiemthugialap020@gmail.com,GET,/concerts/{id},5.096,200,ok,0,steady
1791235039.0030587,kiemthugialap013@gmail.com,GET,/orders/me,5.082,200,ok,0,steady
1791235039.0054185,kiemthugialap004@gmail.com,GET,/orders/me,3.347,200,ok,0,steady
1791235039.008263,kiemthugialap036@gmail.com,GET,/orders/me,2.729,200,ok,0,steady
1791235039.012656,kiemthugialap028@gmail.com,GET,/orders/me,4.257,200,ok,0,steady
1791235039.0169933,kiemthugialap012@gmail.com,GET,/concerts?on_sale=true,3.638,200,ok,0,steady
1791235039.0182133,kiemthugialap041@gmail.com,GET,/orders/me,5.369,200,ok,0,steady
1791235039.022561,kiemthugialap035@gmail.com,GET,/orders/me,4.146,200,ok,0,steady
1791235039.0274518,kiemthugialap074@gmail.com,GET,/orders/me,4.684,200,ok,0,steady
1791235039.051527,kiemthugialap059@gmail.com,GET,/orders/me,8.347,200,ok,0,steady
1791235039.0519845,kiemthugialap098@gmail.com,GET,/orders/me,9.461,200,ok,0,steady
1791235039.052305,kiemthugialap042@gmail.com,GET,/orders/me,8.81,200,ok,0,steady
1791235039.080772,kiemthugialap092@gmail.com,GET,/concerts?on_sale=true,4.284,200,ok,0,steady
1791235039.1022472,kiemthugialap066@gmail.com,GET,/concerts,6.813,200,ok,0,steady
1791235039.1043403,kiemthugialap095@gmail.com,GET,/orders/me,7.949,200,ok,0,steady
1791235039.1047444,kiemthugialap002@gmail.com,GET,/orders/me,11.481,200,ok,0,steady
1791235039.105074,kiemthugialap081@gmail.com,GET,/orders/me,10.808,200,ok,0,steady
1791235039.131844,kiemthugialap069@gmail.com,GET,/concerts/{id},5.944,200,ok,0,steady
1791235039.1322,kiemthugialap049@gmail.com,GET,/concerts/{id},4.383,200,ok,0,steady
1791235039.1647258,kiemthugialap027@gmail.com,GET,/concerts,5.776,200,ok,0,steady
1791235039.1658516,kiemthugialap034@gmail.com,GET,/orders/me,4.759,200,ok,0,steady
1791235039.168023,kiemthugialap071@gmail.com,GET,/orders/me,3.171,200,ok,0,steady
1791235039.232922,kiemthugialap087@gmail.com,GET,/concerts/{id},22.733,200,ok,0,steady
1791235039.236936,kiemthugialap097@gmail.com,GET,/orders/me,25.732,200,ok,0,steady
1791235039.2385874,kiemthugialap078@gmail.com,GET,/orders/me,13.58,200,ok,0,steady
1791235039.2390966,kiemthugialap046@gmail.com,GET,/orders/me,12.979,200,ok,0,steady
1791235039.2662854,kiemthugialap090@gmail.com,GET,/orders/me,22.974,200,ok,0,steady
1791235039.2666638,kiemthugialap044@gmail.com,GET,/orders/me,24.171,200,ok,0,steady
1791235039.2736742,kiemthugialap026@gmail.com,GET,/orders/me,13.549,200,ok,0,steady
1791235039.2741716,kiemthugialap054@gmail.com,GET,/orders/me,13.055,200,ok,0,steady
1791235039.2758098,kiemthugialap055@gmail.com,GET,/orders/me,8.217,200,ok,0,steady
1791235039.2766187,kiemthugialap019@gmail.com,GET,/orders/me,9.8,200,ok,0,steady
1791235039.3196678,kiemthugialap091@gmail.com,GET,/orders/me,6.612,200,ok,0,steady
1791235039.3302743,kiemthugialap089@gmail.com,GET,/concerts/{id},3.815,200,ok,0,steady
1791235039.350737,kiemthugialap040@gmail.com,GET,/concerts,9.175,200,ok,0,steady
1791235039.3524547,kiemthugialap057@gmail.com,GET,/orders/me,9.928,200,ok,0,steady
1791235039.3529832,kiemthugialap016@gmail.com,GET,/orders/me,9.954,200,ok,0,steady
1791235039.3803797,kiemthugialap060@gmail.com,GET,/orders/me,5.386,200,ok,0,steady
1791235039.3982325,kiemthugialap010@gmail.com,GET,/orders/me,6.742,200,ok,0,steady
1791235039.4035213,kiemthugialap079@gmail.com,GET,/orders/me,5.008,200,ok,0,steady
1791235039.4065447,kiemthugialap065@gmail.com,GET,/concerts,2.811,200,ok,0,steady
1791235039.4130683,kiemthugialap082@gmail.com,GET,/orders/me,4.977,200,ok,0,steady
1791235039.4364974,kiemthugialap076@gmail.com,GET,/orders/me,8.741,200,ok,0,steady
1791235039.43704,kiemthugialap070@gmail.com,GET,/orders/me,10.23,200,ok,0,steady
1791235039.4786773,kiemthugialap018@gmail.com,GET,/concerts?on_sale=true,6.337,200,ok,0,steady
1791235039.499088,kiemthugialap008@gmail.com,GET,/orders/me,7.004,200,ok,0,steady
1791235039.5001132,kiemthugialap039@gmail.com,GET,/orders/me,7.187,200,ok,0,steady
1791235039.50248,kiemthugialap073@gmail.com,GET,/orders/me,3.227,200,ok,0,steady
1791235039.5165772,kiemthugialap030@gmail.com,GET,/orders/me,6.456,200,ok,0,steady
1791235039.5170689,kiemthugialap050@gmail.com,GET,/orders/me,8.802,200,ok,0,steady
1791235039.529983,kiemthugialap037@gmail.com,GET,/concerts/{id},3.738,200,ok,0,steady
1791235039.5483863,kiemthugialap053@gmail.com,GET,/orders/me,5.645,200,ok,0,steady
1791235039.5813365,kiemthugialap064@gmail.com,GET,/orders/me,6.246,200,ok,0,steady
1791235039.5994282,kiemthugialap001@gmail.com,GET,/concerts?on_sale=true,6.54,200,ok,0,steady
1791235039.6007543,kiemthugialap006@gmail.com,GET,/orders/me,8.709,200,ok,0,steady
1791235039.6271436,kiemthugialap012@gmail.com,GET,/concerts/{id},15.854,200,ok,0,steady
1791235039.6314733,kiemthugialap056@gmail.com,GET,/orders/me,21.912,200,ok,0,steady
1791235039.6321027,kiemthugialap029@gmail.com,GET,/orders/me,23.664,200,ok,0,steady
1791235039.6339345,kiemthugialap023@gmail.com,GET,/orders/me,9.031,200,ok,0,steady
1791235039.6465943,kiemthugialap077@gmail.com,GET,/concerts?on_sale=true,3.812,200,ok,0,steady
1791235039.6623516,kiemthugialap011@gmail.com,GET,/concerts,3.922,200,ok,0,steady
1791235039.6848845,kiemthugialap099@gmail.com,GET,/concerts/{id},8.652,200,ok,0,steady
1791235039.68721,kiemthugialap002@gmail.com,GET,/orders/me,12.007,200,ok,0,steady
1791235039.6878855,kiemthugialap024@gmail.com,GET,/orders/me,11.3,200,ok,0,steady
1791235039.6882625,kiemthugialap084@gmail.com,GET,/orders/me,11.332,200,ok,0,steady
1791235039.716142,kiemthugialap047@gmail.com,GET,/concerts/{id},7.432,200,ok,0,steady
1791235039.7176182,kiemthugialap075@gmail.com,GET,/orders/me,7.985,200,ok,0,steady
1791235039.7179596,kiemthugialap085@gmail.com,GET,/orders/me,7.963,200,ok,0,steady
1791235039.7334826,kiemthugialap035@gmail.com,GET,/concerts?on_sale=true,7.342,200,ok,0,steady
1791235039.7352476,kiemthugialap005@gmail.com,GET,/concerts,10.251,200,ok,0,steady
1791235039.735871,kiemthugialap049@gmail.com,GET,/concerts?on_sale=true,9.071,200,ok,0,steady
1791235039.738212,kiemthugialap071@gmail.com,GET,/orders/me,4.491,200,ok,0,steady
1791235039.8342633,kiemthugialap062@gmail.com,GET,/concerts?on_sale=true,7.62,200,ok,0,steady
1791235039.8362653,kiemthugialap025@gmail.com,GET,/orders/me,8.818,200,ok,0,steady
1791235039.8366427,kiemthugialap094@gmail.com,GET,/orders/me,8.052,200,ok,0,steady
1791235039.8387313,kiemthugialap004@gmail.com,GET,/orders/me,4.326,200,ok,0,steady
1791235039.8648202,kiemthugialap052@gmail.com,GET,/orders/me,4.338,200,ok,0,steady
1791235039.8681378,kiemthugialap032@gmail.com,GET,/orders/me,3.165,200,ok,0,steady
1791235039.8825734,kiemthugialap048@gmail.com,GET,/orders/me,6.006,200,ok,0,steady
1791235039.8830945,kiemthugialap027@gmail.com,GET,/orders/me,7.408,200,ok,0,steady
1791235039.9633262,kiemthugialap095@gmail.com,GET,/concerts,18.663,200,ok,0,steady
1791235039.9664633,kiemthugialap096@gmail.com,GET,/orders/me,22.766,200,ok,0,steady
1791235039.970449,kiemthugialap072@gmail.com,GET,/orders/me,21.935,200,ok,0,steady
1791235039.9718244,kiemthugialap042@gmail.com,GET,/orders/me,21.598,200,ok,0,steady
1791235039.9721153,kiemthugialap007@gmail.com,GET,/orders/me,22.638,200,ok,0,steady
1791235039.9723868,kiemthugialap080@gmail.com,GET,/orders/me,11.603,200,ok,0,steady
1791235039.9830797,kiemthugialap054@gmail.com,GET,/orders/me,7.073,200,ok,0,steady
1791235039.9972305,kiemthugialap022@gmail.com,GET,/concerts?on_sale=true,4.996,200,ok,0,steady
1791235040.0150816,kiemthugialap058@gmail.com,GET,/orders/me,4.727,200,ok,0,steady
1791235040.0522423,kiemthugialap021@gmail.com,GET,/concerts?on_sale=true,8.011,200,ok,0,steady
1791235040.053042,kiemthugialap089@gmail.com,GET,/concerts?on_sale=true,9.234,200,ok,0,steady
1791235040.0547526,kiemthugialap013@gmail.com,GET,/orders/me,13.015,200,ok,0,steady
1791235040.055174,kiemthugialap086@gmail.com,GET,/orders/me,11.805,200,ok,0,steady
1791235040.114207,kiemthugialap069@gmail.com,GET,/concerts,5.74,200,ok,0,steady
1791235040.1300998,kiemthugialap019@gmail.com,GET,/concerts?on_sale=true,4.078,200,ok,0,steady
1791235040.1484141,kiemthugialap010@gmail.com,GET,/orders/me,5.457,200,ok,0,steady
1791235040.2033603,kiemthugialap087@gmail.com,GET,/concerts?on_sale=true,9.832,200,ok,0,steady
1791235040.204222,kiemthugialap008@gmail.com,GET,/orders/me,9.077,200,ok,0,steady
1791235040.2046442,kiemthugialap083@gmail.com,GET,/orders/me,9.913,200,ok,0,steady
1791235040.2171447,kiemthugialap045@gmail.com,GET,/concerts?on_sale=true,7.742,200,ok,0,steady
1791235040.2188087,kiemthugialap065@gmail.com,GET,/orders/me,8.452,200,ok,0,steady
1791235040.2192855,kiemthugialap073@gmail.com,GET,/orders/me,8.489,200,ok,0,steady
1791235040.2206917,kiemthugialap001@gmail.com,GET,/concerts?on_sale=true,3.313,200,ok,0,steady
1791235040.26733,kiemthugialap038@gmail.com,GET,/concerts?on_sale=true,5.362,200,ok,0,steady
1791235040.2682767,kiemthugialap015@gmail.com,GET,/orders/me,7.231,200,ok,0,steady
1791235040.2836795,kiemthugialap017@gmail.com,GET,/orders/me,6.141,200,ok,0,steady
1791235040.2846825,kiemthugialap091@gmail.com,GET,/orders/me,6.551,200,ok,0,steady
1791235040.2859437,kiemthugialap066@gmail.com,GET,/concerts/{id},2.082,200,ok,0,steady
1791235040.2981527,kiemthugialap035@gmail.com,GET,/orders/me,4.776,200,ok,0,steady
1791235040.3011553,kiemthugialap079@gmail.com,GET,/orders/me,2.857,200,ok,0,steady
1791235040.3477476,kiemthugialap081@gmail.com,GET,/orders/me,5.092,200,ok,0,steady
1791235040.3666444,kiemthugialap088@gmail.com,GET,/orders/me,7.022,200,ok,0,steady
1791235040.3670013,kiemthugialap067@gmail.com,GET,/orders/me,5.482,200,ok,0,steady
1791235040.385441,kiemthugialap009@gmail.com,GET,/orders/me,4.774,200,ok,0,steady
1791235040.3983405,kiemthugialap028@gmail.com,GET,/orders/me,4.432,200,ok,0,steady
1791235040.4338803,kiemthugialap051@gmail.com,GET,/orders/me,6.762,200,ok,0,steady
1791235040.4652708,kiemthugialap050@gmail.com,GET,/orders/me,5.695,200,ok,0,steady
1791235040.465689,kiemthugialap020@gmail.com,GET,/orders/me,7.109,200,ok,0,steady
1791235040.4814556,kiemthugialap075@gmail.com,GET,/orders/me,6.406,200,ok,0,steady
1791235040.5010567,kiemthugialap014@gmail.com,GET,/concerts,5.788,200,ok,0,steady
1791235040.5032194,kiemthugialap076@gmail.com,GET,/orders/me,10.728,200,ok,0,steady
1791235040.5035703,kiemthugialap043@gmail.com,GET,/orders/me,9.932,200,ok,0,steady
1791235040.5058835,kiemthugialap056@gmail.com,GET,/concerts?on_sale=true,4.294,200,ok,0,steady
1791235040.5071273,kiemthugialap082@gmail.com,GET,/orders/me,5.874,200,ok,0,steady
1791235040.510565,kiemthugialap063@gmail.com,GET,/orders/me,4.534,200,ok,0,steady
1791235040.5327454,kiemthugialap036@gmail.com,GET,/concerts,7.049,200,ok,0,steady
1791235040.5337944,kiemthugialap092@gmail.com,GET,/orders/me,7.277,200,ok,0,steady
1791235040.5841398,kiemthugialap016@gmail.com,GET,/orders/me,7.393,200,ok,0,steady
1791235040.584647,kiemthugialap007@gmail.com,GET,/orders/me,7.429,200,ok,0,steady
1791235040.6020813,kiemthugialap031@gmail.com,GET,/concerts?on_sale=true,5.264,200,ok,0,steady
1791235040.6025686,kiemthugialap030@gmail.com,GET,/concerts,5.286,200,ok,0,steady
1791235040.6326346,kiemthugialap032@gmail.com,GET,/concerts?on_sale=true,4.836,200,ok,0,steady
1791235040.6375291,kiemthugialap027@gmail.com,GET,/orders/me,4.627,200,ok,0,steady
1791235040.642115,kiemthugialap093@gmail.com,GET,/concerts/{id},4.401,200,ok,0,steady
1791235040.6488478,kiemthugialap003@gmail.com,GET,/concerts,3.687,200,ok,0,steady
1791235040.6702743,kiemthugialap034@gmail.com,GET,/orders/me,10.021,200,ok,0,steady
1791235040.6940818,kiemthugialap033@gmail.com,GET,/orders/me,6.064,200,ok,0,steady
1791235040.7119484,kiemthugialap010@gmail.com,GET,/concerts?on_sale=true,9.093,200,ok,0,steady
1791235040.734513,kiemthugialap090@gmail.com,GET,/orders/me,31.351,200,ok,0,steady
1791235040.7351604,kiemthugialap061@gmail.com,GET,/orders/me,30.901,200,ok,0,steady
1791235040.7356339,kiemthugialap041@gmail.com,GET,/orders/me,33.433,200,ok,0,steady
1791235040.7395034,kiemthugialap078@gmail.com,GET,/orders/me,6.76,200,ok,0,steady
1791235040.7717178,kiemthugialap011@gmail.com,GET,/concerts/{id},22.195,200,ok,0,steady
1791235040.776598,kiemthugialap005@gmail.com,GET,/orders/me,25.977,200,ok,0,steady
1791235040.7781155,kiemthugialap085@gmail.com,GET,/orders/me,27.756,200,ok,0,steady
1791235040.7785513,kiemthugialap098@gmail.com,GET,/orders/me,28.48,200,ok,0,steady
1791235040.7813003,kiemthugialap068@gmail.com,GET,/orders/me,4.429,200,ok,0,steady
1791235040.7914531,kiemthugialap099@gmail.com,GET,/concerts?on_sale=true,4.379,200,ok,0,steady
1791235040.7958775,kiemthugialap065@gmail.com,GET,/orders/me,4.226,200,ok,0,steady
1791235040.845797,kiemthugialap097@gmail.com,GET,/orders/me,8.224,200,ok,0,steady
1791235040.8473492,kiemthugialap066@gmail.com,GET,/orders/me,7.922,200,ok,0,steady
1791235040.850624,kiemthugialap059@gmail.com,GET,/orders/me,4.595,200,ok,0,steady
1791235040.85584,kiemthugialap074@gmail.com,GET,/orders/me,4.985,200,ok,0,steady
1791235040.8605187,kiemthugialap100@gmail.com,GET,/orders/me,4.447,200,ok,0,steady
1791235040.8810635,kiemthugialap045@gmail.com,GET,/orders/me,4.54,200,ok,0,steady
1791235040.8937469,kiemthugialap046@gmail.com,GET,/concerts/{id},4.329,200,ok,0,steady
1791235040.9603999,kiemthugialap040@gmail.com,GET,/orders/me,4.627,200,ok,0,steady
1791235040.9805965,kiemthugialap073@gmail.com,GET,/orders/me,7.781,200,ok,0,steady
1791235040.9817245,kiemthugialap022@gmail.com,GET,/orders/me,10.078,200,ok,0,steady
1791235040.9820375,kiemthugialap042@gmail.com,GET,/orders/me,9.599,200,ok,0,steady
1791235040.983879,kiemthugialap081@gmail.com,GET,/orders/me,3.07,200,ok,0,steady
1791235041.046119,kiemthugialap082@gmail.com,GET,/orders/me,7.474,200,ok,0,steady
1791235041.0465627,kiemthugialap055@gmail.com,GET,/orders/me,7.346,200,ok,0,steady
1791235041.0568035,kiemthugialap060@gmail.com,GET,/concerts,3.064,200,ok,0,steady
1791235041.078305,kiemthugialap012@gmail.com,GET,/orders/me,7.065,200,ok,0,steady
1791235041.092949,kiemthugialap044@gmail.com,GET,/orders/me,5.736,200,ok,0,steady
1791235041.0982451,kiemthugialap025@gmail.com,GET,/orders/me,5.014,200,ok,0,steady
1791235041.1306834,kiemthugialap049@gmail.com,GET,/orders/me,9.499,200,ok,0,steady
1791235041.1321537,kiemthugialap035@gmail.com,GET,/orders/me,9.367,200,ok,0,steady
1791235041.1340673,kiemthugialap009@gmail.com,GET,/concerts,3.138,200,ok,0,steady
1791235041.1353993,kiemthugialap026@gmail.com,GET,/concerts,3.121,200,ok,0,steady
1791235041.1411185,kiemthugialap015@gmail.com,GET,/orders/me,6.615,200,ok,0,steady
1791235041.142722,kiemthugialap029@gmail.com,GET,/orders/me,8.509,200,ok,0,steady
1791235041.1449623,kiemthugialap023@gmail.com,GET,/concerts?on_sale=true,3.633,200,ok,0,steady
1791235041.1859121,kiemthugialap004@gmail.com,GET,/concerts,6.51,200,ok,0,steady
1791235041.187755,kiemthugialap093@gmail.com,GET,/orders/me,7.428,200,ok,0,steady
1791235041.2024658,kiemthugialap018@gmail.com,GET,/orders/me,4.888,200,ok,0,steady
1791235041.221124,kiemthugialap032@gmail.com,GET,/concerts?on_sale=true,7.303,200,ok,0,steady
1791235041.2217047,kiemthugialap070@gmail.com,GET,/orders/me,8.872,200,ok,0,steady
1791235041.2435799,kiemthugialap088@gmail.com,GET,/concerts,8.357,200,ok,0,steady
1791235041.2444406,kiemthugialap092@gmail.com,GET,/concerts/{id},9.756,200,ok,0,steady
1791235041.2449331,kiemthugialap069@gmail.com,GET,/orders/me,11.415,200,ok,0,steady
1791235041.2790272,kiemthugialap006@gmail.com,GET,/concerts?on_sale=true,11.99,200,ok,0,steady
1791235041.279567,kiemthugialap043@gmail.com,GET,/orders/me,14.577,200,ok,0,steady
1791235041.2809727,kiemthugialap096@gmail.com,GET,/orders/me,10.307,200,ok,0,steady
1791235041.318226,kiemthugialap087@gmail.com,GET,/concerts?on_sale=true,11.962,200,ok,0,steady
1791235041.323693,kiemthugialap057@gmail.com,GET,/concerts?on_sale=true,16.994,200,ok,0,steady
1791235041.3243704,kiemthugialap086@gmail.com,GET,/concerts,17.357,200,ok,0,steady
1791235041.3249245,kiemthugialap007@gmail.com,GET,/orders/me,19.837,200,ok,0,steady
1791235041.327494,kiemthugialap064@gmail.com,GET,/concerts?on_sale=true,8.964,200,ok,0,steady
1791235041.3475046,kiemthugialap002@gmail.com,GET,/concerts,8.772,200,ok,0,steady
1791235041.3487525,kiemthugialap089@gmail.com,GET,/orders/me,8.886,200,ok,0,steady
1791235041.3824635,kiemthugialap090@gmail.com,GET,/concerts/{id},11.074,200,ok,0,steady
1791235041.3854733,kiemthugialap072@gmail.com,GET,/orders/me,12.369,200,ok,0,steady
1791235041.386485,kiemthugialap037@gmail.com,GET,/orders/me,13.739,200,ok,0,steady
1791235041.3869197,kiemthugialap078@gmail.com,GET,/orders/me,12.189,200,ok,0,steady
1791235041.393274,kiemthugialap020@gmail.com,GET,/orders/me,10.547,200,ok,0,steady
1791235041.3952653,kiemthugialap024@gmail.com,GET,/orders/me,9.613,200,ok,0,steady
1791235041.4445152,kiemthugialap053@gmail.com,GET,/orders/me,6.225,200,ok,0,steady
1791235041.459588,kiemthugialap039@gmail.com,GET,/concerts?on_sale=true,3.352,200,ok,0,steady
1791235041.4606266,kiemthugialap071@gmail.com,GET,/orders/me,5.734,200,ok,0,steady
1791235041.495304,kiemthugialap077@gmail.com,GET,/concerts,6.713,200,ok,0,steady
1791235041.4962482,kiemthugialap047@gmail.com,GET,/orders/me,6.845,200,ok,0,steady
1791235041.5109015,kiemthugialap065@gmail.com,GET,/concerts,4.712,200,ok,0,steady
1791235041.5119483,kiemthugialap085@gmail.com,GET,/orders/me,4.901,200,ok,0,steady
1791235041.5435183,kiemthugialap013@gmail.com,GET,/orders/me,5.546,200,ok,0,steady
1791235041.5613446,kiemthugialap084@gmail.com,GET,/orders/me,4.123,200,ok,0,steady
1791235041.5662882,kiemthugialap027@gmail.com,GET,/orders/me,4.714,200,ok,0,steady
1791235041.5667055,kiemthugialap095@gmail.com,GET,/orders/me,4.383,200,ok,0,steady
1791235041.5917664,kiemthugialap031@gmail.com,GET,/concerts?on_sale=true,4.741,200,ok,0,steady
1791235041.5967863,kiemthugialap011@gmail.com,GET,/orders/me,4.769,200,ok,0,steady
1791235041.6270392,kiemthugialap058@gmail.com,GET,/orders/me,6.571,200,ok,0,steady
1791235041.6449065,kiemthugialap082@gmail.com,GET,/orders/me,4.288,200,ok,0,steady
1791235041.650115,kiemthugialap094@gmail.com,GET,/orders/me,4.531,200,ok,0,steady
1791235041.6505208,kiemthugialap040@gmail.com,GET,/orders/me,5.418,200,ok,0,steady
1791235041.6758468,kiemthugialap026@gmail.com,GET,/concerts,6.171,200,ok,0,steady
1791235041.6772974,kiemthugialap061@gmail.com,GET,/orders/me,6.418,200,ok,0,steady
1791235041.6905038,kiemthugialap052@gmail.com,GET,/orders/me,4.342,200,ok,0,steady
1791235041.7083247,kiemthugialap030@gmail.com,GET,/concerts/{id},4.165,200,ok,0,steady
1791235041.7618132,kiemthugialap032@gmail.com,GET,/concerts?on_sale=true,18.383,200,ok,0,steady
1791235041.7636673,kiemthugialap016@gmail.com,GET,/orders/me,22.039,200,ok,0,steady
1791235041.7643409,kiemthugialap019@gmail.com,GET,/orders/me,23.797,200,ok,0,steady
1791235041.7650867,kiemthugialap042@gmail.com,GET,/orders/me,23.064,200,ok,0,steady
1791235041.7654955,kiemthugialap066@gmail.com,GET,/orders/me,23.228,200,ok,0,steady
1791235041.796631,kiemthugialap062@gmail.com,GET,/concerts?on_sale=true,5.867,200,ok,0,steady
1791235041.8515224,kiemthugialap023@gmail.com,GET,/orders/me,13.864,200,ok,0,steady
1791235041.8542948,kiemthugialap093@gmail.com,GET,/orders/me,15.546,200,ok,0,steady
1791235041.859053,kiemthugialap036@gmail.com,GET,/concerts/{id},6.066,200,ok,0,steady
1791235041.8924115,kiemthugialap048@gmail.com,GET,/orders/me,6.255,200,ok,0,steady
1791235041.8968077,kiemthugialap033@gmail.com,GET,/orders/me,4.19,200,ok,0,steady
1791235041.9117062,kiemthugialap034@gmail.com,GET,/orders/me,4.663,200,ok,0,steady
1791235041.957011,kiemthugialap096@gmail.com,GET,/orders/me,26.232,200,ok,0,steady
1791235041.9837139,kiemthugialap054@gmail.com,GET,/orders/me,51.839,200,ok,0,steady
1791235041.9844475,kiemthugialap021@gmail.com,GET,/orders/me,52.226,200,ok,0,steady
1791235041.9878109,kiemthugialap080@gmail.com,GET,/orders/me,39.341,200,ok,0,steady
1791235042.0045276,kiemthugialap083@gmail.com,GET,/concerts/{id},6.937,200,ok,0,steady
1791235042.024134,kiemthugialap073@gmail.com,GET,/concerts,8.153,200,ok,0,steady
1791235042.024835,kiemthugialap015@gmail.com,GET,/concerts/{id},9.64,200,ok,0,steady
1791235042.0255747,kiemthugialap008@gmail.com,GET,/orders/me,9.246,200,ok,0,steady
1791235042.0591629,kiemthugialap087@gmail.com,GET,/concerts/{id},8.308,200,ok,0,steady
1791235042.0602593,kiemthugialap001@gmail.com,GET,/orders/me,11.939,200,ok,0,steady
1791235042.0606215,kiemthugialap046@gmail.com,GET,/orders/me,11.851,200,ok,0,steady
1791235042.0609353,kiemthugialap014@gmail.com,GET,/orders/me,13.732,200,ok,0,steady
1791235042.0726051,kiemthugialap009@gmail.com,GET,/concerts,3.745,200,ok,0,steady
1791235042.086497,kiemthugialap097@gmail.com,GET,/orders/me,4.067,200,ok,0,steady
1791235042.1010585,kiemthugialap067@gmail.com,GET,/concerts/{id},3.597,200,ok,0,steady
1791235042.1390116,kiemthugialap010@gmail.com,GET,/orders/me,9.535,200,ok,0,steady
1791235042.1394193,kiemthugialap081@gmail.com,GET,/orders/me,8.905,200,ok,0,steady
1791235042.1399384,kiemthugialap074@gmail.com,GET,/orders/me,7.004,200,ok,0,steady
1791235042.152608,kiemthugialap079@gmail.com,GET,/orders/me,5.962,200,ok,0,steady
1791235042.152937,kiemthugialap055@gmail.com,GET,/orders/me,5.52,200,ok,0,steady
1791235042.1695526,kiemthugialap094@gmail.com,GET,/concerts/{id},5.16,200,ok,0,steady
1791235042.170898,kiemthugialap017@gmail.com,GET,/orders/me,7.665,200,ok,0,steady
1791235042.1897333,kiemthugialap007@gmail.com,GET,/orders/me,7.631,200,ok,0,steady
1791235042.1901412,kiemthugialap063@gmail.com,GET,/orders/me,6.352,200,ok,0,steady
1791235042.2029855,kiemthugialap050@gmail.com,GET,/orders/me,5.32,200,ok,0,steady
1791235042.2354116,kiemthugialap038@gmail.com,GET,/orders/me,21.63,200,ok,0,steady
1791235042.237893,kiemthugialap091@gmail.com,GET,/orders/me,22.766,200,ok,0,steady
1791235042.239672,kiemthugialap095@gmail.com,GET,/orders/me,9.877,200,ok,0,steady
1791235042.2405512,kiemthugialap085@gmail.com,GET,/orders/me,4.859,200,ok,0,steady
1791235042.2860022,kiemthugialap056@gmail.com,GET,/concerts?on_sale=true,4.774,200,ok,0,steady
1791235042.300413,kiemthugialap049@gmail.com,GET,/concerts/{id},3.03,200,ok,0,steady
1791235042.3178473,kiemthugialap090@gmail.com,GET,/orders/me,4.875,200,ok,0,steady
1791235042.3527653,kiemthugialap028@gmail.com,GET,/orders/me,5.87,200,ok,0,steady
1791235042.3580446,kiemthugialap047@gmail.com,GET,/orders/me,5.063,200,ok,0,steady
1791235042.3613908,kiemthugialap076@gmail.com,GET,/concerts/{id},3.105,200,ok,0,steady
1791235042.4152725,kiemthugialap005@gmail.com,GET,/orders/me,16.576,200,ok,0,steady
1791235042.4191723,kiemthugialap086@gmail.com,GET,/orders/me,16.466,200,ok,0,steady
1791235042.4197645,kiemthugialap075@gmail.com,GET,/orders/me,16.668,200,ok,0,steady
1791235042.4298441,kiemthugialap051@gmail.com,GET,/orders/me,14.19,200,ok,0,steady
1791235042.4325197,kiemthugialap062@gmail.com,GET,/concerts?on_sale=true,16.174,200,ok,0,steady
1791235042.4440997,kiemthugialap068@gmail.com,GET,/orders/me,13.867,200,ok,0,steady
1791235042.4466803,kiemthugialap092@gmail.com,GET,/orders/me,15.791,200,ok,0,steady
1791235042.4530816,kiemthugialap060@gmail.com,GET,/orders/me,8.624,200,ok,0,steady
1791235042.4631786,kiemthugialap064@gmail.com,GET,/concerts,9.781,200,ok,0,steady
1791235042.4696958,kiemthugialap037@gmail.com,GET,/orders/me,13.059,200,ok,0,steady
1791235042.5472188,kiemthugialap080@gmail.com,GET,/concerts?on_sale=true,10.389,200,ok,0,steady
1791235042.5477717,kiemthugialap022@gmail.com,GET,/orders/me,28.812,200,ok,0,steady
1791235042.5482733,kiemthugialap020@gmail.com,GET,/orders/me,10.614,200,ok,0,steady
1791235042.5487208,kiemthugialap088@gmail.com,GET,/orders/me,30.711,200,ok,0,steady
1791235042.5497139,kiemthugialap042@gmail.com,GET,/orders/me,10.986,200,ok,0,steady
1791235042.564115,kiemthugialap100@gmail.com,GET,/orders/me,4.979,200,ok,0,steady
1791235042.570257,kiemthugialap044@gmail.com,GET,/orders/me,5.892,200,ok,0,steady
1791235042.5748656,kiemthugialap052@gmail.com,GET,/concerts,4.238,200,ok,0,steady
1791235042.6166067,kiemthugialap002@gmail.com,GET,/orders/me,7.594,200,ok,0,steady
1791235042.6185763,kiemthugialap072@gmail.com,GET,/orders/me,11.226,200,ok,0,steady
1791235042.618983,kiemthugialap098@gmail.com,GET,/orders/me,10.761,200,ok,0,steady
1791235042.621183,kiemthugialap069@gmail.com,GET,/concerts/{id},3.879,200,ok,0,steady
1791235042.6223075,kiemthugialap078@gmail.com,GET,/orders/me,5.486,200,ok,0,steady
1791235042.626111,kiemthugialap008@gmail.com,GET,/orders/me,3.653,200,ok,0,steady
1791235042.6322281,kiemthugialap084@gmail.com,GET,/orders/me,3.973,200,ok,0,steady
1791235042.646161,kiemthugialap003@gmail.com,GET,/concerts/{id},4.546,200,ok,0,steady
1791235042.6472464,kiemthugialap013@gmail.com,GET,/orders/me,4.697,200,ok,0,steady
1791235042.6494894,kiemthugialap089@gmail.com,GET,/concerts/{id},2.095,200,ok,0,steady
1791235042.6605716,kiemthugialap099@gmail.com,GET,/concerts,3.396,200,ok,0,steady
1791235042.7113643,kiemthugialap054@gmail.com,GET,/orders/me,21.707,200,ok,0,steady
1791235042.7129414,kiemthugialap017@gmail.com,GET,/orders/me,22.62,200,ok,0,steady
1791235042.7133539,kiemthugialap023@gmail.com,GET,/concerts?on_sale=true,4.701,200,ok,0,steady
1791235042.7294528,kiemthugialap070@gmail.com,GET,/concerts/{id},5.341,200,ok,0,steady
1791235042.7308059,kiemthugialap045@gmail.com,GET,/orders/me,6.099,200,ok,0,steady
1791235042.7441163,kiemthugialap041@gmail.com,GET,/orders/me,6.09,200,ok,0,steady
1791235042.7744098,kiemthugialap039@gmail.com,GET,/concerts,5.07,200,ok,0,steady
1791235042.7758005,kiemthugialap006@gmail.com,GET,/orders/me,7.334,200,ok,0,steady
1791235042.7851145,kiemthugialap001@gmail.com,GET,/concerts,5.407,200,ok,0,steady
1791235042.7956944,kiemthugialap093@gmail.com,GET,/concerts/{id},3.685,200,ok,0,steady
1791235042.798978,kiemthugialap085@gmail.com,GET,/orders/me,3.142,200,ok,0,steady
1791235042.8019466,kiemthugialap063@gmail.com,GET,/orders/me,2.849,200,ok,0,steady
1791235042.8137655,kiemthugialap096@gmail.com,GET,/orders/me,5.928,200,ok,0,steady
1791235042.8143115,kiemthugialap061@gmail.com,GET,/orders/me,6.95,200,ok,0,steady
1791235042.8451345,kiemthugialap059@gmail.com,GET,/concerts/{id},5.356,200,ok,0,steady
1791235042.8462117,kiemthugialap011@gmail.com,GET,/orders/me,5.695,200,ok,0,steady
1791235042.8479488,kiemthugialap027@gmail.com,GET,/concerts,2.616,200,ok,0,steady
1791235042.8807352,kiemthugialap018@gmail.com,GET,/orders/me,7.731,200,ok,0,steady
1791235042.9222226,kiemthugialap048@gmail.com,GET,/concerts?on_sale=true,7.452,200,ok,0,steady
1791235042.9227066,kiemthugialap055@gmail.com,GET,/concerts,26.455,200,ok,0,steady
1791235042.9401712,kiemthugialap053@gmail.com,GET,/concerts?on_sale=true,42.593,200,ok,0,steady
1791235042.9436183,kiemthugialap035@gmail.com,GET,/orders/me,29.451,200,ok,0,steady
1791235042.9540942,kiemthugialap010@gmail.com,GET,/concerts?on_sale=true,57.178,200,ok,0,steady
1791235042.9606833,kiemthugialap021@gmail.com,GET,/concerts/{id},13.304,200,ok,0,steady
1791235042.9675686,kiemthugialap086@gmail.com,GET,/orders/me,19.173,200,ok,0,steady
1791235042.9700592,kiemthugialap051@gmail.com,GET,/orders/me,9.149,200,ok,0,steady
1791235042.981326,kiemthugialap025@gmail.com,GET,/concerts,11.043,200,ok,0,steady
1791235042.984921,kiemthugialap012@gmail.com,GET,/concerts/{id},10.11,200,ok,0,steady
1791235043.0124307,kiemthugialap004@gmail.com,GET,/orders/me,7.492,200,ok,0,steady
1791235043.025175,kiemthugialap077@gmail.com,GET,/concerts,6.054,200,ok,0,steady
1791235043.062503,kiemthugialap082@gmail.com,GET,/orders/me,13.134,200,ok,0,steady
1791235043.0636666,kiemthugialap074@gmail.com,GET,/orders/me,13.921,200,ok,0,steady
1791235043.0649824,kiemthugialap075@gmail.com,GET,/orders/me,16.867,200,ok,0,steady
1791235043.0651143,kiemthugialap079@gmail.com,GET,/concerts/{id},13.065,200,ok,0,steady
1791235043.0659647,kiemthugialap029@gmail.com,GET,/orders/me,14.632,200,ok,0,steady
1791235043.066298,kiemthugialap005@gmail.com,GET,/orders/me,14.537,200,ok,0,steady
1791235043.0825207,kiemthugialap083@gmail.com,GET,/orders/me,4.837,200,ok,0,steady
1791235043.0850706,kiemthugialap026@gmail.com,GET,/concerts,2.381,200,ok,0,steady
1791235043.1122587,kiemthugialap071@gmail.com,GET,/orders/me,4.736,200,ok,0,steady
1791235043.1160998,kiemthugialap057@gmail.com,GET,/orders/me,3.67,200,ok,0,steady
1791235043.133829,kiemthugialap072@gmail.com,GET,/orders/me,4.701,200,ok,0,steady
1791235043.1654592,kiemthugialap043@gmail.com,GET,/orders/me,7.511,200,ok,0,steady
1791235043.1659207,kiemthugialap064@gmail.com,GET,/orders/me,6.811,200,ok,0,steady
1791235043.1973686,kiemthugialap095@gmail.com,GET,/orders/me,8.053,200,ok,0,steady
1791235043.2442248,kiemthugialap033@gmail.com,GET,/concerts,3.513,200,ok,0,steady
1791235043.2445807,kiemthugialap040@gmail.com,GET,/concerts,4.349,200,ok,0,steady
1791235043.246586,kiemthugialap056@gmail.com,GET,/concerts/{id},1.908,200,ok,0,steady
1791235043.260039,kiemthugialap007@gmail.com,GET,/orders/me,4.61,200,ok,0,steady
1791235043.2623749,kiemthugialap030@gmail.com,GET,/concerts,2.179,200,ok,0,steady
1791235043.2652924,kiemthugialap054@gmail.com,GET,/orders/me,2.783,200,ok,0,steady
1791235043.276725,kiemthugialap024@gmail.com,GET,/concerts?on_sale=true,3.884,200,ok,0,steady
1791235043.2777948,kiemthugialap044@gmail.com,GET,/orders/me,5.511,200,ok,0,steady
1791235043.291985,kiemthugialap016@gmail.com,GET,/orders/me,4.465,200,ok,0,steady
1791235043.309717,kiemthugialap065@gmail.com,GET,/orders/me,5.503,200,ok,0,steady
1791235043.3286085,kiemthugialap068@gmail.com,GET,/concerts?on_sale=true,5.252,200,ok,0,steady
1791235043.329668,kiemthugialap036@gmail.com,GET,/orders/me,4.878,200,ok,0,steady
1791235043.3537362,kiemthugialap050@gmail.com,GET,/concerts?on_sale=true,6.951,200,ok,0,steady
1791235043.354144,kiemthugialap066@gmail.com,GET,/concerts,7.718,200,ok,0,steady
1791235043.356004,kiemthugialap090@gmail.com,GET,/orders/me,10.245,200,ok,0,steady
1791235043.3799663,kiemthugialap014@gmail.com,GET,/concerts,5.109,200,ok,0,steady
1791235043.3811593,kiemthugialap031@gmail.com,GET,/orders/me,8.131,200,ok,0,steady
1791235043.4293847,kiemthugialap003@gmail.com,GET,/orders/me,8.025,200,ok,0,steady
1791235043.4356241,kiemthugialap052@gmail.com,GET,/orders/me,5.993,200,ok,0,steady
1791235043.4361656,kiemthugialap008@gmail.com,GET,/orders/me,6.013,200,ok,0,steady
1791235043.464404,kiemthugialap019@gmail.com,GET,/orders/me,6.964,200,ok,0,steady
1791235043.4704566,kiemthugialap058@gmail.com,GET,/orders/me,5.429,200,ok,0,steady
1791235043.4708445,kiemthugialap020@gmail.com,GET,/orders/me,6.225,200,ok,0,steady
1791235043.498797,kiemthugialap055@gmail.com,GET,/orders/me,4.796,200,ok,0,steady
1791235043.5230608,kiemthugialap078@gmail.com,GET,/orders/me,13.563,200,ok,0,steady
1791235043.5242488,kiemthugialap028@gmail.com,GET,/orders/me,11.052,200,ok,0,steady
1791235043.5245707,kiemthugialap034@gmail.com,GET,/orders/me,12.542,200,ok,0,steady
1791235043.524865,kiemthugialap089@gmail.com,GET,/orders/me,14.506,200,ok,0,steady
1791235043.5269942,kiemthugialap012@gmail.com,GET,/orders/me,3.722,200,ok,0,steady
1791235043.5541406,kiemthugialap067@gmail.com,GET,/orders/me,8.984,200,ok,0,steady
1791235043.5726206,kiemthugialap087@gmail.com,GET,/orders/me,7.973,200,ok,0,steady
1791235043.6333225,kiemthugialap032@gmail.com,GET,/orders/me,20.401,200,ok,0,steady
1791235043.647341,kiemthugialap081@gmail.com,GET,/orders/me,36.18,200,ok,0,steady
1791235043.652264,kiemthugialap039@gmail.com,GET,/orders/me,38.865,200,ok,0,steady
1791235043.654067,kiemthugialap060@gmail.com,GET,/orders/me,27.292,200,ok,0,steady
1791235043.654717,kiemthugialap097@gmail.com,GET,/orders/me,24.97,200,ok,0,steady
1791235043.7057474,kiemthugialap057@gmail.com,GET,/orders/me,10.765,200,ok,0,steady
1791235043.706936,kiemthugialap088@gmail.com,GET,/orders/me,10.213,200,ok,0,steady
1791235043.70901,kiemthugialap013@gmail.com,GET,/orders/me,3.069,200,ok,0,steady
1791235043.7526028,kiemthugialap080@gmail.com,GET,/orders/me,7.044,200,ok,0,steady
1791235043.7532501,kiemthugialap004@gmail.com,GET,/orders/me,8.325,200,ok,0,steady
1791235043.7712662,kiemthugialap009@gmail.com,GET,/concerts/{id},8.095,200,ok,0,steady
1791235043.7726073,kiemthugialap042@gmail.com,GET,/orders/me,7.816,200,ok,0,steady
1791235043.7758455,kiemthugialap010@gmail.com,GET,/orders/me,4.331,200,ok,0,steady
1791235043.8031876,kiemthugialap085@gmail.com,GET,/concerts/{id},6.364,200,ok,0,steady
1791235043.8052185,kiemthugialap086@gmail.com,GET,/orders/me,9.236,200,ok,0,steady
1791235043.812534,kiemthugialap082@gmail.com,GET,/orders/me,8.57,200,ok,0,steady
1791235043.8139749,kiemthugialap074@gmail.com,GET,/concerts/{id},8.182,200,ok,0,steady
1791235043.8144436,kiemthugialap006@gmail.com,GET,/orders/me,11.007,200,ok,0,steady
1791235043.814911,kiemthugialap094@gmail.com,GET,/concerts,8.381,200,ok,0,steady
1791235043.8152537,kiemthugialap021@gmail.com,GET,/concerts?on_sale=true,9.846,200,ok,0,steady
1791235043.8358865,kiemthugialap073@gmail.com,GET,/orders/me,6.54,200,ok,0,steady
1791235043.8516953,kiemthugialap037@gmail.com,GET,/orders/me,6.645,200,ok,0,steady
1791235043.8875253,kiemthugialap048@gmail.com,GET,/orders/me,7.939,200,ok,0,steady
1791235043.901167,kiemthugialap035@gmail.com,GET,/concerts,5.078,200,ok,0,steady
1791235043.9055963,kiemthugialap092@gmail.com,GET,/orders/me,4.222,200,ok,0,steady
1791235043.9360228,kiemthugialap049@gmail.com,GET,/orders/me,6.868,200,ok,0,steady
1791235043.9687386,kiemthugialap083@gmail.com,GET,/concerts/{id},5.858,200,ok,0,steady
1791235043.9836311,kiemthugialap040@gmail.com,GET,/orders/me,6.168,200,ok,0,steady
1791235044.0066214,kiemthugialap047@gmail.com,GET,/concerts?on_sale=true,10.338,200,ok,0,steady
1791235044.0090017,kiemthugialap044@gmail.com,GET,/orders/me,9.795,200,ok,0,steady
1791235044.0098736,kiemthugialap099@gmail.com,GET,/orders/me,12.586,200,ok,0,steady
1791235044.010311,kiemthugialap069@gmail.com,GET,/orders/me,13.406,200,ok,0,steady
1791235044.012821,kiemthugialap015@gmail.com,GET,/orders/me,5.961,200,ok,0,steady
1791235044.037704,kiemthugialap036@gmail.com,GET,/orders/me,6.689,200,ok,0,steady
1791235044.0438104,kiemthugialap065@gmail.com,GET,/orders/me,5.411,200,ok,0,steady
1791235044.0449865,kiemthugialap046@gmail.com,GET,/orders/me,7.05,200,ok,0,steady
1791235044.0662847,kiemthugialap008@gmail.com,GET,/orders/me,7.229,200,ok,0,steady
1791235044.0711403,kiemthugialap064@gmail.com,GET,/orders/me,4.606,200,ok,0,steady
1791235044.0744143,kiemthugialap011@gmail.com,GET,/orders/me,3.102,200,ok,0,steady
1791235044.0881627,kiemthugialap002@gmail.com,GET,/orders/me,8.595,200,ok,0,steady
1791235044.099278,kiemthugialap096@gmail.com,GET,/orders/me,9.475,200,ok,0,steady
1791235044.1009164,kiemthugialap066@gmail.com,GET,/orders/me,12.449,200,ok,0,steady
1791235044.1253757,kiemthugialap055@gmail.com,GET,/concerts,7.514,200,ok,0,steady
1791235044.1265414,kiemthugialap068@gmail.com,GET,/orders/me,7.772,200,ok,0,steady
1791235044.171152,kiemthugialap022@gmail.com,GET,/orders/me,8.981,200,ok,0,steady
1791235044.1715968,kiemthugialap098@gmail.com,GET,/orders/me,8.606,200,ok,0,steady
1791235044.1867096,kiemthugialap070@gmail.com,GET,/orders/me,9.247,200,ok,0,steady
1791235044.1872227,kiemthugialap003@gmail.com,GET,/orders/me,9.064,200,ok,0,steady
1791235044.2040002,kiemthugialap061@gmail.com,GET,/orders/me,7.973,200,ok,0,steady
1791235044.2137702,kiemthugialap038@gmail.com,GET,/concerts?on_sale=true,9.457,200,ok,0,steady
1791235044.2142398,kiemthugialap100@gmail.com,GET,/orders/me,9.315,200,ok,0,steady
1791235044.2146368,kiemthugialap016@gmail.com,GET,/orders/me,8.891,200,ok,0,steady
1791235044.2163224,kiemthugialap062@gmail.com,GET,/concerts?on_sale=true,5.91,200,ok,0,steady
1791235044.2324471,kiemthugialap007@gmail.com,GET,/concerts/{id},6.698,200,ok,0,steady
1791235044.2503061,kiemthugialap091@gmail.com,GET,/orders/me,6.219,200,ok,0,steady
1791235044.251602,kiemthugialap001@gmail.com,GET,/orders/me,8.329,200,ok,0,steady
1791235044.2542,kiemthugialap025@gmail.com,GET,/orders/me,3.732,200,ok,0,steady
1791235044.281389,kiemthugialap019@gmail.com,GET,/orders/me,4.672,200,ok,0,steady
1791235044.2856796,kiemthugialap041@gmail.com,GET,/orders/me,4.042,200,ok,0,steady
1791235044.2910504,kiemthugialap063@gmail.com,GET,/concerts?on_sale=true,5.214,200,ok,0,steady
1791235044.2915862,kiemthugialap029@gmail.com,GET,/orders/me,5.423,200,ok,0,steady
1791235044.3502643,kiemthugialap076@gmail.com,GET,/orders/me,7.101,200,ok,0,steady
1791235044.3659813,kiemthugialap094@gmail.com,GET,/concerts?on_sale=true,5.283,200,ok,0,steady
1791235044.366404,kiemthugialap023@gmail.com,GET,/concerts,6.685,200,ok,0,steady
1791235044.4189572,kiemthugialap018@gmail.com,GET,/orders/me,9.894,200,ok,0,steady
1791235044.4194674,kiemthugialap024@gmail.com,GET,/orders/me,9.352,200,ok,0,steady
1791235044.4334598,kiemthugialap045@gmail.com,GET,/orders/me,6.288,200,ok,0,steady
1791235044.4665995,kiemthugialap027@gmail.com,GET,/concerts?on_sale=true,7.526,200,ok,0,steady
1791235044.4675853,kiemthugialap035@gmail.com,GET,/orders/me,7.967,200,ok,0,steady
1791235044.479801,kiemthugialap083@gmail.com,GET,/concerts/{id},4.212,200,ok,0,steady
1791235044.4998145,kiemthugialap082@gmail.com,GET,/orders/me,5.906,200,ok,0,steady
1791235044.5035386,kiemthugialap087@gmail.com,GET,/orders/me,3.447,200,ok,0,steady
1791235044.5131316,kiemthugialap028@gmail.com,GET,/orders/me,4.083,200,ok,0,steady
1791235044.516041,kiemthugialap037@gmail.com,GET,/concerts,2.54,200,ok,0,steady
1791235044.536381,kiemthugialap032@gmail.com,GET,/concerts?on_sale=true,6.595,200,ok,0,steady
1791235044.5389965,kiemthugialap072@gmail.com,GET,/orders/me,11.565,200,ok,0,steady
1791235044.540306,kiemthugialap044@gmail.com,GET,/orders/me,11.935,200,ok,0,steady
1791235044.5416095,kiemthugialap009@gmail.com,GET,/orders/me,5.054,200,ok,0,steady
1791235044.5679731,kiemthugialap043@gmail.com,GET,/orders/me,7.32,200,ok,0,steady
1791235044.5740128,kiemthugialap005@gmail.com,GET,/orders/me,5.779,200,ok,0,steady
1791235044.5890636,kiemthugialap058@gmail.com,GET,/orders/me,8.346,200,ok,0,steady
1791235044.590216,kiemthugialap053@gmail.com,GET,/orders/me,10.345,200,ok,0,steady
1791235044.5914366,kiemthugialap014@gmail.com,GET,/concerts,2.172,200,ok,0,steady
1791235044.6211932,kiemthugialap017@gmail.com,GET,/concerts?on_sale=true,9.385,200,ok,0,steady
1791235044.622538,kiemthugialap060@gmail.com,GET,/orders/me,9.185,200,ok,0,steady
1791235044.6229916,kiemthugialap071@gmail.com,GET,/orders/me,10.244,200,ok,0,steady
1791235044.6366444,kiemthugialap015@gmail.com,GET,/concerts/{id},6.245,200,ok,0,steady
1791235044.6377351,kiemthugialap084@gmail.com,GET,/orders/me,8.17,200,ok,0,steady
1791235044.6394186,kiemthugialap059@gmail.com,GET,/concerts?on_sale=true,2.587,200,ok,0,steady
1791235044.6482282,kiemthugialap093@gmail.com,GET,/orders/me,4.517,200,ok,0,steady
1791235044.669195,kiemthugialap086@gmail.com,GET,/orders/me,6.216,200,ok,0,steady
1791235044.703208,kiemthugialap075@gmail.com,GET,/orders/me,9.811,200,ok,0,steady
1791235044.7712433,kiemthugialap079@gmail.com,GET,/orders/me,10.191,200,ok,0,steady
1791235044.7847354,kiemthugialap020@gmail.com,GET,/orders/me,12.643,200,ok,0,steady
1791235044.7872255,kiemthugialap080@gmail.com,GET,/orders/me,14.674,200,ok,0,steady
1791235044.7876365,kiemthugialap048@gmail.com,GET,/orders/me,16.092,200,ok,0,steady
1791235044.7879732,kiemthugialap004@gmail.com,GET,/orders/me,15.695,200,ok,0,steady
1791235044.7906172,kiemthugialap038@gmail.com,GET,/concerts?on_sale=true,5.608,200,ok,0,steady
1791235044.790937,kiemthugialap033@gmail.com,GET,/concerts/{id},5.082,200,ok,0,steady
1791235044.7924385,kiemthugialap006@gmail.com,GET,/orders/me,6.859,200,ok,0,steady
1791235044.8363328,kiemthugialap030@gmail.com,GET,/orders/me,6.928,200,ok,0,steady
1791235044.869321,kiemthugialap046@gmail.com,GET,/orders/me,7.54,200,ok,0,steady
1791235044.8725789,kiemthugialap050@gmail.com,GET,/concerts,2.991,200,ok,0,steady
1791235044.883067,kiemthugialap064@gmail.com,GET,/concerts/{id},5.2,200,ok,0,steady
1791235044.8835351,kiemthugialap089@gmail.com,GET,/concerts,6.245,200,ok,0,steady
1791235044.9152207,kiemthugialap051@gmail.com,GET,/concerts,5.291,200,ok,0,steady
1791235044.939457,kiemthugialap034@gmail.com,GET,/concerts/{id},10.668,200,ok,0,steady
1791235044.9399674,kiemthugialap069@gmail.com,GET,/orders/me,9.856,200,ok,0,steady
1791235044.9403126,kiemthugialap095@gmail.com,GET,/orders/me,10.617,200,ok,0,steady
1791235044.968949,kiemthugialap070@gmail.com,GET,/orders/me,9.952,200,ok,0,steady
1791235044.9694366,kiemthugialap007@gmail.com,GET,/orders/me,9.271,200,ok,0,steady
1791235045.0036967,kiemthugialap052@gmail.com,GET,/orders/me,9.944,200,ok,0,steady
1791235045.0050673,kiemthugialap026@gmail.com,GET,/orders/me,12.612,200,ok,0,steady
1791235045.0053914,kiemthugialap077@gmail.com,GET,/orders/me,11.395,200,ok,0,steady
1791235045.0071929,kiemthugialap092@gmail.com,GET,/orders/me,3.236,200,ok,0,steady
1791235045.031484,kiemthugialap054@gmail.com,GET,/orders/me,5.896,200,ok,0,steady
1791235045.0522728,kiemthugialap036@gmail.com,GET,/orders/me,8.69,200,ok,0,steady
1791235045.0526912,kiemthugialap013@gmail.com,GET,/orders/me,8.459,200,ok,0,steady
1791235045.0871365,kiemthugialap073@gmail.com,GET,/concerts/{id},5.818,200,ok,0,steady
1791235045.0881944,kiemthugialap078@gmail.com,GET,/orders/me,8.594,200,ok,0,steady
1791235045.1313822,kiemthugialap021@gmail.com,GET,/orders/me,5.096,200,ok,0,steady
1791235045.1873012,kiemthugialap044@gmail.com,GET,/concerts,9.307,200,ok,0,steady
1791235045.1886454,kiemthugialap056@gmail.com,GET,/orders/me,11.835,200,ok,0,steady
1791235045.191471,kiemthugialap014@gmail.com,GET,/orders/me,12.915,200,ok,0,steady
1791235045.1960638,kiemthugialap035@gmail.com,GET,/orders/me,17.766,200,ok,0,steady
1791235045.197799,kiemthugialap090@gmail.com,GET,/concerts?on_sale=true,8.994,200,ok,0,steady
1791235045.1988642,kiemthugialap042@gmail.com,GET,/concerts,11.364,200,ok,0,steady
1791235045.2310164,kiemthugialap002@gmail.com,GET,/orders/me,4.895,200,ok,0,steady
1791235045.2653697,kiemthugialap011@gmail.com,GET,/orders/me,5.092,200,ok,0,steady
1791235045.2684813,kiemthugialap067@gmail.com,GET,/orders/me,2.934,200,ok,0,steady
1791235045.301718,kiemthugialap043@gmail.com,GET,/orders/me,6.931,200,ok,0,steady
1791235045.302155,kiemthugialap045@gmail.com,GET,/orders/me,8.621,200,ok,0,steady
1791235045.3141139,kiemthugialap031@gmail.com,GET,/orders/me,4.489,200,ok,0,steady
1791235045.3322313,kiemthugialap074@gmail.com,GET,/orders/me,6.835,200,ok,0,steady
1791235045.335289,kiemthugialap081@gmail.com,GET,/concerts,2.663,200,ok,0,steady
1791235045.37452,kiemthugialap010@gmail.com,GET,/concerts/{id},17.148,200,ok,0,steady
1791235045.378109,kiemthugialap012@gmail.com,GET,/orders/me,20.205,200,ok,0,steady
1791235045.3786128,kiemthugialap008@gmail.com,GET,/orders/me,21.938,200,ok,0,steady
1791235045.3845809,kiemthugialap057@gmail.com,GET,/orders/me,5.821,200,ok,0,steady
1791235045.41632,kiemthugialap085@gmail.com,GET,/orders/me,20.542,200,ok,0,steady
1791235045.418181,kiemthugialap055@gmail.com,GET,/orders/me,21.457,200,ok,0,steady
1791235045.4353313,kiemthugialap094@gmail.com,GET,/orders/me,8.632,200,ok,0,steady
1791235045.4359157,kiemthugialap018@gmail.com,GET,/orders/me,8.617,200,ok,0,steady
1791235045.4880114,kiemthugialap050@gmail.com,GET,/orders/me,7.98,200,ok,0,steady
1791235045.489414,kiemthugialap030@gmail.com,GET,/orders/me,8.45,200,ok,0,steady
1791235045.4913619,kiemthugialap091@gmail.com,GET,/concerts,3.149,200,ok,0,steady
1791235045.4942772,kiemthugialap025@gmail.com,GET,/concerts,2.774,200,ok,0,steady
1791235045.5299659,kiemthugialap039@gmail.com,GET,/concerts/{id},15.355,200,ok,0,steady
1791235045.5344906,kiemthugialap088@gmail.com,GET,/orders/me,19.5,200,ok,0,steady
1791235045.5354102,kiemthugialap006@gmail.com,GET,/orders/me,21.444,200,ok,0,steady
1791235045.5358233,kiemthugialap075@gmail.com,GET,/concerts?on_sale=true,8.29,200,ok,0,steady
1791235045.5376499,kiemthugialap071@gmail.com,GET,/orders/me,7.498,200,ok,0,steady
1791235045.5657933,kiemthugialap040@gmail.com,GET,/concerts/{id},4.672,200,ok,0,steady
1791235045.5671327,kiemthugialap026@gmail.com,GET,/orders/me,6.652,200,ok,0,steady
1791235045.5859725,kiemthugialap093@gmail.com,GET,/concerts,3.555,200,ok,0,steady
1791235045.6224859,kiemthugialap063@gmail.com,GET,/concerts/{id},10.15,200,ok,0,steady
1791235045.6238785,kiemthugialap004@gmail.com,GET,/concerts,9.038,200,ok,0,steady
1791235045.6242037,kiemthugialap051@gmail.com,GET,/concerts?on_sale=true,8.974,200,ok,0,steady
1791235045.6250834,kiemthugialap053@gmail.com,GET,/orders/me,12.333,200,ok,0,steady
1791235045.6254535,kiemthugialap095@gmail.com,GET,/orders/me,14.408,200,ok,0,steady
1791235045.6295743,kiemthugialap068@gmail.com,GET,/concerts?on_sale=true,6.808,200,ok,0,steady
1791235045.6311007,kiemthugialap058@gmail.com,GET,/concerts/{id},6.764,200,ok,0,steady
1791235045.6331644,kiemthugialap097@gmail.com,GET,/orders/me,7.587,200,ok,0,steady
1791235045.6549108,kiemthugialap028@gmail.com,GET,/concerts/{id},9.804,200,ok,0,steady
1791235045.6570046,kiemthugialap022@gmail.com,GET,/orders/me,11.221,200,ok,0,steady
1791235045.657307,kiemthugialap047@gmail.com,GET,/orders/me,11.258,200,ok,0,steady
1791235045.6592052,kiemthugialap021@gmail.com,GET,/orders/me,4.125,200,ok,0,steady
1791235045.6673832,kiemthugialap019@gmail.com,GET,/orders/me,5.826,200,ok,0,steady
1791235045.718398,kiemthugialap062@gmail.com,GET,/concerts,5.854,200,ok,0,steady
1791235045.7201443,kiemthugialap098@gmail.com,GET,/orders/me,8.937,200,ok,0,steady
1791235045.7209177,kiemthugialap061@gmail.com,GET,/orders/me,8.743,200,ok,0,steady
1791235045.7243435,kiemthugialap087@gmail.com,GET,/orders/me,5.754,200,ok,0,steady
1791235045.7246814,kiemthugialap049@gmail.com,GET,/orders/me,5.395,200,ok,0,steady
1791235045.7490056,kiemthugialap069@gmail.com,GET,/concerts,3.398,200,ok,0,steady
1791235045.76939,kiemthugialap023@gmail.com,GET,/orders/me,7.852,200,ok,0,steady
1791235045.769858,kiemthugialap066@gmail.com,GET,/orders/me,7.331,200,ok,0,steady
1791235045.8010886,kiemthugialap065@gmail.com,GET,/orders/me,5.911,200,ok,0,steady
1791235045.8014646,kiemthugialap014@gmail.com,GET,/orders/me,7.105,200,ok,0,steady
1791235045.8170962,kiemthugialap083@gmail.com,GET,/orders/me,4.329,200,ok,0,steady
1791235045.8503008,kiemthugialap099@gmail.com,GET,/orders/me,6.126,200,ok,0,steady
1791235045.8657885,kiemthugialap029@gmail.com,GET,/orders/me,5.844,200,ok,0,steady
1791235045.9003832,kiemthugialap073@gmail.com,GET,/concerts?on_sale=true,6.984,200,ok,0,steady
1791235045.9143133,kiemthugialap001@gmail.com,GET,/orders/me,20.014,200,ok,0,steady
1791235045.9177563,kiemthugialap086@gmail.com,GET,/orders/me,5.76,200,ok,0,steady
1791235045.921512,kiemthugialap017@gmail.com,GET,/orders/me,3.606,200,ok,0,steady
1791235045.9719958,kiemthugialap096@gmail.com,GET,/orders/me,7.826,200,ok,0,steady
1791235045.9747488,kiemthugialap037@gmail.com,GET,/concerts,2.532,200,ok,0,steady
1791235045.9850004,kiemthugialap035@gmail.com,GET,/orders/me,5.42,200,ok,0,steady
1791235046.015321,kiemthugialap057@gmail.com,GET,/concerts/{id},10.688,200,ok,0,steady
1791235046.019558,kiemthugialap016@gmail.com,GET,/orders/me,16.999,200,ok,0,steady
1791235046.0209718,kiemthugialap077@gmail.com,GET,/orders/me,14.488,200,ok,0,steady
1791235046.021428,kiemthugialap070@gmail.com,GET,/orders/me,17.795,200,ok,0,steady
1791235046.0218537,kiemthugialap090@gmail.com,GET,/concerts?on_sale=true,6.253,200,ok,0,steady
1791235046.0785985,kiemthugialap076@gmail.com,GET,/concerts?on_sale=true,8.631,200,ok,0,steady
1791235046.0803597,kiemthugialap089@gmail.com,GET,/orders/me,12.298,200,ok,0,steady
1791235046.080794,kiemthugialap074@gmail.com,GET,/orders/me,9.853,200,ok,0,steady
1791235046.1148753,kiemthugialap005@gmail.com,GET,/orders/me,11.882,200,ok,0,steady
1791235046.118549,kiemthugialap027@gmail.com,GET,/orders/me,16.718,200,ok,0,steady
1791235046.120709,kiemthugialap048@gmail.com,GET,/orders/me,17.353,200,ok,0,steady
1791235046.1267333,kiemthugialap100@gmail.com,GET,/concerts?on_sale=true,11.491,200,ok,0,steady
1791235046.129332,kiemthugialap088@gmail.com,GET,/orders/me,12.816,200,ok,0,steady
1791235046.1587176,kiemthugialap024@gmail.com,GET,/orders/me,7.198,200,ok,0,steady
1791235046.1639075,kiemthugialap041@gmail.com,GET,/concerts,4.917,200,ok,0,steady
1791235046.1650567,kiemthugialap082@gmail.com,GET,/orders/me,5.571,200,ok,0,steady
1791235046.1931493,kiemthugialap032@gmail.com,GET,/orders/me,7.292,200,ok,0,steady
1791235046.1936467,kiemthugialap003@gmail.com,GET,/orders/me,9.599,200,ok,0,steady
1791235046.2087545,kiemthugialap068@gmail.com,GET,/concerts?on_sale=true,6.776,200,ok,0,steady
1791235046.2121708,kiemthugialap084@gmail.com,GET,/concerts/{id},3.181,200,ok,0,steady
1791235046.2465951,kiemthugialap072@gmail.com,GET,/orders/me,12.662,200,ok,0,steady
1791235046.2474096,kiemthugialap085@gmail.com,GET,/orders/me,11.598,200,ok,0,steady
1791235046.2478278,kiemthugialap026@gmail.com,GET,/orders/me,12.769,200,ok,0,steady
1791235046.2707503,kiemthugialap015@gmail.com,GET,/concerts,5.712,200,ok,0,steady
1791235046.2711859,kiemthugialap025@gmail.com,GET,/concerts?on_sale=true,8.036,200,ok,0,steady
1791235046.3192825,kiemthugialap056@gmail.com,GET,/concerts/{id},7.646,200,ok,0,steady
1791235046.3204587,kiemthugialap087@gmail.com,GET,/orders/me,7.041,200,ok,0,steady
1791235046.389301,kiemthugialap092@gmail.com,GET,/concerts/{id},6.51,200,ok,0,steady
1791235046.3908684,kiemthugialap051@gmail.com,GET,/orders/me,10.493,200,ok,0,steady
1791235046.3913715,kiemthugialap098@gmail.com,GET,/orders/me,9.405,200,ok,0,steady
1791235046.400758,kiemthugialap013@gmail.com,GET,/orders/me,5.47,200,ok,0,steady
1791235046.417734,kiemthugialap059@gmail.com,GET,/concerts?on_sale=true,4.721,200,ok,0,steady
1791235046.4418547,kiemthugialap093@gmail.com,GET,/concerts/{id},8.181,200,ok,0,steady
1791235046.443387,kiemthugialap055@gmail.com,GET,/orders/me,8.935,200,ok,0,steady
1791235046.4452713,kiemthugialap009@gmail.com,GET,/concerts/{id},3.177,200,ok,0,steady
1791235046.4753122,kiemthugialap043@gmail.com,GET,/concerts,11.351,200,ok,0,steady
1791235046.476958,kiemthugialap030@gmail.com,GET,/orders/me,7.889,200,ok,0,steady
1791235046.4781668,kiemthugialap019@gmail.com,GET,/orders/me,13.165,200,ok,0,steady
1791235046.4799652,kiemthugialap075@gmail.com,GET,/concerts,2.856,200,ok,0,steady
1791235046.4847236,kiemthugialap037@gmail.com,GET,/concerts/{id},4.522,200,ok,0,steady
1791235046.5228443,kiemthugialap045@gmail.com,GET,/orders/me,8.85,200,ok,0,steady
1791235046.523528,kiemthugialap010@gmail.com,GET,/orders/me,11.38,200,ok,0,steady
1791235046.544309,kiemthugialap053@gmail.com,GET,/orders/me,9.432,200,ok,0,steady
1791235046.5463908,kiemthugialap021@gmail.com,GET,/orders/me,10.351,200,ok,0,steady
1791235046.5508225,kiemthugialap069@gmail.com,GET,/orders/me,6.255,200,ok,0,steady
1791235046.5512092,kiemthugialap081@gmail.com,GET,/orders/me,6.095,200,ok,0,steady
1791235046.5581782,kiemthugialap029@gmail.com,GET,/concerts/{id},6.77,200,ok,0,steady
1791235046.560057,kiemthugialap073@gmail.com,GET,/concerts,7.879,200,ok,0,steady
1791235046.5815947,kiemthugialap033@gmail.com,GET,/orders/me,9.736,200,ok,0,steady
1791235046.601138,kiemthugialap060@gmail.com,GET,/orders/me,4.946,200,ok,0,steady
1791235046.646419,kiemthugialap028@gmail.com,GET,/concerts?on_sale=true,9.334,200,ok,0,steady
1791235046.6472733,kiemthugialap046@gmail.com,GET,/orders/me,12.142,200,ok,0,steady
1791235046.6492174,kiemthugialap018@gmail.com,GET,/orders/me,12.701,200,ok,0,steady
1791235046.6885028,kiemthugialap049@gmail.com,GET,/orders/me,10.309,200,ok,0,steady
1791235046.6889372,kiemthugialap020@gmail.com,GET,/orders/me,9.584,200,ok,0,steady
1791235046.7055845,kiemthugialap064@gmail.com,GET,/orders/me,8.787,200,ok,0,steady
1791235046.7060468,kiemthugialap061@gmail.com,GET,/orders/me,9.957,200,ok,0,steady
1791235046.7132642,kiemthugialap038@gmail.com,GET,/orders/me,7.072,200,ok,0,steady
1791235046.7152872,kiemthugialap040@gmail.com,GET,/concerts,3.667,200,ok,0,steady
1791235046.7682514,kiemthugialap079@gmail.com,GET,/orders/me,6.349,200,ok,0,steady
1791235046.7720902,kiemthugialap080@gmail.com,GET,/concerts,3.662,200,ok,0,steady
1791235046.7731256,kiemthugialap077@gmail.com,GET,/orders/me,4.379,200,ok,0,steady
1791235046.799827,kiemthugialap054@gmail.com,GET,/orders/me,5.698,200,ok,0,steady
1791235046.8040538,kiemthugialap025@gmail.com,GET,/concerts?on_sale=true,3.992,200,ok,0,steady
1791235046.805061,kiemthugialap044@gmail.com,GET,/orders/me,4.639,200,ok,0,steady
1791235046.8538456,kiemthugialap008@gmail.com,GET,/concerts,8.334,200,ok,0,steady
1791235046.8544765,kiemthugialap085@gmail.com,GET,/orders/me,8.672,200,ok,0,steady
1791235046.8549573,kiemthugialap036@gmail.com,GET,/orders/me,10.766,200,ok,0,steady
1791235046.8680503,kiemthugialap016@gmail.com,GET,/orders/me,5.322,200,ok,0,steady
1791235046.9173882,kiemthugialap092@gmail.com,GET,/concerts?on_sale=true,5.536,200,ok,0,steady
1791235046.9359741,kiemthugialap067@gmail.com,GET,/concerts?on_sale=true,7.605,200,ok,0,steady
1791235046.936522,kiemthugialap034@gmail.com,GET,/concerts/{id},7.291,200,ok,0,steady
1791235046.9413857,kiemthugialap006@gmail.com,GET,/concerts?on_sale=true,4.294,200,ok,0,steady
1791235046.9438677,kiemthugialap002@gmail.com,GET,/orders/me,7.171,200,ok,0,steady
1791235046.9474134,kiemthugialap094@gmail.com,GET,/concerts/{id},5.207,200,ok,0,steady
1791235046.9484644,kiemthugialap007@gmail.com,GET,/orders/me,6.824,200,ok,0,steady
1791235046.970496,kiemthugialap001@gmail.com,GET,/concerts,7.37,200,ok,0,steady
1791235046.9709363,kiemthugialap052@gmail.com,GET,/concerts?on_sale=true,6.865,200,ok,0,steady
1791235046.9837596,kiemthugialap042@gmail.com,GET,/concerts?on_sale=true,4.471,200,ok,0,steady
1791235047.0349686,kiemthugialap058@gmail.com,GET,/orders/me,6.972,200,ok,0,steady
1791235047.0355463,kiemthugialap037@gmail.com,GET,/orders/me,8.46,200,ok,0,steady
1791235047.0510716,kiemthugialap050@gmail.com,GET,/orders/me,6.316,200,ok,0,steady
1791235047.0582075,kiemthugialap043@gmail.com,GET,/concerts/{id},6.391,200,ok,0,steady
1791235047.0592952,kiemthugialap035@gmail.com,GET,/orders/me,8.004,200,ok,0,steady
1791235047.0610297,kiemthugialap099@gmail.com,GET,/concerts/{id},2.619,200,ok,0,steady
1791235047.087649,kiemthugialap078@gmail.com,GET,/concerts?on_sale=true,9.368,200,ok,0,steady
1791235047.088986,kiemthugialap047@gmail.com,GET,/concerts,9.305,200,ok,0,steady
1791235047.0893562,kiemthugialap027@gmail.com,GET,/orders/me,10.232,200,ok,0,steady
1791235047.0941522,kiemthugialap098@gmail.com,GET,/orders/me,6.229,200,ok,0,steady
1791235047.0982385,kiemthugialap091@gmail.com,GET,/concerts,3.832,200,ok,0,steady
1791235047.1302373,kiemthugialap022@gmail.com,GET,/orders/me,11.133,200,ok,0,steady
1791235047.130843,kiemthugialap068@gmail.com,GET,/orders/me,11.398,200,ok,0,steady
1791235047.1311808,kiemthugialap084@gmail.com,GET,/orders/me,13.125,200,ok,0,steady
1791235047.1625488,kiemthugialap023@gmail.com,GET,/concerts,10.726,200,ok,0,steady
1791235047.1645312,kiemthugialap062@gmail.com,GET,/concerts?on_sale=true,12.345,200,ok,0,steady
1791235047.1653366,kiemthugialap031@gmail.com,GET,/orders/me,14.539,200,ok,0,steady
1791235047.1690288,kiemthugialap030@gmail.com,GET,/concerts?on_sale=true,6.194,200,ok,0,steady
1791235047.1705,kiemthugialap096@gmail.com,GET,/concerts,4.966,200,ok,0,steady
1791235047.1923525,kiemthugialap063@gmail.com,GET,/concerts?on_sale=true,15.089,200,ok,0,steady
1791235047.1979566,kiemthugialap071@gmail.com,GET,/orders/me,14.64,200,ok,0,steady
1791235047.1987324,kiemthugialap017@gmail.com,GET,/orders/me,19.546,200,ok,0,steady
1791235047.199233,kiemthugialap072@gmail.com,GET,/orders/me,20.758,200,ok,0,steady
1791235047.1998537,kiemthugialap086@gmail.com,GET,/orders/me,15.602,200,ok,0,steady
1791235047.2446644,kiemthugialap011@gmail.com,GET,/orders/me,6.26,200,ok,0,steady
1791235047.2500181,kiemthugialap093@gmail.com,GET,/orders/me,5.083,200,ok,0,steady
1791235047.2569947,kiemthugialap012@gmail.com,GET,/concerts?on_sale=true,4.88,200,ok,0,steady
1791235047.2829087,kiemthugialap040@gmail.com,GET,/orders/me,8.26,200,ok,0,steady
1791235047.2877645,kiemthugialap032@gmail.com,GET,/concerts/{id},4.525,200,ok,0,steady
1791235047.3128831,kiemthugialap095@gmail.com,GET,/orders/me,7.867,200,ok,0,steady
1791235047.3210065,kiemthugialap029@gmail.com,GET,/orders/me,4.949,200,ok,0,steady
1791235047.324307,kiemthugialap048@gmail.com,GET,/orders/me,3.093,200,ok,0,steady
1791235047.3372138,kiemthugialap076@gmail.com,GET,/orders/me,6.24,200,ok,0,steady
1791235047.341008,kiemthugialap054@gmail.com,GET,/concerts?on_sale=true,3.525,200,ok,0,steady
1791235047.3546684,kiemthugialap039@gmail.com,GET,/orders/me,5.906,200,ok,0,steady
1791235047.3693695,kiemthugialap069@gmail.com,GET,/concerts/{id},3.604,200,ok,0,steady
1791235047.3733542,kiemthugialap009@gmail.com,GET,/orders/me,3.826,200,ok,0,steady
1791235047.4039278,kiemthugialap010@gmail.com,GET,/concerts?on_sale=true,4.295,200,ok,0,steady
1791235047.47382,kiemthugialap065@gmail.com,GET,/concerts/{id},7.107,200,ok,0,steady
1791235047.4749615,kiemthugialap024@gmail.com,GET,/concerts/{id},7.223,200,ok,0,steady
1791235047.4753077,kiemthugialap026@gmail.com,GET,/concerts/{id},6.147,200,ok,0,steady
1791235047.4786017,kiemthugialap015@gmail.com,GET,/orders/me,4.581,200,ok,0,steady
1791235047.4796283,kiemthugialap002@gmail.com,GET,/orders/me,4.193,200,ok,0,steady
1791235047.510471,kiemthugialap056@gmail.com,GET,/concerts/{id},9.314,200,ok,0,steady
1791235047.5135005,kiemthugialap066@gmail.com,GET,/orders/me,12.01,200,ok,0,steady
1791235047.5138764,kiemthugialap087@gmail.com,GET,/orders/me,13.95,200,ok,0,steady
1791235047.5140297,kiemthugialap046@gmail.com,GET,/orders/me,10.978,200,ok,0,steady
1791235047.519836,kiemthugialap004@gmail.com,GET,/concerts/{id},3.24,200,ok,0,steady
1791235047.5554812,kiemthugialap038@gmail.com,GET,/concerts/{id},4.849,200,ok,0,steady
1791235047.5566437,kiemthugialap019@gmail.com,GET,/orders/me,7.086,200,ok,0,steady
1791235047.570442,kiemthugialap045@gmail.com,GET,/concerts,3.889,200,ok,0,steady
1791235047.5902047,kiemthugialap100@gmail.com,GET,/orders/me,7.24,200,ok,0,steady
1791235047.6238403,kiemthugialap083@gmail.com,GET,/concerts/{id},24.994,200,ok,0,steady
1791235047.625547,kiemthugialap099@gmail.com,GET,/orders/me,25.653,200,ok,0,steady
1791235047.6260626,kiemthugialap097@gmail.com,GET,/orders/me,10.117,200,ok,0,steady
1791235047.6267612,kiemthugialap043@gmail.com,GET,/orders/me,25.603,200,ok,0,steady
1791235047.6289692,kiemthugialap057@gmail.com,GET,/orders/me,4.85,200,ok,0,steady
1791235047.6928716,kiemthugialap044@gmail.com,GET,/concerts?on_sale=true,17.62,200,ok,0,steady
1791235047.696016,kiemthugialap096@gmail.com,GET,/orders/me,19.603,200,ok,0,steady
1791235047.6968658,kiemthugialap085@gmail.com,GET,/orders/me,22.86,200,ok,0,steady
1791235047.6986198,kiemthugialap050@gmail.com,GET,/orders/me,16.43,200,ok,0,steady
1791235047.6995342,kiemthugialap075@gmail.com,GET,/concerts,8.765,200,ok,0,steady
1791235047.7111113,kiemthugialap077@gmail.com,GET,/concerts,4.863,200,ok,0,steady
1791235047.7392607,kiemthugialap082@gmail.com,GET,/orders/me,6.626,200,ok,0,steady
1791235047.743329,kiemthugialap018@gmail.com,GET,/concerts,3.896,200,ok,0,steady
1791235047.776159,kiemthugialap074@gmail.com,GET,/orders/me,4.874,200,ok,0,steady
1791235047.7965403,kiemthugialap008@gmail.com,GET,/concerts?on_sale=true,4.694,200,ok,0,steady
1791235047.797879,kiemthugialap014@gmail.com,GET,/orders/me,6.828,200,ok,0,steady
1791235047.8014998,kiemthugialap035@gmail.com,GET,/orders/me,4.726,200,ok,0,steady
1791235047.8245108,kiemthugialap041@gmail.com,GET,/concerts/{id},3.716,200,ok,0,steady
1791235047.8413558,kiemthugialap088@gmail.com,GET,/orders/me,5.432,200,ok,0,steady
1791235047.8454046,kiemthugialap040@gmail.com,GET,/orders/me,3.872,200,ok,0,steady
1791235047.9092467,kiemthugialap028@gmail.com,GET,/orders/me,6.486,200,ok,0,steady
1791235047.9132516,kiemthugialap076@gmail.com,GET,/orders/me,3.76,200,ok,0,steady
1791235047.9365003,kiemthugialap070@gmail.com,GET,/concerts?on_sale=true,4.37,200,ok,0,steady
1791235047.972377,kiemthugialap009@gmail.com,GET,/orders/me,5.044,200,ok,0,steady
1791235047.9931512,kiemthugialap015@gmail.com,GET,/orders/me,7.175,200,ok,0,steady
1791235047.9935942,kiemthugialap090@gmail.com,GET,/orders/me,9.143,200,ok,0,steady
1791235048.023047,kiemthugialap051@gmail.com,GET,/concerts?on_sale=true,5.915,200,ok,0,steady
1791235048.0243227,kiemthugialap089@gmail.com,GET,/orders/me,6.696,200,ok,0,steady
1791235048.0271397,kiemthugialap095@gmail.com,GET,/orders/me,3.841,200,ok,0,steady
1791235048.0580275,kiemthugialap060@gmail.com,GET,/concerts?on_sale=true,6.316,200,ok,0,steady
1791235048.0594356,kiemthugialap004@gmail.com,GET,/concerts?on_sale=true,8.373,200,ok,0,steady
1791235048.0601487,kiemthugialap064@gmail.com,GET,/orders/me,10.121,200,ok,0,steady
1791235048.0604796,kiemthugialap020@gmail.com,GET,/orders/me,9.088,200,ok,0,steady
1791235048.0782044,kiemthugialap062@gmail.com,GET,/concerts/{id},6.307,200,ok,0,steady
1791235048.0792882,kiemthugialap005@gmail.com,GET,/orders/me,5.864,200,ok,0,steady
1791235048.122615,kiemthugialap003@gmail.com,GET,/concerts?on_sale=true,6.055,200,ok,0,steady
1791235048.124144,kiemthugialap012@gmail.com,GET,/orders/me,6.747,200,ok,0,steady
1791235048.1244886,kiemthugialap042@gmail.com,GET,/concerts?on_sale=true,6.267,200,ok,0,steady
1791235048.156186,kiemthugialap033@gmail.com,GET,/concerts?on_sale=true,5.922,200,ok,0,steady
1791235048.1572618,kiemthugialap016@gmail.com,GET,/concerts,6.024,200,ok,0,steady
1791235048.1598983,kiemthugialap067@gmail.com,GET,/orders/me,3.529,200,ok,0,steady
1791235048.1984107,kiemthugialap079@gmail.com,GET,/concerts?on_sale=true,14.802,200,ok,0,steady
1791235048.2032886,kiemthugialap073@gmail.com,GET,/concerts?on_sale=true,7.727,200,ok,0,steady
1791235048.2036865,kiemthugialap080@gmail.com,GET,/orders/me,18.441,200,ok,0,steady
1791235048.204013,kiemthugialap052@gmail.com,GET,/orders/me,19.386,200,ok,0,steady
1791235048.2043095,kiemthugialap066@gmail.com,GET,/orders/me,18.573,200,ok,0,steady
1791235048.2374413,kiemthugialap063@gmail.com,GET,/concerts?on_sale=true,5.409,200,ok,0,steady
1791235048.238685,kiemthugialap081@gmail.com,GET,/orders/me,5.96,200,ok,0,steady
1791235048.2410924,kiemthugialap001@gmail.com,GET,/orders/me,3.442,200,ok,0,steady
1791235048.3269446,kiemthugialap059@gmail.com,GET,/concerts,76.694,200,ok,0,steady
1791235048.3272657,kiemthugialap013@gmail.com,GET,/orders/me,78.836,200,ok,0,steady
1791235048.3275313,kiemthugialap021@gmail.com,GET,/orders/me,76.495,200,ok,0,steady
1791235048.336451,kiemthugialap024@gmail.com,GET,/orders/me,8.454,200,ok,0,drain
1791235048.3368895,kiemthugialap006@gmail.com,GET,/orders/me,9.265,200,ok,0,drain
