timestamp,user,method,endpoint,latency_ms,http_status,outcome,failed,phase
1791233075.9593716,kiemthugialap005@gmail.com,POST,/auth/login,346.501,200,ok,0,warmup
1791233075.9632514,kiemthugialap004@gmail.com,POST,/auth/login,350.931,200,ok,0,warmup
1791233075.9639463,kiemthugialap002@gmail.com,POST,/auth/login,353.485,200,ok,0,warmup
1791233075.9643095,kiemthugialap003@gmail.com,POST,/auth/login,352.595,200,ok,0,warmup
1791233075.968851,kiemthugialap005@gmail.com,GET,/concerts,9.228,200,ok,0,warmup
1791233075.9705305,kiemthugialap006@gmail.com,POST,/auth/login,357.119,200,ok,0,warmup
1791233075.9842038,kiemthugialap007@gmail.com,POST,/auth/login,369.809,200,ok,0,warmup
1791233075.9865973,kiemthugialap004@gmail.com,GET,/concerts,23.24,200,ok,0,warmup
1791233075.9893124,kiemthugialap003@gmail.com,GET,/concerts,24.921,200,ok,0,warmup
1791233075.9912515,kiemthugialap007@gmail.com,GET,/concerts,6.931,200,ok,0,warmup
1791233075.99565,kiemthugialap005@gmail.com,GET,/concerts/{id}/ticket-types,26.677,200,ok,0,warmup
1791233075.9967418,kiemthugialap006@gmail.com,GET,/concerts,26.106,200,ok,0,warmup
1791233075.9984748,kiemthugialap002@gmail.com,GET,/concerts,34.445,200,ok,0,warmup
1791233076.0010865,kiemthugialap004@gmail.com,GET,/concerts/{id}/ticket-types,14.292,200,ok,0,warmup
1791233076.0029445,kiemthugialap002@gmail.com,GET,/concerts/{id}/ticket-types,4.393,200,ok,0,warmup
1791233076.0136795,kiemthugialap004@gmail.com,POST,/orders,12.473,201,ok,0,warmup
1791233076.0189464,kiemthugialap008@gmail.com,POST,/auth/login,404.009,200,ok,0,warmup
1791233076.020185,kiemthugialap005@gmail.com,POST,/orders,24.4,201,ok,0,warmup
1791233076.0227516,kiemthugialap008@gmail.com,GET,/concerts,3.666,200,ok,0,warmup
1791233076.0242531,kiemthugialap006@gmail.com,GET,/concerts/{id}/ticket-types,27.426,200,ok,0,warmup
1791233076.02634,kiemthugialap007@gmail.com,GET,/concerts/{id}/ticket-types,34.998,200,ok,0,warmup
1791233076.032208,kiemthugialap003@gmail.com,GET,/concerts/{id}/ticket-types,42.808,200,ok,0,warmup
1791233076.0351157,kiemthugialap002@gmail.com,POST,/orders,32.086,201,ok,0,warmup
1791233076.035978,kiemthugialap008@gmail.com,GET,/concerts/{id}/ticket-types,13.114,200,ok,0,warmup
1791233076.0448375,kiemthugialap007@gmail.com,POST,/orders,18.335,201,ok,0,warmup
1791233076.04543,kiemthugialap001@gmail.com,POST,/auth/login,442.276,200,ok,0,warmup
1791233076.0514178,kiemthugialap008@gmail.com,POST,/orders,15.346,201,ok,0,warmup
1791233076.0540648,kiemthugialap001@gmail.com,GET,/concerts,8.54,200,ok,0,warmup
1791233076.058928,kiemthugialap006@gmail.com,POST,/orders,34.549,201,ok,0,warmup
1791233076.0605743,kiemthugialap001@gmail.com,GET,/concerts/{id}/ticket-types,6.421,200,ok,0,warmup
1791233076.0629046,kiemthugialap011@gmail.com,POST,/auth/login,446.502,200,ok,0,warmup
1791233076.0637758,kiemthugialap009@gmail.com,POST,/auth/login,448.317,200,ok,0,warmup
1791233076.090666,kiemthugialap009@gmail.com,GET,/concerts,26.785,200,ok,0,warmup
1791233076.0918195,kiemthugialap011@gmail.com,GET,/concerts,28.835,200,ok,0,warmup
1791233076.0928714,kiemthugialap003@gmail.com,POST,/orders,60.575,201,ok,0,warmup
1791233076.0975103,kiemthugialap010@gmail.com,POST,/auth/login,481.541,200,ok,0,warmup
1791233076.0986304,kiemthugialap011@gmail.com,GET,/concerts/{id}/ticket-types,6.736,200,ok,0,warmup
1791233076.0994055,kiemthugialap009@gmail.com,GET,/concerts/{id}/ticket-types,8.639,200,ok,0,warmup
1791233076.10072,kiemthugialap010@gmail.com,GET,/concerts,3.113,200,ok,0,warmup
1791233076.1084876,kiemthugialap001@gmail.com,POST,/orders,47.767,201,ok,0,warmup
1791233076.1090648,kiemthugialap009@gmail.com,GET,/concerts/{id}/ticket-types,9.577,200,ok,0,warmup
1791233076.1095467,kiemthugialap010@gmail.com,GET,/concerts/{id}/ticket-types,8.753,200,ok,0,warmup
1791233076.1151068,kiemthugialap010@gmail.com,GET,/concerts?on_sale=true,5.415,200,ok,0,warmup
1791233076.123696,kiemthugialap011@gmail.com,POST,/orders,24.916,201,ok,0,warmup
1791233076.195186,kiemthugialap013@gmail.com,POST,/auth/login,577.991,200,ok,0,warmup
1791233076.1982338,kiemthugialap013@gmail.com,GET,/concerts,2.939,200,ok,0,warmup
1791233076.2014701,kiemthugialap013@gmail.com,GET,/concerts/{id}/ticket-types,3.092,200,ok,0,warmup
1791233076.204363,kiemthugialap013@gmail.com,GET,/concerts/{id},2.76,200,ok,0,warmup
1791233076.2198133,kiemthugialap014@gmail.com,POST,/auth/login,602.266,200,ok,0,warmup
1791233076.2231693,kiemthugialap014@gmail.com,GET,/concerts,3.243,200,ok,0,warmup
1791233076.2269328,kiemthugialap020@gmail.com,POST,/auth/login,607.397,200,ok,0,warmup
1791233076.2282174,kiemthugialap014@gmail.com,GET,/concerts/{id}/ticket-types,4.952,200,ok,0,warmup
1791233076.228809,kiemthugialap018@gmail.com,POST,/auth/login,609.947,200,ok,0,warmup
1791233076.2297685,kiemthugialap020@gmail.com,GET,/concerts,2.731,200,ok,0,warmup
1791233076.2305715,kiemthugialap015@gmail.com,POST,/auth/login,612.71,200,ok,0,warmup
1791233076.2353814,kiemthugialap014@gmail.com,GET,/concerts/{id}/ticket-types,7.071,200,ok,0,warmup
1791233076.2357485,kiemthugialap018@gmail.com,GET,/concerts,6.877,200,ok,0,warmup
1791233076.2363176,kiemthugialap015@gmail.com,GET,/concerts,5.679,200,ok,0,warmup
1791233076.2376297,kiemthugialap020@gmail.com,GET,/concerts/{id}/ticket-types,7.797,200,ok,0,warmup
1791233076.2384567,kiemthugialap019@gmail.com,POST,/auth/login,619.269,200,ok,0,warmup
1791233076.238986,kiemthugialap012@gmail.com,POST,/auth/login,622.178,200,ok,0,warmup
1791233076.2442007,kiemthugialap016@gmail.com,POST,/auth/login,625.983,200,ok,0,warmup
1791233076.2467065,kiemthugialap018@gmail.com,GET,/concerts/{id}/ticket-types,10.883,200,ok,0,warmup
1791233076.247316,kiemthugialap015@gmail.com,GET,/concerts/{id}/ticket-types,10.937,200,ok,0,warmup
1791233076.2482274,kiemthugialap020@gmail.com,GET,/concerts/{id}/ticket-types,10.516,200,ok,0,warmup
1791233076.2485442,kiemthugialap012@gmail.com,GET,/concerts,9.497,200,ok,0,warmup
1791233076.249061,kiemthugialap019@gmail.com,GET,/concerts,10.539,200,ok,0,warmup
1791233076.2526155,kiemthugialap016@gmail.com,GET,/concerts,8.332,200,ok,0,warmup
1791233076.255726,kiemthugialap018@gmail.com,GET,/concerts/{id},8.907,200,ok,0,warmup
1791233076.258969,kiemthugialap017@gmail.com,POST,/auth/login,640.427,200,ok,0,warmup
1791233076.2596314,kiemthugialap012@gmail.com,GET,/concerts/{id}/ticket-types,11.025,200,ok,0,warmup
1791233076.2600172,kiemthugialap019@gmail.com,GET,/concerts/{id}/ticket-types,10.898,200,ok,0,warmup
1791233076.2634785,kiemthugialap015@gmail.com,POST,/orders,16.094,201,ok,0,warmup
1791233076.263872,kiemthugialap016@gmail.com,GET,/concerts/{id}/ticket-types,11.194,200,ok,0,warmup
1791233076.2698622,kiemthugialap016@gmail.com,POST,/orders,5.914,201,ok,0,warmup
1791233076.274955,kiemthugialap017@gmail.com,GET,/concerts,15.851,200,ok,0,warmup
1791233076.2808075,kiemthugialap017@gmail.com,GET,/concerts/{id}/ticket-types,5.71,200,ok,0,warmup
1791233076.281901,kiemthugialap019@gmail.com,POST,/orders,21.82,201,ok,0,warmup
1791233076.290257,kiemthugialap017@gmail.com,GET,/concerts,9.304,200,ok,0,warmup
1791233076.2911649,kiemthugialap012@gmail.com,POST,/orders,31.45,201,ok,0,warmup
1791233076.9603689,kiemthugialap028@gmail.com,POST,/auth/login,348.813,200,ok,0,warmup
1791233076.9610276,kiemthugialap031@gmail.com,POST,/auth/login,347.934,200,ok,0,warmup
1791233076.961574,kiemthugialap034@gmail.com,POST,/auth/login,347.457,200,ok,0,warmup
1791233076.9621186,kiemthugialap021@gmail.com,POST,/auth/login,354.746,200,ok,0,warmup
1791233076.9626389,kiemthugialap022@gmail.com,POST,/auth/login,354.455,200,ok,0,warmup
1791233076.9671354,kiemthugialap026@gmail.com,POST,/auth/login,356.604,200,ok,0,warmup
1791233076.984769,kiemthugialap006@gmail.com,GET,/concerts/{id},25.772,200,ok,0,warmup
1791233076.9868066,kiemthugialap031@gmail.com,GET,/concerts,25.708,200,ok,0,warmup
1791233076.9881902,kiemthugialap034@gmail.com,GET,/concerts,26.543,200,ok,0,warmup
1791233076.991528,kiemthugialap022@gmail.com,GET,/concerts,28.82,200,ok,0,warmup
1791233076.993563,kiemthugialap021@gmail.com,GET,/concerts,31.376,200,ok,0,warmup
1791233076.9955115,kiemthugialap028@gmail.com,GET,/concerts,35.039,200,ok,0,warmup
1791233076.9975865,kiemthugialap026@gmail.com,GET,/concerts,30.376,200,ok,0,warmup
1791233076.9994454,kiemthugialap019@gmail.com,GET,/concerts/{id},14.508,200,ok,0,warmup
1791233077.000687,kiemthugialap031@gmail.com,GET,/concerts/{id}/ticket-types,13.808,200,ok,0,warmup
1791233077.0024748,kiemthugialap034@gmail.com,GET,/concerts/{id}/ticket-types,14.212,200,ok,0,warmup
1791233077.0046213,kiemthugialap022@gmail.com,GET,/concerts/{id}/ticket-types,13.019,200,ok,0,warmup
1791233077.0079947,kiemthugialap021@gmail.com,GET,/concerts/{id}/ticket-types,14.353,200,ok,0,warmup
1791233077.0097713,kiemthugialap028@gmail.com,GET,/concerts/{id}/ticket-types,14.132,200,ok,0,warmup
1791233077.0154483,kiemthugialap021@gmail.com,POST,/orders,7.371,201,ok,0,warmup
1791233077.019773,kiemthugialap034@gmail.com,POST,/orders,17.226,201,ok,0,warmup
1791233077.0242362,kiemthugialap022@gmail.com,GET,/concerts/{id}/ticket-types,19.485,200,ok,0,warmup
1791233077.024786,kiemthugialap031@gmail.com,GET,/concerts?on_sale=true,24.004,200,ok,0,warmup
1791233077.0258868,kiemthugialap028@gmail.com,GET,/concerts?on_sale=true,16.033,200,ok,0,warmup
1791233077.027174,kiemthugialap026@gmail.com,GET,/concerts/{id}/ticket-types,29.51,200,ok,0,warmup
1791233077.0314975,kiemthugialap018@gmail.com,POST,/orders,11.604,201,ok,0,warmup
1791233077.0343263,kiemthugialap026@gmail.com,GET,/concerts?on_sale=true,7.05,200,ok,0,warmup
1791233077.0375333,kiemthugialap003@gmail.com,GET,/orders/me,5.915,200,ok,0,warmup
1791233077.0621965,kiemthugialap010@gmail.com,POST,/orders,8.341,201,ok,0,warmup
1791233077.1081626,kiemthugialap020@gmail.com,GET,/concerts/{id}/ticket-types,4.602,200,ok,0,warmup
1791233077.1139946,kiemthugialap039@gmail.com,POST,/auth/login,498.46,200,ok,0,warmup
1791233077.117851,kiemthugialap039@gmail.com,GET,/concerts,3.769,200,ok,0,warmup
1791233077.1203847,kiemthugialap012@gmail.com,GET,/orders/me,5.942,200,ok,0,warmup
1791233077.121594,kiemthugialap039@gmail.com,GET,/concerts/{id}/ticket-types,3.656,200,ok,0,warmup
1791233077.1249542,kiemthugialap039@gmail.com,GET,/concerts/{id},3.209,200,ok,0,warmup
1791233077.1375623,kiemthugialap037@gmail.com,POST,/auth/login,522.58,200,ok,0,warmup
1791233077.140825,kiemthugialap037@gmail.com,GET,/concerts,3.18,200,ok,0,warmup
1791233077.1436734,kiemthugialap037@gmail.com,GET,/concerts/{id}/ticket-types,2.774,200,ok,0,warmup
1791233077.145598,kiemthugialap035@gmail.com,POST,/auth/login,531.152,200,ok,0,warmup
1791233077.148065,kiemthugialap029@gmail.com,POST,/auth/login,535.989,200,ok,0,warmup
1791233077.1521096,kiemthugialap037@gmail.com,POST,/orders,8.35,201,ok,0,warmup
1791233077.1525276,kiemthugialap035@gmail.com,GET,/concerts,6.858,200,ok,0,warmup
1791233077.1533482,kiemthugialap029@gmail.com,GET,/concerts,5.21,200,ok,0,warmup
1791233077.1591365,kiemthugialap035@gmail.com,GET,/concerts/{id}/ticket-types,6.465,200,ok,0,warmup
1791233077.1615348,kiemthugialap029@gmail.com,GET,/concerts/{id}/ticket-types,8.098,200,ok,0,warmup
1791233077.166209,kiemthugialap035@gmail.com,GET,/concerts/{id},6.897,200,ok,0,warmup
1791233077.1667728,kiemthugialap016@gmail.com,GET,/orders/me,11.83,200,ok,0,warmup
1791233077.1715832,kiemthugialap029@gmail.com,POST,/orders,9.903,201,ok,0,warmup
1791233077.1752837,kiemthugialap025@gmail.com,POST,/auth/login,565.09,200,ok,0,warmup
1791233077.181169,kiemthugialap025@gmail.com,GET,/concerts,5.62,200,ok,0,warmup
1791233077.1870468,kiemthugialap025@gmail.com,GET,/concerts/{id}/ticket-types,5.699,200,ok,0,warmup
1791233077.1907496,kiemthugialap024@gmail.com,POST,/auth/login,581.027,200,ok,0,warmup
1791233077.1920865,kiemthugialap033@gmail.com,POST,/auth/login,578.262,200,ok,0,warmup
1791233077.1969125,kiemthugialap024@gmail.com,GET,/concerts,6.035,200,ok,0,warmup
1791233077.1987224,kiemthugialap023@gmail.com,POST,/auth/login,589.508,200,ok,0,warmup
1791233077.19931,kiemthugialap033@gmail.com,GET,/concerts,7.143,200,ok,0,warmup
1791233077.200382,kiemthugialap025@gmail.com,POST,/orders,13.222,201,ok,0,warmup
1791233077.222209,kiemthugialap038@gmail.com,POST,/auth/login,606.938,200,ok,0,warmup
1791233077.2241166,kiemthugialap036@gmail.com,POST,/auth/login,609.392,200,ok,0,warmup
1791233077.2249355,kiemthugialap023@gmail.com,GET,/concerts,26.139,200,ok,0,warmup
1791233077.225302,kiemthugialap033@gmail.com,GET,/concerts/{id}/ticket-types,25.93,200,ok,0,warmup
1791233077.2257953,kiemthugialap024@gmail.com,GET,/concerts/{id}/ticket-types,28.809,200,ok,0,warmup
1791233077.2262988,kiemthugialap030@gmail.com,POST,/auth/login,613.68,200,ok,0,warmup
1791233077.2279649,kiemthugialap027@gmail.com,POST,/auth/login,617.008,200,ok,0,warmup
1791233077.2312171,kiemthugialap038@gmail.com,GET,/concerts,8.914,200,ok,0,warmup
1791233077.232417,kiemthugialap040@gmail.com,POST,/auth/login,616.62,200,ok,0,warmup
1791233077.234159,kiemthugialap036@gmail.com,GET,/concerts,9.958,200,ok,0,warmup
1791233077.238687,kiemthugialap030@gmail.com,GET,/concerts,12.308,200,ok,0,warmup
1791233077.2392457,kiemthugialap023@gmail.com,GET,/concerts/{id}/ticket-types,14.24,200,ok,0,warmup
1791233077.2438476,kiemthugialap033@gmail.com,GET,/concerts/{id}/ticket-types,18.449,200,ok,0,warmup
1791233077.2441077,kiemthugialap027@gmail.com,GET,/concerts,16.074,200,ok,0,warmup
1791233077.248012,kiemthugialap015@gmail.com,GET,/orders/me,21.413,200,ok,0,warmup
1791233077.2486377,kiemthugialap038@gmail.com,GET,/concerts/{id}/ticket-types,17.356,200,ok,0,warmup
1791233077.2495577,kiemthugialap024@gmail.com,POST,/orders,23.699,201,ok,0,warmup
1791233077.251469,kiemthugialap032@gmail.com,POST,/auth/login,637.982,200,ok,0,warmup
1791233077.25207,kiemthugialap040@gmail.com,GET,/concerts,19.587,200,ok,0,warmup
1791233077.253255,kiemthugialap036@gmail.com,GET,/concerts/{id}/ticket-types,19.012,200,ok,0,warmup
1791233077.263259,kiemthugialap027@gmail.com,GET,/concerts/{id}/ticket-types,19.061,200,ok,0,warmup
1791233077.2641053,kiemthugialap030@gmail.com,GET,/concerts/{id}/ticket-types,25.312,200,ok,0,warmup
1791233077.2669141,kiemthugialap009@gmail.com,POST,/orders,34.148,201,ok,0,warmup
1791233077.2675374,kiemthugialap032@gmail.com,GET,/concerts,15.99,200,ok,0,warmup
1791233077.2684422,kiemthugialap040@gmail.com,GET,/concerts/{id}/ticket-types,16.306,200,ok,0,warmup
1791233077.2766526,kiemthugialap038@gmail.com,POST,/orders,27.914,201,ok,0,warmup
1791233077.2772942,kiemthugialap027@gmail.com,GET,/concerts,13.913,200,ok,0,warmup
1791233077.277884,kiemthugialap032@gmail.com,GET,/concerts/{id}/ticket-types,10.277,200,ok,0,warmup
1791233077.2837677,kiemthugialap032@gmail.com,POST,/orders,5.779,201,ok,0,warmup
1791233077.2921214,kiemthugialap036@gmail.com,POST,/orders,38.755,201,ok,0,warmup
1791233077.3084526,kiemthugialap030@gmail.com,POST,/orders,44.234,201,ok,0,warmup
1791233077.326367,kiemthugialap040@gmail.com,POST,/orders,57.83,201,ok,0,warmup
1791233077.3430345,kiemthugialap023@gmail.com,POST,/orders,103.684,201,ok,0,warmup
1791233077.357071,kiemthugialap017@gmail.com,GET,/concerts/{id}/ticket-types,18.928,200,ok,0,warmup
1791233077.3650398,kiemthugialap013@gmail.com,POST,/orders,7.511,201,ok,0,warmup
1791233077.5460699,kiemthugialap007@gmail.com,GET,/orders/me,5.957,200,ok,0,warmup
1791233077.7243493,kiemthugialap002@gmail.com,GET,/orders/me,89.725,200,ok,0,warmup
1791233078.0576591,kiemthugialap055@gmail.com,POST,/auth/login,441.81,200,ok,0,warmup
1791233078.058431,kiemthugialap048@gmail.com,POST,/auth/login,444.912,200,ok,0,warmup
1791233078.0594199,kiemthugialap050@gmail.com,POST,/auth/login,445.165,200,ok,0,warmup
1791233078.0626318,kiemthugialap053@gmail.com,POST,/auth/login,447.326,200,ok,0,warmup
1791233078.0634618,kiemthugialap052@gmail.com,POST,/auth/login,448.485,200,ok,0,warmup
1791233078.0690968,kiemthugialap012@gmail.com,GET,/concerts/{id},180.497,200,ok,0,warmup
1791233078.0709302,kiemthugialap013@gmail.com,GET,/concerts,90.183,200,ok,0,warmup
1791233078.0723937,kiemthugialap011@gmail.com,GET,/orders/me,181.912,200,ok,0,warmup
1791233078.0735517,kiemthugialap053@gmail.com,GET,/concerts,10.844,200,ok,0,warmup
1791233078.0747082,kiemthugialap040@gmail.com,GET,/orders/me,90.073,200,ok,0,warmup
1791233078.0752964,kiemthugialap004@gmail.com,GET,/concerts,355.887,200,ok,0,warmup
1791233078.07697,kiemthugialap039@gmail.com,GET,/concerts?on_sale=true,186.756,200,ok,0,warmup
1791233078.079534,kiemthugialap005@gmail.com,GET,/orders/me,268.294,200,ok,0,warmup
1791233078.0819404,kiemthugialap001@gmail.com,GET,/orders/me,269.833,200,ok,0,warmup
1791233078.0836296,kiemthugialap053@gmail.com,GET,/concerts/{id}/ticket-types,9.902,200,ok,0,warmup
1791233078.0853972,kiemthugialap032@gmail.com,GET,/orders/me,195.507,200,ok,0,warmup
1791233078.087925,kiemthugialap034@gmail.com,GET,/concerts?on_sale=true,105.552,200,ok,0,warmup
1791233078.0883307,kiemthugialap023@gmail.com,GET,/concerts/{id},106.441,200,ok,0,warmup
1791233078.093503,kiemthugialap033@gmail.com,POST,/orders,110.842,201,ok,0,warmup
1791233078.0972922,kiemthugialap021@gmail.com,GET,/orders/me,50.188,200,ok,0,warmup
1791233078.0993414,kiemthugialap041@gmail.com,POST,/auth/login,490.83,200,ok,0,warmup
1791233078.1019578,kiemthugialap044@gmail.com,POST,/auth/login,489.955,200,ok,0,warmup
1791233078.104602,kiemthugialap006@gmail.com,GET,/orders/me,121.631,200,ok,0,warmup
1791233078.106423,kiemthugialap048@gmail.com,GET,/concerts,47.905,200,ok,0,warmup
1791233078.107236,kiemthugialap055@gmail.com,GET,/concerts,49.463,200,ok,0,warmup
1791233078.1087062,kiemthugialap050@gmail.com,GET,/concerts,49.21,200,ok,0,warmup
1791233078.1112747,kiemthugialap047@gmail.com,POST,/auth/login,498.096,200,ok,0,warmup
1791233078.1131015,kiemthugialap052@gmail.com,GET,/concerts,49.558,200,ok,0,warmup
1791233078.1302495,kiemthugialap008@gmail.com,GET,/orders/me,410.273,200,ok,0,warmup
1791233078.1306832,kiemthugialap014@gmail.com,GET,/concerts/{id}/ticket-types,410.425,200,ok,0,warmup
1791233078.1327057,kiemthugialap050@gmail.com,GET,/concerts/{id}/ticket-types,23.913,200,ok,0,warmup
1791233078.1338437,kiemthugialap058@gmail.com,POST,/auth/login,517.127,200,ok,0,warmup
1791233078.1370647,kiemthugialap041@gmail.com,GET,/concerts,37.622,200,ok,0,warmup
1791233078.1381154,kiemthugialap052@gmail.com,GET,/concerts/{id}/ticket-types,24.932,200,ok,0,warmup
1791233078.1400247,kiemthugialap049@gmail.com,POST,/auth/login,526.126,200,ok,0,warmup
1791233078.1429327,kiemthugialap048@gmail.com,GET,/concerts/{id}/ticket-types,36.426,200,ok,0,warmup
1791233078.1435947,kiemthugialap054@gmail.com,POST,/auth/login,528.035,200,ok,0,warmup
1791233078.1447904,kiemthugialap055@gmail.com,GET,/concerts/{id}/ticket-types,37.465,200,ok,0,warmup
1791233078.1466281,kiemthugialap051@gmail.com,POST,/auth/login,532.009,200,ok,0,warmup
1791233078.14749,kiemthugialap053@gmail.com,GET,/concerts?on_sale=true,63.643,200,ok,0,warmup
1791233078.14768,kiemthugialap046@gmail.com,POST,/auth/login,534.878,200,ok,0,warmup
1791233078.1504884,kiemthugialap045@gmail.com,POST,/auth/login,538.08,200,ok,0,warmup
1791233078.1512,kiemthugialap047@gmail.com,GET,/concerts,39.833,200,ok,0,warmup
1791233078.151847,kiemthugialap044@gmail.com,GET,/concerts,49.796,200,ok,0,warmup
1791233078.154992,kiemthugialap050@gmail.com,GET,/concerts,22.187,200,ok,0,warmup
1791233078.1581793,kiemthugialap058@gmail.com,GET,/concerts,24.247,200,ok,0,warmup
1791233078.1617327,kiemthugialap041@gmail.com,GET,/concerts/{id}/ticket-types,24.582,200,ok,0,warmup
1791233078.165222,kiemthugialap043@gmail.com,POST,/auth/login,553.656,200,ok,0,warmup
1791233078.1664395,kiemthugialap049@gmail.com,GET,/concerts,26.299,200,ok,0,warmup
1791233078.1670523,kiemthugialap016@gmail.com,GET,/orders/me,38.019,200,ok,0,warmup
1791233078.1730268,kiemthugialap048@gmail.com,GET,/concerts/{id}/ticket-types,29.998,200,ok,0,warmup
1791233078.1734545,kiemthugialap054@gmail.com,GET,/concerts,29.786,200,ok,0,warmup
1791233078.1752553,kiemthugialap051@gmail.com,GET,/concerts,28.544,200,ok,0,warmup
1791233078.1759279,kiemthugialap046@gmail.com,GET,/concerts,28.18,200,ok,0,warmup
1791233078.1782656,kiemthugialap038@gmail.com,GET,/orders/me,38.877,200,ok,0,warmup
1791233078.178427,kiemthugialap052@gmail.com,POST,/orders,40.219,201,ok,0,warmup
1791233078.1797385,kiemthugialap045@gmail.com,GET,/concerts,29.156,200,ok,0,warmup
1791233078.1808279,kiemthugialap047@gmail.com,GET,/concerts/{id}/ticket-types,29.524,200,ok,0,warmup
1791233078.1815364,kiemthugialap044@gmail.com,GET,/concerts/{id}/ticket-types,29.609,200,ok,0,warmup
1791233078.1878564,kiemthugialap058@gmail.com,GET,/concerts/{id}/ticket-types,29.566,200,ok,0,warmup
1791233078.1933513,kiemthugialap049@gmail.com,GET,/concerts/{id}/ticket-types,26.813,200,ok,0,warmup
1791233078.1940777,kiemthugialap043@gmail.com,GET,/concerts,28.754,200,ok,0,warmup
1791233078.201961,kiemthugialap054@gmail.com,GET,/concerts/{id}/ticket-types,28.403,200,ok,0,warmup
1791233078.2058518,kiemthugialap051@gmail.com,GET,/concerts/{id}/ticket-types,30.484,200,ok,0,warmup
1791233078.206805,kiemthugialap046@gmail.com,GET,/concerts/{id}/ticket-types,30.8,200,ok,0,warmup
1791233078.2079883,kiemthugialap047@gmail.com,GET,/concerts?on_sale=true,27.038,200,ok,0,warmup
1791233078.20903,kiemthugialap055@gmail.com,POST,/orders,64.159,201,ok,0,warmup
1791233078.210001,kiemthugialap044@gmail.com,GET,/concerts/{id}/ticket-types,28.367,200,ok,0,warmup
1791233078.2106524,kiemthugialap045@gmail.com,GET,/concerts/{id}/ticket-types,30.827,200,ok,0,warmup
1791233078.2222433,kiemthugialap049@gmail.com,GET,/concerts?on_sale=true,28.733,200,ok,0,warmup
1791233078.2234812,kiemthugialap041@gmail.com,POST,/orders,61.649,201,ok,0,warmup
1791233078.2259066,kiemthugialap054@gmail.com,GET,/concerts/{id},23.838,200,ok,0,warmup
1791233078.226395,kiemthugialap043@gmail.com,GET,/concerts/{id}/ticket-types,32.244,200,ok,0,warmup
1791233078.2272904,kiemthugialap051@gmail.com,GET,/concerts,21.315,200,ok,0,warmup
1791233078.2280083,kiemthugialap009@gmail.com,GET,/concerts?on_sale=true,19.876,200,ok,0,warmup
1791233078.2522275,kiemthugialap025@gmail.com,GET,/orders/me,53.989,200,ok,0,warmup
1791233078.253861,kiemthugialap020@gmail.com,POST,/orders,79.87,201,ok,0,warmup
1791233078.2543662,kiemthugialap015@gmail.com,GET,/orders/me,56.862,200,ok,0,warmup
1791233078.256767,kiemthugialap003@gmail.com,GET,/orders/me,4.291,200,ok,0,warmup
1791233078.266141,kiemthugialap058@gmail.com,POST,/orders,78.16,201,ok,0,warmup
1791233078.2812326,kiemthugialap043@gmail.com,POST,/orders,54.734,201,ok,0,warmup
1791233078.2987113,kiemthugialap045@gmail.com,POST,/orders,87.966,201,ok,0,warmup
1791233078.3160388,kiemthugialap046@gmail.com,POST,/orders,109.12,201,ok,0,warmup
1791233078.3223667,kiemthugialap057@gmail.com,POST,/auth/login,705.926,200,ok,0,warmup
1791233078.3249009,kiemthugialap057@gmail.com,GET,/concerts,2.45,200,ok,0,warmup
1791233078.3273175,kiemthugialap057@gmail.com,GET,/concerts/{id}/ticket-types,2.348,200,ok,0,warmup
1791233078.3293276,kiemthugialap057@gmail.com,GET,/concerts,1.928,200,ok,0,warmup
1791233078.3423092,kiemthugialap056@gmail.com,POST,/auth/login,726.191,200,ok,0,warmup
1791233078.3432431,kiemthugialap042@gmail.com,POST,/auth/login,733.613,200,ok,0,warmup
1791233078.3452783,kiemthugialap056@gmail.com,GET,/concerts,2.889,200,ok,0,warmup
1791233078.346239,kiemthugialap042@gmail.com,GET,/concerts,2.928,200,ok,0,warmup
1791233078.3505354,kiemthugialap056@gmail.com,GET,/concerts/{id}/ticket-types,5.16,200,ok,0,warmup
1791233078.3518157,kiemthugialap042@gmail.com,GET,/concerts/{id}/ticket-types,5.5,200,ok,0,warmup
1791233078.3528392,kiemthugialap060@gmail.com,POST,/auth/login,735.569,200,ok,0,warmup
1791233078.3561563,kiemthugialap056@gmail.com,GET,/concerts?on_sale=true,5.489,200,ok,0,warmup
1791233078.356953,kiemthugialap059@gmail.com,POST,/auth/login,739.962,200,ok,0,warmup
1791233078.3577619,kiemthugialap060@gmail.com,GET,/concerts,4.839,200,ok,0,warmup
1791233078.3630607,kiemthugialap042@gmail.com,POST,/orders,11.152,201,ok,0,warmup
1791233078.363673,kiemthugialap059@gmail.com,GET,/concerts,6.649,200,ok,0,warmup
1791233078.3648186,kiemthugialap060@gmail.com,GET,/concerts/{id}/ticket-types,6.984,200,ok,0,warmup
1791233078.3697236,kiemthugialap059@gmail.com,GET,/concerts/{id}/ticket-types,5.933,200,ok,0,warmup
1791233078.3717728,kiemthugialap060@gmail.com,GET,/concerts/{id}/ticket-types,6.856,200,ok,0,warmup
1791233078.3786073,kiemthugialap028@gmail.com,POST,/orders,8.181,201,ok,0,warmup
1791233078.3846407,kiemthugialap059@gmail.com,POST,/orders,14.736,201,ok,0,warmup
1791233078.4012616,kiemthugialap035@gmail.com,GET,/concerts/{id},5.365,200,ok,0,warmup
1791233078.50272,kiemthugialap018@gmail.com,GET,/orders/me,6.682,200,ok,0,warmup
1791233078.5862908,kiemthugialap004@gmail.com,GET,/orders/me,7.113,200,ok,0,warmup
1791233078.687394,kiemthugialap029@gmail.com,GET,/orders/me,60.861,200,ok,0,warmup
1791233078.9546807,kiemthugialap066@gmail.com,POST,/auth/login,336.352,200,ok,0,warmup
1791233078.9554746,kiemthugialap069@gmail.com,POST,/auth/login,335.513,200,ok,0,warmup
1791233078.9571962,kiemthugialap064@gmail.com,POST,/auth/login,339.956,200,ok,0,warmup
1791233078.961374,kiemthugialap061@gmail.com,POST,/auth/login,345.424,200,ok,0,warmup
1791233078.9619834,kiemthugialap065@gmail.com,POST,/auth/login,344.228,200,ok,0,warmup
1791233078.963161,kiemthugialap072@gmail.com,POST,/auth/login,341.725,200,ok,0,warmup
1791233078.9636407,kiemthugialap071@gmail.com,POST,/auth/login,342.739,200,ok,0,warmup
1791233078.9689322,kiemthugialap031@gmail.com,POST,/orders,27.04,201,ok,0,warmup
1791233078.969335,kiemthugialap079@gmail.com,POST,/auth/login,344.237,200,ok,0,warmup
1791233078.9739068,kiemthugialap019@gmail.com,GET,/orders/me,211.182,200,ok,0,warmup
1791233078.9757004,kiemthugialap010@gmail.com,GET,/orders/me,127.201,200,ok,0,warmup
1791233078.9772494,kiemthugialap026@gmail.com,GET,/concerts/{id}/ticket-types,130.816,200,ok,0,warmup
1791233078.9805126,kiemthugialap034@gmail.com,GET,/orders/me,133.652,200,ok,0,warmup
1791233078.9834235,kiemthugialap033@gmail.com,GET,/orders/me,286.459,200,ok,0,warmup
1791233078.9836092,kiemthugialap061@gmail.com,GET,/concerts,22.162,200,ok,0,warmup
1791233078.9873123,kiemthugialap067@gmail.com,POST,/auth/login,368.364,200,ok,0,warmup
1791233078.9923973,kiemthugialap039@gmail.com,GET,/concerts/{id}/ticket-types,128.976,200,ok,0,warmup
1791233078.9953127,kiemthugialap053@gmail.com,POST,/orders,148.134,201,ok,0,warmup
1791233078.9955735,kiemthugialap023@gmail.com,GET,/orders/me,150.446,200,ok,0,warmup
1791233078.996011,kiemthugialap061@gmail.com,GET,/concerts/{id}/ticket-types,12.327,200,ok,0,warmup
1791233079.001293,kiemthugialap011@gmail.com,GET,/orders/me,104.303,200,ok,0,warmup
1791233079.004391,kiemthugialap064@gmail.com,GET,/concerts,47.103,200,ok,0,warmup
1791233079.0078125,kiemthugialap069@gmail.com,GET,/concerts,52.253,200,ok,0,warmup
1791233079.0090113,kiemthugialap047@gmail.com,POST,/orders,58.492,201,ok,0,warmup
1791233079.010896,kiemthugialap066@gmail.com,GET,/concerts,56.116,200,ok,0,warmup
1791233079.0200334,kiemthugialap043@gmail.com,GET,/orders/me,64.089,200,ok,0,warmup
1791233079.021658,kiemthugialap063@gmail.com,POST,/auth/login,404.754,200,ok,0,warmup
1791233079.0232964,kiemthugialap048@gmail.com,POST,/orders,294.246,201,ok,0,warmup
1791233079.023733,kiemthugialap007@gmail.com,GET,/orders/me,81.282,200,ok,0,warmup
1791233079.0239198,kiemthugialap027@gmail.com,GET,/concerts/{id}/ticket-types,378.493,200,ok,0,warmup
1791233079.0244145,kiemthugialap065@gmail.com,GET,/concerts,62.354,200,ok,0,warmup
1791233079.0269108,kiemthugialap052@gmail.com,GET,/concerts/{id},129.429,200,ok,0,warmup
1791233079.030642,kiemthugialap067@gmail.com,GET,/concerts,43.245,200,ok,0,warmup
1791233079.0336878,kiemthugialap071@gmail.com,GET,/concerts,69.95,200,ok,0,warmup
1791233079.0345693,kiemthugialap072@gmail.com,GET,/concerts,71.329,200,ok,0,warmup
1791233079.0350273,kiemthugialap079@gmail.com,GET,/concerts,65.608,200,ok,0,warmup
1791233079.0373526,kiemthugialap022@gmail.com,POST,/orders,59.926,409,sold_out,0,warmup
1791233079.038105,kiemthugialap061@gmail.com,GET,/concerts/{id}/ticket-types,42.002,200,ok,0,warmup
1791233079.0412147,kiemthugialap024@gmail.com,GET,/concerts?on_sale=true,39.654,200,ok,0,warmup
1791233079.0421677,kiemthugialap069@gmail.com,GET,/concerts/{id}/ticket-types,34.276,200,ok,0,warmup
1791233079.0432544,kiemthugialap041@gmail.com,GET,/orders/me,51.603,200,ok,0,warmup
1791233079.0434163,kiemthugialap064@gmail.com,GET,/concerts/{id}/ticket-types,38.93,200,ok,0,warmup
1791233079.047119,kiemthugialap066@gmail.com,GET,/concerts/{id}/ticket-types,36.138,200,ok,0,warmup
1791233079.0488563,kiemthugialap063@gmail.com,GET,/concerts,27.033,200,ok,0,warmup
1791233079.053276,kiemthugialap071@gmail.com,GET,/concerts/{id}/ticket-types,19.485,200,ok,0,warmup
1791233079.0543244,kiemthugialap065@gmail.com,GET,/concerts/{id}/ticket-types,29.809,200,ok,0,warmup
1791233079.055077,kiemthugialap067@gmail.com,GET,/concerts/{id}/ticket-types,24.341,200,ok,0,warmup
1791233079.0563552,kiemthugialap072@gmail.com,GET,/concerts/{id}/ticket-types,21.712,200,ok,0,warmup
1791233079.059852,kiemthugialap070@gmail.com,POST,/auth/login,439.419,200,ok,0,warmup
1791233079.0604618,kiemthugialap079@gmail.com,GET,/concerts/{id}/ticket-types,25.37,200,ok,0,warmup
1791233079.0621884,kiemthugialap022@gmail.com,GET,/concerts/{id}/ticket-types,24.746,200,ok,0,warmup
1791233079.0664124,kiemthugialap044@gmail.com,GET,/concerts,22.545,200,ok,0,warmup
1791233079.0707533,kiemthugialap066@gmail.com,GET,/concerts/{id}/ticket-types,23.49,200,ok,0,warmup
1791233079.073909,kiemthugialap063@gmail.com,GET,/concerts/{id}/ticket-types,24.968,200,ok,0,warmup
1791233079.0773296,kiemthugialap074@gmail.com,POST,/auth/login,455.248,200,ok,0,warmup
1791233079.0780456,kiemthugialap071@gmail.com,GET,/concerts,24.619,200,ok,0,warmup
1791233079.0783854,kiemthugialap065@gmail.com,GET,/concerts/{id}/ticket-types,23.982,200,ok,0,warmup
1791233079.079442,kiemthugialap067@gmail.com,GET,/concerts,24.27,200,ok,0,warmup
1791233079.079617,kiemthugialap069@gmail.com,POST,/orders,37.357,201,ok,0,warmup
1791233079.0816436,kiemthugialap068@gmail.com,POST,/auth/login,462.145,200,ok,0,warmup
1791233079.0836453,kiemthugialap070@gmail.com,GET,/concerts,23.711,200,ok,0,warmup
1791233079.0885236,kiemthugialap037@gmail.com,GET,/concerts?on_sale=true,23.035,200,ok,0,warmup
1791233079.0909133,kiemthugialap017@gmail.com,POST,/orders,30.098,201,ok,0,warmup
1791233079.0912366,kiemthugialap074@gmail.com,GET,/concerts,13.834,200,ok,0,warmup
1791233079.0916228,kiemthugialap063@gmail.com,GET,/concerts?on_sale=true,17.634,200,ok,0,warmup
1791233079.0921798,kiemthugialap068@gmail.com,GET,/concerts,10.462,200,ok,0,warmup
1791233079.0954955,kiemthugialap074@gmail.com,GET,/concerts/{id}/ticket-types,4.191,200,ok,0,warmup
1791233079.098453,kiemthugialap068@gmail.com,GET,/concerts/{id}/ticket-types,6.121,200,ok,0,warmup
1791233079.1020818,kiemthugialap079@gmail.com,POST,/orders,41.538,201,ok,0,warmup
1791233079.1024475,kiemthugialap070@gmail.com,GET,/concerts/{id}/ticket-types,18.728,200,ok,0,warmup
1791233079.103184,kiemthugialap072@gmail.com,GET,/concerts/{id}/ticket-types,46.737,200,ok,0,warmup
1791233079.1037788,kiemthugialap002@gmail.com,GET,/orders/me,41.419,200,ok,0,warmup
1791233079.1062613,kiemthugialap075@gmail.com,POST,/auth/login,483.839,200,ok,0,warmup
1791233079.1105373,kiemthugialap070@gmail.com,GET,/concerts/{id}/ticket-types,8.001,200,ok,0,warmup
1791233079.11157,kiemthugialap075@gmail.com,GET,/concerts,5.229,200,ok,0,warmup
1791233079.1126163,kiemthugialap068@gmail.com,POST,/orders,14.021,201,ok,0,warmup
1791233079.119253,kiemthugialap074@gmail.com,GET,/concerts/{id}/ticket-types,23.636,200,ok,0,warmup
1791233079.119758,kiemthugialap018@gmail.com,GET,/orders/me,9.076,200,ok,0,warmup
1791233079.1201606,kiemthugialap064@gmail.com,POST,/orders,76.618,201,ok,0,warmup
1791233079.1205235,kiemthugialap075@gmail.com,GET,/concerts/{id}/ticket-types,8.884,200,ok,0,warmup
1791233079.125895,kiemthugialap075@gmail.com,GET,/concerts/{id}/ticket-types,5.281,200,ok,0,warmup
1791233079.126869,kiemthugialap062@gmail.com,POST,/auth/login,510.335,200,ok,0,warmup
1791233079.1280658,kiemthugialap009@gmail.com,GET,/orders/me,6.942,200,ok,0,warmup
1791233079.1291559,kiemthugialap062@gmail.com,GET,/concerts,2.187,200,ok,0,warmup
1791233079.1318626,kiemthugialap062@gmail.com,GET,/concerts/{id}/ticket-types,2.623,200,ok,0,warmup
1791233079.1381526,kiemthugialap062@gmail.com,POST,/orders,6.184,201,ok,0,warmup
1791233079.141149,kiemthugialap032@gmail.com,GET,/concerts,2.729,200,ok,0,warmup
1791233079.1949286,kiemthugialap078@gmail.com,POST,/auth/login,570.438,200,ok,0,warmup
1791233079.1991472,kiemthugialap078@gmail.com,GET,/concerts,4.075,200,ok,0,warmup
1791233079.2031243,kiemthugialap078@gmail.com,GET,/concerts/{id}/ticket-types,3.702,200,ok,0,warmup
1791233079.208562,kiemthugialap078@gmail.com,POST,/orders,5.337,201,ok,0,warmup
1791233079.2132208,kiemthugialap003@gmail.com,GET,/orders/me,4.461,200,ok,0,warmup
1791233079.219823,kiemthugialap077@gmail.com,POST,/auth/login,596.064,200,ok,0,warmup
1791233079.2256453,kiemthugialap077@gmail.com,GET,/concerts,5.697,200,ok,0,warmup
1791233079.2288518,kiemthugialap036@gmail.com,GET,/concerts/{id},8.26,200,ok,0,warmup
1791233079.2290094,kiemthugialap080@gmail.com,POST,/auth/login,603.288,200,ok,0,warmup
1791233079.22956,kiemthugialap076@gmail.com,POST,/auth/login,606.469,200,ok,0,warmup
1791233079.2300937,kiemthugialap073@gmail.com,POST,/auth/login,608.3,200,ok,0,warmup
1791233079.2312758,kiemthugialap077@gmail.com,GET,/concerts/{id}/ticket-types,5.547,200,ok,0,warmup
1791233079.236674,kiemthugialap076@gmail.com,GET,/concerts,7.033,200,ok,0,warmup
1791233079.2376053,kiemthugialap080@gmail.com,GET,/concerts,8.536,200,ok,0,warmup
1791233079.2381809,kiemthugialap073@gmail.com,GET,/concerts,8.027,200,ok,0,warmup
1791233079.2453158,kiemthugialap077@gmail.com,POST,/orders,13.946,201,ok,0,warmup
1791233079.2467177,kiemthugialap076@gmail.com,GET,/concerts/{id}/ticket-types,9.956,200,ok,0,warmup
1791233079.2477753,kiemthugialap073@gmail.com,GET,/concerts/{id}/ticket-types,9.517,200,ok,0,warmup
1791233079.2482321,kiemthugialap030@gmail.com,GET,/concerts/{id},9.307,200,ok,0,warmup
1791233079.255432,kiemthugialap073@gmail.com,POST,/orders,7.528,201,ok,0,warmup
1791233079.2653012,kiemthugialap080@gmail.com,GET,/concerts/{id}/ticket-types,27.593,200,ok,0,warmup
1791233079.2711995,kiemthugialap076@gmail.com,POST,/orders,24.366,201,ok,0,warmup
1791233079.2832546,kiemthugialap001@gmail.com,GET,/concerts/{id},16.176,200,ok,0,warmup
1791233079.2849057,kiemthugialap080@gmail.com,POST,/orders,19.461,201,ok,0,warmup
1791233079.4024365,kiemthugialap035@gmail.com,GET,/concerts/{id}/ticket-types,5.029,200,ok,0,warmup
1791233079.4037046,kiemthugialap020@gmail.com,GET,/orders/me,7.497,200,ok,0,warmup
1791233079.40895,kiemthugialap060@gmail.com,POST,/orders,6.311,201,ok,0,warmup
1791233079.4685767,kiemthugialap055@gmail.com,GET,/concerts,4.103,200,ok,0,warmup
1791233079.4852467,kiemthugialap057@gmail.com,GET,/concerts/{id},4.11,200,ok,0,warmup
1791233079.5362768,kiemthugialap025@gmail.com,GET,/orders/me,5.864,200,ok,0,warmup
1791233079.5743597,kiemthugialap013@gmail.com,GET,/orders/me,11.078,200,ok,0,warmup
1791233079.574984,kiemthugialap051@gmail.com,POST,/orders,9.704,409,sold_out,0,warmup
1791233079.5779924,kiemthugialap051@gmail.com,GET,/concerts/{id}/ticket-types,2.924,200,ok,0,warmup
1791233079.6095197,kiemthugialap049@gmail.com,POST,/orders,12.006,201,ok,0,warmup
1791233079.659591,kiemthugialap028@gmail.com,GET,/orders/me,22.707,200,ok,0,warmup
1791233079.6898222,kiemthugialap018@gmail.com,GET,/orders/me,10.969,200,ok,0,warmup
1791233079.980601,kiemthugialap084@gmail.com,POST,/auth/login,363.129,200,ok,0,warmup
1791233079.9842849,kiemthugialap088@gmail.com,POST,/auth/login,365.185,200,ok,0,warmup
1791233080.0070252,kiemthugialap086@gmail.com,POST,/auth/login,388.662,200,ok,0,warmup
1791233080.009227,kiemthugialap082@gmail.com,POST,/auth/login,393.473,200,ok,0,warmup
1791233080.0107148,kiemthugialap093@gmail.com,POST,/auth/login,389.688,200,ok,0,warmup
1791233080.0383494,kiemthugialap096@gmail.com,POST,/auth/login,416.421,200,ok,0,warmup
1791233080.0406866,kiemthugialap079@gmail.com,GET,/orders/me,328.308,200,ok,0,warmup
1791233080.0418243,kiemthugialap091@gmail.com,POST,/auth/login,421.514,200,ok,0,warmup
1791233080.042638,kiemthugialap083@gmail.com,POST,/auth/login,426.433,200,ok,0,warmup
1791233080.0439734,kiemthugialap089@gmail.com,POST,/auth/login,424.541,200,ok,0,warmup
1791233080.0458908,kiemthugialap094@gmail.com,POST,/auth/login,424.569,200,ok,0,warmup
1791233080.0489368,kiemthugialap024@gmail.com,GET,/concerts?on_sale=true,302.847,200,ok,0,warmup
1791233080.0500705,kiemthugialap067@gmail.com,GET,/concerts?on_sale=true,287.982,200,ok,0,warmup
1791233080.0532038,kiemthugialap017@gmail.com,GET,/concerts/{id},201.2,200,ok,0,warmup
1791233080.0605533,kiemthugialap037@gmail.com,GET,/concerts?on_sale=true,206.498,200,ok,0,warmup
1791233080.0647473,kiemthugialap098@gmail.com,POST,/auth/login,442.286,200,ok,0,warmup
1791233080.0658472,kiemthugialap087@gmail.com,POST,/auth/login,447.123,200,ok,0,warmup
1791233080.0671434,kiemthugialap054@gmail.com,POST,/orders,211.241,201,ok,0,warmup
1791233080.070709,kiemthugialap081@gmail.com,POST,/auth/login,455.642,200,ok,0,warmup
1791233080.0742085,kiemthugialap050@gmail.com,GET,/concerts,223.32,200,ok,0,warmup
1791233080.0763774,kiemthugialap075@gmail.com,GET,/concerts,224.638,200,ok,0,warmup
1791233080.0774622,kiemthugialap010@gmail.com,GET,/orders/me,223.161,200,ok,0,warmup
1791233080.080328,kiemthugialap033@gmail.com,GET,/orders/me,225.776,200,ok,0,warmup
1791233080.0833373,kiemthugialap016@gmail.com,GET,/concerts?on_sale=true,176.741,200,ok,0,warmup
1791233080.0837133,kiemthugialap066@gmail.com,POST,/orders,229.917,201,ok,0,warmup
1791233080.08664,kiemthugialap076@gmail.com,GET,/concerts?on_sale=true,179.496,200,ok,0,warmup
1791233080.086831,kiemthugialap045@gmail.com,GET,/orders/me,233.284,200,ok,0,warmup
1791233080.0897274,kiemthugialap003@gmail.com,GET,/orders/me,236.48,200,ok,0,warmup
1791233080.0900311,kiemthugialap085@gmail.com,POST,/auth/login,472.143,200,ok,0,warmup
1791233080.0910385,kiemthugialap095@gmail.com,POST,/auth/login,469.415,200,ok,0,warmup
1791233080.0956135,kiemthugialap006@gmail.com,GET,/orders/me,188.192,200,ok,0,warmup
1791233080.0996382,kiemthugialap041@gmail.com,GET,/orders/me,191.935,200,ok,0,warmup
1791233080.1021326,kiemthugialap007@gmail.com,GET,/orders/me,194.217,200,ok,0,warmup
1791233080.1045907,kiemthugialap058@gmail.com,GET,/orders/me,161.909,200,ok,0,warmup
1791233080.1051934,kiemthugialap014@gmail.com,POST,/orders,253.766,201,ok,0,warmup
1791233080.1060085,kiemthugialap002@gmail.com,GET,/orders/me,197.564,200,ok,0,warmup
1791233080.1071022,kiemthugialap046@gmail.com,GET,/concerts/{id},131.727,200,ok,0,warmup
1791233080.1086833,kiemthugialap078@gmail.com,GET,/orders/me,166.551,200,ok,0,warmup
1791233080.1090252,kiemthugialap072@gmail.com,GET,/concerts/{id},132.335,200,ok,0,warmup
1791233080.1122465,kiemthugialap088@gmail.com,GET,/concerts,127.861,200,ok,0,warmup
1791233080.1139312,kiemthugialap086@gmail.com,GET,/concerts,106.788,200,ok,0,warmup
1791233080.1202574,kiemthugialap056@gmail.com,POST,/orders,176.967,409,sold_out,0,warmup
1791233080.120898,kiemthugialap040@gmail.com,GET,/orders/me,125.126,200,ok,0,warmup
1791233080.1212392,kiemthugialap084@gmail.com,GET,/concerts,140.534,200,ok,0,warmup
1791233080.12229,kiemthugialap021@gmail.com,GET,/orders/me,114.774,200,ok,0,warmup
1791233080.122614,kiemthugialap093@gmail.com,GET,/concerts,111.829,200,ok,0,warmup
1791233080.1254218,kiemthugialap082@gmail.com,GET,/concerts,116.112,200,ok,0,warmup
1791233080.1269054,kiemthugialap008@gmail.com,GET,/orders/me,148.666,200,ok,0,warmup
1791233080.1298587,kiemthugialap038@gmail.com,GET,/orders/me,122.017,200,ok,0,warmup
1791233080.1303241,kiemthugialap096@gmail.com,GET,/concerts,91.881,200,ok,0,warmup
1791233080.1316428,kiemthugialap091@gmail.com,GET,/concerts,89.737,200,ok,0,warmup
1791233080.1328564,kiemthugialap088@gmail.com,GET,/concerts/{id}/ticket-types,20.508,200,ok,0,warmup
1791233080.134668,kiemthugialap083@gmail.com,GET,/concerts,91.958,200,ok,0,warmup
1791233080.1385207,kiemthugialap012@gmail.com,GET,/orders/me,128.607,200,ok,0,warmup
1791233080.140566,kiemthugialap065@gmail.com,POST,/orders,232.409,201,ok,0,warmup
1791233080.1408079,kiemthugialap089@gmail.com,GET,/concerts,96.761,200,ok,0,warmup
1791233080.1419368,kiemthugialap094@gmail.com,GET,/concerts,95.967,200,ok,0,warmup
1791233080.1452332,kiemthugialap084@gmail.com,GET,/concerts/{id}/ticket-types,23.91,200,ok,0,warmup
1791233080.147806,kiemthugialap087@gmail.com,GET,/concerts,81.84,200,ok,0,warmup
1791233080.1491,kiemthugialap056@gmail.com,GET,/concerts/{id}/ticket-types,28.716,200,ok,0,warmup
1791233080.1503081,kiemthugialap081@gmail.com,GET,/concerts,79.488,200,ok,0,warmup
1791233080.1570444,kiemthugialap044@gmail.com,POST,/orders,214.03,201,ok,0,warmup
1791233080.1596274,kiemthugialap095@gmail.com,GET,/concerts,68.483,200,ok,0,warmup
1791233080.16033,kiemthugialap085@gmail.com,GET,/concerts,70.212,200,ok,0,warmup
1791233080.1607244,kiemthugialap032@gmail.com,GET,/concerts/{id},131.818,200,ok,0,warmup
1791233080.1623383,kiemthugialap088@gmail.com,GET,/concerts/{id}/ticket-types,29.357,200,ok,0,warmup
1791233080.1686664,kiemthugialap086@gmail.com,GET,/concerts/{id}/ticket-types,54.612,200,ok,0,warmup
1791233080.1709533,kiemthugialap015@gmail.com,GET,/orders/me,88.287,200,ok,0,warmup
1791233080.1753283,kiemthugialap064@gmail.com,GET,/concerts/{id},55.813,200,ok,0,warmup
1791233080.178254,kiemthugialap093@gmail.com,GET,/concerts/{id}/ticket-types,55.567,200,ok,0,warmup
1791233080.1792767,kiemthugialap035@gmail.com,POST,/orders,202.21,201,ok,0,warmup
1791233080.1797237,kiemthugialap081@gmail.com,GET,/concerts/{id}/ticket-types,29.301,200,ok,0,warmup
1791233080.1806073,kiemthugialap098@gmail.com,GET,/concerts,115.754,200,ok,0,warmup
1791233080.185836,kiemthugialap082@gmail.com,GET,/concerts/{id}/ticket-types,60.317,200,ok,0,warmup
1791233080.1884181,kiemthugialap031@gmail.com,GET,/orders/me,116.937,200,ok,0,warmup
1791233080.1886344,kiemthugialap096@gmail.com,GET,/concerts/{id}/ticket-types,58.242,200,ok,0,warmup
1791233080.189157,kiemthugialap091@gmail.com,GET,/concerts/{id}/ticket-types,57.435,200,ok,0,warmup
1791233080.1946163,kiemthugialap059@gmail.com,GET,/concerts?on_sale=true,115.475,200,ok,0,warmup
1791233080.1947918,kiemthugialap094@gmail.com,GET,/concerts/{id}/ticket-types,52.783,200,ok,0,warmup
1791233080.1952653,kiemthugialap089@gmail.com,GET,/concerts/{id}/ticket-types,54.38,200,ok,0,warmup
1791233080.195629,kiemthugialap005@gmail.com,GET,/orders/me,124.458,200,ok,0,warmup
1791233080.201736,kiemthugialap087@gmail.com,GET,/concerts/{id}/ticket-types,53.755,200,ok,0,warmup
1791233080.2081356,kiemthugialap084@gmail.com,GET,/concerts,62.771,200,ok,0,warmup
1791233080.208299,kiemthugialap085@gmail.com,GET,/concerts/{id}/ticket-types,47.911,200,ok,0,warmup
1791233080.2090642,kiemthugialap093@gmail.com,GET,/concerts/{id}/ticket-types,30.719,200,ok,0,warmup
1791233080.20939,kiemthugialap083@gmail.com,GET,/concerts/{id}/ticket-types,74.644,200,ok,0,warmup
1791233080.2108252,kiemthugialap095@gmail.com,GET,/concerts/{id}/ticket-types,51.093,200,ok,0,warmup
1791233080.2139187,kiemthugialap071@gmail.com,POST,/orders,170.675,409,sold_out,0,warmup
1791233080.2199695,kiemthugialap030@gmail.com,GET,/orders/me,166.589,200,ok,0,warmup
1791233080.22018,kiemthugialap098@gmail.com,GET,/concerts/{id}/ticket-types,39.477,200,ok,0,warmup
1791233080.220744,kiemthugialap082@gmail.com,GET,/concerts/{id}/ticket-types,34.795,200,ok,0,warmup
1791233080.2283704,kiemthugialap094@gmail.com,GET,/concerts?on_sale=true,33.489,200,ok,0,warmup
1791233080.228556,kiemthugialap086@gmail.com,POST,/orders,59.747,201,ok,0,warmup
1791233080.2290998,kiemthugialap089@gmail.com,GET,/concerts/{id}/ticket-types,33.758,200,ok,0,warmup
1791233080.2351902,kiemthugialap053@gmail.com,GET,/orders/me,48.761,200,ok,0,warmup
1791233080.2459977,kiemthugialap090@gmail.com,POST,/auth/login,626.079,200,ok,0,warmup
1791233080.2526388,kiemthugialap098@gmail.com,POST,/orders,32.327,201,ok,0,warmup
1791233080.257497,kiemthugialap009@gmail.com,GET,/orders/me,31.565,200,ok,0,warmup
1791233080.2588477,kiemthugialap052@gmail.com,GET,/orders/me,24.526,200,ok,0,warmup
1791233080.2605267,kiemthugialap090@gmail.com,GET,/concerts,14.444,200,ok,0,warmup
1791233080.2658265,kiemthugialap048@gmail.com,GET,/concerts,6.79,200,ok,0,warmup
1791233080.2749228,kiemthugialap097@gmail.com,POST,/auth/login,652.715,200,ok,0,warmup
1791233080.2760167,kiemthugialap099@gmail.com,POST,/auth/login,653.301,200,ok,0,warmup
1791233080.2764246,kiemthugialap096@gmail.com,POST,/orders,87.706,201,ok,0,warmup
1791233080.2765677,kiemthugialap100@gmail.com,POST,/auth/login,653.588,200,ok,0,warmup
1791233080.2776086,kiemthugialap090@gmail.com,GET,/concerts/{id}/ticket-types,16.999,200,ok,0,warmup
1791233080.2782352,kiemthugialap071@gmail.com,GET,/concerts/{id}/ticket-types,64.233,200,ok,0,warmup
1791233080.2785816,kiemthugialap011@gmail.com,GET,/orders/me,68.84,200,ok,0,warmup
1791233080.2788968,kiemthugialap068@gmail.com,GET,/orders/me,67.321,200,ok,0,warmup
1791233080.286592,kiemthugialap097@gmail.com,GET,/concerts,11.516,200,ok,0,warmup
1791233080.288754,kiemthugialap091@gmail.com,POST,/orders,99.508,201,ok,0,warmup
1791233080.2891152,kiemthugialap099@gmail.com,GET,/concerts,13.028,200,ok,0,warmup
1791233080.2897382,kiemthugialap100@gmail.com,GET,/concerts,13.117,200,ok,0,warmup
1791233080.2928352,kiemthugialap097@gmail.com,GET,/concerts/{id}/ticket-types,6.114,200,ok,0,warmup
1791233080.2992375,kiemthugialap001@gmail.com,GET,/orders/me,11.816,200,ok,0,warmup
1791233080.2995236,kiemthugialap099@gmail.com,GET,/concerts/{id}/ticket-types,10.329,200,ok,0,warmup
1791233080.3009381,kiemthugialap092@gmail.com,POST,/auth/login,680.254,200,ok,0,warmup
1791233080.3019612,kiemthugialap087@gmail.com,POST,/orders,100.089,201,ok,0,warmup
1791233080.3025937,kiemthugialap100@gmail.com,GET,/concerts/{id}/ticket-types,12.792,200,ok,0,warmup
1791233080.3088653,kiemthugialap042@gmail.com,GET,/concerts,6.766,200,ok,0,warmup
1791233080.3090606,kiemthugialap092@gmail.com,GET,/concerts,8.056,200,ok,0,warmup
1791233080.310019,kiemthugialap100@gmail.com,GET,/concerts?on_sale=true,7.349,200,ok,0,warmup
1791233080.3134487,kiemthugialap023@gmail.com,GET,/orders/me,10.492,200,ok,0,warmup
1791233080.3177469,kiemthugialap085@gmail.com,POST,/orders,109.367,201,ok,0,warmup
1791233080.3181293,kiemthugialap092@gmail.com,GET,/concerts/{id}/ticket-types,9.008,200,ok,0,warmup
1791233080.3216102,kiemthugialap092@gmail.com,GET,/concerts/{id}/ticket-types,3.395,200,ok,0,warmup
1791233080.3331113,kiemthugialap099@gmail.com,POST,/orders,33.417,201,ok,0,warmup
1791233080.3387961,kiemthugialap029@gmail.com,GET,/orders/me,5.35,200,ok,0,warmup
1791233080.3496635,kiemthugialap097@gmail.com,POST,/orders,56.727,201,ok,0,warmup
1791233080.3678956,kiemthugialap090@gmail.com,POST,/orders,90.162,201,ok,0,warmup
1791233080.3850505,kiemthugialap083@gmail.com,POST,/orders,175.53,201,ok,0,warmup
1791233080.3926618,kiemthugialap034@gmail.com,GET,/orders/me,11.99,200,ok,0,warmup
1791233080.393319,kiemthugialap004@gmail.com,GET,/orders/me,13.34,200,ok,0,warmup
1791233080.3938391,kiemthugialap013@gmail.com,GET,/orders/me,12.823,200,ok,0,warmup
1791233080.4185944,kiemthugialap095@gmail.com,POST,/orders,207.641,201,ok,0,warmup
1791233080.4265702,kiemthugialap070@gmail.com,POST,/orders,7.7,201,ok,0,warmup
1791233080.4502826,kiemthugialap081@gmail.com,POST,/orders,270.462,201,ok,0,warmup
1791233080.4886057,kiemthugialap026@gmail.com,POST,/orders,7.714,201,ok,0,warmup
1791233080.5896578,kiemthugialap074@gmail.com,POST,/orders,8.415,409,sold_out,0,warmup
1791233080.5955722,kiemthugialap074@gmail.com,GET,/concerts/{id}/ticket-types,5.813,200,ok,0,warmup
1791233080.5969918,kiemthugialap043@gmail.com,GET,/orders/me,6.718,200,ok,0,warmup
1791233080.6187716,kiemthugialap061@gmail.com,GET,/concerts/{id},5.923,200,ok,0,warmup
1791233080.6341548,kiemthugialap077@gmail.com,GET,/concerts?on_sale=true,4.783,200,ok,0,warmup
1791233080.6530652,kiemthugialap022@gmail.com,POST,/orders,5.078,409,sold_out,0,warmup
1791233080.6561632,kiemthugialap022@gmail.com,GET,/concerts/{id}/ticket-types,3.01,200,ok,0,warmup
1791233080.667456,kiemthugialap002@gmail.com,GET,/orders/me,4.085,200,ok,0,steady
1791233080.6749198,kiemthugialap027@gmail.com,POST,/orders,7.049,201,ok,0,steady
1791233080.703279,kiemthugialap063@gmail.com,POST,/orders,5.992,409,sold_out,0,steady
1791233080.705945,kiemthugialap063@gmail.com,GET,/concerts/{id}/ticket-types,2.577,200,ok,0,steady
1791233080.7178726,kiemthugialap051@gmail.com,GET,/concerts/{id}/ticket-types,4.311,200,ok,0,steady
1791233080.7524173,kiemthugialap020@gmail.com,GET,/orders/me,5.041,200,ok,0,steady
1791233080.789309,kiemthugialap039@gmail.com,POST,/orders,8.048,201,ok,0,steady
1791233080.8242214,kiemthugialap091@gmail.com,GET,/concerts,9.24,200,ok,0,steady
1791233080.8246565,kiemthugialap080@gmail.com,GET,/orders/me,11.018,200,ok,0,steady
1791233080.8262444,kiemthugialap044@gmail.com,GET,/orders/me,11.633,200,ok,0,steady
1791233080.8300982,kiemthugialap052@gmail.com,GET,/orders/me,6.714,200,ok,0,steady
1791233080.8549812,kiemthugialap078@gmail.com,GET,/orders/me,8.057,200,ok,0,steady
1791233080.8620021,kiemthugialap047@gmail.com,GET,/orders/me,6.726,200,ok,0,steady
1791233080.8625162,kiemthugialap069@gmail.com,GET,/orders/me,6.154,200,ok,0,steady
1791233080.8855011,kiemthugialap089@gmail.com,GET,/concerts/{id}/ticket-types,5.676,200,ok,0,steady
1791233080.9190814,kiemthugialap019@gmail.com,GET,/orders/me,6.459,200,ok,0,steady
1791233080.9228861,kiemthugialap071@gmail.com,GET,/concerts,3.533,200,ok,0,steady
1791233080.9266903,kiemthugialap014@gmail.com,GET,/orders/me,3.635,200,ok,0,steady
1791233080.9712453,kiemthugialap087@gmail.com,GET,/orders/me,24.448,200,ok,0,steady
1791233080.976162,kiemthugialap005@gmail.com,GET,/orders/me,29.95,200,ok,0,steady
1791233080.9790184,kiemthugialap079@gmail.com,GET,/orders/me,33.489,200,ok,0,steady
1791233080.97954,kiemthugialap076@gmail.com,GET,/concerts/{id},16.129,200,ok,0,steady
1791233080.98264,kiemthugialap054@gmail.com,GET,/orders/me,17.977,200,ok,0,steady
1791233080.9873493,kiemthugialap068@gmail.com,GET,/orders/me,24.923,200,ok,0,steady
1791233080.9881847,kiemthugialap093@gmail.com,POST,/orders,16.623,409,sold_out,0,steady
1791233080.9915118,kiemthugialap093@gmail.com,GET,/concerts/{id}/ticket-types,3.247,200,ok,0,steady
1791233080.9947,kiemthugialap059@gmail.com,GET,/orders/me,3.052,200,ok,0,steady
1791233081.018368,kiemthugialap055@gmail.com,GET,/orders/me,5.731,200,ok,0,steady
1791233081.022063,kiemthugialap004@gmail.com,GET,/orders/me,3.485,200,ok,0,steady
1791233081.034099,kiemthugialap099@gmail.com,GET,/orders/me,4.918,200,ok,0,steady
1791233081.0726233,kiemthugialap001@gmail.com,GET,/concerts?on_sale=true,9.927,200,ok,0,steady
1791233081.076635,kiemthugialap073@gmail.com,GET,/orders/me,14.633,200,ok,0,steady
1791233081.0811667,kiemthugialap057@gmail.com,POST,/orders,15.483,201,ok,0,steady
1791233081.083634,kiemthugialap036@gmail.com,GET,/orders/me,10.644,200,ok,0,steady
1791233081.098943,kiemthugialap006@gmail.com,GET,/concerts/{id},16.967,200,ok,0,steady
1791233081.1062784,kiemthugialap086@gmail.com,GET,/orders/me,9.209,200,ok,0,steady
1791233081.1077647,kiemthugialap096@gmail.com,GET,/orders/me,11.725,200,ok,0,steady
1791233081.1104178,kiemthugialap062@gmail.com,GET,/orders/me,3.905,200,ok,0,steady
1791233081.1341374,kiemthugialap037@gmail.com,GET,/orders/me,4.754,200,ok,0,steady
1791233081.151167,kiemthugialap060@gmail.com,GET,/orders/me,5.523,200,ok,0,steady
1791233081.17,kiemthugialap083@gmail.com,GET,/concerts/{id},7.298,200,ok,0,steady
1791233081.1711276,kiemthugialap025@gmail.com,GET,/orders/me,7.569,200,ok,0,steady
1791233081.2513394,kiemthugialap008@gmail.com,GET,/concerts/{id},4.268,200,ok,0,steady
1791233081.2693598,kiemthugialap024@gmail.com,GET,/orders/me,6.393,200,ok,0,steady
1791233081.321104,kiemthugialap049@gmail.com,GET,/orders/me,7.056,200,ok,0,steady
1791233081.3719409,kiemthugialap088@gmail.com,POST,/orders,9.236,409,sold_out,0,steady
1791233081.3779602,kiemthugialap088@gmail.com,GET,/concerts/{id}/ticket-types,5.87,200,ok,0,steady
1791233081.381377,kiemthugialap075@gmail.com,POST,/orders,8.754,409,sold_out,0,steady
1791233081.3893979,kiemthugialap028@gmail.com,GET,/orders/me,7.131,200,ok,0,steady
1791233081.389931,kiemthugialap075@gmail.com,GET,/concerts/{id}/ticket-types,8.43,200,ok,0,steady
1791233081.4188166,kiemthugialap080@gmail.com,GET,/concerts/{id},4.886,200,ok,0,steady
1791233081.4193377,kiemthugialap072@gmail.com,GET,/concerts/{id}/ticket-types,6.897,200,ok,0,steady
1791233081.452673,kiemthugialap030@gmail.com,GET,/concerts/{id},6.236,200,ok,0,steady
1791233081.4584544,kiemthugialap070@gmail.com,GET,/orders/me,5.454,200,ok,0,steady
1791233081.4654112,kiemthugialap082@gmail.com,GET,/concerts/{id},3.999,200,ok,0,steady
1791233081.535062,kiemthugialap100@gmail.com,GET,/concerts?on_sale=true,5.154,200,ok,0,steady
1791233081.5362859,kiemthugialap002@gmail.com,GET,/orders/me,4.849,200,ok,0,steady
1791233081.5679448,kiemthugialap046@gmail.com,GET,/orders/me,5.135,200,ok,0,steady
1791233081.5705726,kiemthugialap095@gmail.com,GET,/concerts?on_sale=true,2.462,200,ok,0,steady
1791233081.5848267,kiemthugialap090@gmail.com,GET,/concerts,4.82,200,ok,0,steady
1791233081.586087,kiemthugialap053@gmail.com,GET,/orders/me,6.789,200,ok,0,steady
1791233081.5994787,kiemthugialap045@gmail.com,GET,/concerts?on_sale=true,4.272,200,ok,0,steady
1791233081.6181464,kiemthugialap009@gmail.com,GET,/concerts/{id},4.616,200,ok,0,steady
1791233081.6229746,kiemthugialap036@gmail.com,GET,/orders/me,4.596,200,ok,0,steady
1791233081.6580217,kiemthugialap041@gmail.com,GET,/concerts/{id},12.025,200,ok,0,steady
1791233081.6598775,kiemthugialap098@gmail.com,GET,/orders/me,12.475,200,ok,0,steady
1791233081.6616228,kiemthugialap034@gmail.com,GET,/orders/me,12.816,200,ok,0,steady
1791233081.6689317,kiemthugialap056@gmail.com,POST,/orders,21.98,201,ok,0,steady
1791233081.677932,kiemthugialap050@gmail.com,POST,/orders,16.051,409,sold_out,0,steady
1791233081.6897953,kiemthugialap018@gmail.com,GET,/orders/me,26.155,200,ok,0,steady
1791233081.6942348,kiemthugialap031@gmail.com,GET,/concerts?on_sale=true,15.385,200,ok,0,steady
1791233081.698795,kiemthugialap047@gmail.com,GET,/orders/me,17.666,200,ok,0,steady
1791233081.7007165,kiemthugialap050@gmail.com,GET,/concerts/{id}/ticket-types,22.551,200,ok,0,steady
1791233081.7020664,kiemthugialap029@gmail.com,GET,/orders/me,22.592,200,ok,0,steady
1791233081.7194204,kiemthugialap058@gmail.com,GET,/orders/me,6.819,200,ok,0,steady
1791233081.7335815,kiemthugialap084@gmail.com,GET,/concerts/{id}/ticket-types,4.352,200,ok,0,steady
1791233081.772088,kiemthugialap011@gmail.com,GET,/orders/me,8.428,200,ok,0,steady
1791233081.773721,kiemthugialap062@gmail.com,GET,/orders/me,11.078,200,ok,0,steady
1791233081.7740798,kiemthugialap012@gmail.com,GET,/orders/me,10.806,200,ok,0,steady
1791233081.7756736,kiemthugialap042@gmail.com,GET,/concerts?on_sale=true,3.333,200,ok,0,steady
1791233081.791118,kiemthugialap064@gmail.com,GET,/orders/me,7.606,200,ok,0,steady
1791233081.7929764,kiemthugialap078@gmail.com,GET,/orders/me,10.806,200,ok,0,steady
1791233081.7934463,kiemthugialap065@gmail.com,GET,/orders/me,12.171,200,ok,0,steady
1791233081.7952185,kiemthugialap013@gmail.com,GET,/concerts/{id},3.79,200,ok,0,steady
1791233081.8182452,kiemthugialap085@gmail.com,GET,/orders/me,4.64,200,ok,0,steady
1791233081.821506,kiemthugialap052@gmail.com,GET,/orders/me,3.104,200,ok,0,steady
1791233081.8247788,kiemthugialap081@gmail.com,GET,/concerts/{id},2.639,200,ok,0,steady
1791233081.8257036,kiemthugialap027@gmail.com,GET,/orders/me,4.083,200,ok,0,steady
1791233081.8546844,kiemthugialap007@gmail.com,GET,/orders/me,8.218,200,ok,0,steady
1791233081.8556168,kiemthugialap060@gmail.com,GET,/orders/me,8.106,200,ok,0,steady
1791233081.857926,kiemthugialap033@gmail.com,GET,/orders/me,3.098,200,ok,0,steady
1791233081.871088,kiemthugialap032@gmail.com,GET,/orders/me,6.93,200,ok,0,steady
1791233081.8729112,kiemthugialap067@gmail.com,POST,/orders,8.075,201,ok,0,steady
1791233081.9165573,kiemthugialap096@gmail.com,GET,/concerts?on_sale=true,19.17,200,ok,0,steady
1791233081.918403,kiemthugialap010@gmail.com,GET,/orders/me,22.031,200,ok,0,steady
1791233081.9190629,kiemthugialap003@gmail.com,GET,/orders/me,22.063,200,ok,0,steady
1791233081.954053,kiemthugialap097@gmail.com,GET,/concerts,7.924,200,ok,0,steady
1791233081.9556224,kiemthugialap015@gmail.com,GET,/orders/me,8.189,200,ok,0,steady
1791233081.9560664,kiemthugialap016@gmail.com,GET,/orders/me,9.05,200,ok,0,steady
1791233082.003463,kiemthugialap066@gmail.com,GET,/orders/me,7.614,200,ok,0,steady
1791233082.0117834,kiemthugialap073@gmail.com,GET,/orders/me,7.218,200,ok,0,steady
1791233082.013057,kiemthugialap020@gmail.com,GET,/orders/me,9.256,200,ok,0,steady
1791233082.0176084,kiemthugialap005@gmail.com,GET,/concerts/{id},5.597,200,ok,0,steady
1791233082.0187063,kiemthugialap049@gmail.com,GET,/orders/me,5.496,200,ok,0,steady
1791233082.0365875,kiemthugialap048@gmail.com,GET,/orders/me,6.895,200,ok,0,steady
1791233082.0411894,kiemthugialap035@gmail.com,GET,/orders/me,4.362,200,ok,0,steady
1791233082.0456865,kiemthugialap040@gmail.com,GET,/orders/me,4.331,200,ok,0,steady
1791233082.05163,kiemthugialap017@gmail.com,GET,/orders/me,5.743,200,ok,0,steady
1791233082.056147,kiemthugialap074@gmail.com,GET,/concerts/{id}/ticket-types,4.248,200,ok,0,steady
1791233082.059747,kiemthugialap021@gmail.com,GET,/concerts/{id},3.342,200,ok,0,steady
1791233082.0840468,kiemthugialap051@gmail.com,GET,/concerts?on_sale=true,4.298,200,ok,0,steady
1791233082.0939574,kiemthugialap094@gmail.com,POST,/orders,9.573,201,ok,0,steady
1791233082.101414,kiemthugialap038@gmail.com,GET,/concerts?on_sale=true,7.167,200,ok,0,steady
1791233082.2015204,kiemthugialap044@gmail.com,GET,/orders/me,4.335,200,ok,0,steady
1791233082.2515104,kiemthugialap026@gmail.com,GET,/orders/me,4.301,200,ok,0,steady
1791233082.2720268,kiemthugialap023@gmail.com,GET,/orders/me,9.649,200,ok,0,steady
1791233082.2734911,kiemthugialap018@gmail.com,GET,/orders/me,10.663,200,ok,0,steady
1791233082.2762315,kiemthugialap093@gmail.com,POST,/orders,12.679,201,ok,0,steady
1791233082.2864232,kiemthugialap092@gmail.com,POST,/orders,14.136,201,ok,0,steady
1791233082.291483,kiemthugialap059@gmail.com,GET,/orders/me,4.784,200,ok,0,steady
1791233082.2946322,kiemthugialap006@gmail.com,GET,/orders/me,2.99,200,ok,0,steady
1791233082.2985227,kiemthugialap036@gmail.com,GET,/orders/me,3.744,200,ok,0,steady
1791233082.3241513,kiemthugialap022@gmail.com,GET,/concerts?on_sale=true,9.705,200,ok,0,steady
1791233082.325445,kiemthugialap077@gmail.com,GET,/orders/me,12.605,200,ok,0,steady
1791233082.3270476,kiemthugialap091@gmail.com,GET,/concerts,2.683,200,ok,0,steady
1791233082.3537128,kiemthugialap011@gmail.com,GET,/orders/me,7.868,200,ok,0,steady
1791233082.3870966,kiemthugialap058@gmail.com,GET,/orders/me,7.293,200,ok,0,steady
1791233082.406959,kiemthugialap063@gmail.com,POST,/orders,11.142,201,ok,0,steady
1791233082.4144225,kiemthugialap088@gmail.com,GET,/concerts/{id}/ticket-types,7.124,200,ok,0,steady
1791233082.4149046,kiemthugialap071@gmail.com,GET,/concerts/{id}/ticket-types,6.464,200,ok,0,steady
1791233082.418297,kiemthugialap009@gmail.com,GET,/concerts/{id},5.536,200,ok,0,steady
1791233082.419315,kiemthugialap039@gmail.com,GET,/concerts,4.278,200,ok,0,steady
1791233082.4580035,kiemthugialap061@gmail.com,POST,/orders,11.834,409,sold_out,0,steady
1791233082.4664273,kiemthugialap061@gmail.com,GET,/concerts/{id}/ticket-types,8.237,200,ok,0,steady
1791233082.488746,kiemthugialap031@gmail.com,GET,/orders/me,8.534,200,ok,0,steady
1791233082.4962862,kiemthugialap060@gmail.com,GET,/concerts?on_sale=true,7.173,200,ok,0,steady
1791233082.4993088,kiemthugialap043@gmail.com,GET,/orders/me,9.35,200,ok,0,steady
1791233082.501754,kiemthugialap068@gmail.com,GET,/concerts?on_sale=true,5.231,200,ok,0,steady
1791233082.5755146,kiemthugialap024@gmail.com,GET,/orders/me,28.442,200,ok,0,steady
1791233082.5758603,kiemthugialap019@gmail.com,GET,/orders/me,29.839,200,ok,0,steady
1791233082.5797706,kiemthugialap013@gmail.com,GET,/concerts?on_sale=true,5.707,200,ok,0,steady
1791233082.581447,kiemthugialap069@gmail.com,GET,/orders/me,8.461,200,ok,0,steady
1791233082.5818942,kiemthugialap053@gmail.com,GET,/orders/me,8.251,200,ok,0,steady
1791233082.646865,kiemthugialap055@gmail.com,GET,/orders/me,40.889,200,ok,0,steady
1791233082.652297,kiemthugialap021@gmail.com,GET,/orders/me,5.225,200,ok,0,steady
1791233082.65264,kiemthugialap090@gmail.com,GET,/orders/me,5.201,200,ok,0,steady
1791233082.6552093,kiemthugialap010@gmail.com,GET,/orders/me,2.471,200,ok,0,steady
1791233082.667737,kiemthugialap098@gmail.com,GET,/concerts?on_sale=true,4.863,200,ok,0,steady
1791233082.6792476,kiemthugialap099@gmail.com,GET,/concerts/{id},9.523,200,ok,0,steady
1791233082.6808083,kiemthugialap054@gmail.com,GET,/orders/me,10.556,200,ok,0,steady
1791233082.6843066,kiemthugialap086@gmail.com,GET,/orders/me,4.819,200,ok,0,steady
1791233082.6878572,kiemthugialap014@gmail.com,GET,/orders/me,3.396,200,ok,0,steady
1791233082.7164712,kiemthugialap001@gmail.com,GET,/concerts,9.404,200,ok,0,steady
1791233082.7176883,kiemthugialap041@gmail.com,GET,/orders/me,9.606,200,ok,0,steady
1791233082.720427,kiemthugialap084@gmail.com,POST,/orders,14.547,201,ok,0,steady
1791233082.7254088,kiemthugialap015@gmail.com,GET,/orders/me,4.82,200,ok,0,steady
1791233082.762136,kiemthugialap089@gmail.com,POST,/orders,9.845,201,ok,0,steady
1791233082.7706501,kiemthugialap002@gmail.com,GET,/concerts?on_sale=true,8.306,200,ok,0,steady
1791233082.771681,kiemthugialap085@gmail.com,GET,/concerts/{id},8.357,200,ok,0,steady
1791233082.7731946,kiemthugialap079@gmail.com,GET,/orders/me,10.544,200,ok,0,steady
1791233082.7749538,kiemthugialap012@gmail.com,GET,/concerts?on_sale=true,3.084,200,ok,0,steady
1791233082.7924595,kiemthugialap035@gmail.com,GET,/orders/me,9.096,200,ok,0,steady
1791233082.7930925,kiemthugialap007@gmail.com,GET,/orders/me,8.33,200,ok,0,steady
1791233082.796379,kiemthugialap070@gmail.com,GET,/concerts/{id},3.086,200,ok,0,steady
1791233082.8045137,kiemthugialap097@gmail.com,GET,/concerts?on_sale=true,5.079,200,ok,0,steady
1791233082.8381538,kiemthugialap067@gmail.com,GET,/concerts?on_sale=true,7.187,200,ok,0,steady
1791233082.8396852,kiemthugialap073@gmail.com,GET,/orders/me,10.526,200,ok,0,steady
1791233082.840039,kiemthugialap008@gmail.com,GET,/orders/me,10.173,200,ok,0,steady
1791233082.8410528,kiemthugialap087@gmail.com,GET,/concerts/{id},2.665,200,ok,0,steady
1791233082.8650014,kiemthugialap057@gmail.com,GET,/orders/me,5.234,200,ok,0,steady
1791233082.868841,kiemthugialap020@gmail.com,GET,/orders/me,3.66,200,ok,0,steady
1791233082.9123409,kiemthugialap096@gmail.com,GET,/concerts/{id},14.139,200,ok,0,steady
1791233082.9307177,kiemthugialap080@gmail.com,GET,/orders/me,33.765,200,ok,0,steady
1791233082.9319685,kiemthugialap076@gmail.com,GET,/orders/me,31.757,200,ok,0,steady
1791233082.932331,kiemthugialap028@gmail.com,GET,/orders/me,33.76,200,ok,0,steady
1791233082.9374993,kiemthugialap045@gmail.com,GET,/orders/me,8.121,200,ok,0,steady
1791233082.9450061,kiemthugialap082@gmail.com,POST,/orders,7.23,201,ok,0,steady
1791233082.9658186,kiemthugialap030@gmail.com,GET,/concerts?on_sale=true,3.806,200,ok,0,steady
1791233082.9662218,kiemthugialap037@gmail.com,GET,/concerts?on_sale=true,5.191,200,ok,0,steady
1791233082.985204,kiemthugialap026@gmail.com,GET,/concerts,8.451,200,ok,0,steady
1791233082.9869497,kiemthugialap004@gmail.com,GET,/orders/me,11.303,200,ok,0,steady
1791233082.9875891,kiemthugialap052@gmail.com,GET,/orders/me,9.462,200,ok,0,steady
1791233083.0153742,kiemthugialap064@gmail.com,GET,/orders/me,5.416,200,ok,0,steady
1791233083.0201635,kiemthugialap043@gmail.com,GET,/orders/me,4.479,200,ok,0,steady
1791233083.0759442,kiemthugialap040@gmail.com,GET,/orders/me,7.976,200,ok,0,steady
1791233083.0764806,kiemthugialap083@gmail.com,GET,/orders/me,10.024,200,ok,0,steady
1791233083.0981383,kiemthugialap050@gmail.com,POST,/orders,10.673,201,ok,0,steady
1791233083.1502743,kiemthugialap046@gmail.com,GET,/concerts?on_sale=true,4.915,200,ok,0,steady
1791233083.155825,kiemthugialap033@gmail.com,GET,/orders/me,5.261,200,ok,0,steady
1791233083.170055,kiemthugialap027@gmail.com,GET,/orders/me,7.439,200,ok,0,steady
1791233083.1713943,kiemthugialap078@gmail.com,GET,/orders/me,7.625,200,ok,0,steady
1791233083.1741292,kiemthugialap025@gmail.com,GET,/orders/me,3.782,200,ok,0,steady
1791233083.211734,kiemthugialap062@gmail.com,GET,/concerts,3.281,200,ok,0,steady
1791233083.2171524,kiemthugialap038@gmail.com,GET,/orders/me,5.218,200,ok,0,steady
1791233083.2206194,kiemthugialap075@gmail.com,GET,/concerts,3.195,200,ok,0,steady
1791233083.2591574,kiemthugialap022@gmail.com,GET,/concerts/{id}/ticket-types,10.466,200,ok,0,steady
1791233083.2666194,kiemthugialap005@gmail.com,GET,/concerts?on_sale=true,19.802,200,ok,0,steady
1791233083.267884,kiemthugialap029@gmail.com,GET,/concerts/{id},19.985,200,ok,0,steady
1791233083.2704196,kiemthugialap072@gmail.com,POST,/orders,22.147,201,ok,0,steady
1791233083.2709696,kiemthugialap065@gmail.com,GET,/orders/me,23.484,200,ok,0,steady
1791233083.2891355,kiemthugialap047@gmail.com,GET,/orders/me,29.749,200,ok,0,steady
1791233083.3236444,kiemthugialap051@gmail.com,GET,/concerts/{id}/ticket-types,5.447,200,ok,0,steady
1791233083.3240116,kiemthugialap060@gmail.com,GET,/concerts,6.822,200,ok,0,steady
1791233083.3400292,kiemthugialap036@gmail.com,GET,/concerts/{id},6.501,200,ok,0,steady
1791233083.3411713,kiemthugialap059@gmail.com,GET,/orders/me,8.284,200,ok,0,steady
1791233083.3432665,kiemthugialap011@gmail.com,GET,/orders/me,3.101,200,ok,0,steady
1791233083.3708386,kiemthugialap100@gmail.com,POST,/orders,7.281,409,sold_out,0,steady
1791233083.3752134,kiemthugialap100@gmail.com,GET,/concerts/{id}/ticket-types,4.242,200,ok,0,steady
1791233083.4097955,kiemthugialap074@gmail.com,GET,/concerts/{id}/ticket-types,5.246,200,ok,0,steady
1791233083.4690812,kiemthugialap024@gmail.com,GET,/concerts?on_sale=true,37.15,200,ok,0,steady
1791233083.4715273,kiemthugialap018@gmail.com,GET,/concerts/{id},24.393,200,ok,0,steady
1791233083.4773111,kiemthugialap020@gmail.com,GET,/concerts/{id},28.697,200,ok,0,steady
1791233083.4925148,kiemthugialap070@gmail.com,GET,/orders/me,61.272,200,ok,0,steady
1791233083.4991045,kiemthugialap034@gmail.com,GET,/orders/me,29.55,200,ok,0,steady
1791233083.518827,kiemthugialap023@gmail.com,GET,/orders/me,4.667,200,ok,0,steady
1791233083.555195,kiemthugialap090@gmail.com,GET,/orders/me,8.31,200,ok,0,steady
1791233083.5565243,kiemthugialap064@gmail.com,GET,/orders/me,11.788,200,ok,0,steady
1791233083.5568635,kiemthugialap095@gmail.com,GET,/orders/me,9.438,200,ok,0,steady
1791233083.5572114,kiemthugialap013@gmail.com,GET,/orders/me,11.409,200,ok,0,steady
1791233083.5584278,kiemthugialap066@gmail.com,GET,/concerts/{id},3.072,200,ok,0,steady
1791233083.5844188,kiemthugialap056@gmail.com,GET,/concerts,6.443,200,ok,0,steady
1791233083.590217,kiemthugialap031@gmail.com,GET,/concerts/{id},5.508,200,ok,0,steady
1791233083.5906875,kiemthugialap069@gmail.com,GET,/concerts?on_sale=true,5.409,200,ok,0,steady
1791233083.6166103,kiemthugialap014@gmail.com,GET,/orders/me,6.872,200,ok,0,steady
1791233083.623,kiemthugialap087@gmail.com,GET,/orders/me,5.873,200,ok,0,steady
1791233083.631375,kiemthugialap071@gmail.com,POST,/orders,8.167,201,ok,0,steady
1791233083.6375716,kiemthugialap073@gmail.com,GET,/orders/me,5.942,200,ok,0,steady
1791233083.664235,kiemthugialap016@gmail.com,GET,/orders/me,10.026,200,ok,0,steady
1791233083.665608,kiemthugialap081@gmail.com,GET,/orders/me,12.659,200,ok,0,steady
1791233083.6729267,kiemthugialap082@gmail.com,GET,/orders/me,8.451,200,ok,0,steady
1791233083.6742268,kiemthugialap091@gmail.com,GET,/orders/me,8.449,200,ok,0,steady
1791233083.690477,kiemthugialap046@gmail.com,GET,/concerts/{id},6.356,200,ok,0,steady
1791233083.6916182,kiemthugialap089@gmail.com,GET,/orders/me,6.986,200,ok,0,steady
1791233083.7046025,kiemthugialap057@gmail.com,GET,/concerts?on_sale=true,4.852,200,ok,0,steady
1791233083.7056131,kiemthugialap041@gmail.com,GET,/orders/me,6.45,200,ok,0,steady
1791233083.7681365,kiemthugialap042@gmail.com,GET,/orders/me,4.763,200,ok,0,steady
1791233083.824798,kiemthugialap088@gmail.com,POST,/orders,11.796,201,ok,0,steady
1791233083.8446085,kiemthugialap094@gmail.com,GET,/concerts?on_sale=true,8.473,200,ok,0,steady
1791233083.8475943,kiemthugialap039@gmail.com,GET,/orders/me,10.466,200,ok,0,steady
1791233083.848014,kiemthugialap006@gmail.com,GET,/orders/me,9.677,200,ok,0,steady
1791233083.8518388,kiemthugialap032@gmail.com,GET,/orders/me,6.99,200,ok,0,steady
1791233083.8749986,kiemthugialap022@gmail.com,POST,/orders,7.62,201,ok,0,steady
1791233083.8868265,kiemthugialap077@gmail.com,GET,/orders/me,10.953,200,ok,0,steady
1791233083.8872094,kiemthugialap044@gmail.com,GET,/orders/me,11.971,200,ok,0,steady
1791233083.8881798,kiemthugialap015@gmail.com,GET,/orders/me,11.43,200,ok,0,steady
1791233083.8913927,kiemthugialap003@gmail.com,GET,/concerts/{id},7.692,200,ok,0,steady
1791233083.8917568,kiemthugialap035@gmail.com,GET,/concerts?on_sale=true,4.429,200,ok,0,steady
1791233083.922886,kiemthugialap017@gmail.com,GET,/concerts/{id},8.738,200,ok,0,steady
1791233083.923951,kiemthugialap092@gmail.com,GET,/concerts,8.328,200,ok,0,steady
1791233083.9249206,kiemthugialap048@gmail.com,GET,/orders/me,8.241,200,ok,0,steady
1791233083.9252982,kiemthugialap085@gmail.com,GET,/orders/me,10.072,200,ok,0,steady
1791233083.9538693,kiemthugialap063@gmail.com,GET,/orders/me,7.527,200,ok,0,steady
1791233083.9960787,kiemthugialap047@gmail.com,GET,/orders/me,4.635,200,ok,0,steady
1791233083.9965909,kiemthugialap049@gmail.com,GET,/orders/me,6.217,200,ok,0,steady
1791233084.0100088,kiemthugialap036@gmail.com,GET,/concerts/{id},4.403,200,ok,0,steady
1791233084.034118,kiemthugialap058@gmail.com,GET,/orders/me,6.036,200,ok,0,steady
1791233084.038402,kiemthugialap005@gmail.com,GET,/orders/me,4.092,200,ok,0,steady
1791233084.0751603,kiemthugialap053@gmail.com,GET,/concerts/{id},6.745,200,ok,0,steady
1791233084.077301,kiemthugialap025@gmail.com,GET,/orders/me,9.491,200,ok,0,steady
1791233084.084691,kiemthugialap078@gmail.com,GET,/orders/me,9.172,200,ok,0,steady
1791233084.085423,kiemthugialap002@gmail.com,GET,/concerts,7.918,200,ok,0,steady
1791233084.0885048,kiemthugialap052@gmail.com,GET,/orders/me,10.575,200,ok,0,steady
1791233084.091029,kiemthugialap093@gmail.com,GET,/concerts?on_sale=true,5.417,200,ok,0,steady
1791233084.0969293,kiemthugialap018@gmail.com,GET,/orders/me,5.642,200,ok,0,steady
1791233084.1189091,kiemthugialap004@gmail.com,GET,/orders/me,10.701,200,ok,0,steady
1791233084.1260204,kiemthugialap097@gmail.com,GET,/concerts?on_sale=true,4.191,200,ok,0,steady
1791233084.1448586,kiemthugialap054@gmail.com,GET,/orders/me,5.825,200,ok,0,steady
1791233084.1798663,kiemthugialap010@gmail.com,GET,/concerts,3.442,200,ok,0,steady
1791233084.2132413,kiemthugialap043@gmail.com,GET,/orders/me,5.019,200,ok,0,steady
1791233084.2316153,kiemthugialap075@gmail.com,POST,/orders,7.702,201,ok,0,steady
1791233084.2358043,kiemthugialap021@gmail.com,GET,/orders/me,3.879,200,ok,0,steady
1791233084.2398968,kiemthugialap079@gmail.com,GET,/orders/me,3.959,200,ok,0,steady
1791233084.2408533,kiemthugialap072@gmail.com,GET,/orders/me,4.34,200,ok,0,steady
1791233084.2514699,kiemthugialap086@gmail.com,GET,/concerts?on_sale=true,4.349,200,ok,0,steady
1791233084.2618504,kiemthugialap033@gmail.com,GET,/orders/me,10.043,200,ok,0,steady
1791233084.2695563,kiemthugialap068@gmail.com,GET,/orders/me,7.356,200,ok,0,steady
1791233084.27448,kiemthugialap076@gmail.com,GET,/concerts?on_sale=true,4.613,200,ok,0,steady
1791233084.29313,kiemthugialap042@gmail.com,GET,/concerts,5.921,200,ok,0,steady
1791233084.2942271,kiemthugialap009@gmail.com,GET,/orders/me,7.792,200,ok,0,steady
1791233084.323386,kiemthugialap008@gmail.com,GET,/concerts,5.123,200,ok,0,steady
1791233084.3588464,kiemthugialap050@gmail.com,GET,/orders/me,7.545,200,ok,0,steady
1791233084.393827,kiemthugialap019@gmail.com,GET,/concerts,8.262,200,ok,0,steady
1791233084.4259276,kiemthugialap006@gmail.com,GET,/orders/me,46.032,200,ok,0,steady
1791233084.4264398,kiemthugialap056@gmail.com,GET,/orders/me,44.823,200,ok,0,steady
1791233084.458077,kiemthugialap099@gmail.com,GET,/concerts,62.438,200,ok,0,steady
1791233084.45825,kiemthugialap080@gmail.com,GET,/orders/me,31.662,200,ok,0,steady
1791233084.4586565,kiemthugialap094@gmail.com,GET,/concerts,63.454,200,ok,0,steady
1791233084.4635868,kiemthugialap028@gmail.com,GET,/orders/me,69.498,200,ok,0,steady
1791233084.4671576,kiemthugialap061@gmail.com,GET,/concerts,26.66,200,ok,0,steady
1791233084.4676762,kiemthugialap057@gmail.com,GET,/orders/me,40.611,200,ok,0,steady
1791233084.4683537,kiemthugialap062@gmail.com,GET,/concerts?on_sale=true,26.263,200,ok,0,steady
1791233084.4688315,kiemthugialap098@gmail.com,GET,/concerts/{id},29.598,200,ok,0,steady
1791233084.4712667,kiemthugialap084@gmail.com,GET,/orders/me,43.813,200,ok,0,steady
1791233084.4730966,kiemthugialap007@gmail.com,GET,/orders/me,32.903,200,ok,0,steady
1791233084.4735084,kiemthugialap041@gmail.com,GET,/orders/me,32.823,200,ok,0,steady
1791233084.4755936,kiemthugialap085@gmail.com,GET,/orders/me,22.337,200,ok,0,steady
1791233084.4760015,kiemthugialap030@gmail.com,GET,/orders/me,23.358,200,ok,0,steady
1791233084.5144155,kiemthugialap012@gmail.com,GET,/concerts,5.441,200,ok,0,steady
1791233084.515872,kiemthugialap083@gmail.com,GET,/orders/me,6.216,200,ok,0,steady
1791233084.5432432,kiemthugialap037@gmail.com,GET,/concerts?on_sale=true,5.069,200,ok,0,steady
1791233084.5807736,kiemthugialap058@gmail.com,GET,/orders/me,5.577,200,ok,0,steady
1791233084.586507,kiemthugialap055@gmail.com,GET,/concerts/{id},5.03,200,ok,0,steady
1791233084.587071,kiemthugialap049@gmail.com,GET,/concerts/{id},6.1,200,ok,0,steady
1791233084.612363,kiemthugialap027@gmail.com,GET,/orders/me,5.981,200,ok,0,steady
1791233084.6234736,kiemthugialap051@gmail.com,POST,/orders,10.9,201,ok,0,steady
1791233084.627487,kiemthugialap011@gmail.com,GET,/orders/me,6.056,200,ok,0,steady
1791233084.636503,kiemthugialap045@gmail.com,GET,/orders/me,8.784,200,ok,0,steady
1791233084.678234,kiemthugialap015@gmail.com,GET,/orders/me,4.794,200,ok,0,steady
1791233084.6847153,kiemthugialap060@gmail.com,GET,/concerts,5.283,200,ok,0,steady
1791233084.6855,kiemthugialap001@gmail.com,GET,/orders/me,7.125,200,ok,0,steady
1791233084.685971,kiemthugialap016@gmail.com,GET,/orders/me,6.968,200,ok,0,steady
1791233084.7739701,kiemthugialap079@gmail.com,GET,/orders/me,5.976,200,ok,0,steady
1791233084.8057914,kiemthugialap071@gmail.com,GET,/orders/me,7.096,200,ok,0,steady
1791233084.8096986,kiemthugialap034@gmail.com,GET,/orders/me,3.678,200,ok,0,steady
1791233084.8121338,kiemthugialap067@gmail.com,GET,/concerts?on_sale=true,2.306,200,ok,0,steady
1791233084.8361492,kiemthugialap096@gmail.com,GET,/concerts?on_sale=true,7.529,200,ok,0,steady
1791233084.846512,kiemthugialap073@gmail.com,GET,/orders/me,9.535,200,ok,0,steady
1791233084.8480568,kiemthugialap031@gmail.com,GET,/orders/me,11.651,200,ok,0,steady
1791233084.880166,kiemthugialap043@gmail.com,GET,/concerts/{id},7.231,200,ok,0,steady
1791233084.880738,kiemthugialap072@gmail.com,GET,/concerts/{id},8.759,200,ok,0,steady
1791233084.8834584,kiemthugialap063@gmail.com,GET,/orders/me,10.114,200,ok,0,steady
1791233084.884207,kiemthugialap048@gmail.com,GET,/orders/me,13.641,200,ok,0,steady
1791233084.9222279,kiemthugialap095@gmail.com,GET,/concerts?on_sale=true,8.27,200,ok,0,steady
1791233084.924774,kiemthugialap026@gmail.com,GET,/orders/me,9.589,200,ok,0,steady
1791233084.925161,kiemthugialap097@gmail.com,GET,/orders/me,9.479,200,ok,0,steady
1791233084.9269052,kiemthugialap070@gmail.com,GET,/orders/me,4.5,200,ok,0,steady
1791233084.9628577,kiemthugialap054@gmail.com,GET,/concerts/{id},16.528,200,ok,0,steady
1791233084.9637985,kiemthugialap064@gmail.com,GET,/orders/me,15.702,200,ok,0,steady
1791233084.9642415,kiemthugialap078@gmail.com,GET,/orders/me,16.54,200,ok,0,steady
1791233084.9645994,kiemthugialap040@gmail.com,GET,/orders/me,17.37,200,ok,0,steady
1791233084.9649098,kiemthugialap059@gmail.com,GET,/concerts,15.205,200,ok,0,steady
1791233084.9653723,kiemthugialap046@gmail.com,GET,/orders/me,15.238,200,ok,0,steady
1791233084.9953175,kiemthugialap005@gmail.com,GET,/orders/me,5.062,200,ok,0,steady
1791233084.9986327,kiemthugialap018@gmail.com,GET,/concerts,3.146,200,ok,0,steady
1791233085.0010529,kiemthugialap082@gmail.com,GET,/orders/me,4.993,200,ok,0,steady
1791233085.027778,kiemthugialap021@gmail.com,GET,/concerts,5.511,200,ok,0,steady
1791233085.0282426,kiemthugialap029@gmail.com,GET,/concerts/{id},6.872,200,ok,0,steady
1791233085.0433934,kiemthugialap077@gmail.com,GET,/orders/me,6.228,200,ok,0,steady
1791233085.0719595,kiemthugialap028@gmail.com,GET,/concerts?on_sale=true,3.873,200,ok,0,steady
1791233085.0904484,kiemthugialap007@gmail.com,GET,/orders/me,6.915,200,ok,0,steady
1791233085.1114593,kiemthugialap090@gmail.com,GET,/orders/me,10.267,200,ok,0,steady
1791233085.1128354,kiemthugialap047@gmail.com,GET,/orders/me,9.408,200,ok,0,steady
1791233085.1134882,kiemthugialap014@gmail.com,GET,/orders/me,11.37,200,ok,0,steady
1791233085.1382415,kiemthugialap038@gmail.com,GET,/orders/me,5.091,200,ok,0,steady
1791233085.141694,kiemthugialap017@gmail.com,GET,/orders/me,3.221,200,ok,0,steady
1791233085.1689231,kiemthugialap045@gmail.com,GET,/concerts,4.022,200,ok,0,steady
1791233085.189057,kiemthugialap003@gmail.com,GET,/orders/me,8.632,200,ok,0,steady
1791233085.2055473,kiemthugialap058@gmail.com,GET,/orders/me,8.587,200,ok,0,steady
1791233085.2122245,kiemthugialap023@gmail.com,GET,/orders/me,6.361,200,ok,0,steady
1791233085.2343,kiemthugialap100@gmail.com,GET,/concerts/{id},6.57,200,ok,0,steady
1791233085.258539,kiemthugialap065@gmail.com,GET,/concerts/{id},6.211,200,ok,0,steady
1791233085.2597544,kiemthugialap032@gmail.com,GET,/orders/me,8.274,200,ok,0,steady
1791233085.2727547,kiemthugialap020@gmail.com,GET,/concerts/{id},6.269,200,ok,0,steady
1791233085.3009462,kiemthugialap074@gmail.com,POST,/orders,13.577,201,ok,0,steady
1791233085.3044424,kiemthugialap086@gmail.com,GET,/concerts,3.213,200,ok,0,steady
1791233085.3311205,kiemthugialap083@gmail.com,GET,/concerts,8.825,200,ok,0,steady
1791233085.3372083,kiemthugialap066@gmail.com,GET,/orders/me,15.862,200,ok,0,steady
1791233085.3404493,kiemthugialap030@gmail.com,DELETE,/orders/{id},17.821,200,ok,0,steady
1791233085.3733342,kiemthugialap024@gmail.com,GET,/orders/me,9.25,200,ok,0,steady
1791233085.3737593,kiemthugialap011@gmail.com,GET,/orders/me,7.893,200,ok,0,steady
1791233085.394832,kiemthugialap067@gmail.com,GET,/concerts?on_sale=true,6.9,200,ok,0,steady
1791233085.4010525,kiemthugialap099@gmail.com,GET,/orders/me,5.952,200,ok,0,steady
1791233085.4072201,kiemthugialap013@gmail.com,GET,/orders/me,5.945,200,ok,0,steady
1791233085.4075737,kiemthugialap039@gmail.com,GET,/orders/me,5.825,200,ok,0,steady
1791233085.443153,kiemthugialap088@gmail.com,GET,/concerts/{id},5.924,200,ok,0,steady
1791233085.444228,kiemthugialap069@gmail.com,GET,/orders/me,5.441,200,ok,0,steady
1791233085.4569745,kiemthugialap081@gmail.com,GET,/concerts,4.489,200,ok,0,steady
1791233085.4738507,kiemthugialap042@gmail.com,GET,/concerts/{id},5.292,200,ok,0,steady
1791233085.4910545,kiemthugialap053@gmail.com,GET,/orders/me,6.558,200,ok,0,steady
1791233085.5217853,kiemthugialap051@gmail.com,GET,/orders/me,6.943,200,ok,0,steady
1791233085.5415165,kiemthugialap091@gmail.com,GET,/orders/me,11.055,200,ok,0,steady
1791233085.5444078,kiemthugialap094@gmail.com,GET,/orders/me,12.73,200,ok,0,steady
1791233085.5539246,kiemthugialap009@gmail.com,GET,/orders/me,12.109,200,ok,0,steady
1791233085.556334,kiemthugialap035@gmail.com,GET,/orders/me,11.735,200,ok,0,steady
1791233085.5567117,kiemthugialap087@gmail.com,GET,/orders/me,14.188,200,ok,0,steady
1791233085.5635166,kiemthugialap076@gmail.com,GET,/orders/me,9.346,200,ok,0,steady
1791233085.5645483,kiemthugialap089@gmail.com,GET,/orders/me,7.717,200,ok,0,steady
1791233085.5676198,kiemthugialap061@gmail.com,POST,/orders,13.081,201,ok,0,steady
1791233085.57197,kiemthugialap041@gmail.com,GET,/orders/me,4.172,200,ok,0,steady
1791233085.6475222,kiemthugialap001@gmail.com,GET,/orders/me,4.707,200,ok,0,steady
1791233085.6510928,kiemthugialap033@gmail.com,GET,/concerts?on_sale=true,3.325,200,ok,0,steady
1791233085.6559575,kiemthugialap049@gmail.com,GET,/orders/me,4.689,200,ok,0,steady
1791233085.6603322,kiemthugialap006@gmail.com,GET,/orders/me,4.179,200,ok,0,steady
1791233085.7052453,kiemthugialap073@gmail.com,GET,/orders/me,6.084,200,ok,0,steady
1791233085.7202709,kiemthugialap093@gmail.com,GET,/concerts?on_sale=true,5.79,200,ok,0,steady
1791233085.72117,kiemthugialap096@gmail.com,GET,/orders/me,5.576,200,ok,0,steady
1791233085.7518134,kiemthugialap004@gmail.com,GET,/orders/me,6.157,200,ok,0,steady
1791233085.7552164,kiemthugialap080@gmail.com,GET,/concerts?on_sale=true,3.14,200,ok,0,steady
1791233085.7804997,kiemthugialap092@gmail.com,GET,/concerts,8.18,200,ok,0,steady
1791233085.7825656,kiemthugialap068@gmail.com,GET,/orders/me,9.988,200,ok,0,steady
1791233085.7832026,kiemthugialap019@gmail.com,GET,/orders/me,12.07,200,ok,0,steady
1791233085.7835746,kiemthugialap040@gmail.com,GET,/orders/me,11.605,200,ok,0,steady
1791233085.7877102,kiemthugialap063@gmail.com,GET,/concerts/{id},3.994,200,ok,0,steady
1791233085.8070667,kiemthugialap022@gmail.com,GET,/concerts/{id},5.467,200,ok,0,steady
1791233085.8119197,kiemthugialap010@gmail.com,GET,/orders/me,4.612,200,ok,0,steady
1791233085.8350399,kiemthugialap044@gmail.com,GET,/orders/me,8.59,200,ok,0,steady
1791233085.8355305,kiemthugialap002@gmail.com,GET,/orders/me,8.262,200,ok,0,steady
1791233085.8696141,kiemthugialap046@gmail.com,GET,/orders/me,12.873,200,ok,0,steady
1791233085.87121,kiemthugialap070@gmail.com,GET,/orders/me,13.66,200,ok,0,steady
1791233085.8716707,kiemthugialap075@gmail.com,GET,/orders/me,12.627,200,ok,0,steady
1791233085.8756678,kiemthugialap095@gmail.com,GET,/orders/me,5.765,200,ok,0,steady
1791233085.8940263,kiemthugialap057@gmail.com,GET,/orders/me,7.023,200,ok,0,steady
1791233085.9144332,kiemthugialap050@gmail.com,GET,/orders/me,5.528,200,ok,0,steady
1791233085.9288871,kiemthugialap036@gmail.com,GET,/orders/me,4.933,200,ok,0,steady
1791233085.9761055,kiemthugialap074@gmail.com,GET,/orders/me,9.889,200,ok,0,steady
1791233085.979232,kiemthugialap029@gmail.com,GET,/concerts,14.926,200,ok,0,steady
1791233086.0122328,kiemthugialap007@gmail.com,GET,/concerts?on_sale=true,7.296,200,ok,0,steady
1791233086.0130804,kiemthugialap054@gmail.com,GET,/orders/me,6.761,200,ok,0,steady
1791233086.0214336,kiemthugialap026@gmail.com,GET,/concerts/{id},7.412,200,ok,0,steady
1791233086.0226438,kiemthugialap025@gmail.com,GET,/orders/me,9.37,200,ok,0,steady
1791233086.0232842,kiemthugialap084@gmail.com,GET,/orders/me,9.624,200,ok,0,steady
1791233086.0550895,kiemthugialap056@gmail.com,GET,/concerts?on_sale=true,6.196,200,ok,0,steady
1791233086.062133,kiemthugialap024@gmail.com,GET,/orders/me,5.887,200,ok,0,steady
1791233086.0624855,kiemthugialap015@gmail.com,GET,/orders/me,7.173,200,ok,0,steady
1791233086.064008,kiemthugialap062@gmail.com,GET,/concerts,2.707,200,ok,0,steady
1791233086.0689294,kiemthugialap037@gmail.com,GET,/orders/me,6.299,200,ok,0,steady
1791233086.0862844,kiemthugialap052@gmail.com,GET,/concerts/{id},3.619,200,ok,0,steady
1791233086.1062992,kiemthugialap085@gmail.com,GET,/concerts/{id},7.384,200,ok,0,steady
1791233086.106924,kiemthugialap034@gmail.com,GET,/concerts/{id},7.287,200,ok,0,steady
1791233086.116127,kiemthugialap072@gmail.com,GET,/concerts/{id},5.846,200,ok,0,steady
1791233086.1234386,kiemthugialap018@gmail.com,GET,/orders/me,6.677,200,ok,0,steady
1791233086.1238444,kiemthugialap031@gmail.com,GET,/orders/me,7.568,200,ok,0,steady
1791233086.145994,kiemthugialap048@gmail.com,GET,/orders/me,4.979,200,ok,0,steady
1791233086.1620483,kiemthugialap098@gmail.com,GET,/orders/me,5.243,200,ok,0,steady
1791233086.2083297,kiemthugialap094@gmail.com,GET,/orders/me,26.75,200,ok,0,steady
1791233086.2122507,kiemthugialap020@gmail.com,GET,/orders/me,29.861,200,ok,0,steady
1791233086.2125669,kiemthugialap059@gmail.com,GET,/concerts/{id},15.119,200,ok,0,steady
1791233086.2170632,kiemthugialap027@gmail.com,GET,/orders/me,18.354,200,ok,0,steady
1791233086.2483125,kiemthugialap021@gmail.com,GET,/concerts,8.522,200,ok,0,steady
1791233086.2512038,kiemthugialap028@gmail.com,GET,/orders/me,11.914,200,ok,0,steady
1791233086.2525523,kiemthugialap017@gmail.com,GET,/orders/me,11.247,200,ok,0,steady
1791233086.2530324,kiemthugialap060@gmail.com,GET,/orders/me,14.814,200,ok,0,steady
1791233086.257897,kiemthugialap082@gmail.com,GET,/orders/me,6.496,200,ok,0,steady
1791233086.2588375,kiemthugialap051@gmail.com,GET,/orders/me,5.655,200,ok,0,steady
1791233086.292887,kiemthugialap097@gmail.com,GET,/concerts,7.838,200,ok,0,steady
1791233086.2939155,kiemthugialap014@gmail.com,GET,/orders/me,10.305,200,ok,0,steady
1791233086.3078465,kiemthugialap033@gmail.com,GET,/orders/me,6.051,200,ok,0,steady
1791233086.3247383,kiemthugialap016@gmail.com,GET,/orders/me,6.906,200,ok,0,steady
1791233086.330725,kiemthugialap012@gmail.com,GET,/concerts/{id},4.972,200,ok,0,steady
1791233086.3309805,kiemthugialap008@gmail.com,GET,/concerts/{id},5.961,200,ok,0,steady
1791233086.3436046,kiemthugialap071@gmail.com,GET,/orders/me,6.338,200,ok,0,steady
1791233086.4052439,kiemthugialap069@gmail.com,GET,/orders/me,5.901,200,ok,0,steady
1791233086.4215646,kiemthugialap076@gmail.com,GET,/orders/me,7.26,200,ok,0,steady
1791233086.4220495,kiemthugialap079@gmail.com,GET,/orders/me,6.73,200,ok,0,steady
1791233086.4525728,kiemthugialap045@gmail.com,GET,/concerts?on_sale=true,7.658,200,ok,0,steady
1791233086.4544177,kiemthugialap078@gmail.com,GET,/concerts,5.86,200,ok,0,steady
1791233086.486628,kiemthugialap039@gmail.com,GET,/orders/me,7.264,200,ok,0,steady
1791233086.4879007,kiemthugialap068@gmail.com,GET,/orders/me,10.048,200,ok,0,steady
1791233086.4897916,kiemthugialap019@gmail.com,GET,/orders/me,2.953,200,ok,0,steady
1791233086.4968157,kiemthugialap003@gmail.com,GET,/orders/me,3.668,200,ok,0,steady
1791233086.5601757,kiemthugialap055@gmail.com,GET,/concerts?on_sale=true,5.422,200,ok,0,steady
1791233086.5615656,kiemthugialap066@gmail.com,GET,/orders/me,8.177,200,ok,0,steady
1791233086.5628188,kiemthugialap091@gmail.com,GET,/concerts/{id},2.516,200,ok,0,steady
1791233086.5667863,kiemthugialap063@gmail.com,GET,/orders/me,3.804,200,ok,0,steady
1791233086.6060734,kiemthugialap011@gmail.com,GET,/concerts?on_sale=true,7.555,200,ok,0,steady
1791233086.6064703,kiemthugialap043@gmail.com,GET,/concerts/{id},7.273,200,ok,0,steady
1791233086.6069915,kiemthugialap053@gmail.com,GET,/concerts?on_sale=true,6.412,200,ok,0,steady
1791233086.608095,kiemthugialap054@gmail.com,GET,/orders/me,8.619,200,ok,0,steady
1791233086.6380181,kiemthugialap006@gmail.com,GET,/orders/me,7.204,200,ok,0,steady
1791233086.642302,kiemthugialap040@gmail.com,DELETE,/orders/{id},10.489,200,ok,0,steady
1791233086.6460998,kiemthugialap100@gmail.com,GET,/concerts?on_sale=true,3.54,200,ok,0,steady
1791233086.6477084,kiemthugialap005@gmail.com,GET,/orders/me,9.444,200,ok,0,steady
1791233086.6724703,kiemthugialap073@gmail.com,GET,/orders/me,11.297,200,ok,0,steady
1791233086.6733952,kiemthugialap037@gmail.com,GET,/orders/me,11.088,200,ok,0,steady
1791233086.6980321,kiemthugialap087@gmail.com,GET,/orders/me,8.354,200,ok,0,steady
1791233086.6986322,kiemthugialap031@gmail.com,GET,/orders/me,10.175,200,ok,0,steady
1791233086.7050252,kiemthugialap099@gmail.com,GET,/orders/me,6.197,200,ok,0,steady
1791233086.737325,kiemthugialap086@gmail.com,GET,/concerts,20.971,200,ok,0,steady
1791233086.7385893,kiemthugialap081@gmail.com,GET,/concerts?on_sale=true,22.785,200,ok,0,steady
1791233086.7421815,kiemthugialap032@gmail.com,GET,/orders/me,27.571,200,ok,0,steady
1791233086.7453942,kiemthugialap035@gmail.com,GET,/orders/me,14.779,200,ok,0,steady
1791233086.745772,kiemthugialap088@gmail.com,GET,/orders/me,16.131,200,ok,0,steady
1791233086.746147,kiemthugialap090@gmail.com,GET,/concerts,8.581,200,ok,0,steady
1791233086.756097,kiemthugialap077@gmail.com,GET,/orders/me,9.742,200,ok,0,steady
1791233086.7617993,kiemthugialap047@gmail.com,GET,/concerts,5.358,200,ok,0,steady
1791233086.7758262,kiemthugialap036@gmail.com,GET,/concerts?on_sale=true,13.778,200,ok,0,steady
1791233086.778848,kiemthugialap050@gmail.com,GET,/orders/me,16.364,200,ok,0,steady
1791233086.8090665,kiemthugialap015@gmail.com,GET,/orders/me,8.937,200,ok,0,steady
1791233086.8109314,kiemthugialap020@gmail.com,GET,/orders/me,10.103,200,ok,0,steady
1791233086.826216,kiemthugialap027@gmail.com,GET,/orders/me,7.658,200,ok,0,steady
1791233086.8307707,kiemthugialap041@gmail.com,GET,/concerts?on_sale=true,4.01,200,ok,0,steady
1791233086.8313446,kiemthugialap023@gmail.com,GET,/concerts,4.954,200,ok,0,steady
1791233086.8886938,kiemthugialap004@gmail.com,GET,/orders/me,8.179,200,ok,0,steady
1791233086.8933136,kiemthugialap042@gmail.com,GET,/concerts?on_sale=true,4.281,200,ok,0,steady
1791233086.9165783,kiemthugialap064@gmail.com,GET,/concerts/{id},6.594,200,ok,0,steady
1791233086.9184494,kiemthugialap046@gmail.com,GET,/orders/me,9.086,200,ok,0,steady
1791233086.9304578,kiemthugialap038@gmail.com,GET,/orders/me,5.896,200,ok,0,steady
1791233086.9459364,kiemthugialap085@gmail.com,GET,/orders/me,5.976,200,ok,0,steady
1791233086.9546123,kiemthugialap065@gmail.com,GET,/orders/me,8.298,200,ok,0,steady
1791233086.9561925,kiemthugialap080@gmail.com,GET,/orders/me,7.454,200,ok,0,steady
1791233086.9710567,kiemthugialap013@gmail.com,GET,/orders/me,6.524,200,ok,0,steady
1791233086.9857428,kiemthugialap009@gmail.com,GET,/orders/me,5.531,200,ok,0,steady
1791233087.045164,kiemthugialap058@gmail.com,GET,/orders/me,5.416,200,ok,0,steady
1791233087.0619686,kiemthugialap083@gmail.com,GET,/concerts/{id},6.558,200,ok,0,steady
1791233087.0623248,kiemthugialap092@gmail.com,GET,/concerts,6.171,200,ok,0,steady
1791233087.073634,kiemthugialap044@gmail.com,GET,/concerts?on_sale=true,2.986,200,ok,0,steady
1791233087.1071372,kiemthugialap039@gmail.com,GET,/orders/me,8.361,200,ok,0,steady
1791233087.1078312,kiemthugialap057@gmail.com,GET,/orders/me,7.837,200,ok,0,steady
1791233087.1089787,kiemthugialap075@gmail.com,GET,/orders/me,10.969,200,ok,0,steady
1791233087.140429,kiemthugialap028@gmail.com,GET,/concerts?on_sale=true,10.689,200,ok,0,steady
1791233087.1426747,kiemthugialap093@gmail.com,GET,/concerts/{id},11.216,200,ok,0,steady
1791233087.1436546,kiemthugialap067@gmail.com,GET,/orders/me,11.592,200,ok,0,steady
1791233087.144154,kiemthugialap030@gmail.com,GET,/orders/me,13.079,200,ok,0,steady
1791233087.149786,kiemthugialap045@gmail.com,GET,/concerts,8.403,200,ok,0,steady
1791233087.1527383,kiemthugialap017@gmail.com,GET,/orders/me,12.035,200,ok,0,steady
1791233087.1541626,kiemthugialap001@gmail.com,GET,/orders/me,11.349,200,ok,0,steady
1791233087.1577768,kiemthugialap097@gmail.com,GET,/concerts,6.923,200,ok,0,steady
1791233087.1597793,kiemthugialap082@gmail.com,GET,/orders/me,9.75,200,ok,0,steady
1791233087.1699362,kiemthugialap026@gmail.com,GET,/orders/me,11.946,200,ok,0,steady
1791233087.177088,kiemthugialap016@gmail.com,GET,/concerts?on_sale=true,6.811,200,ok,0,steady
1791233087.1786885,kiemthugialap061@gmail.com,GET,/orders/me,7.538,200,ok,0,steady
1791233087.1794226,kiemthugialap010@gmail.com,GET,/orders/me,8.576,200,ok,0,steady
1791233087.206645,kiemthugialap007@gmail.com,GET,/concerts,7.057,200,ok,0,steady
1791233087.2081344,kiemthugialap005@gmail.com,GET,/orders/me,7.549,200,ok,0,steady
1791233087.2090976,kiemthugialap074@gmail.com,GET,/orders/me,10.265,200,ok,0,steady
1791233087.2109618,kiemthugialap069@gmail.com,GET,/orders/me,2.686,200,ok,0,steady
1791233087.237862,kiemthugialap060@gmail.com,GET,/concerts/{id},8.76,200,ok,0,steady
1791233087.2388997,kiemthugialap040@gmail.com,GET,/orders/me,10.509,200,ok,0,steady
1791233087.2392852,kiemthugialap043@gmail.com,GET,/concerts?on_sale=true,9.776,200,ok,0,steady
1791233087.2398286,kiemthugialap062@gmail.com,GET,/orders/me,10.006,200,ok,0,steady
1791233087.2628393,kiemthugialap071@gmail.com,GET,/orders/me,9.139,200,ok,0,steady
1791233087.264769,kiemthugialap089@gmail.com,GET,/orders/me,11.68,200,ok,0,steady
1791233087.265227,kiemthugialap019@gmail.com,GET,/orders/me,11.214,200,ok,0,steady
1791233087.2656024,kiemthugialap081@gmail.com,GET,/orders/me,10.427,200,ok,0,steady
1791233087.2709732,kiemthugialap054@gmail.com,GET,/concerts?on_sale=true,7.512,200,ok,0,steady
1791233087.2727432,kiemthugialap084@gmail.com,GET,/orders/me,9.698,200,ok,0,steady
1791233087.307983,kiemthugialap095@gmail.com,GET,/orders/me,22.631,200,ok,0,steady
1791233087.3084145,kiemthugialap096@gmail.com,GET,/orders/me,22.324,200,ok,0,steady
1791233087.3118474,kiemthugialap035@gmail.com,GET,/orders/me,10.272,200,ok,0,steady
1791233087.3123167,kiemthugialap059@gmail.com,GET,/orders/me,11.363,200,ok,0,steady
1791233087.3148067,kiemthugialap008@gmail.com,GET,/concerts/{id},4.006,200,ok,0,steady
1791233087.3271394,kiemthugialap024@gmail.com,GET,/orders/me,7.54,200,ok,0,steady
1791233087.3331306,kiemthugialap006@gmail.com,GET,/orders/me,5.8,200,ok,0,steady
1791233087.3703308,kiemthugialap034@gmail.com,GET,/orders/me,7.293,200,ok,0,steady
1791233087.402482,kiemthugialap090@gmail.com,GET,/orders/me,8.955,200,ok,0,steady
1791233087.405968,kiemthugialap094@gmail.com,GET,/concerts/{id},3.183,200,ok,0,steady
1791233087.4283257,kiemthugialap004@gmail.com,GET,/orders/me,4.768,200,ok,0,steady
1791233087.4443107,kiemthugialap025@gmail.com,GET,/orders/me,5.057,200,ok,0,steady
1791233087.4478495,kiemthugialap098@gmail.com,GET,/orders/me,3.382,200,ok,0,steady
1791233087.474433,kiemthugialap048@gmail.com,GET,/concerts/{id},7.894,200,ok,0,steady
1791233087.5248287,kiemthugialap029@gmail.com,GET,/orders/me,6.142,200,ok,0,steady
1791233087.5252788,kiemthugialap087@gmail.com,GET,/orders/me,7.166,200,ok,0,steady
1791233087.5681548,kiemthugialap058@gmail.com,GET,/concerts/{id},4.088,200,ok,0,steady
1791233087.607048,kiemthugialap100@gmail.com,POST,/orders,9.509,201,ok,0,steady
1791233087.6142497,kiemthugialap038@gmail.com,GET,/orders/me,9.307,200,ok,0,steady
1791233087.6148055,kiemthugialap049@gmail.com,GET,/concerts,7.515,200,ok,0,steady
1791233087.6424198,kiemthugialap076@gmail.com,GET,/concerts?on_sale=true,3.861,200,ok,0,steady
1791233087.6585464,kiemthugialap020@gmail.com,GET,/orders/me,4.692,200,ok,0,steady
1791233087.6887436,kiemthugialap022@gmail.com,GET,/orders/me,7.763,200,ok,0,steady
1791233087.6891887,kiemthugialap051@gmail.com,GET,/orders/me,7.591,200,ok,0,steady
1791233087.719725,kiemthugialap018@gmail.com,GET,/orders/me,7.427,200,ok,0,steady
1791233087.748348,kiemthugialap042@gmail.com,GET,/orders/me,9.891,200,ok,0,steady
1791233087.7488983,kiemthugialap053@gmail.com,GET,/orders/me,9.572,200,ok,0,steady
1791233087.7780664,kiemthugialap033@gmail.com,GET,/concerts?on_sale=true,7.328,200,ok,0,steady
1791233087.7784925,kiemthugialap027@gmail.com,GET,/concerts,8.863,200,ok,0,steady
1791233087.7909987,kiemthugialap002@gmail.com,GET,/orders/me,5.649,200,ok,0,steady
1791233087.83666,kiemthugialap066@gmail.com,GET,/orders/me,4.456,200,ok,0,steady
1791233087.8601046,kiemthugialap036@gmail.com,GET,/concerts/{id},11.597,200,ok,0,steady
1791233087.862234,kiemthugialap021@gmail.com,GET,/concerts/{id},11.595,200,ok,0,steady
1791233087.8625956,kiemthugialap078@gmail.com,GET,/orders/me,13.381,200,ok,0,steady
1791233087.8633177,kiemthugialap037@gmail.com,GET,/orders/me,13.791,200,ok,0,steady
1791233087.8679588,kiemthugialap057@gmail.com,GET,/concerts?on_sale=true,7.541,200,ok,0,steady
1791233087.8726616,kiemthugialap070@gmail.com,DELETE,/orders/{id},11.694,200,ok,0,steady
1791233087.9026954,kiemthugialap093@gmail.com,GET,/orders/me,6.626,200,ok,0,steady
1791233087.9031157,kiemthugialap014@gmail.com,GET,/orders/me,8.218,200,ok,0,steady
1791233087.9320333,kiemthugialap046@gmail.com,GET,/orders/me,6.63,200,ok,0,steady
1791233087.9592204,kiemthugialap091@gmail.com,GET,/orders/me,13.103,200,ok,0,steady
1791233087.960314,kiemthugialap052@gmail.com,GET,/orders/me,13.22,200,ok,0,steady
1791233087.9606383,kiemthugialap024@gmail.com,GET,/orders/me,11.585,200,ok,0,steady
1791233087.9609103,kiemthugialap031@gmail.com,GET,/orders/me,13.469,200,ok,0,steady
1791233087.961816,kiemthugialap060@gmail.com,DELETE,/orders/{id},13.157,200,ok,0,steady
1791233087.980924,kiemthugialap059@gmail.com,GET,/concerts,21.491,200,ok,0,steady
1791233087.9917345,kiemthugialap044@gmail.com,GET,/orders/me,12.51,200,ok,0,steady
1791233087.992159,kiemthugialap085@gmail.com,GET,/orders/me,11.039,200,ok,0,steady
1791233087.9931748,kiemthugialap079@gmail.com,GET,/orders/me,14.606,200,ok,0,steady
1791233087.996573,kiemthugialap086@gmail.com,GET,/orders/me,4.276,200,ok,0,steady
1791233088.000621,kiemthugialap097@gmail.com,GET,/concerts?on_sale=true,3.835,200,ok,0,steady
1791233088.0046089,kiemthugialap023@gmail.com,GET,/orders/me,3.768,200,ok,0,steady
1791233088.031494,kiemthugialap072@gmail.com,GET,/orders/me,8.639,200,ok,0,steady
1791233088.033501,kiemthugialap039@gmail.com,GET,/orders/me,9.854,200,ok,0,steady
1791233088.0407827,kiemthugialap056@gmail.com,GET,/orders/me,8.965,200,ok,0,steady
1791233088.0416615,kiemthugialap045@gmail.com,GET,/concerts?on_sale=true,7.151,200,ok,0,steady
1791233088.0422182,kiemthugialap092@gmail.com,GET,/concerts?on_sale=true,8.537,200,ok,0,steady
1791233088.0466475,kiemthugialap004@gmail.com,GET,/orders/me,9.093,200,ok,0,steady
1791233088.0707927,kiemthugialap012@gmail.com,GET,/concerts/{id},7.629,200,ok,0,steady
1791233088.0722404,kiemthugialap001@gmail.com,GET,/concerts/{id},9.457,200,ok,0,steady
1791233088.0725691,kiemthugialap061@gmail.com,GET,/orders/me,10.781,200,ok,0,steady
1791233088.0745015,kiemthugialap055@gmail.com,GET,/orders/me,3.459,200,ok,0,steady
1791233088.1014254,kiemthugialap094@gmail.com,GET,/concerts/{id},6.652,200,ok,0,steady
1791233088.1036432,kiemthugialap019@gmail.com,GET,/orders/me,10.54,200,ok,0,steady
1791233088.1058738,kiemthugialap040@gmail.com,POST,/orders,11.684,201,ok,0,steady
1791233088.1439092,kiemthugialap017@gmail.com,GET,/orders/me,11.713,200,ok,0,steady
1791233088.1444814,kiemthugialap054@gmail.com,GET,/orders/me,13.771,200,ok,0,steady
1791233088.1448536,kiemthugialap028@gmail.com,GET,/concerts/{id},10.5,200,ok,0,steady
1791233088.174006,kiemthugialap064@gmail.com,GET,/concerts?on_sale=true,5.201,200,ok,0,steady
1791233088.2364585,kiemthugialap063@gmail.com,GET,/concerts?on_sale=true,4.422,200,ok,0,steady
1791233088.2540846,kiemthugialap049@gmail.com,GET,/orders/me,6.717,200,ok,0,steady
1791233088.2784233,kiemthugialap011@gmail.com,GET,/concerts,7.098,200,ok,0,steady
1791233088.2936435,kiemthugialap068@gmail.com,GET,/concerts/{id},3.591,200,ok,0,steady
1791233088.3114326,kiemthugialap035@gmail.com,GET,/orders/me,5.295,200,ok,0,steady
1791233088.327176,kiemthugialap088@gmail.com,GET,/concerts?on_sale=true,4.409,200,ok,0,steady
1791233088.3595405,kiemthugialap077@gmail.com,GET,/orders/me,10.602,200,ok,0,steady
1791233088.3600197,kiemthugialap003@gmail.com,GET,/orders/me,10.28,200,ok,0,steady
1791233088.360324,kiemthugialap100@gmail.com,GET,/orders/me,10.272,200,ok,0,steady
1791233088.4159296,kiemthugialap032@gmail.com,GET,/concerts,9.424,200,ok,0,steady
1791233088.4194083,kiemthugialap020@gmail.com,GET,/orders/me,13.046,200,ok,0,steady
1791233088.420054,kiemthugialap050@gmail.com,GET,/orders/me,15.16,200,ok,0,steady
1791233088.4205298,kiemthugialap058@gmail.com,GET,/orders/me,12.742,200,ok,0,steady
1791233088.4417505,kiemthugialap073@gmail.com,GET,/orders/me,6.161,200,ok,0,steady
1791233088.4753711,kiemthugialap033@gmail.com,GET,/concerts/{id},5.658,200,ok,0,steady
1791233088.4758193,kiemthugialap089@gmail.com,GET,/concerts?on_sale=true,7.16,200,ok,0,steady
1791233088.4900448,kiemthugialap015@gmail.com,GET,/concerts/{id},6.28,200,ok,0,steady
1791233088.545185,kiemthugialap016@gmail.com,GET,/orders/me,15.002,200,ok,0,steady
1791233088.5460365,kiemthugialap070@gmail.com,GET,/orders/me,14.636,200,ok,0,steady
1791233088.546533,kiemthugialap037@gmail.com,GET,/orders/me,15.46,200,ok,0,steady
1791233088.5469575,kiemthugialap099@gmail.com,GET,/orders/me,15.308,200,ok,0,steady
1791233088.5473015,kiemthugialap024@gmail.com,GET,/orders/me,15.282,200,ok,0,steady
1791233088.5538898,kiemthugialap075@gmail.com,GET,/orders/me,6.416,200,ok,0,steady
1791233088.5582879,kiemthugialap008@gmail.com,GET,/orders/me,4.188,200,ok,0,steady
1791233088.5613453,kiemthugialap041@gmail.com,GET,/orders/me,2.915,200,ok,0,steady
1791233088.5839455,kiemthugialap052@gmail.com,GET,/orders/me,7.579,200,ok,0,steady
1791233088.6214406,kiemthugialap083@gmail.com,GET,/orders/me,8.147,200,ok,0,steady
1791233088.6219347,kiemthugialap060@gmail.com,GET,/orders/me,9.544,200,ok,0,steady
1791233088.6261604,kiemthugialap078@gmail.com,GET,/orders/me,4.09,200,ok,0,steady
1791233088.6300638,kiemthugialap080@gmail.com,GET,/concerts,3.489,200,ok,0,steady
1791233088.66024,kiemthugialap013@gmail.com,GET,/concerts/{id},17.219,200,ok,0,steady
1791233088.6608832,kiemthugialap065@gmail.com,GET,/concerts,16.907,200,ok,0,steady
1791233088.6696832,kiemthugialap042@gmail.com,GET,/orders/me,13.771,200,ok,0,steady
1791233088.6701212,kiemthugialap069@gmail.com,GET,/orders/me,15.511,200,ok,0,steady
1791233088.6704035,kiemthugialap038@gmail.com,GET,/orders/me,14.932,200,ok,0,steady
1791233088.6734912,kiemthugialap047@gmail.com,GET,/concerts/{id},2.979,200,ok,0,steady
1791233088.741099,kiemthugialap084@gmail.com,GET,/concerts/{id},8.793,200,ok,0,steady
1791233088.7440443,kiemthugialap094@gmail.com,GET,/orders/me,13.229,200,ok,0,steady
1791233088.7781384,kiemthugialap004@gmail.com,GET,/concerts/{id},6.461,200,ok,0,steady
1791233088.7802913,kiemthugialap039@gmail.com,GET,/orders/me,8.914,200,ok,0,steady
1791233088.7807305,kiemthugialap007@gmail.com,GET,/orders/me,10.258,200,ok,0,steady
1791233088.7832499,kiemthugialap019@gmail.com,GET,/orders/me,4.952,200,ok,0,steady
1791233088.8065054,kiemthugialap095@gmail.com,GET,/orders/me,6.942,200,ok,0,steady
1791233088.8076968,kiemthugialap029@gmail.com,GET,/orders/me,7.608,200,ok,0,steady
1791233088.8099096,kiemthugialap091@gmail.com,GET,/orders/me,3.203,200,ok,0,steady
1791233088.8226757,kiemthugialap051@gmail.com,GET,/orders/me,7.402,200,ok,0,steady
1791233088.823167,kiemthugialap014@gmail.com,GET,/orders/me,8.716,200,ok,0,steady
1791233088.8263915,kiemthugialap096@gmail.com,GET,/orders/me,3.104,200,ok,0,steady
1791233088.8357117,kiemthugialap074@gmail.com,GET,/orders/me,6.124,200,ok,0,steady
1791233088.8745124,kiemthugialap027@gmail.com,GET,/concerts?on_sale=true,7.2,200,ok,0,steady
1791233088.8791282,kiemthugialap062@gmail.com,GET,/orders/me,3.83,200,ok,0,steady
1791233088.8975863,kiemthugialap001@gmail.com,GET,/concerts,7.454,200,ok,0,steady
1791233088.8998952,kiemthugialap005@gmail.com,GET,/concerts?on_sale=true,8.549,200,ok,0,steady
1791233088.9024832,kiemthugialap053@gmail.com,GET,/concerts?on_sale=true,4.529,200,ok,0,steady
1791233088.9088342,kiemthugialap010@gmail.com,DELETE,/orders/{id},8.583,200,ok,0,steady
1791233088.9092116,kiemthugialap025@gmail.com,GET,/concerts/{id},4.167,200,ok,0,steady
1791233088.9794629,kiemthugialap066@gmail.com,GET,/concerts?on_sale=true,31.477,200,ok,0,steady
1791233088.9800434,kiemthugialap026@gmail.com,GET,/concerts?on_sale=true,29.456,200,ok,0,steady
1791233088.9864717,kiemthugialap049@gmail.com,GET,/orders/me,36.253,200,ok,0,steady
1791233088.9883916,kiemthugialap067@gmail.com,GET,/orders/me,38.999,200,ok,0,steady
1791233088.9888284,kiemthugialap034@gmail.com,GET,/orders/me,36.814,200,ok,0,steady
1791233089.0003371,kiemthugialap009@gmail.com,GET,/orders/me,22.643,200,ok,0,steady
1791233089.0030766,kiemthugialap035@gmail.com,GET,/orders/me,16.277,200,ok,0,steady
1791233089.0102801,kiemthugialap087@gmail.com,GET,/orders/me,6.917,200,ok,0,steady
1791233089.05308,kiemthugialap097@gmail.com,GET,/orders/me,10.105,200,ok,0,steady
1791233089.0537963,kiemthugialap048@gmail.com,GET,/orders/me,11.393,200,ok,0,steady
1791233089.0542881,kiemthugialap030@gmail.com,POST,/orders,13.612,409,sold_out,0,steady
1791233089.05726,kiemthugialap030@gmail.com,GET,/concerts/{id}/ticket-types,2.887,200,ok,0,steady
1791233089.0765338,kiemthugialap011@gmail.com,GET,/concerts?on_sale=true,18.767,200,ok,0,steady
1791233089.0772028,kiemthugialap043@gmail.com,GET,/orders/me,19.756,200,ok,0,steady
1791233089.1230612,kiemthugialap082@gmail.com,GET,/concerts,8.213,200,ok,0,steady
1791233089.1251607,kiemthugialap006@gmail.com,GET,/orders/me,11.689,200,ok,0,steady
1791233089.1274946,kiemthugialap020@gmail.com,DELETE,/orders/{id},12.259,200,ok,0,steady
1791233089.1324992,kiemthugialap052@gmail.com,GET,/orders/me,4.822,200,ok,0,steady
1791233089.142666,kiemthugialap085@gmail.com,GET,/orders/me,5.644,200,ok,0,steady
1791233089.1590984,kiemthugialap081@gmail.com,GET,/concerts?on_sale=true,5.346,200,ok,0,steady
1791233089.159656,kiemthugialap036@gmail.com,GET,/orders/me,6.547,200,ok,0,steady
1791233089.181825,kiemthugialap098@gmail.com,GET,/concerts?on_sale=true,5.716,200,ok,0,steady
1791233089.2132401,kiemthugialap090@gmail.com,GET,/orders/me,5.229,200,ok,0,steady
1791233089.2434466,kiemthugialap071@gmail.com,GET,/concerts,3.682,200,ok,0,steady
1791233089.2438,kiemthugialap061@gmail.com,GET,/concerts,4.596,200,ok,0,steady
1791233089.2590003,kiemthugialap057@gmail.com,GET,/orders/me,4.423,200,ok,0,steady
1791233089.3046834,kiemthugialap075@gmail.com,GET,/orders/me,7.279,200,ok,0,steady
1791233089.3290994,kiemthugialap086@gmail.com,GET,/concerts/{id},5.988,200,ok,0,steady
1791233089.3304732,kiemthugialap037@gmail.com,GET,/orders/me,8.362,200,ok,0,steady
1791233089.359371,kiemthugialap076@gmail.com,GET,/orders/me,5.395,200,ok,0,steady
1791233089.3607836,kiemthugialap093@gmail.com,GET,/concerts,5.7,200,ok,0,steady
1791233089.4176989,kiemthugialap012@gmail.com,GET,/concerts,16.478,200,ok,0,steady
1791233089.4184206,kiemthugialap079@gmail.com,GET,/orders/me,17.921,200,ok,0,steady
1791233089.4189596,kiemthugialap021@gmail.com,GET,/orders/me,17.403,200,ok,0,steady
1791233089.4934986,kiemthugialap099@gmail.com,GET,/concerts/{id},5.651,200,ok,0,steady
1791233089.4947758,kiemthugialap092@gmail.com,GET,/orders/me,5.086,200,ok,0,steady
1791233089.496223,kiemthugialap078@gmail.com,GET,/concerts?on_sale=true,2.598,200,ok,0,steady
1791233089.5569544,kiemthugialap068@gmail.com,GET,/concerts?on_sale=true,9.505,200,ok,0,steady
1791233089.558395,kiemthugialap002@gmail.com,GET,/orders/me,8.126,200,ok,0,steady
1791233089.5587611,kiemthugialap025@gmail.com,GET,/orders/me,9.778,200,ok,0,steady
1791233089.5750787,kiemthugialap045@gmail.com,GET,/orders/me,9.171,200,ok,0,steady
1791233089.577592,kiemthugialap066@gmail.com,GET,/orders/me,12.455,200,ok,0,steady
1791233089.5914211,kiemthugialap032@gmail.com,GET,/orders/me,15.236,200,ok,0,steady
1791233089.5945172,kiemthugialap023@gmail.com,GET,/orders/me,19.131,200,ok,0,steady
1791233089.595098,kiemthugialap018@gmail.com,GET,/orders/me,17.34,200,ok,0,steady
1791233089.5966208,kiemthugialap051@gmail.com,GET,/orders/me,14.883,200,ok,0,steady
1791233089.6045213,kiemthugialap010@gmail.com,GET,/orders/me,9.215,200,ok,0,steady
1791233089.606203,kiemthugialap022@gmail.com,GET,/orders/me,14.188,200,ok,0,steady
1791233089.609351,kiemthugialap035@gmail.com,GET,/orders/me,4.555,200,ok,0,steady
1791233089.6246262,kiemthugialap039@gmail.com,GET,/orders/me,5.828,200,ok,0,steady
1791233089.6565397,kiemthugialap059@gmail.com,GET,/concerts?on_sale=true,6.742,200,ok,0,steady
1791233089.6584718,kiemthugialap009@gmail.com,GET,/orders/me,7.831,200,ok,0,steady
1791233089.6589472,kiemthugialap064@gmail.com,GET,/orders/me,8.585,200,ok,0,steady
1791233089.6780815,kiemthugialap034@gmail.com,GET,/orders/me,12.209,200,ok,0,steady
1791233089.6787379,kiemthugialap056@gmail.com,GET,/orders/me,11.579,200,ok,0,steady
1791233089.6792357,kiemthugialap036@gmail.com,GET,/orders/me,12.487,200,ok,0,steady
1791233089.6868222,kiemthugialap077@gmail.com,GET,/orders/me,7.371,200,ok,0,steady
1791233089.7187393,kiemthugialap046@gmail.com,GET,/orders/me,10.671,200,ok,0,steady
1791233089.720317,kiemthugialap072@gmail.com,GET,/orders/me,11.426,200,ok,0,steady
1791233089.7234042,kiemthugialap030@gmail.com,GET,/concerts/{id}/ticket-types,4.367,200,ok,0,steady
1791233089.7704847,kiemthugialap024@gmail.com,GET,/concerts,10.917,200,ok,0,steady
1791233089.773712,kiemthugialap016@gmail.com,GET,/concerts,12.377,200,ok,0,steady
1791233089.7740517,kiemthugialap040@gmail.com,GET,/concerts?on_sale=true,14.861,200,ok,0,steady
1791233089.7743516,kiemthugialap031@gmail.com,GET,/concerts?on_sale=true,15.629,200,ok,0,steady
1791233089.7746367,kiemthugialap088@gmail.com,GET,/concerts?on_sale=true,14.886,200,ok,0,steady
1791233089.7749403,kiemthugialap015@gmail.com,GET,/orders/me,17.644,200,ok,0,steady
1791233089.7769423,kiemthugialap054@gmail.com,GET,/orders/me,6.161,200,ok,0,steady
1791233089.8043938,kiemthugialap038@gmail.com,GET,/orders/me,5.441,200,ok,0,steady
1791233089.8048532,kiemthugialap026@gmail.com,GET,/orders/me,7.651,200,ok,0,steady
1791233089.858339,kiemthugialap089@gmail.com,GET,/concerts?on_sale=true,3.875,200,ok,0,steady
1791233089.89127,kiemthugialap014@gmail.com,GET,/orders/me,8.453,200,ok,0,steady
1791233089.8917263,kiemthugialap041@gmail.com,GET,/orders/me,8.161,200,ok,0,steady
1791233089.8922775,kiemthugialap003@gmail.com,GET,/orders/me,8.998,200,ok,0,steady
1791233089.921109,kiemthugialap091@gmail.com,GET,/orders/me,7.224,200,ok,0,steady
1791233089.9249122,kiemthugialap007@gmail.com,GET,/orders/me,3.579,200,ok,0,steady
1791233089.962261,kiemthugialap044@gmail.com,GET,/orders/me,8.526,200,ok,0,steady
1791233089.9965959,kiemthugialap033@gmail.com,GET,/concerts/{id},5.976,200,ok,0,steady
1791233089.9983585,kiemthugialap047@gmail.com,GET,/orders/me,9.139,200,ok,0,steady
1791233089.9988532,kiemthugialap080@gmail.com,GET,/orders/me,10.957,200,ok,0,steady
1791233090.0521915,kiemthugialap017@gmail.com,GET,/concerts,18.239,200,ok,0,steady
1791233090.0529122,kiemthugialap055@gmail.com,GET,/concerts/{id},21.471,200,ok,0,steady
1791233090.0532994,kiemthugialap086@gmail.com,GET,/concerts?on_sale=true,20.162,200,ok,0,steady
1791233090.0598888,kiemthugialap094@gmail.com,GET,/orders/me,27.15,200,ok,0,steady
1791233090.0620778,kiemthugialap063@gmail.com,GET,/concerts?on_sale=true,8.641,200,ok,0,steady
1791233090.0624228,kiemthugialap085@gmail.com,GET,/orders/me,28.907,200,ok,0,steady
1791233090.0653865,kiemthugialap050@gmail.com,GET,/orders/me,17.193,200,ok,0,steady
1791233090.0666904,kiemthugialap062@gmail.com,GET,/orders/me,12.038,200,ok,0,steady
1791233090.0691433,kiemthugialap028@gmail.com,GET,/orders/me,18.683,200,ok,0,steady
1791233090.0693114,kiemthugialap076@gmail.com,GET,/orders/me,15.438,200,ok,0,steady
1791233090.0720482,kiemthugialap100@gmail.com,GET,/orders/me,5.199,200,ok,0,steady
1791233090.1058652,kiemthugialap070@gmail.com,GET,/concerts/{id}/ticket-types,7.862,200,ok,0,steady
1791233090.1107893,kiemthugialap008@gmail.com,GET,/orders/me,4.61,200,ok,0,steady
1791233090.1453161,kiemthugialap065@gmail.com,GET,/concerts?on_sale=true,10.489,200,ok,0,steady
1791233090.1457362,kiemthugialap027@gmail.com,GET,/concerts?on_sale=true,11.942,200,ok,0,steady
1791233090.147947,kiemthugialap019@gmail.com,GET,/orders/me,12.657,200,ok,0,steady
1791233090.1483743,kiemthugialap069@gmail.com,GET,/orders/me,13.332,200,ok,0,steady
1791233090.1488538,kiemthugialap006@gmail.com,GET,/orders/me,14.401,200,ok,0,steady
1791233090.1722193,kiemthugialap060@gmail.com,GET,/concerts/{id}/ticket-types,7.428,200,ok,0,steady
1791233090.2096343,kiemthugialap098@gmail.com,GET,/concerts?on_sale=true,7.895,200,ok,0,steady
1791233090.2114193,kiemthugialap025@gmail.com,GET,/orders/me,10.513,200,ok,0,steady
1791233090.215313,kiemthugialap053@gmail.com,GET,/orders/me,5.403,200,ok,0,steady
1791233090.2214766,kiemthugialap034@gmail.com,GET,/orders/me,5.917,200,ok,0,steady
1791233090.2267222,kiemthugialap012@gmail.com,GET,/orders/me,4.943,200,ok,0,steady
1791233090.237785,kiemthugialap074@gmail.com,GET,/orders/me,5.044,200,ok,0,steady
1791233090.2675982,kiemthugialap095@gmail.com,GET,/orders/me,8.726,200,ok,0,steady
1791233090.2680883,kiemthugialap004@gmail.com,GET,/orders/me,8.531,200,ok,0,steady
1791233090.2729187,kiemthugialap042@gmail.com,GET,/orders/me,4.638,200,ok,0,steady
1791233090.2980125,kiemthugialap081@gmail.com,GET,/orders/me,7.203,200,ok,0,steady
1791233090.2986076,kiemthugialap040@gmail.com,GET,/orders/me,8.832,200,ok,0,steady
1791233090.3193476,kiemthugialap072@gmail.com,GET,/orders/me,5.422,200,ok,0,steady
1791233090.3472083,kiemthugialap058@gmail.com,GET,/orders/me,4.289,200,ok,0,steady
1791233090.3815844,kiemthugialap002@gmail.com,GET,/orders/me,6.146,200,ok,0,steady
1791233090.383078,kiemthugialap064@gmail.com,GET,/orders/me,8.603,200,ok,0,steady
1791233090.3866694,kiemthugialap073@gmail.com,GET,/orders/me,4.863,200,ok,0,steady
1791233090.4224236,kiemthugialap079@gmail.com,GET,/orders/me,6.909,200,ok,0,steady
1791233090.4354343,kiemthugialap039@gmail.com,GET,/orders/me,5.771,200,ok,0,steady
1791233090.4490402,kiemthugialap077@gmail.com,GET,/concerts,4.285,200,ok,0,steady
1791233090.5025952,kiemthugialap049@gmail.com,GET,/orders/me,12.179,200,ok,0,steady
1791233090.503579,kiemthugialap084@gmail.com,GET,/orders/me,14.485,200,ok,0,steady
1791233090.5058918,kiemthugialap083@gmail.com,GET,/orders/me,18.324,200,ok,0,steady
1791233090.5075424,kiemthugialap075@gmail.com,GET,/orders/me,18.82,200,ok,0,steady
1791233090.5097685,kiemthugialap018@gmail.com,GET,/orders/me,19.005,200,ok,0,steady
1791233090.5101974,kiemthugialap099@gmail.com,GET,/orders/me,9.957,200,ok,0,steady
1791233090.5211256,kiemthugialap071@gmail.com,GET,/concerts,5.701,200,ok,0,steady
1791233090.5222123,kiemthugialap016@gmail.com,GET,/orders/me,7.445,200,ok,0,steady
1791233090.5245836,kiemthugialap067@gmail.com,GET,/orders/me,3.294,200,ok,0,steady
1791233090.5650065,kiemthugialap010@gmail.com,POST,/orders,16.177,201,ok,0,steady
1791233090.5868082,kiemthugialap082@gmail.com,GET,/orders/me,20.867,200,ok,0,steady
1791233090.5873525,kiemthugialap068@gmail.com,GET,/orders/me,21.971,200,ok,0,steady
1791233090.6026697,kiemthugialap048@gmail.com,GET,/orders/me,5.471,200,ok,0,steady
1791233090.650673,kiemthugialap087@gmail.com,GET,/orders/me,7.568,200,ok,0,steady
1791233090.6531384,kiemthugialap057@gmail.com,GET,/orders/me,9.042,200,ok,0,steady
1791233090.661583,kiemthugialap013@gmail.com,GET,/orders/me,9.837,200,ok,0,steady
1791233090.6622446,kiemthugialap011@gmail.com,GET,/orders/me,11.382,200,ok,0,steady
1791233090.662643,kiemthugialap006@gmail.com,GET,/orders/me,11.313,200,ok,0,steady
1791233090.6715212,kiemthugialap094@gmail.com,GET,/orders/me,8.686,200,ok,0,steady
1791233090.672005,kiemthugialap062@gmail.com,GET,/orders/me,8.324,200,ok,0,steady
1791233090.676438,kiemthugialap020@gmail.com,GET,/orders/me,4.299,200,ok,0,steady
1791233090.7518585,kiemthugialap061@gmail.com,GET,/orders/me,13.992,200,ok,0,steady
1791233090.754182,kiemthugialap097@gmail.com,GET,/orders/me,16.698,200,ok,0,steady
1791233090.7545311,kiemthugialap044@gmail.com,GET,/orders/me,17.417,200,ok,0,steady
1791233090.7548618,kiemthugialap088@gmail.com,GET,/orders/me,18.443,200,ok,0,steady
1791233090.7552,kiemthugialap060@gmail.com,POST,/orders,17.09,201,ok,0,steady
1791233090.7712479,kiemthugialap092@gmail.com,GET,/concerts?on_sale=true,19.05,200,ok,0,steady
1791233090.772782,kiemthugialap100@gmail.com,GET,/concerts/{id},20.044,200,ok,0,steady
1791233090.7767036,kiemthugialap078@gmail.com,GET,/orders/me,9.784,200,ok,0,steady
1791233090.7780278,kiemthugialap005@gmail.com,GET,/concerts/{id},6.534,200,ok,0,steady
1791233090.7832747,kiemthugialap029@gmail.com,GET,/orders/me,6.343,200,ok,0,steady
1791233090.7838628,kiemthugialap037@gmail.com,GET,/concerts?on_sale=true,5.695,200,ok,0,steady
1791233090.805812,kiemthugialap001@gmail.com,GET,/concerts?on_sale=true,10.354,200,ok,0,steady
1791233090.8065329,kiemthugialap030@gmail.com,GET,/concerts/{id}/ticket-types,10.285,200,ok,0,steady
1791233090.8265867,kiemthugialap096@gmail.com,GET,/concerts/{id},9.226,200,ok,0,steady
1791233090.8313296,kiemthugialap041@gmail.com,GET,/orders/me,12.74,200,ok,0,steady
1791233090.8392086,kiemthugialap015@gmail.com,GET,/concerts,5.563,200,ok,0,steady
1791233090.8540301,kiemthugialap093@gmail.com,GET,/orders/me,7.389,200,ok,0,steady
1791233090.8865988,kiemthugialap089@gmail.com,GET,/concerts,5.387,200,ok,0,steady
1791233090.887855,kiemthugialap052@gmail.com,GET,/orders/me,6.018,200,ok,0,steady
1791233090.9014456,kiemthugialap066@gmail.com,GET,/orders/me,5.117,200,ok,0,steady
1791233090.9350479,kiemthugialap059@gmail.com,GET,/orders/me,5.505,200,ok,0,steady
1791233090.9520671,kiemthugialap045@gmail.com,GET,/concerts?on_sale=true,5.489,200,ok,0,steady
1791233090.9529767,kiemthugialap046@gmail.com,GET,/orders/me,5.365,200,ok,0,steady
1791233090.9689536,kiemthugialap076@gmail.com,GET,/concerts/{id},5.533,200,ok,0,steady
1791233090.9693313,kiemthugialap034@gmail.com,GET,/concerts,4.937,200,ok,0,steady
1791233091.0056946,kiemthugialap040@gmail.com,GET,/orders/me,7.24,200,ok,0,steady
1791233091.008185,kiemthugialap055@gmail.com,GET,/orders/me,10.77,200,ok,0,steady
1791233091.0131612,kiemthugialap043@gmail.com,GET,/concerts/{id},6.328,200,ok,0,steady
1791233091.0155602,kiemthugialap014@gmail.com,GET,/orders/me,9.64,200,ok,0,steady
1791233091.0161142,kiemthugialap035@gmail.com,GET,/orders/me,9.836,200,ok,0,steady
1791233091.0165815,kiemthugialap053@gmail.com,GET,/orders/me,10.012,200,ok,0,steady
1791233091.0199206,kiemthugialap042@gmail.com,GET,/orders/me,5.562,200,ok,0,steady
1791233091.0703459,kiemthugialap090@gmail.com,GET,/orders/me,5.695,200,ok,0,steady
1791233091.0870993,kiemthugialap038@gmail.com,GET,/orders/me,5.396,200,ok,0,steady
1791233091.135138,kiemthugialap083@gmail.com,GET,/concerts,19.946,200,ok,0,steady
1791233091.1405327,kiemthugialap004@gmail.com,GET,/orders/me,24.438,200,ok,0,steady
1791233091.1409624,kiemthugialap002@gmail.com,GET,/orders/me,25.132,200,ok,0,steady
1791233091.1433258,kiemthugialap009@gmail.com,GET,/orders/me,8.015,200,ok,0,steady
1791233091.143658,kiemthugialap082@gmail.com,GET,/orders/me,11.703,200,ok,0,steady
1791233091.150753,kiemthugialap070@gmail.com,POST,/orders,13.171,201,ok,0,steady
1791233091.1734958,kiemthugialap095@gmail.com,GET,/concerts,8.435,200,ok,0,steady
1791233091.1745987,kiemthugialap081@gmail.com,GET,/orders/me,10.021,200,ok,0,steady
1791233091.174948,kiemthugialap033@gmail.com,GET,/orders/me,11.205,200,ok,0,steady
1791233091.1768036,kiemthugialap091@gmail.com,GET,/orders/me,3.125,200,ok,0,steady
1791233091.2029426,kiemthugialap084@gmail.com,GET,/concerts,4.356,200,ok,0,steady
1791233091.2039862,kiemthugialap003@gmail.com,GET,/orders/me,6.852,200,ok,0,steady
1791233091.2505274,kiemthugialap051@gmail.com,GET,/orders/me,21.88,200,ok,0,steady
1791233091.2508898,kiemthugialap022@gmail.com,GET,/orders/me,21.491,200,ok,0,steady
1791233091.257169,kiemthugialap065@gmail.com,GET,/orders/me,7.972,200,ok,0,steady
1791233091.2576745,kiemthugialap023@gmail.com,GET,/orders/me,8.802,200,ok,0,steady
1791233091.2580118,kiemthugialap013@gmail.com,GET,/orders/me,10.251,200,ok,0,steady
1791233091.2610312,kiemthugialap032@gmail.com,GET,/orders/me,2.892,200,ok,0,steady
1791233091.2639883,kiemthugialap036@gmail.com,GET,/orders/me,2.811,200,ok,0,steady
1791233091.2863796,kiemthugialap088@gmail.com,GET,/orders/me,5.061,200,ok,0,steady
1791233091.2894094,kiemthugialap061@gmail.com,GET,/orders/me,2.858,200,ok,0,steady
1791233091.3399937,kiemthugialap057@gmail.com,GET,/orders/me,8.332,200,ok,0,steady
1791233091.3410828,kiemthugialap071@gmail.com,GET,/orders/me,8.434,200,ok,0,steady
1791233091.3413846,kiemthugialap094@gmail.com,GET,/orders/me,8.453,200,ok,0,steady
1791233091.342258,kiemthugialap098@gmail.com,GET,/concerts,2.072,200,ok,0,steady
1791233091.386092,kiemthugialap008@gmail.com,GET,/orders/me,5.249,200,ok,0,steady
1791233091.40613,kiemthugialap063@gmail.com,GET,/concerts?on_sale=true,7.925,200,ok,0,steady
1791233091.4067047,kiemthugialap021@gmail.com,GET,/concerts/{id},9.297,200,ok,0,steady
1791233091.4079003,kiemthugialap089@gmail.com,GET,/orders/me,9.469,200,ok,0,steady
1791233091.4082744,kiemthugialap073@gmail.com,GET,/orders/me,8.984,200,ok,0,steady
1791233091.4712665,kiemthugialap085@gmail.com,GET,/concerts/{id},6.837,200,ok,0,steady
1791233091.4717858,kiemthugialap056@gmail.com,GET,/concerts,6.217,200,ok,0,steady
1791233091.4726484,kiemthugialap049@gmail.com,GET,/orders/me,6.819,200,ok,0,steady
1791233091.505607,kiemthugialap027@gmail.com,GET,/concerts/{id},8.251,200,ok,0,steady
1791233091.5071082,kiemthugialap024@gmail.com,GET,/orders/me,10.448,200,ok,0,steady
1791233091.5075552,kiemthugialap062@gmail.com,GET,/orders/me,9.919,200,ok,0,steady
1791233091.5692177,kiemthugialap054@gmail.com,GET,/concerts,3.976,200,ok,0,steady
1791233091.5705261,kiemthugialap045@gmail.com,GET,/orders/me,6.473,200,ok,0,steady
1791233091.5722003,kiemthugialap074@gmail.com,GET,/concerts/{id},2.779,200,ok,0,steady
1791233091.6057138,kiemthugialap030@gmail.com,POST,/orders,9.437,201,ok,0,steady
1791233091.611474,kiemthugialap079@gmail.com,GET,/orders/me,5.428,200,ok,0,steady
1791233091.6158712,kiemthugialap017@gmail.com,GET,/concerts?on_sale=true,4.157,200,ok,0,steady
1791233091.6363206,kiemthugialap069@gmail.com,GET,/concerts?on_sale=true,5.437,200,ok,0,steady
1791233091.6374831,kiemthugialap012@gmail.com,GET,/orders/me,4.86,200,ok,0,steady
1791233091.6773531,kiemthugialap011@gmail.com,GET,/concerts?on_sale=true,11.108,200,ok,0,steady
1791233091.6787055,kiemthugialap019@gmail.com,GET,/orders/me,13.74,200,ok,0,steady
1791233091.6790693,kiemthugialap026@gmail.com,GET,/orders/me,10.494,200,ok,0,steady
1791233091.679368,kiemthugialap007@gmail.com,GET,/orders/me,12.712,200,ok,0,steady
1791233091.6797214,kiemthugialap029@gmail.com,GET,/orders/me,12.674,200,ok,0,steady
1791233091.702567,kiemthugialap055@gmail.com,GET,/orders/me,4.831,200,ok,0,steady
1791233091.720265,kiemthugialap016@gmail.com,GET,/orders/me,5.497,200,ok,0,steady
1791233091.7232316,kiemthugialap031@gmail.com,GET,/orders/me,2.819,200,ok,0,steady
1791233091.7261205,kiemthugialap044@gmail.com,GET,/orders/me,2.759,200,ok,0,steady
1791233091.8238494,kiemthugialap080@gmail.com,GET,/concerts,5.482,200,ok,0,steady
1791233091.825661,kiemthugialap028@gmail.com,GET,/orders/me,8.007,200,ok,0,steady
1791233091.8297553,kiemthugialap018@gmail.com,GET,/orders/me,3.884,200,ok,0,steady
1791233091.853707,kiemthugialap053@gmail.com,GET,/concerts/{id},5.235,200,ok,0,steady
1791233091.8553984,kiemthugialap083@gmail.com,GET,/orders/me,6.66,200,ok,0,steady
1791233091.855834,kiemthugialap047@gmail.com,GET,/orders/me,8.817,200,ok,0,steady
1791233091.8696434,kiemthugialap086@gmail.com,GET,/orders/me,5.324,200,ok,0,steady
1791233091.9203422,kiemthugialap009@gmail.com,GET,/orders/me,5.289,200,ok,0,steady
1791233091.9556265,kiemthugialap051@gmail.com,GET,/orders/me,8.326,200,ok,0,steady
1791233091.9920163,kiemthugialap077@gmail.com,GET,/orders/me,8.039,200,ok,0,steady
1791233091.9929874,kiemthugialap097@gmail.com,GET,/orders/me,12.53,200,ok,0,steady
1791233091.9932926,kiemthugialap099@gmail.com,GET,/orders/me,11.687,200,ok,0,steady
1791233091.9950023,kiemthugialap023@gmail.com,GET,/orders/me,2.817,200,ok,0,steady
1791233092.0363746,kiemthugialap001@gmail.com,GET,/orders/me,5.579,200,ok,0,steady
1791233092.0405982,kiemthugialap040@gmail.com,GET,/concerts/{id},3.942,200,ok,0,steady
1791233092.0419536,kiemthugialap084@gmail.com,GET,/orders/me,4.637,200,ok,0,steady
1791233092.0518267,kiemthugialap035@gmail.com,GET,/orders/me,5.317,200,ok,0,steady
1791233092.0553997,kiemthugialap050@gmail.com,GET,/orders/me,3.391,200,ok,0,steady
1791233092.0857446,kiemthugialap046@gmail.com,GET,/orders/me,5.389,200,ok,0,steady
1791233092.0905738,kiemthugialap022@gmail.com,GET,/orders/me,4.686,200,ok,0,steady
1791233092.0909033,kiemthugialap065@gmail.com,GET,/orders/me,4.7,200,ok,0,steady
1791233092.1223454,kiemthugialap068@gmail.com,GET,/orders/me,6.757,200,ok,0,steady
1791233092.122962,kiemthugialap020@gmail.com,POST,/orders,8.247,409,sold_out,0,steady
1791233092.1254835,kiemthugialap020@gmail.com,GET,/concerts/{id}/ticket-types,2.43,200,ok,0,steady
1791233092.1539543,kiemthugialap033@gmail.com,GET,/orders/me,5.638,200,ok,0,steady
1791233092.1544101,kiemthugialap075@gmail.com,GET,/orders/me,6.739,200,ok,0,steady
1791233092.191961,kiemthugialap078@gmail.com,GET,/orders/me,10.332,200,ok,0,steady
1791233092.1938708,kiemthugialap026@gmail.com,GET,/orders/me,11.489,200,ok,0,steady
1791233092.1981401,kiemthugialap025@gmail.com,GET,/concerts,5.949,200,ok,0,steady
1791233092.2005818,kiemthugialap030@gmail.com,GET,/orders/me,7.939,200,ok,0,steady
1791233092.221777,kiemthugialap085@gmail.com,GET,/orders/me,9.232,200,ok,0,steady
1791233092.2265136,kiemthugialap088@gmail.com,GET,/concerts/{id},4.491,200,ok,0,steady
1791233092.2679946,kiemthugialap048@gmail.com,GET,/concerts,21.567,200,ok,0,steady
1791233092.273099,kiemthugialap060@gmail.com,GET,/orders/me,25.801,200,ok,0,steady
1791233092.2753427,kiemthugialap064@gmail.com,GET,/concerts/{id},9.564,200,ok,0,steady
1791233092.2768395,kiemthugialap082@gmail.com,GET,/concerts?on_sale=true,12.895,200,ok,0,steady
1791233092.2769878,kiemthugialap005@gmail.com,GET,/concerts/{id},11.898,200,ok,0,steady
1791233092.2784796,kiemthugialap072@gmail.com,GET,/orders/me,14.895,200,ok,0,steady
1791233092.2787735,kiemthugialap003@gmail.com,GET,/orders/me,15.681,200,ok,0,steady
1791233092.2805197,kiemthugialap034@gmail.com,GET,/orders/me,12.395,200,ok,0,steady
1791233092.2822387,kiemthugialap004@gmail.com,GET,/orders/me,6.768,200,ok,0,steady
1791233092.3056152,kiemthugialap087@gmail.com,GET,/orders/me,7.849,200,ok,0,steady
1791233092.3068032,kiemthugialap058@gmail.com,GET,/orders/me,9.858,200,ok,0,steady
1791233092.311216,kiemthugialap045@gmail.com,GET,/orders/me,4.265,200,ok,0,steady
1791233092.3154001,kiemthugialap039@gmail.com,GET,/orders/me,4.027,200,ok,0,steady
1791233092.3687737,kiemthugialap041@gmail.com,GET,/orders/me,5.644,200,ok,0,steady
1791233092.3875601,kiemthugialap091@gmail.com,GET,/orders/me,7.611,200,ok,0,steady
1791233092.4032571,kiemthugialap029@gmail.com,GET,/concerts?on_sale=true,6.527,200,ok,0,steady
1791233092.4088812,kiemthugialap081@gmail.com,GET,/orders/me,5.341,200,ok,0,steady
1791233092.437736,kiemthugialap008@gmail.com,GET,/orders/me,7.479,200,ok,0,steady
1791233092.4405599,kiemthugialap067@gmail.com,GET,/concerts/{id},2.589,200,ok,0,steady
1791233092.4704807,kiemthugialap042@gmail.com,GET,/orders/me,5.983,200,ok,0,steady
1791233092.4747176,kiemthugialap017@gmail.com,GET,/orders/me,3.964,200,ok,0,steady
1791233092.4858024,kiemthugialap010@gmail.com,GET,/concerts/{id},3.64,200,ok,0,steady
1791233092.4869518,kiemthugialap006@gmail.com,GET,/orders/me,6.117,200,ok,0,steady
1791233092.5195582,kiemthugialap074@gmail.com,GET,/concerts?on_sale=true,4.408,200,ok,0,steady
1791233092.574051,kiemthugialap092@gmail.com,GET,/concerts/{id},9.043,200,ok,0,steady
1791233092.5756812,kiemthugialap096@gmail.com,GET,/orders/me,11.984,200,ok,0,steady
1791233092.5771182,kiemthugialap090@gmail.com,GET,/orders/me,11.615,200,ok,0,steady
1791233092.5815542,kiemthugialap018@gmail.com,GET,/orders/me,5.687,200,ok,0,steady
1791233092.5831707,kiemthugialap012@gmail.com,GET,/orders/me,5.884,200,ok,0,steady
1791233092.5877101,kiemthugialap061@gmail.com,GET,/concerts,4.324,200,ok,0,steady
1791233092.6218188,kiemthugialap037@gmail.com,GET,/orders/me,7.633,200,ok,0,steady
1791233092.622276,kiemthugialap073@gmail.com,GET,/orders/me,7.137,200,ok,0,steady
1791233092.6374304,kiemthugialap059@gmail.com,GET,/orders/me,7.639,200,ok,0,steady
1791233092.6378815,kiemthugialap100@gmail.com,GET,/orders/me,7.33,200,ok,0,steady
1791233092.6845386,kiemthugialap013@gmail.com,GET,/concerts/{id},21.21,200,ok,0,steady
1791233092.6858115,kiemthugialap014@gmail.com,GET,/concerts/{id},21.65,200,ok,0,steady
1791233092.6921954,kiemthugialap071@gmail.com,GET,/orders/me,28.329,200,ok,0,steady
1791233092.6973162,kiemthugialap052@gmail.com,GET,/orders/me,17.353,200,ok,0,steady
1791233092.6994941,kiemthugialap001@gmail.com,GET,/orders/me,18.932,200,ok,0,steady
1791233092.6999867,kiemthugialap070@gmail.com,GET,/orders/me,18.463,200,ok,0,steady
1791233092.700441,kiemthugialap055@gmail.com,GET,/orders/me,19.551,200,ok,0,steady
1791233092.7011864,kiemthugialap031@gmail.com,GET,/orders/me,20.022,200,ok,0,steady
1791233092.7048821,kiemthugialap047@gmail.com,GET,/orders/me,7.192,200,ok,0,steady
1791233092.7191536,kiemthugialap066@gmail.com,GET,/concerts,4.794,200,ok,0,steady
1791233092.7376778,kiemthugialap028@gmail.com,GET,/orders/me,6.967,200,ok,0,steady
1791233092.7851489,kiemthugialap015@gmail.com,GET,/orders/me,5.198,200,ok,0,steady
1791233092.7894194,kiemthugialap060@gmail.com,GET,/orders/me,4.012,200,ok,0,steady
1791233092.7925272,kiemthugialap044@gmail.com,GET,/orders/me,2.944,200,ok,0,steady
1791233092.8230243,kiemthugialap062@gmail.com,GET,/concerts?on_sale=true,8.831,200,ok,0,steady
1791233092.8253024,kiemthugialap043@gmail.com,GET,/orders/me,10.338,200,ok,0,steady
1791233092.8258874,kiemthugialap063@gmail.com,GET,/orders/me,10.539,200,ok,0,steady
1791233092.8262303,kiemthugialap007@gmail.com,GET,/orders/me,10.577,200,ok,0,steady
1791233092.8526592,kiemthugialap046@gmail.com,GET,/orders/me,5.252,200,ok,0,steady
1791233092.8580763,kiemthugialap093@gmail.com,GET,/orders/me,5.188,200,ok,0,steady
1791233092.8712463,kiemthugialap050@gmail.com,GET,/concerts/{id},8.029,200,ok,0,steady
1791233092.872915,kiemthugialap005@gmail.com,GET,/orders/me,10.243,200,ok,0,steady
1791233092.8758051,kiemthugialap030@gmail.com,GET,/orders/me,4.283,200,ok,0,steady
1791233092.918339,kiemthugialap038@gmail.com,GET,/concerts?on_sale=true,3.564,200,ok,0,steady
1791233092.9372873,kiemthugialap076@gmail.com,GET,/orders/me,7.387,200,ok,0,steady
1791233092.9376705,kiemthugialap095@gmail.com,GET,/orders/me,6.148,200,ok,0,steady
1791233092.9504273,kiemthugialap085@gmail.com,GET,/concerts/{id},3.591,200,ok,0,steady
1791233092.983571,kiemthugialap002@gmail.com,GET,/concerts?on_sale=true,19.222,200,ok,0,steady
1791233092.984822,kiemthugialap054@gmail.com,GET,/concerts/{id},18.346,200,ok,0,steady
1791233092.9891555,kiemthugialap026@gmail.com,GET,/orders/me,7.595,200,ok,0,steady
1791233092.9905202,kiemthugialap088@gmail.com,GET,/orders/me,6.517,200,ok,0,steady
1791233092.9909098,kiemthugialap027@gmail.com,GET,/orders/me,7.216,200,ok,0,steady
1791233093.0052328,kiemthugialap099@gmail.com,GET,/orders/me,7.132,200,ok,0,steady
1791233093.009325,kiemthugialap087@gmail.com,GET,/orders/me,3.835,200,ok,0,steady
1791233093.0527718,kiemthugialap034@gmail.com,GET,/orders/me,5.249,200,ok,0,steady
1791233093.0873685,kiemthugialap049@gmail.com,GET,/concerts/{id},4.138,200,ok,0,steady
1791233093.0877721,kiemthugialap036@gmail.com,GET,/concerts/{id},5.414,200,ok,0,steady
1791233093.0890005,kiemthugialap023@gmail.com,GET,/orders/me,7.566,200,ok,0,steady
1791233093.1252012,kiemthugialap069@gmail.com,GET,/orders/me,7.639,200,ok,0,steady
1791233093.126361,kiemthugialap068@gmail.com,GET,/orders/me,11.415,200,ok,0,steady
1791233093.126741,kiemthugialap098@gmail.com,GET,/concerts?on_sale=true,10.508,200,ok,0,steady
1791233093.1270633,kiemthugialap057@gmail.com,GET,/orders/me,11.18,200,ok,0,steady
1791233093.128341,kiemthugialap061@gmail.com,GET,/concerts?on_sale=true,2.934,200,ok,0,steady
1791233093.1321247,kiemthugialap032@gmail.com,GET,/orders/me,4.92,200,ok,0,steady
1791233093.132595,kiemthugialap082@gmail.com,GET,/orders/me,5.102,200,ok,0,steady
1791233093.1522524,kiemthugialap009@gmail.com,GET,/orders/me,6.151,200,ok,0,steady
1791233093.170083,kiemthugialap039@gmail.com,GET,/concerts?on_sale=true,3.798,200,ok,0,steady
1791233093.170504,kiemthugialap016@gmail.com,GET,/concerts?on_sale=true,5.364,200,ok,0,steady
1791233093.1916606,kiemthugialap083@gmail.com,GET,/orders/me,7.308,200,ok,0,steady
1791233093.2203536,kiemthugialap056@gmail.com,GET,/concerts/{id},6.346,200,ok,0,steady
1791233093.2213461,kiemthugialap067@gmail.com,GET,/orders/me,6.322,200,ok,0,steady
1791233093.2535932,kiemthugialap059@gmail.com,GET,/orders/me,6.621,200,ok,0,steady
1791233093.3097324,kiemthugialap019@gmail.com,GET,/concerts/{id},8.856,200,ok,0,steady
1791233093.3130693,kiemthugialap022@gmail.com,GET,/concerts,14.97,200,ok,0,steady
1791233093.3134556,kiemthugialap094@gmail.com,GET,/orders/me,17.059,200,ok,0,steady
1791233093.3140883,kiemthugialap024@gmail.com,GET,/orders/me,15.588,200,ok,0,steady
1791233093.3156977,kiemthugialap080@gmail.com,DELETE,/orders/{id},16.897,200,ok,0,steady
1791233093.3173823,kiemthugialap096@gmail.com,GET,/concerts?on_sale=true,7.437,200,ok,0,steady
1791233093.3356118,kiemthugialap021@gmail.com,GET,/orders/me,21.318,200,ok,0,steady
1791233093.336101,kiemthugialap066@gmail.com,GET,/orders/me,25.812,200,ok,0,steady
1791233093.3384497,kiemthugialap091@gmail.com,GET,/concerts,7.192,200,ok,0,steady
1791233093.3396432,kiemthugialap004@gmail.com,GET,/orders/me,10.137,200,ok,0,steady
1791233093.3902366,kiemthugialap089@gmail.com,GET,/orders/me,7.772,200,ok,0,steady
1791233093.3906684,kiemthugialap053@gmail.com,GET,/orders/me,9.338,200,ok,0,steady
1791233093.3909588,kiemthugialap063@gmail.com,GET,/orders/me,8.182,200,ok,0,steady
1791233093.436764,kiemthugialap055@gmail.com,GET,/concerts/{id},5.159,200,ok,0,steady
1791233093.4378247,kiemthugialap037@gmail.com,GET,/orders/me,5.278,200,ok,0,steady
1791233093.489537,kiemthugialap011@gmail.com,GET,/orders/me,6.621,200,ok,0,steady
1791233093.4900184,kiemthugialap050@gmail.com,GET,/orders/me,9.074,200,ok,0,steady
1791233093.5214007,kiemthugialap070@gmail.com,GET,/orders/me,6.79,200,ok,0,steady
1791233093.5218718,kiemthugialap012@gmail.com,GET,/orders/me,6.131,200,ok,0,steady
1791233093.5540235,kiemthugialap003@gmail.com,GET,/concerts,6.278,200,ok,0,steady
1791233093.5550184,kiemthugialap043@gmail.com,GET,/orders/me,6.252,200,ok,0,steady
1791233093.5690813,kiemthugialap065@gmail.com,GET,/orders/me,5.158,200,ok,0,steady
1791233093.5843391,kiemthugialap100@gmail.com,GET,/concerts/{id},4.042,200,ok,0,steady
1791233093.6025705,kiemthugialap077@gmail.com,GET,/concerts,5.581,200,ok,0,steady
1791233093.6035464,kiemthugialap079@gmail.com,GET,/orders/me,5.387,200,ok,0,steady
1791233093.6065705,kiemthugialap014@gmail.com,GET,/orders/me,2.916,200,ok,0,steady
1791233093.6396697,kiemthugialap010@gmail.com,GET,/orders/me,9.428,200,ok,0,steady
1791233093.6404598,kiemthugialap006@gmail.com,GET,/orders/me,8.004,200,ok,0,steady
1791233093.7063215,kiemthugialap041@gmail.com,GET,/orders/me,24.527,200,ok,0,steady
1791233093.708747,kiemthugialap090@gmail.com,DELETE,/orders/{id},25.993,200,ok,0,steady
1791233093.709147,kiemthugialap016@gmail.com,GET,/orders/me,11.655,200,ok,0,steady
1791233093.7133217,kiemthugialap017@gmail.com,GET,/orders/me,4.034,200,ok,0,steady
1791233093.715116,kiemthugialap084@gmail.com,GET,/concerts?on_sale=true,8.529,200,ok,0,steady
1791233093.7391808,kiemthugialap031@gmail.com,GET,/orders/me,6.424,200,ok,0,steady
1791233093.740593,kiemthugialap034@gmail.com,GET,/orders/me,8.732,200,ok,0,steady
1791233093.7428427,kiemthugialap044@gmail.com,GET,/concerts/{id},3.44,200,ok,0,steady
1791233093.7471104,kiemthugialap078@gmail.com,GET,/orders/me,6.064,200,ok,0,steady
1791233093.7484257,kiemthugialap051@gmail.com,GET,/orders/me,7.68,200,ok,0,steady
1791233093.7533793,kiemthugialap023@gmail.com,GET,/orders/me,6.086,200,ok,0,steady
1791233093.758226,kiemthugialap061@gmail.com,GET,/orders/me,4.63,200,ok,0,steady
1791233093.7892213,kiemthugialap086@gmail.com,GET,/orders/me,6.424,200,ok,0,steady
1791233093.7896564,kiemthugialap072@gmail.com,GET,/orders/me,8.021,200,ok,0,steady
1791233093.7899413,kiemthugialap058@gmail.com,GET,/orders/me,9.523,200,ok,0,steady
1791233093.7923052,kiemthugialap064@gmail.com,GET,/concerts,2.257,200,ok,0,steady
1791233093.8247912,kiemthugialap035@gmail.com,GET,/orders/me,6.223,200,ok,0,steady
1791233093.859216,kiemthugialap092@gmail.com,GET,/orders/me,7.59,200,ok,0,steady
1791233093.8644152,kiemthugialap046@gmail.com,GET,/orders/me,4.872,200,ok,0,steady
1791233093.8920562,kiemthugialap097@gmail.com,GET,/orders/me,6.556,200,ok,0,steady
1791233093.8925836,kiemthugialap093@gmail.com,GET,/orders/me,8.187,200,ok,0,steady
1791233093.9224012,kiemthugialap033@gmail.com,GET,/concerts?on_sale=true,3.776,200,ok,0,steady
1791233093.9402597,kiemthugialap024@gmail.com,GET,/concerts,4.921,200,ok,0,steady
1791233093.941652,kiemthugialap008@gmail.com,GET,/orders/me,5.842,200,ok,0,steady
1791233093.9605224,kiemthugialap026@gmail.com,GET,/concerts,6.362,200,ok,0,steady
1791233093.9621289,kiemthugialap088@gmail.com,GET,/orders/me,7.411,200,ok,0,steady
1791233093.9960043,kiemthugialap083@gmail.com,GET,/orders/me,6.945,200,ok,0,steady
1791233094.0033853,kiemthugialap025@gmail.com,GET,/orders/me,7.075,200,ok,0,steady
1791233094.00393,kiemthugialap045@gmail.com,GET,/orders/me,7.061,200,ok,0,steady
1791233094.0311458,kiemthugialap040@gmail.com,GET,/concerts?on_sale=true,8.24,200,ok,0,steady
1791233094.0320845,kiemthugialap048@gmail.com,GET,/orders/me,8.142,200,ok,0,steady
1791233094.060525,kiemthugialap069@gmail.com,GET,/orders/me,5.111,200,ok,0,steady
1791233094.064215,kiemthugialap049@gmail.com,GET,/orders/me,3.532,200,ok,0,steady
1791233094.1071453,kiemthugialap020@gmail.com,GET,/concerts/{id}/ticket-types,19.093,200,ok,0,steady
1791233094.1076486,kiemthugialap074@gmail.com,GET,/concerts,19.105,200,ok,0,steady
1791233094.1101646,kiemthugialap060@gmail.com,GET,/orders/me,4.597,200,ok,0,steady
1791233094.129299,kiemthugialap011@gmail.com,GET,/orders/me,5.172,200,ok,0,steady
1791233094.1471794,kiemthugialap013@gmail.com,GET,/orders/me,6.704,200,ok,0,steady
1791233094.148207,kiemthugialap075@gmail.com,GET,/orders/me,8.285,200,ok,0,steady
1791233094.1502354,kiemthugialap012@gmail.com,GET,/orders/me,2.878,200,ok,0,steady
1791233094.1524403,kiemthugialap036@gmail.com,GET,/concerts/{id},2.081,200,ok,0,steady
1791233094.1604772,kiemthugialap029@gmail.com,GET,/concerts,4.393,200,ok,0,steady
1791233094.161551,kiemthugialap015@gmail.com,GET,/orders/me,6.029,200,ok,0,steady
1791233094.16381,kiemthugialap080@gmail.com,GET,/orders/me,3.178,200,ok,0,steady
1791233094.1785734,kiemthugialap043@gmail.com,GET,/concerts?on_sale=true,5.69,200,ok,0,steady
1791233094.2119784,kiemthugialap099@gmail.com,GET,/orders/me,6.388,200,ok,0,steady
1791233094.2158613,kiemthugialap030@gmail.com,GET,/orders/me,3.653,200,ok,0,steady
1791233094.2464345,kiemthugialap037@gmail.com,GET,/concerts?on_sale=true,6.045,200,ok,0,steady
1791233094.247734,kiemthugialap073@gmail.com,GET,/orders/me,7.717,200,ok,0,steady
1791233094.2485282,kiemthugialap095@gmail.com,GET,/orders/me,9.504,200,ok,0,steady
1791233094.2504685,kiemthugialap032@gmail.com,GET,/orders/me,3.856,200,ok,0,steady
1791233094.257995,kiemthugialap055@gmail.com,GET,/concerts?on_sale=true,3.527,200,ok,0,steady
1791233094.2778935,kiemthugialap081@gmail.com,GET,/orders/me,5.149,200,ok,0,steady
1791233094.3116212,kiemthugialap087@gmail.com,GET,/orders/me,4.802,200,ok,0,steady
1791233094.3319647,kiemthugialap054@gmail.com,GET,/orders/me,7.447,200,ok,0,steady
1791233094.3323982,kiemthugialap023@gmail.com,GET,/orders/me,7.658,200,ok,0,steady
1791233094.3327162,kiemthugialap005@gmail.com,GET,/orders/me,9.267,200,ok,0,steady
1791233094.344827,kiemthugialap028@gmail.com,GET,/concerts/{id},4.24,200,ok,0,steady
1791233094.3991058,kiemthugialap067@gmail.com,GET,/concerts/{id},7.991,200,ok,0,steady
1791233094.4007769,kiemthugialap042@gmail.com,GET,/orders/me,10.157,200,ok,0,steady
1791233094.4011943,kiemthugialap018@gmail.com,GET,/orders/me,11.728,200,ok,0,steady
1791233094.4281805,kiemthugialap091@gmail.com,GET,/concerts,5.805,200,ok,0,steady
1791233094.4459608,kiemthugialap094@gmail.com,GET,/concerts/{id},4.68,200,ok,0,steady
1791233094.447024,kiemthugialap071@gmail.com,GET,/orders/me,6.268,200,ok,0,steady
1791233094.5003002,kiemthugialap086@gmail.com,GET,/concerts?on_sale=true,10.138,200,ok,0,steady
1791233094.5021272,kiemthugialap085@gmail.com,GET,/orders/me,10.442,200,ok,0,steady
1791233094.5032454,kiemthugialap007@gmail.com,GET,/orders/me,11.118,200,ok,0,steady
1791233094.5035615,kiemthugialap001@gmail.com,GET,/orders/me,12.331,200,ok,0,steady
1791233094.5045388,kiemthugialap024@gmail.com,GET,/concerts/{id},2.251,200,ok,0,steady
1791233094.5458949,kiemthugialap070@gmail.com,GET,/orders/me,5.298,200,ok,0,steady
1791233094.5622482,kiemthugialap004@gmail.com,GET,/orders/me,6.176,200,ok,0,steady
1791233094.578581,kiemthugialap047@gmail.com,GET,/concerts?on_sale=true,5.773,200,ok,0,steady
1791233094.5795925,kiemthugialap064@gmail.com,GET,/orders/me,5.566,200,ok,0,steady
1791233094.594173,kiemthugialap076@gmail.com,GET,/concerts?on_sale=true,3.981,200,ok,0,steady
1791233094.5968423,kiemthugialap053@gmail.com,GET,/concerts?on_sale=true,2.498,200,ok,0,steady
1791233094.6301272,kiemthugialap052@gmail.com,GET,/concerts?on_sale=true,5.559,200,ok,0,steady
1791233094.6313376,kiemthugialap021@gmail.com,GET,/orders/me,8.061,200,ok,0,steady
1791233094.6610787,kiemthugialap041@gmail.com,GET,/concerts?on_sale=true,5.617,200,ok,0,steady
1791233094.6625097,kiemthugialap051@gmail.com,GET,/orders/me,6.503,200,ok,0,steady
1791233094.6951668,kiemthugialap002@gmail.com,GET,/concerts/{id},4.119,200,ok,0,steady
1791233094.6963375,kiemthugialap061@gmail.com,GET,/orders/me,7.171,200,ok,0,steady
1791233094.7280407,kiemthugialap025@gmail.com,GET,/orders/me,4.706,200,ok,0,steady
1791233094.73131,kiemthugialap039@gmail.com,GET,/orders/me,3.124,200,ok,0,steady
1791233094.7448695,kiemthugialap019@gmail.com,GET,/orders/me,5.174,200,ok,0,steady
1791233094.7487235,kiemthugialap049@gmail.com,GET,/orders/me,3.643,200,ok,0,steady
1791233094.765318,kiemthugialap020@gmail.com,POST,/orders,8.869,201,ok,0,steady
1791233094.796267,kiemthugialap096@gmail.com,GET,/orders/me,7.443,200,ok,0,steady
1791233094.8135626,kiemthugialap082@gmail.com,GET,/orders/me,7.193,200,ok,0,steady
1791233094.81516,kiemthugialap062@gmail.com,GET,/orders/me,9.879,200,ok,0,steady
1791233094.817181,kiemthugialap027@gmail.com,GET,/concerts/{id},3.421,200,ok,0,steady
1791233094.8175218,kiemthugialap006@gmail.com,GET,/concerts/{id},3.391,200,ok,0,steady
1791233094.8269088,kiemthugialap072@gmail.com,GET,/orders/me,4.942,200,ok,0,steady
1791233094.8464384,kiemthugialap089@gmail.com,GET,/orders/me,6.387,200,ok,0,steady
1791233094.8626397,kiemthugialap080@gmail.com,POST,/orders,5.747,409,sold_out,0,steady
1791233094.8676436,kiemthugialap080@gmail.com,GET,/concerts/{id}/ticket-types,4.901,200,ok,0,steady
1791233094.86997,kiemthugialap017@gmail.com,GET,/orders/me,6.81,200,ok,0,steady
1791233094.8705375,kiemthugialap038@gmail.com,GET,/orders/me,2.71,200,ok,0,steady
1791233094.8951497,kiemthugialap098@gmail.com,GET,/orders/me,5.316,200,ok,0,steady
1791233094.9117606,kiemthugialap088@gmail.com,GET,/orders/me,4.932,200,ok,0,steady
1791233094.9302835,kiemthugialap074@gmail.com,GET,/orders/me,8.609,200,ok,0,steady
1791233094.965281,kiemthugialap057@gmail.com,GET,/orders/me,10.145,200,ok,0,steady
1791233094.9669425,kiemthugialap063@gmail.com,GET,/orders/me,10.979,200,ok,0,steady
1791233094.9687786,kiemthugialap022@gmail.com,GET,/concerts?on_sale=true,3.242,200,ok,0,steady
1791233094.9966514,kiemthugialap009@gmail.com,GET,/orders/me,8.457,200,ok,0,steady
1791233095.0287018,kiemthugialap005@gmail.com,GET,/concerts/{id},5.926,200,ok,0,steady
1791233095.029712,kiemthugialap059@gmail.com,GET,/orders/me,7.711,200,ok,0,steady
1791233095.0484295,kiemthugialap056@gmail.com,GET,/orders/me,8.783,200,ok,0,steady
1791233095.0500348,kiemthugialap077@gmail.com,GET,/orders/me,10.8,200,ok,0,steady
1791233095.050454,kiemthugialap035@gmail.com,GET,/orders/me,12.236,200,ok,0,steady
1791233095.052495,kiemthugialap095@gmail.com,GET,/orders/me,3.787,200,ok,0,steady
1791233095.0628147,kiemthugialap028@gmail.com,GET,/concerts?on_sale=true,6.189,200,ok,0,steady
1791233095.0757682,kiemthugialap068@gmail.com,GET,/concerts/{id},3.817,200,ok,0,steady
1791233095.1130238,kiemthugialap043@gmail.com,GET,/concerts?on_sale=true,7.494,200,ok,0,steady
1791233095.116367,kiemthugialap036@gmail.com,GET,/orders/me,11.523,200,ok,0,steady
1791233095.1290424,kiemthugialap100@gmail.com,GET,/concerts/{id},4.849,200,ok,0,steady
1791233095.129447,kiemthugialap024@gmail.com,GET,/concerts/{id},6.843,200,ok,0,steady
1791233095.1445148,kiemthugialap053@gmail.com,GET,/concerts/{id},5.225,200,ok,0,steady
1791233095.1456206,kiemthugialap087@gmail.com,GET,/orders/me,5.378,200,ok,0,steady
1791233095.1794395,kiemthugialap066@gmail.com,GET,/concerts?on_sale=true,7.389,200,ok,0,steady
1791233095.1804404,kiemthugialap083@gmail.com,GET,/orders/me,7.127,200,ok,0,steady
1791233095.21246,kiemthugialap008@gmail.com,GET,/concerts/{id},8.421,200,ok,0,steady
1791233095.2138126,kiemthugialap073@gmail.com,GET,/concerts?on_sale=true,7.468,200,ok,0,steady
1791233095.214947,kiemthugialap084@gmail.com,GET,/orders/me,9.9,200,ok,0,steady
1791233095.2156007,kiemthugialap030@gmail.com,GET,/orders/me,8.902,200,ok,0,steady
1791233095.2176304,kiemthugialap079@gmail.com,GET,/orders/me,4.956,200,ok,0,steady
1791233095.2628334,kiemthugialap026@gmail.com,GET,/concerts/{id},6.216,200,ok,0,steady
1791233095.2642763,kiemthugialap054@gmail.com,GET,/orders/me,6.572,200,ok,0,steady
1791233095.264637,kiemthugialap094@gmail.com,GET,/orders/me,7.485,200,ok,0,steady
1791233095.2992485,kiemthugialap060@gmail.com,GET,/orders/me,9.129,200,ok,0,steady
1791233095.3002834,kiemthugialap075@gmail.com,GET,/orders/me,9.121,200,ok,0,steady
1791233095.300677,kiemthugialap058@gmail.com,GET,/orders/me,11.71,200,ok,0,steady
1791233095.3024333,kiemthugialap023@gmail.com,GET,/orders/me,3.016,200,ok,0,steady
1791233095.3497188,kiemthugialap070@gmail.com,GET,/orders/me,9.352,200,ok,0,steady
1791233095.350878,kiemthugialap071@gmail.com,GET,/orders/me,11.986,200,ok,0,steady
1791233095.3511877,kiemthugialap007@gmail.com,GET,/orders/me,10.571,200,ok,0,steady
1791233095.3514676,kiemthugialap016@gmail.com,GET,/orders/me,11.548,200,ok,0,steady
1791233095.354103,kiemthugialap044@gmail.com,GET,/orders/me,4.19,200,ok,0,steady
1791233095.35607,kiemthugialap015@gmail.com,GET,/orders/me,4.494,200,ok,0,steady
1791233095.3588462,kiemthugialap085@gmail.com,GET,/orders/me,4.587,200,ok,0,steady
1791233095.429662,kiemthugialap014@gmail.com,GET,/orders/me,6.402,200,ok,0,steady
1791233095.444575,kiemthugialap033@gmail.com,GET,/orders/me,4.601,200,ok,0,steady
1791233095.4605706,kiemthugialap065@gmail.com,GET,/concerts?on_sale=true,3.728,200,ok,0,steady
1791233095.4640768,kiemthugialap003@gmail.com,GET,/concerts/{id},3.361,200,ok,0,steady
1791233095.466107,kiemthugialap045@gmail.com,GET,/orders/me,4.857,200,ok,0,steady
1791233095.4714968,kiemthugialap050@gmail.com,DELETE,/orders/{id},7.272,200,ok,0,steady
1791233095.476185,kiemthugialap090@gmail.com,GET,/orders/me,4.484,200,ok,0,steady
1791233095.528809,kiemthugialap069@gmail.com,GET,/orders/me,5.558,200,ok,0,steady
1791233095.5474508,kiemthugialap040@gmail.com,GET,/concerts/{id},7.188,200,ok,0,steady
1791233095.548561,kiemthugialap031@gmail.com,GET,/concerts?on_sale=true,7.305,200,ok,0,steady
1791233095.5494425,kiemthugialap059@gmail.com,GET,/orders/me,7.811,200,ok,0,steady
1791233095.5512836,kiemthugialap037@gmail.com,GET,/concerts?on_sale=true,3.657,200,ok,0,steady
1791233095.5524833,kiemthugialap010@gmail.com,GET,/orders/me,3.801,200,ok,0,steady
1791233095.555399,kiemthugialap032@gmail.com,GET,/orders/me,2.761,200,ok,0,steady
1791233095.5800605,kiemthugialap049@gmail.com,GET,/orders/me,6.419,200,ok,0,steady
1791233095.5811973,kiemthugialap046@gmail.com,GET,/orders/me,6.135,200,ok,0,steady
1791233095.5841246,kiemthugialap080@gmail.com,GET,/concerts/{id},3.853,200,ok,0,steady
1791233095.5853362,kiemthugialap092@gmail.com,GET,/orders/me,3.991,200,ok,0,steady
1791233095.5950994,kiemthugialap078@gmail.com,GET,/orders/me,4.999,200,ok,0,steady
1791233095.6153736,kiemthugialap020@gmail.com,GET,/concerts,6.065,200,ok,0,steady
1791233095.6159701,kiemthugialap017@gmail.com,GET,/concerts/{id},7.297,200,ok,0,steady
1791233095.6164322,kiemthugialap034@gmail.com,GET,/concerts/{id},9.862,200,ok,0,steady
1791233095.616853,kiemthugialap063@gmail.com,GET,/orders/me,9.394,200,ok,0,steady
1791233095.6796007,kiemthugialap062@gmail.com,GET,/orders/me,7.101,200,ok,0,steady
1791233095.6800141,kiemthugialap021@gmail.com,GET,/orders/me,6.426,200,ok,0,steady
1791233095.6827662,kiemthugialap002@gmail.com,GET,/orders/me,2.63,200,ok,0,steady
1791233095.7102013,kiemthugialap055@gmail.com,GET,/orders/me,19.601,200,ok,0,steady
1791233095.7106903,kiemthugialap088@gmail.com,GET,/orders/me,20.911,200,ok,0,steady
1791233095.7111475,kiemthugialap061@gmail.com,GET,/orders/me,19.227,200,ok,0,steady
1791233095.7457893,kiemthugialap097@gmail.com,GET,/concerts?on_sale=true,6.228,200,ok,0,steady
1791233095.7467718,kiemthugialap093@gmail.com,GET,/orders/me,6.244,200,ok,0,steady
1791233095.762298,kiemthugialap027@gmail.com,GET,/concerts?on_sale=true,3.948,200,ok,0,steady
1791233095.7632978,kiemthugialap011@gmail.com,GET,/orders/me,6.526,200,ok,0,steady
1791233095.7964993,kiemthugialap029@gmail.com,GET,/orders/me,6.43,200,ok,0,steady
1791233095.813323,kiemthugialap048@gmail.com,GET,/orders/me,6.364,200,ok,0,steady
1791233095.8143346,kiemthugialap075@gmail.com,GET,/orders/me,6.295,200,ok,0,steady
1791233095.8672686,kiemthugialap064@gmail.com,GET,/concerts?on_sale=true,8.782,200,ok,0,steady
1791233095.8679307,kiemthugialap025@gmail.com,GET,/orders/me,11.037,200,ok,0,steady
1791233095.868757,kiemthugialap013@gmail.com,GET,/orders/me,10.792,200,ok,0,steady
1791233095.897842,kiemthugialap022@gmail.com,GET,/orders/me,8.773,200,ok,0,steady
1791233095.8982785,kiemthugialap099@gmail.com,GET,/orders/me,6.994,200,ok,0,steady
1791233095.898609,kiemthugialap012@gmail.com,GET,/orders/me,8.215,200,ok,0,steady
1791233095.9429922,kiemthugialap024@gmail.com,GET,/concerts,4.122,200,ok,0,steady
1791233095.9623256,kiemthugialap042@gmail.com,GET,/concerts/{id},4.72,200,ok,0,steady
1791233095.963494,kiemthugialap074@gmail.com,GET,/orders/me,6.791,200,ok,0,steady
1791233095.975606,kiemthugialap051@gmail.com,GET,/concerts,3.274,200,ok,0,steady
1791233095.996032,kiemthugialap018@gmail.com,GET,/orders/me,5.203,200,ok,0,steady
1791233095.997071,kiemthugialap068@gmail.com,GET,/orders/me,8.075,200,ok,0,steady
1791233095.9991426,kiemthugialap089@gmail.com,GET,/orders/me,2.919,200,ok,0,steady
1791233096.0022101,kiemthugialap081@gmail.com,GET,/orders/me,2.923,200,ok,0,steady
1791233096.0342546,kiemthugialap036@gmail.com,GET,/concerts/{id},8.821,200,ok,0,steady
1791233096.0347288,kiemthugialap052@gmail.com,GET,/concerts,8.172,200,ok,0,steady
1791233096.0354393,kiemthugialap082@gmail.com,GET,/orders/me,11.534,200,ok,0,steady
1791233096.0357685,kiemthugialap005@gmail.com,GET,/concerts,10.869,200,ok,0,steady
1791233096.0363612,kiemthugialap098@gmail.com,GET,/orders/me,11.194,200,ok,0,steady
1791233096.062363,kiemthugialap030@gmail.com,GET,/concerts/{id},5.095,200,ok,0,steady
1791233096.0636032,kiemthugialap053@gmail.com,GET,/orders/me,7.558,200,ok,0,steady
1791233096.0659583,kiemthugialap060@gmail.com,GET,/orders/me,3.415,200,ok,0,steady
1791233096.1005964,kiemthugialap016@gmail.com,GET,/concerts/{id},10.46,200,ok,0,steady
1791233096.1020665,kiemthugialap041@gmail.com,GET,/orders/me,12.87,200,ok,0,steady
1791233096.102539,kiemthugialap086@gmail.com,GET,/orders/me,11.873,200,ok,0,steady
1791233096.1465077,kiemthugialap047@gmail.com,GET,/orders/me,7.946,200,ok,0,steady
1791233096.1525521,kiemthugialap040@gmail.com,GET,/orders/me,5.7,200,ok,0,steady
1791233096.1824095,kiemthugialap090@gmail.com,POST,/orders,8.857,409,sold_out,0,steady
1791233096.1857543,kiemthugialap090@gmail.com,GET,/concerts/{id}/ticket-types,3.197,200,ok,0,steady
1791233096.2130897,kiemthugialap034@gmail.com,GET,/concerts?on_sale=true,7.275,200,ok,0,steady
1791233096.2138245,kiemthugialap008@gmail.com,GET,/orders/me,8.696,200,ok,0,steady
1791233096.2565906,kiemthugialap073@gmail.com,GET,/concerts/{id},17.238,200,ok,0,steady
1791233096.2576883,kiemthugialap004@gmail.com,GET,/orders/me,19.014,200,ok,0,steady
1791233096.2947423,kiemthugialap039@gmail.com,GET,/concerts/{id},6.182,200,ok,0,steady
1791233096.3117921,kiemthugialap094@gmail.com,GET,/orders/me,5.842,200,ok,0,steady
1791233096.3171015,kiemthugialap067@gmail.com,GET,/orders/me,5.01,200,ok,0,steady
1791233096.3292842,kiemthugialap076@gmail.com,GET,/orders/me,5.922,200,ok,0,steady
1791233096.3324938,kiemthugialap093@gmail.com,GET,/concerts?on_sale=true,2.981,200,ok,0,steady
1791233096.346848,kiemthugialap037@gmail.com,GET,/orders/me,6.558,200,ok,0,steady
1791233096.3632534,kiemthugialap055@gmail.com,GET,/concerts?on_sale=true,6.411,200,ok,0,steady
1791233096.364815,kiemthugialap019@gmail.com,GET,/orders/me,6.568,200,ok,0,steady
1791233096.3674037,kiemthugialap091@gmail.com,GET,/orders/me,3.909,200,ok,0,steady
1791233096.3785758,kiemthugialap026@gmail.com,GET,/orders/me,6.002,200,ok,0,steady
1791233096.3818076,kiemthugialap085@gmail.com,GET,/orders/me,3.052,200,ok,0,steady
1791233096.4336596,kiemthugialap001@gmail.com,GET,/orders/me,7.853,200,ok,0,steady
1791233096.4359097,kiemthugialap028@gmail.com,GET,/orders/me,12.502,200,ok,0,steady
1791233096.4363022,kiemthugialap096@gmail.com,GET,/orders/me,12.026,200,ok,0,steady
1791233096.4423032,kiemthugialap049@gmail.com,GET,/orders/me,8.325,200,ok,0,steady
1791233096.444942,kiemthugialap038@gmail.com,GET,/orders/me,10.359,200,ok,0,steady
1791233096.4468558,kiemthugialap097@gmail.com,GET,/orders/me,7.744,200,ok,0,steady
1791233096.479226,kiemthugialap015@gmail.com,GET,/orders/me,7.199,200,ok,0,steady
1791233096.47973,kiemthugialap025@gmail.com,GET,/orders/me,6.248,200,ok,0,steady
1791233096.5291855,kiemthugialap089@gmail.com,GET,/orders/me,5.981,200,ok,0,steady
1791233096.5616457,kiemthugialap057@gmail.com,GET,/orders/me,4.941,200,ok,0,steady
1791233096.6096091,kiemthugialap075@gmail.com,GET,/orders/me,4.644,200,ok,0,steady
1791233096.626179,kiemthugialap099@gmail.com,GET,/concerts?on_sale=true,3.422,200,ok,0,steady
1791233096.662124,kiemthugialap043@gmail.com,GET,/concerts,6.44,200,ok,0,steady
1791233096.6631818,kiemthugialap074@gmail.com,GET,/orders/me,6.42,200,ok,0,steady
1791233096.6969297,kiemthugialap088@gmail.com,GET,/orders/me,7.379,200,ok,0,steady
1791233096.7123077,kiemthugialap079@gmail.com,GET,/orders/me,6.515,200,ok,0,steady
1791233096.71615,kiemthugialap084@gmail.com,GET,/orders/me,3.601,200,ok,0,steady
1791233096.7465105,kiemthugialap006@gmail.com,GET,/concerts?on_sale=true,6.003,200,ok,0,steady
1791233096.7542584,kiemthugialap020@gmail.com,GET,/orders/me,7.499,200,ok,0,steady
1791233096.7546127,kiemthugialap042@gmail.com,GET,/orders/me,7.352,200,ok,0,steady
1791233096.7551222,kiemthugialap010@gmail.com,GET,/orders/me,6.871,200,ok,0,steady
1791233096.7608802,kiemthugialap002@gmail.com,GET,/orders/me,5.574,200,ok,0,steady
1791233096.7637985,kiemthugialap033@gmail.com,GET,/concerts/{id},2.69,200,ok,0,steady
1791233096.800241,kiemthugialap072@gmail.com,GET,/orders/me,9.232,200,ok,0,steady
1791233096.8010476,kiemthugialap058@gmail.com,GET,/orders/me,11.326,200,ok,0,steady
1791233096.8181224,kiemthugialap090@gmail.com,POST,/orders,12.185,201,ok,0,steady
1791233096.8268983,kiemthugialap022@gmail.com,GET,/concerts?on_sale=true,8.438,200,ok,0,steady
1791233096.828732,kiemthugialap021@gmail.com,GET,/orders/me,9.431,200,ok,0,steady
1791233096.8291209,kiemthugialap095@gmail.com,GET,/orders/me,10.169,200,ok,0,steady
1791233096.8313098,kiemthugialap030@gmail.com,GET,/orders/me,3.748,200,ok,0,steady
1791233096.8462653,kiemthugialap044@gmail.com,GET,/orders/me,6.083,200,ok,0,steady
1791233096.8644412,kiemthugialap009@gmail.com,GET,/orders/me,7.121,200,ok,0,steady
1791233096.864844,kiemthugialap036@gmail.com,GET,/orders/me,8.597,200,ok,0,steady
1791233096.878524,kiemthugialap083@gmail.com,GET,/orders/me,6.105,200,ok,0,steady
1791233096.8824284,kiemthugialap100@gmail.com,GET,/orders/me,3.692,200,ok,0,steady
1791233096.8854115,kiemthugialap037@gmail.com,GET,/orders/me,2.844,200,ok,0,steady
1791233096.8876681,kiemthugialap077@gmail.com,GET,/concerts?on_sale=true,2.132,200,ok,0,steady
1791233096.9292412,kiemthugialap064@gmail.com,GET,/orders/me,22.068,200,ok,0,steady
1791233096.9296799,kiemthugialap069@gmail.com,GET,/orders/me,22.954,200,ok,0,steady
1791233096.9300125,kiemthugialap071@gmail.com,GET,/orders/me,24.794,200,ok,0,steady
1791233096.9324443,kiemthugialap086@gmail.com,GET,/concerts,9.594,200,ok,0,steady
1791233096.9339945,kiemthugialap035@gmail.com,GET,/orders/me,9.683,200,ok,0,steady
1791233096.9345505,kiemthugialap063@gmail.com,GET,/orders/me,10.557,200,ok,0,steady
1791233096.9458268,kiemthugialap054@gmail.com,GET,/orders/me,5.493,200,ok,0,steady
1791233096.9531307,kiemthugialap080@gmail.com,POST,/orders,7.098,201,ok,0,steady
1791233096.958791,kiemthugialap005@gmail.com,GET,/orders/me,5.438,200,ok,0,steady
1791233096.981727,kiemthugialap014@gmail.com,GET,/orders/me,7.339,200,ok,0,steady
1791233096.9882195,kiemthugialap018@gmail.com,GET,/orders/me,6.259,200,ok,0,steady
1791233096.9887323,kiemthugialap065@gmail.com,GET,/orders/me,6.018,200,ok,0,steady
1791233097.0144217,kiemthugialap056@gmail.com,GET,/concerts/{id},8.917,200,ok,0,steady
1791233097.0148697,kiemthugialap017@gmail.com,GET,/concerts/{id},8.45,200,ok,0,steady
1791233097.0157633,kiemthugialap073@gmail.com,GET,/orders/me,9.044,200,ok,0,steady
1791233097.0606756,kiemthugialap013@gmail.com,GET,/orders/me,5.297,200,ok,0,steady
1791233097.064971,kiemthugialap087@gmail.com,GET,/orders/me,4.072,200,ok,0,steady
1791233097.0969048,kiemthugialap089@gmail.com,GET,/concerts?on_sale=true,5.804,200,ok,0,steady
1791233097.0979066,kiemthugialap097@gmail.com,GET,/orders/me,8.013,200,ok,0,steady
1791233097.113082,kiemthugialap003@gmail.com,GET,/concerts/{id},6.18,200,ok,0,steady
1791233097.1142588,kiemthugialap066@gmail.com,GET,/orders/me,8.014,200,ok,0,steady
1791233097.1282668,kiemthugialap007@gmail.com,GET,/orders/me,6.205,200,ok,0,steady
1791233097.1473272,kiemthugialap024@gmail.com,GET,/concerts,7.714,200,ok,0,steady
1791233097.148389,kiemthugialap045@gmail.com,GET,/orders/me,7.628,200,ok,0,steady
1791233097.1619444,kiemthugialap078@gmail.com,GET,/orders/me,6.052,200,ok,0,steady
1791233097.1972463,kiemthugialap023@gmail.com,GET,/concerts,6.712,200,ok,0,steady
1791233097.1983557,kiemthugialap096@gmail.com,GET,/orders/me,8.687,200,ok,0,steady
1791233097.2007957,kiemthugialap057@gmail.com,GET,/orders/me,3.365,200,ok,0,steady
1791233097.2460103,kiemthugialap050@gmail.com,GET,/orders/me,6.079,200,ok,0,steady
1791233097.2704985,kiemthugialap067@gmail.com,GET,/orders/me,12.741,200,ok,0,steady
1791233097.2721975,kiemthugialap082@gmail.com,GET,/concerts/{id},14.66,200,ok,0,steady
1791233097.2728863,kiemthugialap032@gmail.com,GET,/orders/me,15.769,200,ok,0,steady
1791233097.2732923,kiemthugialap070@gmail.com,GET,/orders/me,17.357,200,ok,0,steady
1791233097.2761056,kiemthugialap011@gmail.com,GET,/orders/me,5.317,200,ok,0,steady
1791233097.339159,kiemthugialap098@gmail.com,GET,/orders/me,33.455,200,ok,0,steady
1791233097.3405309,kiemthugialap031@gmail.com,GET,/orders/me,35.439,200,ok,0,steady
1791233097.3433266,kiemthugialap074@gmail.com,GET,/concerts?on_sale=true,3.944,200,ok,0,steady
1791233097.3600717,kiemthugialap025@gmail.com,GET,/orders/me,5.026,200,ok,0,steady
1791233097.4130013,kiemthugialap059@gmail.com,GET,/orders/me,6.486,200,ok,0,steady
1791233097.413461,kiemthugialap092@gmail.com,GET,/orders/me,8.276,200,ok,0,steady
1791233097.4480371,kiemthugialap046@gmail.com,GET,/concerts/{id},9.272,200,ok,0,steady
1791233097.4494824,kiemthugialap061@gmail.com,GET,/orders/me,9.673,200,ok,0,steady
1791233097.4498594,kiemthugialap008@gmail.com,GET,/orders/me,9.782,200,ok,0,steady
1791233097.476613,kiemthugialap015@gmail.com,GET,/concerts/{id},21.272,200,ok,0,steady
1791233097.4788604,kiemthugialap062@gmail.com,GET,/orders/me,22.454,200,ok,0,steady
1791233097.4797096,kiemthugialap039@gmail.com,GET,/orders/me,7.725,200,ok,0,steady
1791233097.529575,kiemthugialap058@gmail.com,GET,/orders/me,6.997,200,ok,0,steady
1791233097.530854,kiemthugialap053@gmail.com,GET,/orders/me,6.857,200,ok,0,steady
1791233097.532853,kiemthugialap052@gmail.com,GET,/orders/me,3.06,200,ok,0,steady
1791233097.541701,kiemthugialap073@gmail.com,GET,/concerts/{id},3.282,200,ok,0,steady
1791233097.545806,kiemthugialap029@gmail.com,GET,/orders/me,3.8,200,ok,0,steady
1791233097.5781336,kiemthugialap075@gmail.com,GET,/orders/me,4.406,200,ok,0,steady
1791233097.5806086,kiemthugialap042@gmail.com,GET,/concerts,2.316,200,ok,0,steady
1791233097.6113203,kiemthugialap043@gmail.com,GET,/orders/me,5.076,200,ok,0,steady
1791233097.6300821,kiemthugialap027@gmail.com,GET,/orders/me,6.365,200,ok,0,steady
1791233097.6304846,kiemthugialap079@gmail.com,GET,/orders/me,5.767,200,ok,0,steady
1791233097.6450448,kiemthugialap094@gmail.com,GET,/orders/me,5.461,200,ok,0,steady
1791233097.6621108,kiemthugialap009@gmail.com,GET,/orders/me,5.618,200,ok,0,steady
1791233097.6965678,kiemthugialap077@gmail.com,GET,/concerts/{id},5.699,200,ok,0,steady
1791233097.6982682,kiemthugialap016@gmail.com,GET,/orders/me,8.37,200,ok,0,steady
1791233097.7012463,kiemthugialap051@gmail.com,GET,/concerts?on_sale=true,2.812,200,ok,0,steady
1791233097.7277696,kiemthugialap047@gmail.com,GET,/orders/me,5.079,200,ok,0,steady
1791233097.7472732,kiemthugialap076@gmail.com,GET,/orders/me,7.217,200,ok,0,steady
1791233097.7476642,kiemthugialap071@gmail.com,GET,/orders/me,6.531,200,ok,0,steady
1791233097.7628915,kiemthugialap048@gmail.com,GET,/orders/me,6.635,200,ok,0,steady
1791233097.7805426,kiemthugialap085@gmail.com,GET,/orders/me,5.873,200,ok,0,steady
1791233097.780979,kiemthugialap023@gmail.com,GET,/orders/me,7.379,200,ok,0,steady
1791233097.7838838,kiemthugialap069@gmail.com,GET,/orders/me,2.791,200,ok,0,steady
1791233097.813506,kiemthugialap034@gmail.com,GET,/orders/me,5.603,200,ok,0,steady
1791233097.8138573,kiemthugialap081@gmail.com,GET,/orders/me,7.462,200,ok,0,steady
1791233097.8277194,kiemthugialap093@gmail.com,GET,/concerts,4.431,200,ok,0,steady
1791233097.8643043,kiemthugialap068@gmail.com,GET,/orders/me,7.821,200,ok,0,steady
1791233097.8646963,kiemthugialap012@gmail.com,GET,/orders/me,7.534,200,ok,0,steady
1791233097.8787286,kiemthugialap067@gmail.com,GET,/orders/me,5.517,200,ok,0,steady
1791233097.88342,kiemthugialap028@gmail.com,GET,/concerts/{id},3.937,200,ok,0,steady
1791233097.8844712,kiemthugialap020@gmail.com,GET,/orders/me,5.514,200,ok,0,steady
1791233097.8950167,kiemthugialap019@gmail.com,GET,/concerts/{id},5.362,200,ok,0,steady
1791233097.896131,kiemthugialap063@gmail.com,GET,/orders/me,5.729,200,ok,0,steady
1791233097.9122584,kiemthugialap005@gmail.com,GET,/orders/me,5.46,200,ok,0,steady
1791233097.945928,kiemthugialap025@gmail.com,GET,/orders/me,6.554,200,ok,0,steady
1791233097.9462893,kiemthugialap044@gmail.com,GET,/orders/me,5.886,200,ok,0,steady
1791233097.978271,kiemthugialap038@gmail.com,GET,/concerts,5.717,200,ok,0,steady
1791233097.97927,kiemthugialap059@gmail.com,GET,/orders/me,6.051,200,ok,0,steady
1791233097.9950697,kiemthugialap060@gmail.com,GET,/orders/me,5.185,200,ok,0,steady
1791233097.9988172,kiemthugialap040@gmail.com,GET,/orders/me,3.538,200,ok,0,steady
1791233098.0017052,kiemthugialap090@gmail.com,GET,/orders/me,2.745,200,ok,0,steady
1791233098.0037906,kiemthugialap078@gmail.com,GET,/concerts,1.952,200,ok,0,steady
1791233098.0288146,kiemthugialap002@gmail.com,GET,/orders/me,5.903,200,ok,0,steady
1791233098.0458212,kiemthugialap021@gmail.com,GET,/orders/me,6.086,200,ok,0,steady
1791233098.0604956,kiemthugialap030@gmail.com,GET,/orders/me,5.461,200,ok,0,steady
1791233098.0663605,kiemthugialap091@gmail.com,GET,/concerts,4.712,200,ok,0,steady
1791233098.0673554,kiemthugialap066@gmail.com,GET,/orders/me,6.707,200,ok,0,steady
1791233098.0681815,kiemthugialap036@gmail.com,GET,/orders/me,6.904,200,ok,0,steady
1791233098.0703683,kiemthugialap056@gmail.com,GET,/orders/me,3.873,200,ok,0,steady
1791233098.0834596,kiemthugialap095@gmail.com,GET,/orders/me,9.784,200,ok,0,steady
1791233098.085191,kiemthugialap041@gmail.com,GET,/orders/me,12.749,200,ok,0,steady
1791233098.0856895,kiemthugialap083@gmail.com,GET,/orders/me,13.967,200,ok,0,steady
1791233098.0914195,kiemthugialap057@gmail.com,GET,/orders/me,7.639,200,ok,0,steady
1791233098.0985286,kiemthugialap061@gmail.com,GET,/orders/me,6.852,200,ok,0,steady
1791233098.0990722,kiemthugialap026@gmail.com,GET,/orders/me,9.623,200,ok,0,steady
1791233098.1124887,kiemthugialap086@gmail.com,GET,/orders/me,6.408,200,ok,0,steady
1791233098.1163602,kiemthugialap024@gmail.com,GET,/orders/me,3.663,200,ok,0,steady
1791233098.1280234,kiemthugialap001@gmail.com,GET,/orders/me,5.134,200,ok,0,steady
1791233098.1436338,kiemthugialap099@gmail.com,GET,/orders/me,4.886,200,ok,0,steady
1791233098.1624427,kiemthugialap004@gmail.com,GET,/orders/me,5.66,200,ok,0,steady
1791233098.1628103,kiemthugialap097@gmail.com,GET,/orders/me,6.917,200,ok,0,steady
1791233098.178603,kiemthugialap035@gmail.com,GET,/concerts/{id},5.611,200,ok,0,steady
1791233098.179565,kiemthugialap100@gmail.com,GET,/concerts?on_sale=true,7.683,200,ok,0,steady
1791233098.1947224,kiemthugialap094@gmail.com,GET,/orders/me,5.406,200,ok,0,steady
1791233098.2334592,kiemthugialap079@gmail.com,GET,/orders/me,9.749,200,ok,0,steady
1791233098.2818608,kiemthugialap014@gmail.com,GET,/orders/me,7.732,200,ok,0,steady
1791233098.2939847,kiemthugialap008@gmail.com,GET,/orders/me,20.085,200,ok,0,steady
1791233098.2965949,kiemthugialap062@gmail.com,GET,/orders/me,14.481,200,ok,0,steady
1791233098.2995346,kiemthugialap055@gmail.com,GET,/orders/me,26.669,200,ok,0,steady
1791233098.300746,kiemthugialap046@gmail.com,GET,/orders/me,27.274,200,ok,0,steady
1791233098.30143,kiemthugialap045@gmail.com,GET,/orders/me,27.021,200,ok,0,steady
1791233098.3792477,kiemthugialap064@gmail.com,GET,/orders/me,6.251,200,ok,0,steady
1791233098.3961353,kiemthugialap016@gmail.com,GET,/orders/me,6.661,200,ok,0,steady
1791233098.4284172,kiemthugialap049@gmail.com,GET,/orders/me,6.493,200,ok,0,steady
1791233098.4319582,kiemthugialap028@gmail.com,GET,/concerts?on_sale=true,3.095,200,ok,0,steady
1791233098.4611921,kiemthugialap076@gmail.com,GET,/orders/me,6.104,200,ok,0,steady
1791233098.4798975,kiemthugialap047@gmail.com,GET,/orders/me,6.171,200,ok,0,steady
1791233098.5110996,kiemthugialap007@gmail.com,GET,/concerts?on_sale=true,5.024,200,ok,0,steady
1791233098.5481794,kiemthugialap052@gmail.com,GET,/orders/me,8.648,200,ok,0,steady
1791233098.5487058,kiemthugialap043@gmail.com,GET,/orders/me,10.266,200,ok,0,steady
1791233098.5596893,kiemthugialap072@gmail.com,GET,/concerts?on_sale=true,4.153,200,ok,0,steady
1791233098.5951269,kiemthugialap084@gmail.com,GET,/orders/me,6.169,200,ok,0,steady
1791233098.6116517,kiemthugialap096@gmail.com,GET,/orders/me,6.385,200,ok,0,steady
1791233098.6120763,kiemthugialap033@gmail.com,GET,/orders/me,5.632,200,ok,0,steady
1791233098.6506042,kiemthugialap077@gmail.com,GET,/orders/me,10.647,200,ok,0,steady
1791233098.6510167,kiemthugialap054@gmail.com,GET,/orders/me,11.953,200,ok,0,steady
1791233098.6512961,kiemthugialap087@gmail.com,GET,/orders/me,10.052,200,ok,0,steady
1791233098.6570232,kiemthugialap006@gmail.com,GET,/orders/me,5.582,200,ok,0,steady
1791233098.657509,kiemthugialap032@gmail.com,GET,/orders/me,5.598,200,ok,0,steady
1791233098.6812356,kiemthugialap017@gmail.com,GET,/concerts/{id},7.946,200,ok,0,steady
1791233098.6822953,kiemthugialap080@gmail.com,GET,/concerts/{id},7.775,200,ok,0,steady
1791233098.6840043,kiemthugialap010@gmail.com,GET,/orders/me,12.035,200,ok,0,steady
1791233098.6845765,kiemthugialap057@gmail.com,GET,/orders/me,9.724,200,ok,0,steady
1791233098.6950102,kiemthugialap022@gmail.com,GET,/orders/me,5.678,200,ok,0,steady
1791233098.6977372,kiemthugialap088@gmail.com,GET,/concerts?on_sale=true,2.544,200,ok,0,steady
1791233098.7446897,kiemthugialap026@gmail.com,GET,/orders/me,21.524,200,ok,0,steady
1791233098.7450466,kiemthugialap089@gmail.com,GET,/orders/me,20.56,200,ok,0,steady
1791233098.746183,kiemthugialap085@gmail.com,GET,/orders/me,5.613,200,ok,0,steady
1791233098.761841,kiemthugialap003@gmail.com,GET,/concerts/{id},5.034,200,ok,0,steady
1791233098.7802262,kiemthugialap037@gmail.com,GET,/orders/me,7.389,200,ok,0,steady
1791233098.8314147,kiemthugialap013@gmail.com,GET,/orders/me,8.064,200,ok,0,steady
1791233098.8319035,kiemthugialap021@gmail.com,GET,/orders/me,8.236,200,ok,0,steady
1791233098.8322113,kiemthugialap001@gmail.com,GET,/orders/me,10.131,200,ok,0,steady
1791233098.8617501,kiemthugialap098@gmail.com,GET,/orders/me,5.204,200,ok,0,steady
1791233098.913839,kiemthugialap050@gmail.com,GET,/concerts/{id}/ticket-types,6.966,200,ok,0,steady
1791233098.9143114,kiemthugialap041@gmail.com,GET,/orders/me,6.446,200,ok,0,steady
1791233098.9529872,kiemthugialap100@gmail.com,GET,/orders/me,10.614,200,ok,0,steady
1791233098.954092,kiemthugialap062@gmail.com,GET,/orders/me,13.955,200,ok,0,steady
1791233098.9545643,kiemthugialap018@gmail.com,GET,/orders/me,10.235,200,ok,0,steady
1791233098.9552586,kiemthugialap056@gmail.com,GET,/orders/me,11.641,200,ok,0,steady
1791233098.9766266,kiemthugialap065@gmail.com,GET,/concerts,4.373,200,ok,0,steady
1791233099.0277731,kiemthugialap029@gmail.com,GET,/orders/me,5.364,200,ok,0,steady
1791233099.0638912,kiemthugialap091@gmail.com,GET,/orders/me,6.054,200,ok,0,steady
1791233099.064334,kiemthugialap020@gmail.com,GET,/orders/me,7.345,200,ok,0,steady
1791233099.067275,kiemthugialap051@gmail.com,GET,/concerts?on_sale=true,2.803,200,ok,0,steady
1791233099.0950353,kiemthugialap081@gmail.com,GET,/concerts/{id},4.863,200,ok,0,steady
1791233099.096137,kiemthugialap016@gmail.com,GET,/orders/me,7.189,200,ok,0,steady
1791233099.0975575,kiemthugialap011@gmail.com,GET,/concerts/{id},2.375,200,ok,0,steady
1791233099.1105664,kiemthugialap038@gmail.com,GET,/concerts,4.385,200,ok,0,steady
1791233099.1458848,kiemthugialap073@gmail.com,GET,/orders/me,5.936,200,ok,0,steady
1791233099.1631162,kiemthugialap031@gmail.com,GET,/orders/me,6.051,200,ok,0,steady
1791233099.1660168,kiemthugialap078@gmail.com,GET,/concerts?on_sale=true,2.729,200,ok,0,steady
1791233099.2101243,kiemthugialap074@gmail.com,GET,/orders/me,18.997,200,ok,0,steady
1791233099.2113717,kiemthugialap082@gmail.com,GET,/orders/me,21.261,200,ok,0,steady
1791233099.2142506,kiemthugialap083@gmail.com,GET,/orders/me,3.92,200,ok,0,steady
1791233099.2252688,kiemthugialap009@gmail.com,GET,/concerts,4.574,200,ok,0,steady
1791233099.2281234,kiemthugialap094@gmail.com,GET,/orders/me,6.205,200,ok,0,steady
1791233099.2651212,kiemthugialap048@gmail.com,GET,/concerts,7.132,200,ok,0,steady
1791233099.2676847,kiemthugialap058@gmail.com,GET,/orders/me,11.033,200,ok,0,steady
1791233099.268051,kiemthugialap015@gmail.com,GET,/orders/me,9.776,200,ok,0,steady
1791233099.2689643,kiemthugialap070@gmail.com,GET,/orders/me,9.508,200,ok,0,steady
1791233099.2694037,kiemthugialap080@gmail.com,GET,/concerts/{id},4.071,200,ok,0,steady
1791233099.2724407,kiemthugialap042@gmail.com,GET,/orders/me,2.923,200,ok,0,steady
1791233099.2961502,kiemthugialap040@gmail.com,GET,/orders/me,7.082,200,ok,0,steady
1791233099.298332,kiemthugialap028@gmail.com,GET,/orders/me,7.861,200,ok,0,steady
1791233099.3030272,kiemthugialap075@gmail.com,GET,/concerts/{id},6.288,200,ok,0,steady
1791233099.3037124,kiemthugialap023@gmail.com,GET,/concerts,5.257,200,ok,0,steady
1791233099.304048,kiemthugialap026@gmail.com,GET,/orders/me,7.709,200,ok,0,steady
1791233099.3051252,kiemthugialap027@gmail.com,GET,/orders/me,8.105,200,ok,0,steady
1791233099.3467717,kiemthugialap008@gmail.com,GET,/orders/me,6.12,200,ok,0,steady
1791233099.385739,kiemthugialap053@gmail.com,GET,/orders/me,8.388,200,ok,0,steady
1791233099.3867004,kiemthugialap034@gmail.com,GET,/orders/me,13.108,200,ok,0,steady
1791233099.391117,kiemthugialap092@gmail.com,GET,/orders/me,13.214,200,ok,0,steady
1791233099.4122248,kiemthugialap059@gmail.com,GET,/concerts,6.101,200,ok,0,steady
1791233099.4141004,kiemthugialap022@gmail.com,GET,/orders/me,7.026,200,ok,0,steady
1791233099.4171097,kiemthugialap039@gmail.com,GET,/concerts?on_sale=true,4.718,200,ok,0,steady
1791233099.4188302,kiemthugialap019@gmail.com,GET,/orders/me,5.63,200,ok,0,steady
1791233099.420885,kiemthugialap063@gmail.com,GET,/orders/me,3.61,200,ok,0,steady
1791233099.4442973,kiemthugialap079@gmail.com,GET,/orders/me,5.132,200,ok,0,steady
1791233099.461569,kiemthugialap076@gmail.com,GET,/concerts/{id},4.625,200,ok,0,steady
1791233099.4625268,kiemthugialap077@gmail.com,GET,/orders/me,7.006,200,ok,0,steady
1791233099.496341,kiemthugialap004@gmail.com,GET,/orders/me,5.796,200,ok,0,steady
1791233099.4988544,kiemthugialap005@gmail.com,GET,/concerts,2.356,200,ok,0,steady
1791233099.5103648,kiemthugialap046@gmail.com,GET,/orders/me,4.534,200,ok,0,steady
1791233099.5139937,kiemthugialap002@gmail.com,GET,/orders/me,3.437,200,ok,0,steady
1791233099.5285392,kiemthugialap099@gmail.com,GET,/orders/me,4.678,200,ok,0,steady
1791233099.5471094,kiemthugialap060@gmail.com,GET,/orders/me,5.963,200,ok,0,steady
1791233099.5475736,kiemthugialap044@gmail.com,GET,/orders/me,7.625,200,ok,0,steady
1791233099.578358,kiemthugialap090@gmail.com,GET,/orders/me,5.475,200,ok,0,steady
1791233099.6119835,kiemthugialap064@gmail.com,GET,/orders/me,5.64,200,ok,0,steady
1791233099.613166,kiemthugialap061@gmail.com,GET,/orders/me,8.14,200,ok,0,steady
1791233099.6295488,kiemthugialap035@gmail.com,GET,/orders/me,6.993,200,ok,0,steady
1791233099.6314588,kiemthugialap095@gmail.com,GET,/orders/me,9.825,200,ok,0,steady
1791233099.6332972,kiemthugialap069@gmail.com,GET,/concerts/{id},3.495,200,ok,0,steady
1791233099.6448193,kiemthugialap012@gmail.com,GET,/orders/me,6.111,200,ok,0,steady
1791233099.6636164,kiemthugialap006@gmail.com,GET,/orders/me,8.315,200,ok,0,steady
1791233099.6643212,kiemthugialap093@gmail.com,GET,/orders/me,9.641,200,ok,0,steady
1791233099.7207205,kiemthugialap086@gmail.com,GET,/orders/me,14.161,200,ok,0,steady
1791233099.7218463,kiemthugialap043@gmail.com,GET,/orders/me,16.398,200,ok,0,steady
1791233099.7223904,kiemthugialap011@gmail.com,GET,/orders/me,14.905,200,ok,0,steady
1791233099.7227314,kiemthugialap071@gmail.com,GET,/orders/me,14.947,200,ok,0,steady
1791233099.7231638,kiemthugialap072@gmail.com,GET,/orders/me,15.977,200,ok,0,steady
1791233099.723854,kiemthugialap066@gmail.com,GET,/orders/me,16.981,200,ok,0,steady
1791233099.745132,kiemthugialap081@gmail.com,GET,/concerts,4.78,200,ok,0,steady
1791233099.746489,kiemthugialap024@gmail.com,GET,/orders/me,7.928,200,ok,0,steady
1791233099.7479506,kiemthugialap036@gmail.com,GET,/concerts/{id},2.584,200,ok,0,steady
1791233099.7942965,kiemthugialap097@gmail.com,GET,/orders/me,4.639,200,ok,0,steady
1791233099.811704,kiemthugialap067@gmail.com,GET,/orders/me,6.894,200,ok,0,steady
1791233099.81863,kiemthugialap091@gmail.com,GET,/orders/me,5.713,200,ok,0,steady
1791233099.8190396,kiemthugialap075@gmail.com,GET,/orders/me,7.113,200,ok,0,steady
1791233099.8462758,kiemthugialap068@gmail.com,GET,/orders/me,7.244,200,ok,0,steady
1791233099.847507,kiemthugialap030@gmail.com,GET,/orders/me,7.349,200,ok,0,steady
1791233099.8490012,kiemthugialap025@gmail.com,GET,/concerts/{id},2.523,200,ok,0,steady
1791233099.8933146,kiemthugialap049@gmail.com,GET,/concerts?on_sale=true,4.045,200,ok,0,steady
1791233099.9308472,kiemthugialap009@gmail.com,GET,/concerts?on_sale=true,7.308,200,ok,0,steady
1791233099.9317477,kiemthugialap056@gmail.com,GET,/concerts/{id},6.911,200,ok,0,steady
1791233099.9328444,kiemthugialap052@gmail.com,GET,/orders/me,8.356,200,ok,0,steady
1791233099.96148,kiemthugialap003@gmail.com,GET,/concerts,5.282,200,ok,0,steady
1791233099.9824436,kiemthugialap062@gmail.com,GET,/orders/me,7.964,200,ok,0,steady
1791233099.9855518,kiemthugialap055@gmail.com,GET,/orders/me,12.213,200,ok,0,steady
1791233099.9879296,kiemthugialap034@gmail.com,GET,/concerts,5.179,200,ok,0,steady
1791233100.025617,kiemthugialap092@gmail.com,GET,/concerts?on_sale=true,18.241,200,ok,0,steady
1791233100.0263722,kiemthugialap080@gmail.com,GET,/concerts,19.334,200,ok,0,steady
1791233100.0283954,kiemthugialap045@gmail.com,GET,/orders/me,22.492,200,ok,0,steady
1791233100.048169,kiemthugialap033@gmail.com,GET,/concerts/{id},6.764,200,ok,0,steady
1791233100.0491796,kiemthugialap084@gmail.com,GET,/orders/me,8.934,200,ok,0,steady
1791233100.0771775,kiemthugialap088@gmail.com,GET,/concerts?on_sale=true,4.338,200,ok,0,steady
1791233100.0977263,kiemthugialap059@gmail.com,GET,/orders/me,8.128,200,ok,0,steady
1791233100.1009264,kiemthugialap053@gmail.com,GET,/orders/me,9.843,200,ok,0,steady
1791233100.1068301,kiemthugialap074@gmail.com,GET,/orders/me,8.851,200,ok,0,steady
1791233100.1074135,kiemthugialap041@gmail.com,GET,/orders/me,7.543,200,ok,0,steady
1791233100.1296911,kiemthugialap020@gmail.com,GET,/orders/me,6.508,200,ok,0,steady
1791233100.1309283,kiemthugialap018@gmail.com,GET,/orders/me,8.802,200,ok,0,steady
1791233100.133049,kiemthugialap070@gmail.com,GET,/orders/me,3.156,200,ok,0,steady
1791233100.1614807,kiemthugialap014@gmail.com,GET,/orders/me,5.825,200,ok,0,steady
1791233100.195428,kiemthugialap077@gmail.com,GET,/orders/me,5.773,200,ok,0,steady
1791233100.1988084,kiemthugialap008@gmail.com,GET,/orders/me,3.228,200,ok,0,steady
1791233100.2280052,kiemthugialap064@gmail.com,GET,/concerts,4.664,200,ok,0,steady
1791233100.2440343,kiemthugialap100@gmail.com,GET,/concerts?on_sale=true,4.128,200,ok,0,steady
1791233100.247773,kiemthugialap057@gmail.com,GET,/concerts?on_sale=true,3.559,200,ok,0,steady
1791233100.2784536,kiemthugialap066@gmail.com,GET,/orders/me,4.968,200,ok,0,steady
1791233100.2835028,kiemthugialap069@gmail.com,GET,/orders/me,4.896,200,ok,0,steady
1791233100.2852848,kiemthugialap051@gmail.com,GET,/orders/me,6.002,200,ok,0,steady
1791233100.2900696,kiemthugialap017@gmail.com,GET,/orders/me,6.118,200,ok,0,steady
1791233100.2905397,kiemthugialap060@gmail.com,GET,/orders/me,6.911,200,ok,0,steady
1791233100.2912533,kiemthugialap047@gmail.com,GET,/orders/me,7.046,200,ok,0,steady
1791233100.3117423,kiemthugialap095@gmail.com,GET,/concerts?on_sale=true,5.507,200,ok,0,steady
1791233100.347338,kiemthugialap027@gmail.com,GET,/concerts?on_sale=true,5.364,200,ok,0,steady
1791233100.3494108,kiemthugialap087@gmail.com,GET,/orders/me,7.716,200,ok,0,steady
1791233100.3497643,kiemthugialap089@gmail.com,GET,/orders/me,9.35,200,ok,0,steady
1791233100.3511,kiemthugialap021@gmail.com,GET,/concerts,3.577,200,ok,0,steady
1791233100.3972788,kiemthugialap046@gmail.com,GET,/concerts,5.317,200,ok,0,steady
1791233100.3986607,kiemthugialap040@gmail.com,GET,/orders/me,8.475,200,ok,0,steady
1791233100.3990035,kiemthugialap099@gmail.com,GET,/orders/me,6.769,200,ok,0,steady
1791233100.4110901,kiemthugialap007@gmail.com,GET,/concerts,4.403,200,ok,0,steady
1791233100.4282246,kiemthugialap026@gmail.com,GET,/orders/me,4.655,200,ok,0,steady
1791233100.513158,kiemthugialap096@gmail.com,GET,/concerts,4.746,200,ok,0,steady
1791233100.5144339,kiemthugialap013@gmail.com,GET,/orders/me,7.21,200,ok,0,steady
1791233100.527048,kiemthugialap037@gmail.com,GET,/concerts?on_sale=true,3.815,200,ok,0,steady
1791233100.5620866,kiemthugialap010@gmail.com,GET,/orders/me,5.008,200,ok,0,steady
1791233100.5784514,kiemthugialap028@gmail.com,GET,/orders/me,5.012,200,ok,0,steady
1791233100.5988042,kiemthugialap011@gmail.com,GET,/concerts,7.741,200,ok,0,steady
1791233100.6024222,kiemthugialap065@gmail.com,GET,/orders/me,10.114,200,ok,0,steady
1791233100.6028266,kiemthugialap002@gmail.com,GET,/orders/me,12.157,200,ok,0,steady
1791233100.603169,kiemthugialap054@gmail.com,GET,/orders/me,13.338,200,ok,0,steady
1791233100.6034465,kiemthugialap004@gmail.com,GET,/orders/me,11.438,200,ok,0,steady
1791233100.6051788,kiemthugialap032@gmail.com,GET,/orders/me,3.394,200,ok,0,steady
1791233100.6290698,kiemthugialap063@gmail.com,GET,/concerts?on_sale=true,4.677,200,ok,0,steady
1791233100.6301882,kiemthugialap075@gmail.com,GET,/orders/me,6.671,200,ok,0,steady
1791233100.6490836,kiemthugialap050@gmail.com,POST,/orders,8.495,201,ok,0,steady
1791233100.6536496,kiemthugialap058@gmail.com,GET,/orders/me,4.32,200,ok,0,steady
1791233100.657384,kiemthugialap085@gmail.com,GET,/orders/me,3.563,200,ok,0,steady
1791233100.7010345,kiemthugialap012@gmail.com,GET,/orders/me,9.978,200,ok,0,steady
1791233100.701436,kiemthugialap018@gmail.com,GET,/orders/me,10.078,200,ok,0,steady
1791233100.7018194,kiemthugialap001@gmail.com,GET,/orders/me,12.125,200,ok,0,steady
1791233100.7320096,kiemthugialap074@gmail.com,GET,/orders/me,9.656,200,ok,0,steady
1791233100.7623334,kiemthugialap016@gmail.com,GET,/orders/me,6.107,200,ok,0,steady
1791233100.8127656,kiemthugialap031@gmail.com,GET,/concerts?on_sale=true,6.777,200,ok,0,steady
1791233100.8150768,kiemthugialap098@gmail.com,GET,/orders/me,10.042,200,ok,0,steady
1791233100.8177695,kiemthugialap029@gmail.com,GET,/concerts,4.636,200,ok,0,steady
1791233100.8293679,kiemthugialap005@gmail.com,GET,/orders/me,5.972,200,ok,0,steady
1791233100.8335664,kiemthugialap072@gmail.com,GET,/orders/me,3.905,200,ok,0,steady
1791233100.867874,kiemthugialap052@gmail.com,GET,/orders/me,10.908,200,ok,0,steady
1791233100.8684483,kiemthugialap059@gmail.com,GET,/orders/me,12.908,200,ok,0,steady
1791233100.8687775,kiemthugialap015@gmail.com,GET,/orders/me,12.304,200,ok,0,steady
1791233100.8950543,kiemthugialap044@gmail.com,GET,/orders/me,5.43,200,ok,0,steady
1791233100.9123244,kiemthugialap092@gmail.com,GET,/concerts,6.802,200,ok,0,steady
1791233100.9138205,kiemthugialap071@gmail.com,GET,/orders/me,7.119,200,ok,0,steady
1791233100.9291604,kiemthugialap093@gmail.com,GET,/orders/me,6.378,200,ok,0,steady
1791233100.9339814,kiemthugialap020@gmail.com,GET,/orders/me,4.537,200,ok,0,steady
1791233100.9606717,kiemthugialap067@gmail.com,GET,/orders/me,4.963,200,ok,0,steady
1791233100.9647412,kiemthugialap070@gmail.com,GET,/orders/me,3.893,200,ok,0,steady
1791233100.9787323,kiemthugialap081@gmail.com,GET,/orders/me,6.667,200,ok,0,steady
1791233100.9828448,kiemthugialap030@gmail.com,GET,/orders/me,3.893,200,ok,0,steady
1791233100.9855046,kiemthugialap035@gmail.com,GET,/concerts,2.514,200,ok,0,steady
1791233101.0120819,kiemthugialap038@gmail.com,GET,/orders/me,5.595,200,ok,0,steady
1791233101.0273945,kiemthugialap048@gmail.com,GET,/concerts/{id},4.378,200,ok,0,steady
1791233101.0434642,kiemthugialap094@gmail.com,GET,/concerts/{id},3.733,200,ok,0,steady
1791233101.0800776,kiemthugialap078@gmail.com,GET,/concerts/{id},5.373,200,ok,0,steady
1791233101.0816758,kiemthugialap073@gmail.com,GET,/orders/me,9.137,200,ok,0,steady
1791233101.0820503,kiemthugialap013@gmail.com,GET,/orders/me,8.471,200,ok,0,steady
1791233101.1131165,kiemthugialap090@gmail.com,GET,/orders/me,6.563,200,ok,0,steady
1791233101.1313546,kiemthugialap042@gmail.com,GET,/concerts?on_sale=true,5.987,200,ok,0,steady
1791233101.132071,kiemthugialap080@gmail.com,GET,/orders/me,7.849,200,ok,0,steady
1791233101.1325092,kiemthugialap037@gmail.com,GET,/orders/me,9.121,200,ok,0,steady
1791233101.14659,kiemthugialap065@gmail.com,GET,/orders/me,6.315,200,ok,0,steady
1791233101.1512046,kiemthugialap039@gmail.com,GET,/orders/me,4.358,200,ok,0,steady
1791233101.1626875,kiemthugialap082@gmail.com,GET,/orders/me,6.473,200,ok,0,steady
1791233101.195634,kiemthugialap061@gmail.com,GET,/concerts,19.422,200,ok,0,steady
1791233101.1967561,kiemthugialap084@gmail.com,GET,/concerts,7.07,200,ok,0,steady
1791233101.1979003,kiemthugialap095@gmail.com,GET,/orders/me,23.825,200,ok,0,steady
1791233101.1982744,kiemthugialap023@gmail.com,GET,/orders/me,22.779,200,ok,0,steady
1791233101.1994941,kiemthugialap083@gmail.com,GET,/orders/me,26.574,200,ok,0,steady
1791233101.2008507,kiemthugialap063@gmail.com,GET,/concerts/{id},2.435,200,ok,0,steady
1791233101.2106118,kiemthugialap025@gmail.com,GET,/orders/me,6.254,200,ok,0,steady
1791233101.2295232,kiemthugialap034@gmail.com,GET,/orders/me,7.138,200,ok,0,steady
1791233101.2602293,kiemthugialap019@gmail.com,GET,/orders/me,5.178,200,ok,0,steady
1791233101.2950566,kiemthugialap076@gmail.com,GET,/concerts?on_sale=true,5.277,200,ok,0,steady
1791233101.2961745,kiemthugialap055@gmail.com,GET,/orders/me,5.133,200,ok,0,steady
1791233101.312795,kiemthugialap028@gmail.com,GET,/orders/me,7.486,200,ok,0,steady
1791233101.3287473,kiemthugialap079@gmail.com,GET,/orders/me,6.863,200,ok,0,steady
1791233101.343917,kiemthugialap006@gmail.com,GET,/orders/me,5.48,200,ok,0,steady
1791233101.3470995,kiemthugialap068@gmail.com,GET,/concerts?on_sale=true,2.962,200,ok,0,steady
1791233101.3795693,kiemthugialap022@gmail.com,GET,/orders/me,5.316,200,ok,0,steady
1791233101.37995,kiemthugialap017@gmail.com,GET,/orders/me,7.995,200,ok,0,steady
1791233101.3934813,kiemthugialap024@gmail.com,GET,/concerts?on_sale=true,3.912,200,ok,0,steady
1791233101.4315503,kiemthugialap031@gmail.com,GET,/concerts?on_sale=true,8.445,200,ok,0,steady
1791233101.4333813,kiemthugialap056@gmail.com,GET,/orders/me,8.853,200,ok,0,steady
1791233101.4340935,kiemthugialap014@gmail.com,GET,/orders/me,8.481,200,ok,0,steady
1791233101.4344227,kiemthugialap060@gmail.com,GET,/orders/me,10.214,200,ok,0,steady
1791233101.4613087,kiemthugialap071@gmail.com,GET,/orders/me,4.634,200,ok,0,steady
1791233101.4953477,kiemthugialap036@gmail.com,GET,/orders/me,5.44,200,ok,0,steady
1791233101.52077,kiemthugialap088@gmail.com,GET,/concerts,12.474,200,ok,0,steady
1791233101.5225353,kiemthugialap033@gmail.com,GET,/orders/me,14.67,200,ok,0,steady
1791233101.5229712,kiemthugialap041@gmail.com,GET,/orders/me,15.937,200,ok,0,steady
1791233101.5238292,kiemthugialap021@gmail.com,GET,/orders/me,13.758,200,ok,0,steady
1791233101.524366,kiemthugialap001@gmail.com,GET,/orders/me,15.797,200,ok,0,steady
1791233101.5247908,kiemthugialap049@gmail.com,GET,/orders/me,15.0,200,ok,0,steady
1791233101.54739,kiemthugialap053@gmail.com,GET,/orders/me,7.072,200,ok,0,steady
1791233101.5650325,kiemthugialap051@gmail.com,GET,/orders/me,7.906,200,ok,0,steady
1791233101.5670319,kiemthugialap072@gmail.com,GET,/orders/me,8.648,200,ok,0,steady
1791233101.5694063,kiemthugialap043@gmail.com,GET,/concerts?on_sale=true,4.067,200,ok,0,steady
1791233101.5715678,kiemthugialap032@gmail.com,GET,/orders/me,4.344,200,ok,0,steady
1791233101.5803473,kiemthugialap045@gmail.com,GET,/orders/me,7.554,200,ok,0,steady
1791233101.5843022,kiemthugialap010@gmail.com,GET,/concerts,3.67,200,ok,0,steady
1791233101.5876093,kiemthugialap012@gmail.com,GET,/concerts?on_sale=true,3.074,200,ok,0,steady
1791233101.6159334,kiemthugialap059@gmail.com,GET,/concerts,10.248,200,ok,0,steady
1791233101.6171894,kiemthugialap092@gmail.com,GET,/orders/me,8.928,200,ok,0,steady
1791233101.6313488,kiemthugialap077@gmail.com,GET,/orders/me,9.382,200,ok,0,steady
1791233101.631969,kiemthugialap094@gmail.com,GET,/orders/me,9.272,200,ok,0,steady
1791233101.6471426,kiemthugialap040@gmail.com,GET,/orders/me,7.836,200,ok,0,steady
1791233101.6625447,kiemthugialap100@gmail.com,DELETE,/orders/{id},7.333,200,ok,0,steady
1791233101.6763232,kiemthugialap099@gmail.com,GET,/concerts/{id},4.041,200,ok,0,steady
1791233101.676676,kiemthugialap086@gmail.com,GET,/concerts,4.938,200,ok,0,steady
1791233101.6797454,kiemthugialap038@gmail.com,GET,/orders/me,2.97,200,ok,0,steady
1791233101.6934144,kiemthugialap064@gmail.com,GET,/orders/me,4.15,200,ok,0,steady
1791233101.709666,kiemthugialap091@gmail.com,GET,/concerts,4.255,200,ok,0,steady
1791233101.7105994,kiemthugialap057@gmail.com,GET,/orders/me,5.973,200,ok,0,steady
1791233101.7256744,kiemthugialap089@gmail.com,GET,/concerts?on_sale=true,4.178,200,ok,0,steady
1791233101.7296667,kiemthugialap013@gmail.com,GET,/orders/me,3.818,200,ok,0,steady
1791233101.7434795,kiemthugialap097@gmail.com,GET,/orders/me,4.675,200,ok,0,steady
1791233101.7471128,kiemthugialap095@gmail.com,GET,/orders/me,3.466,200,ok,0,steady
1791233101.7601714,kiemthugialap008@gmail.com,GET,/orders/me,4.977,200,ok,0,steady
1791233101.794449,kiemthugialap069@gmail.com,GET,/concerts?on_sale=true,5.67,200,ok,0,steady
1791233101.7954268,kiemthugialap063@gmail.com,GET,/orders/me,5.696,200,ok,0,steady
1791233101.8131108,kiemthugialap035@gmail.com,GET,/orders/me,4.732,200,ok,0,steady
1791233101.8463068,kiemthugialap003@gmail.com,GET,/orders/me,5.478,200,ok,0,steady
1791233101.849952,kiemthugialap082@gmail.com,GET,/orders/me,11.652,200,ok,0,steady
1791233101.8673937,kiemthugialap070@gmail.com,GET,/concerts/{id},12.076,200,ok,0,steady
1791233101.8781822,kiemthugialap028@gmail.com,GET,/orders/me,10.616,200,ok,0,steady
1791233101.8821235,kiemthugialap076@gmail.com,GET,/orders/me,13.896,200,ok,0,steady
1791233101.8849623,kiemthugialap055@gmail.com,GET,/concerts/{id},2.7,200,ok,0,steady
1791233101.886526,kiemthugialap009@gmail.com,GET,/concerts,14.656,200,ok,0,steady
1791233101.8898365,kiemthugialap061@gmail.com,GET,/concerts,11.443,200,ok,0,steady
1791233101.8925996,kiemthugialap085@gmail.com,GET,/concerts/{id},24.654,200,ok,0,steady
1791233101.8969595,kiemthugialap074@gmail.com,GET,/orders/me,10.271,200,ok,0,steady
1791233101.91448,kiemthugialap011@gmail.com,GET,/orders/me,8.915,200,ok,0,steady
1791233101.9280934,kiemthugialap007@gmail.com,GET,/orders/me,5.906,200,ok,0,steady
1791233101.9460185,kiemthugialap029@gmail.com,GET,/concerts/{id},7.245,200,ok,0,steady
1791233101.9491408,kiemthugialap062@gmail.com,GET,/concerts?on_sale=true,9.249,200,ok,0,steady
1791233101.9500685,kiemthugialap014@gmail.com,GET,/orders/me,11.866,200,ok,0,steady
1791233101.9538865,kiemthugialap027@gmail.com,GET,/concerts,3.637,200,ok,0,steady
1791233101.9543438,kiemthugialap079@gmail.com,GET,/orders/me,8.067,200,ok,0,steady
1791233102.0616233,kiemthugialap088@gmail.com,GET,/orders/me,6.304,200,ok,0,steady
1791233102.0655413,kiemthugialap068@gmail.com,GET,/concerts,3.509,200,ok,0,steady
1791233102.0787067,kiemthugialap093@gmail.com,GET,/orders/me,6.614,200,ok,0,steady
1791233102.0853388,kiemthugialap048@gmail.com,GET,/orders/me,6.277,200,ok,0,steady
1791233102.1133308,kiemthugialap020@gmail.com,GET,/concerts,7.669,200,ok,0,steady
1791233102.1149974,kiemthugialap075@gmail.com,GET,/orders/me,8.481,200,ok,0,steady
1791233102.119345,kiemthugialap006@gmail.com,GET,/orders/me,5.7,200,ok,0,steady
1791233102.1202617,kiemthugialap058@gmail.com,GET,/orders/me,5.095,200,ok,0,steady
1791233102.1457353,kiemthugialap047@gmail.com,GET,/orders/me,6.874,200,ok,0,steady
1791233102.147132,kiemthugialap087@gmail.com,GET,/orders/me,7.736,200,ok,0,steady
1791233102.149743,kiemthugialap078@gmail.com,GET,/orders/me,3.751,200,ok,0,steady
1791233102.181309,kiemthugialap019@gmail.com,GET,/concerts?on_sale=true,8.103,200,ok,0,steady
1791233102.1829386,kiemthugialap034@gmail.com,GET,/orders/me,8.677,200,ok,0,steady
1791233102.1832983,kiemthugialap025@gmail.com,GET,/orders/me,11.202,200,ok,0,steady
1791233102.185743,kiemthugialap010@gmail.com,GET,/orders/me,4.16,200,ok,0,steady
1791233102.2109003,kiemthugialap073@gmail.com,GET,/orders/me,5.674,200,ok,0,steady
1791233102.2143807,kiemthugialap057@gmail.com,GET,/orders/me,3.297,200,ok,0,steady
1791233102.2262108,kiemthugialap026@gmail.com,GET,/orders/me,4.644,200,ok,0,steady
1791233102.2481215,kiemthugialap066@gmail.com,GET,/orders/me,8.074,200,ok,0,steady
1791233102.2484748,kiemthugialap004@gmail.com,GET,/orders/me,8.134,200,ok,0,steady
1791233102.2487357,kiemthugialap005@gmail.com,GET,/orders/me,9.762,200,ok,0,steady
1791233102.2781916,kiemthugialap002@gmail.com,GET,/orders/me,6.038,200,ok,0,steady
1791233102.2972744,kiemthugialap040@gmail.com,GET,/orders/me,4.513,200,ok,0,steady
1791233102.300702,kiemthugialap069@gmail.com,GET,/orders/me,3.281,200,ok,0,steady
1791233102.3303645,kiemthugialap017@gmail.com,GET,/orders/me,7.457,200,ok,0,steady
1791233102.3308337,kiemthugialap094@gmail.com,GET,/concerts/{id},8.766,200,ok,0,steady
1791233102.3312798,kiemthugialap096@gmail.com,GET,/orders/me,7.932,200,ok,0,steady
1791233102.3458548,kiemthugialap013@gmail.com,GET,/orders/me,5.834,200,ok,0,steady
1791233102.346924,kiemthugialap024@gmail.com,GET,/orders/me,8.624,200,ok,0,steady
1791233102.3487263,kiemthugialap016@gmail.com,GET,/concerts?on_sale=true,2.709,200,ok,0,steady
1791233102.3774962,kiemthugialap046@gmail.com,GET,/concerts,5.053,200,ok,0,steady
1791233102.378509,kiemthugialap003@gmail.com,GET,/orders/me,5.604,200,ok,0,steady
1791233102.3935852,kiemthugialap054@gmail.com,GET,/concerts/{id},4.323,200,ok,0,steady
1791233102.4261227,kiemthugialap067@gmail.com,GET,/concerts/{id},4.662,200,ok,0,steady
1791233102.4612687,kiemthugialap015@gmail.com,GET,/concerts,5.379,200,ok,0,steady
1791233102.4980798,kiemthugialap007@gmail.com,GET,/orders/me,7.84,200,ok,0,steady
1791233102.4986844,kiemthugialap076@gmail.com,GET,/orders/me,9.729,200,ok,0,steady
1791233102.4990885,kiemthugialap018@gmail.com,GET,/orders/me,9.24,200,ok,0,steady
1791233102.5324154,kiemthugialap095@gmail.com,GET,/orders/me,7.649,200,ok,0,steady
1791233102.5328815,kiemthugialap051@gmail.com,GET,/orders/me,10.046,200,ok,0,steady
1791233102.533265,kiemthugialap044@gmail.com,GET,/orders/me,9.724,200,ok,0,steady
1791233102.5605483,kiemthugialap081@gmail.com,GET,/concerts?on_sale=true,4.746,200,ok,0,steady
1791233102.561469,kiemthugialap011@gmail.com,GET,/orders/me,6.364,200,ok,0,steady
1791233102.6170373,kiemthugialap068@gmail.com,GET,/orders/me,9.031,200,ok,0,steady
1791233102.618554,kiemthugialap085@gmail.com,GET,/orders/me,12.298,200,ok,0,steady
1791233102.6190972,kiemthugialap050@gmail.com,GET,/orders/me,13.869,200,ok,0,steady
1791233102.6201715,kiemthugialap060@gmail.com,GET,/concerts,2.874,200,ok,0,steady
1791233102.6259413,kiemthugialap065@gmail.com,GET,/concerts?on_sale=true,4.239,200,ok,0,steady
1791233102.6311367,kiemthugialap023@gmail.com,GET,/orders/me,7.366,200,ok,0,steady
1791233102.6607428,kiemthugialap030@gmail.com,GET,/concerts?on_sale=true,4.639,200,ok,0,steady
1791233102.6772416,kiemthugialap008@gmail.com,GET,/orders/me,5.536,200,ok,0,steady
1791233102.680288,kiemthugialap077@gmail.com,GET,/concerts,2.776,200,ok,0,steady
1791233102.711293,kiemthugialap082@gmail.com,GET,/concerts/{id},6.421,200,ok,0,steady
1791233102.7116907,kiemthugialap098@gmail.com,GET,/concerts/{id},6.002,200,ok,0,steady
1791233102.713551,kiemthugialap064@gmail.com,GET,/orders/me,6.887,200,ok,0,steady
1791233102.7157989,kiemthugialap071@gmail.com,GET,/orders/me,3.997,200,ok,0,steady
1791233102.7256284,kiemthugialap080@gmail.com,GET,/concerts?on_sale=true,3.942,200,ok,0,steady
1791233102.7620564,kiemthugialap088@gmail.com,GET,/concerts?on_sale=true,6.427,200,ok,0,steady
1791233102.7670724,kiemthugialap037@gmail.com,GET,/orders/me,4.75,200,ok,0,steady
1791233102.7949495,kiemthugialap052@gmail.com,GET,/concerts?on_sale=true,5.813,200,ok,0,steady
1791233102.811963,kiemthugialap062@gmail.com,GET,/orders/me,5.604,200,ok,0,steady
1791233102.8261101,kiemthugialap059@gmail.com,GET,/concerts,4.771,200,ok,0,steady
1791233102.8310666,kiemthugialap089@gmail.com,GET,/orders/me,4.698,200,ok,0,steady
1791233102.8439243,kiemthugialap005@gmail.com,GET,/orders/me,5.557,200,ok,0,steady
1791233102.8485637,kiemthugialap043@gmail.com,GET,/orders/me,4.404,200,ok,0,steady
1791233102.8649638,kiemthugialap028@gmail.com,GET,/orders/me,8.145,200,ok,0,steady
1791233102.8656745,kiemthugialap073@gmail.com,GET,/orders/me,9.825,200,ok,0,steady
1791233102.8661397,kiemthugialap035@gmail.com,GET,/orders/me,10.898,200,ok,0,steady
1791233102.8934202,kiemthugialap061@gmail.com,GET,/orders/me,5.274,200,ok,0,steady
1791233102.9129672,kiemthugialap045@gmail.com,GET,/concerts/{id},7.397,200,ok,0,steady
1791233102.9135072,kiemthugialap034@gmail.com,GET,/concerts/{id},8.531,200,ok,0,steady
1791233102.9446883,kiemthugialap042@gmail.com,GET,/concerts?on_sale=true,4.709,200,ok,0,steady
1791233102.9461238,kiemthugialap090@gmail.com,GET,/orders/me,6.775,200,ok,0,steady
1791233102.9783967,kiemthugialap099@gmail.com,GET,/concerts?on_sale=true,6.046,200,ok,0,steady
1791233103.026543,kiemthugialap083@gmail.com,GET,/orders/me,4.74,200,ok,0,steady
1791233103.0648072,kiemthugialap039@gmail.com,GET,/orders/me,9.253,200,ok,0,steady
1791233103.0766087,kiemthugialap084@gmail.com,GET,/concerts?on_sale=true,10.511,200,ok,0,steady
1791233103.0788503,kiemthugialap074@gmail.com,GET,/orders/me,13.195,200,ok,0,steady
1791233103.0794437,kiemthugialap036@gmail.com,GET,/orders/me,14.424,200,ok,0,steady
1791233103.0950227,kiemthugialap041@gmail.com,GET,/orders/me,5.515,200,ok,0,steady
1791233103.0978537,kiemthugialap087@gmail.com,GET,/concerts,2.663,200,ok,0,steady
1791233103.1133287,kiemthugialap051@gmail.com,GET,/orders/me,7.202,200,ok,0,steady
1791233103.1579778,kiemthugialap019@gmail.com,GET,/concerts/{id},14.253,200,ok,0,steady
1791233103.1586683,kiemthugialap092@gmail.com,GET,/orders/me,18.466,200,ok,0,steady
1791233103.1612017,kiemthugialap049@gmail.com,GET,/orders/me,21.549,200,ok,0,steady
1791233103.161635,kiemthugialap025@gmail.com,GET,/orders/me,20.621,200,ok,0,steady
1791233103.1618118,kiemthugialap023@gmail.com,GET,/orders/me,21.217,200,ok,0,steady
1791233103.1625297,kiemthugialap026@gmail.com,GET,/orders/me,22.615,200,ok,0,steady
1791233103.16301,kiemthugialap016@gmail.com,GET,/orders/me,24.241,200,ok,0,steady
1791233103.166531,kiemthugialap086@gmail.com,GET,/concerts?on_sale=true,3.333,200,ok,0,steady
1791233103.1830928,kiemthugialap056@gmail.com,GET,/orders/me,10.024,200,ok,0,steady
1791233103.184514,kiemthugialap038@gmail.com,GET,/orders/me,10.51,200,ok,0,steady
1791233103.1877873,kiemthugialap070@gmail.com,GET,/orders/me,4.478,200,ok,0,steady
1791233103.212419,kiemthugialap079@gmail.com,GET,/orders/me,6.775,200,ok,0,steady
1791233103.2128112,kiemthugialap001@gmail.com,GET,/orders/me,8.171,200,ok,0,steady
1791233103.2285087,kiemthugialap054@gmail.com,GET,/orders/me,6.813,200,ok,0,steady
1791233103.2295327,kiemthugialap048@gmail.com,GET,/orders/me,6.684,200,ok,0,steady
1791233103.230934,kiemthugialap015@gmail.com,GET,/concerts/{id},2.265,200,ok,0,steady
1791233103.234268,kiemthugialap020@gmail.com,GET,/orders/me,3.213,200,ok,0,steady
1791233103.2367146,kiemthugialap055@gmail.com,GET,/concerts?on_sale=true,2.284,200,ok,0,steady
1791233103.2618048,kiemthugialap082@gmail.com,GET,/orders/me,6.347,200,ok,0,steady
1791233103.2628925,kiemthugialap021@gmail.com,GET,/orders/me,5.884,200,ok,0,steady
1791233103.277381,kiemthugialap022@gmail.com,GET,/concerts,5.634,200,ok,0,steady
1791233103.3141978,kiemthugialap075@gmail.com,GET,/orders/me,7.755,200,ok,0,steady
1791233103.3147173,kiemthugialap031@gmail.com,GET,/orders/me,6.647,200,ok,0,steady
1791233103.3277373,kiemthugialap062@gmail.com,GET,/concerts,4.807,200,ok,0,steady
1791233103.34559,kiemthugialap060@gmail.com,GET,/orders/me,5.852,200,ok,0,steady
1791233103.3625195,kiemthugialap012@gmail.com,GET,/orders/me,7.677,200,ok,0,steady
1791233103.3694546,kiemthugialap095@gmail.com,GET,/orders/me,6.665,200,ok,0,steady
1791233103.3699014,kiemthugialap047@gmail.com,GET,/orders/me,6.591,200,ok,0,steady
1791233103.3967748,kiemthugialap091@gmail.com,GET,/orders/me,6.972,200,ok,0,steady
1791233103.4027,kiemthugialap010@gmail.com,GET,/orders/me,5.679,200,ok,0,steady
1791233103.4126318,kiemthugialap072@gmail.com,GET,/concerts?on_sale=true,5.7,200,ok,0,steady
1791233103.4288003,kiemthugialap029@gmail.com,GET,/orders/me,7.038,200,ok,0,steady
1791233103.4434104,kiemthugialap094@gmail.com,GET,/orders/me,4.611,200,ok,0,steady
1791233103.4763854,kiemthugialap066@gmail.com,GET,/concerts/{id},4.071,200,ok,0,steady
1791233103.4796238,kiemthugialap017@gmail.com,GET,/orders/me,3.062,200,ok,0,steady
1791233103.4932508,kiemthugialap033@gmail.com,GET,/orders/me,5.035,200,ok,0,steady
1791233103.5098758,kiemthugialap057@gmail.com,GET,/concerts,4.717,200,ok,0,steady
1791233103.529657,kiemthugialap004@gmail.com,GET,/concerts/{id},7.627,200,ok,0,steady
1791233103.5313659,kiemthugialap100@gmail.com,GET,/orders/me,8.69,200,ok,0,steady
1791233103.5370464,kiemthugialap024@gmail.com,GET,/orders/me,7.12,200,ok,0,steady
1791233103.538982,kiemthugialap053@gmail.com,GET,/orders/me,7.441,200,ok,0,steady
1791233103.539659,kiemthugialap058@gmail.com,GET,/orders/me,7.754,200,ok,0,steady
1791233103.5652726,kiemthugialap032@gmail.com,GET,/orders/me,8.874,200,ok,0,steady
1791233103.5659049,kiemthugialap044@gmail.com,GET,/orders/me,8.473,200,ok,0,steady
1791233103.5663695,kiemthugialap046@gmail.com,GET,/orders/me,10.62,200,ok,0,steady
1791233103.5939875,kiemthugialap014@gmail.com,GET,/orders/me,6.569,200,ok,0,steady
1791233103.6095524,kiemthugialap093@gmail.com,GET,/concerts/{id},4.765,200,ok,0,steady
1791233103.6105864,kiemthugialap097@gmail.com,GET,/orders/me,5.116,200,ok,0,steady
1791233103.6450434,kiemthugialap027@gmail.com,GET,/orders/me,6.409,200,ok,0,steady
1791233103.6810257,kiemthugialap018@gmail.com,GET,/orders/me,8.952,200,ok,0,steady
1791233103.6974583,kiemthugialap034@gmail.com,GET,/concerts?on_sale=true,7.477,200,ok,0,steady
1791233103.6988246,kiemthugialap007@gmail.com,GET,/orders/me,9.853,200,ok,0,steady
1791233103.745993,kiemthugialap063@gmail.com,GET,/concerts/{id},7.336,200,ok,0,steady
1791233103.7469816,kiemthugialap009@gmail.com,GET,/orders/me,6.532,200,ok,0,steady
1791233103.7658322,kiemthugialap043@gmail.com,GET,/concerts?on_sale=true,11.147,200,ok,0,steady
1791233103.767255,kiemthugialap002@gmail.com,GET,/concerts?on_sale=true,9.781,200,ok,0,steady
1791233103.768734,kiemthugialap096@gmail.com,GET,/orders/me,13.589,200,ok,0,steady
1791233103.7690814,kiemthugialap048@gmail.com,GET,/orders/me,11.986,200,ok,0,steady
1791233103.7693803,kiemthugialap023@gmail.com,GET,/orders/me,12.641,200,ok,0,steady
1791233103.7714417,kiemthugialap084@gmail.com,GET,/orders/me,5.442,200,ok,0,steady
1791233103.811126,kiemthugialap086@gmail.com,GET,/concerts?on_sale=true,4.92,200,ok,0,steady
1791233103.812061,kiemthugialap003@gmail.com,GET,/orders/me,6.628,200,ok,0,steady
1791233103.8457074,kiemthugialap056@gmail.com,GET,/orders/me,5.798,200,ok,0,steady
1791233103.8460627,kiemthugialap040@gmail.com,GET,/orders/me,7.299,200,ok,0,steady
1791233103.8775454,kiemthugialap090@gmail.com,GET,/orders/me,5.514,200,ok,0,steady
1791233103.89603,kiemthugialap028@gmail.com,GET,/orders/me,6.488,200,ok,0,steady
1791233103.9032423,kiemthugialap078@gmail.com,GET,/concerts/{id},6.407,200,ok,0,steady
1791233103.9053428,kiemthugialap089@gmail.com,GET,/orders/me,8.109,200,ok,0,steady
1791233103.905829,kiemthugialap079@gmail.com,GET,/orders/me,9.556,200,ok,0,steady
1791233103.9783535,kiemthugialap047@gmail.com,GET,/concerts,5.995,200,ok,0,steady
1791233103.997218,kiemthugialap069@gmail.com,GET,/orders/me,8.013,200,ok,0,steady
1791233103.997787,kiemthugialap022@gmail.com,GET,/orders/me,7.271,200,ok,0,steady
1791233104.0262806,kiemthugialap080@gmail.com,GET,/concerts,4.488,200,ok,0,steady
1791233104.0674915,kiemthugialap061@gmail.com,GET,/orders/me,9.525,200,ok,0,steady
1791233104.0681374,kiemthugialap005@gmail.com,GET,/orders/me,9.831,200,ok,0,steady
1791233104.0686452,kiemthugialap042@gmail.com,GET,/orders/me,11.691,200,ok,0,steady
1791233104.0947134,kiemthugialap067@gmail.com,GET,/concerts?on_sale=true,4.859,200,ok,0,steady
1791233104.0955806,kiemthugialap064@gmail.com,GET,/concerts/{id},4.365,200,ok,0,steady
1791233104.0968575,kiemthugialap026@gmail.com,GET,/concerts,1.979,200,ok,0,steady
1791233104.0998902,kiemthugialap088@gmail.com,GET,/orders/me,2.914,200,ok,0,steady
1791233104.126316,kiemthugialap006@gmail.com,GET,/concerts/{id},20.199,200,ok,0,steady
1791233104.1331246,kiemthugialap100@gmail.com,POST,/orders,25.644,201,ok,0,steady
1791233104.1444483,kiemthugialap019@gmail.com,GET,/concerts?on_sale=true,5.752,200,ok,0,steady
1791233104.179371,kiemthugialap092@gmail.com,GET,/concerts/{id},5.693,200,ok,0,steady
1791233104.1840045,kiemthugialap081@gmail.com,GET,/concerts/{id},4.422,200,ok,0,steady
1791233104.1872773,kiemthugialap074@gmail.com,GET,/orders/me,6.9,200,ok,0,steady
1791233104.1876547,kiemthugialap076@gmail.com,GET,/orders/me,6.959,200,ok,0,steady
1791233104.2124276,kiemthugialap038@gmail.com,GET,/concerts?on_sale=true,4.935,200,ok,0,steady
1791233104.213493,kiemthugialap062@gmail.com,GET,/orders/me,7.087,200,ok,0,steady
1791233104.2513998,kiemthugialap013@gmail.com,GET,/concerts/{id},10.207,200,ok,0,steady
1791233104.2535603,kiemthugialap060@gmail.com,GET,/orders/me,10.75,200,ok,0,steady
1791233104.2539036,kiemthugialap053@gmail.com,GET,/orders/me,13.908,200,ok,0,steady
1791233104.2542334,kiemthugialap033@gmail.com,GET,/orders/me,10.351,200,ok,0,steady
1791233104.277878,kiemthugialap050@gmail.com,GET,/concerts,4.877,200,ok,0,steady
1791233104.283512,kiemthugialap025@gmail.com,GET,/concerts/{id},4.377,200,ok,0,steady
1791233104.2845883,kiemthugialap059@gmail.com,GET,/orders/me,6.481,200,ok,0,steady
1791233104.3143814,kiemthugialap030@gmail.com,GET,/orders/me,8.428,200,ok,0,steady
1791233104.3149376,kiemthugialap029@gmail.com,GET,/orders/me,8.745,200,ok,0,steady
1791233104.315277,kiemthugialap065@gmail.com,GET,/orders/me,9.977,200,ok,0,steady
1791233104.3980336,kiemthugialap085@gmail.com,GET,/orders/me,8.52,200,ok,0,steady
1791233104.4070995,kiemthugialap075@gmail.com,GET,/orders/me,7.282,200,ok,0,steady
1791233104.4082716,kiemthugialap073@gmail.com,GET,/orders/me,9.463,200,ok,0,steady
1791233104.4086149,kiemthugialap011@gmail.com,GET,/orders/me,10.344,200,ok,0,steady
1791233104.4110034,kiemthugialap058@gmail.com,GET,/orders/me,3.672,200,ok,0,steady
1791233104.4289792,kiemthugialap079@gmail.com,GET,/concerts/{id},6.54,200,ok,0,steady
1791233104.4295318,kiemthugialap077@gmail.com,GET,/concerts/{id},5.677,200,ok,0,steady
1791233104.445894,kiemthugialap098@gmail.com,GET,/concerts?on_sale=true,4.681,200,ok,0,steady
1791233104.4472492,kiemthugialap099@gmail.com,GET,/orders/me,7.941,200,ok,0,steady
1791233104.4765294,kiemthugialap046@gmail.com,GET,/concerts,5.034,200,ok,0,steady
1791233104.4814024,kiemthugialap054@gmail.com,GET,/orders/me,4.688,200,ok,0,steady
1791233104.4824219,kiemthugialap082@gmail.com,GET,/concerts,5.119,200,ok,0,steady
1791233104.4864402,kiemthugialap001@gmail.com,GET,/orders/me,4.866,200,ok,0,steady
1791233104.4875686,kiemthugialap032@gmail.com,GET,/orders/me,5.016,200,ok,0,steady
1791233104.5156653,kiemthugialap015@gmail.com,GET,/concerts/{id},9.371,200,ok,0,steady
1791233104.516811,kiemthugialap036@gmail.com,GET,/orders/me,9.626,200,ok,0,steady
1791233104.5194438,kiemthugialap045@gmail.com,GET,/orders/me,3.587,200,ok,0,steady
1791233104.5473623,kiemthugialap035@gmail.com,GET,/orders/me,7.609,200,ok,0,steady
1791233104.5479002,kiemthugialap070@gmail.com,GET,/orders/me,7.263,200,ok,0,steady
1791233104.5801795,kiemthugialap072@gmail.com,GET,/orders/me,7.01,200,ok,0,steady
1791233104.580561,kiemthugialap068@gmail.com,GET,/orders/me,6.312,200,ok,0,steady
1791233104.599353,kiemthugialap084@gmail.com,GET,/orders/me,9.137,200,ok,0,steady
1791233104.5998504,kiemthugialap031@gmail.com,GET,/orders/me,8.705,200,ok,0,steady
1791233104.6136255,kiemthugialap020@gmail.com,GET,/orders/me,6.63,200,ok,0,steady
1791233104.6295779,kiemthugialap071@gmail.com,GET,/concerts?on_sale=true,6.662,200,ok,0,steady
1791233104.6309302,kiemthugialap088@gmail.com,GET,/orders/me,6.776,200,ok,0,steady
1791233104.6316073,kiemthugialap010@gmail.com,GET,/orders/me,7.768,200,ok,0,steady
1791233104.6353076,kiemthugialap041@gmail.com,GET,/concerts?on_sale=true,3.203,200,ok,0,steady
1791233104.6362374,kiemthugialap008@gmail.com,GET,/orders/me,4.513,200,ok,0,steady
1791233104.6618748,kiemthugialap044@gmail.com,GET,/orders/me,5.735,200,ok,0,steady
1791233104.6960468,kiemthugialap004@gmail.com,GET,/concerts,4.739,200,ok,0,steady
1791233104.6971242,kiemthugialap042@gmail.com,GET,/orders/me,6.908,200,ok,0,steady
1791233104.7296016,kiemthugialap012@gmail.com,GET,/orders/me,6.782,200,ok,0,steady
1791233104.7305644,kiemthugialap051@gmail.com,GET,/orders/me,6.552,200,ok,0,steady
1791233104.7324798,kiemthugialap052@gmail.com,GET,/orders/me,2.727,200,ok,0,steady
1791233104.7623758,kiemthugialap066@gmail.com,GET,/concerts/{id},5.638,200,ok,0,steady
1791233104.7636452,kiemthugialap086@gmail.com,GET,/orders/me,5.604,200,ok,0,steady
1791233104.7662325,kiemthugialap037@gmail.com,GET,/orders/me,3.664,200,ok,0,steady
1791233104.7780313,kiemthugialap060@gmail.com,GET,/concerts/{id},5.223,200,ok,0,steady
1791233104.778437,kiemthugialap034@gmail.com,GET,/concerts/{id},4.808,200,ok,0,steady
1791233104.7970626,kiemthugialap021@gmail.com,GET,/concerts/{id},6.712,200,ok,0,steady
1791233104.7987008,kiemthugialap093@gmail.com,GET,/orders/me,9.311,200,ok,0,steady
1791233104.8012261,kiemthugialap080@gmail.com,GET,/concerts?on_sale=true,3.559,200,ok,0,steady
1791233104.8021712,kiemthugialap005@gmail.com,GET,/orders/me,4.92,200,ok,0,steady
1791233104.8098965,kiemthugialap057@gmail.com,GET,/concerts?on_sale=true,4.337,200,ok,0,steady
1791233104.8286753,kiemthugialap018@gmail.com,GET,/orders/me,5.63,200,ok,0,steady
1791233104.8476422,kiemthugialap002@gmail.com,GET,/orders/me,8.39,200,ok,0,steady
1791233104.8480659,kiemthugialap049@gmail.com,GET,/orders/me,7.107,200,ok,0,steady
1791233104.8487058,kiemthugialap091@gmail.com,GET,/orders/me,7.141,200,ok,0,steady
1791233104.8812106,kiemthugialap016@gmail.com,GET,/concerts/{id},7.167,200,ok,0,steady
1791233104.8825402,kiemthugialap028@gmail.com,GET,/concerts,8.148,200,ok,0,steady
1791233104.8832374,kiemthugialap056@gmail.com,GET,/orders/me,10.163,200,ok,0,steady
1791233104.8853102,kiemthugialap065@gmail.com,GET,/orders/me,3.887,200,ok,0,steady
1791233104.9303565,kiemthugialap064@gmail.com,GET,/orders/me,6.246,200,ok,0,steady
1791233104.9307826,kiemthugialap006@gmail.com,GET,/orders/me,5.315,200,ok,0,steady
1791233104.9481263,kiemthugialap048@gmail.com,GET,/concerts,7.689,200,ok,0,steady
1791233104.9494476,kiemthugialap055@gmail.com,GET,/orders/me,10.066,200,ok,0,steady
1791233104.9499679,kiemthugialap073@gmail.com,GET,/orders/me,9.237,200,ok,0,steady
1791233104.9632325,kiemthugialap039@gmail.com,GET,/concerts/{id},7.137,200,ok,0,steady
1791233104.964378,kiemthugialap038@gmail.com,GET,/orders/me,7.534,200,ok,0,steady
1791233104.965951,kiemthugialap030@gmail.com,GET,/concerts/{id},2.538,200,ok,0,steady
1791233104.9788995,kiemthugialap099@gmail.com,GET,/orders/me,4.958,200,ok,0,steady
1791233104.982293,kiemthugialap083@gmail.com,GET,/orders/me,3.185,200,ok,0,steady
1791233105.0113227,kiemthugialap087@gmail.com,GET,/concerts?on_sale=true,4.21,200,ok,0,steady
1791233105.0611517,kiemthugialap094@gmail.com,GET,/orders/me,5.48,200,ok,0,steady
1791233105.0768929,kiemthugialap009@gmail.com,GET,/orders/me,4.634,200,ok,0,steady
1791233105.1287303,kiemthugialap095@gmail.com,GET,/concerts/{id},4.273,200,ok,0,steady
1791233105.1297474,kiemthugialap045@gmail.com,GET,/orders/me,6.441,200,ok,0,steady
1791233105.1439278,kiemthugialap033@gmail.com,GET,/concerts?on_sale=true,4.23,200,ok,0,steady
1791233105.1471856,kiemthugialap024@gmail.com,GET,/orders/me,3.118,200,ok,0,steady
1791233105.1942062,kiemthugialap003@gmail.com,GET,/orders/me,21.381,200,ok,0,steady
1791233105.1949944,kiemthugialap008@gmail.com,GET,/orders/me,21.061,200,ok,0,steady
1791233105.2462482,kiemthugialap061@gmail.com,GET,/orders/me,5.95,200,ok,0,steady
1791233105.2777689,kiemthugialap040@gmail.com,GET,/concerts/{id},4.631,200,ok,0,steady
1791233105.2810757,kiemthugialap097@gmail.com,GET,/orders/me,3.166,200,ok,0,steady
1791233105.2831204,kiemthugialap096@gmail.com,GET,/concerts/{id},1.931,200,ok,0,steady
1791233105.2943268,kiemthugialap017@gmail.com,GET,/concerts,4.041,200,ok,0,steady
1791233105.2969785,kiemthugialap086@gmail.com,GET,/concerts,2.476,200,ok,0,steady
1791233105.32764,kiemthugialap027@gmail.com,GET,/orders/me,5.258,200,ok,0,steady
1791233105.3468173,kiemthugialap012@gmail.com,GET,/orders/me,7.163,200,ok,0,steady
1791233105.3478768,kiemthugialap014@gmail.com,GET,/orders/me,6.916,200,ok,0,steady
1791233105.3491662,kiemthugialap093@gmail.com,GET,/concerts,2.157,200,ok,0,steady
1791233105.352093,kiemthugialap084@gmail.com,GET,/orders/me,2.789,200,ok,0,steady
1791233105.3964746,kiemthugialap007@gmail.com,GET,/orders/me,5.967,200,ok,0,steady
1791233105.4299738,kiemthugialap077@gmail.com,GET,/orders/me,7.148,200,ok,0,steady
1791233105.4777887,kiemthugialap043@gmail.com,GET,/orders/me,5.574,200,ok,0,steady
1791233105.5177205,kiemthugialap023@gmail.com,GET,/orders/me,10.983,200,ok,0,steady
1791233105.5193243,kiemthugialap047@gmail.com,GET,/orders/me,13.902,200,ok,0,steady
1791233105.519772,kiemthugialap050@gmail.com,GET,/orders/me,11.827,200,ok,0,steady
1791233105.5201979,kiemthugialap048@gmail.com,GET,/orders/me,13.844,200,ok,0,steady
1791233105.5218036,kiemthugialap078@gmail.com,GET,/orders/me,3.855,200,ok,0,steady
1791233105.552703,kiemthugialap062@gmail.com,GET,/orders/me,11.353,200,ok,0,steady
1791233105.5540874,kiemthugialap046@gmail.com,GET,/orders/me,14.223,200,ok,0,steady
1791233105.5551674,kiemthugialap059@gmail.com,GET,/orders/me,16.176,200,ok,0,steady
1791233105.5615408,kiemthugialap034@gmail.com,GET,/orders/me,8.577,200,ok,0,steady
1791233105.563304,kiemthugialap016@gmail.com,GET,/orders/me,9.025,200,ok,0,steady
1791233105.5682728,kiemthugialap031@gmail.com,GET,/orders/me,6.454,200,ok,0,steady
1791233105.5693262,kiemthugialap069@gmail.com,GET,/orders/me,5.879,200,ok,0,steady
1791233105.570933,kiemthugialap063@gmail.com,GET,/concerts?on_sale=true,2.501,200,ok,0,steady
1791233105.628062,kiemthugialap081@gmail.com,GET,/orders/me,4.62,200,ok,0,steady
1791233105.642706,kiemthugialap065@gmail.com,GET,/concerts,3.762,200,ok,0,steady
1791233105.6607265,kiemthugialap041@gmail.com,GET,/orders/me,5.707,200,ok,0,steady
1791233105.676053,kiemthugialap028@gmail.com,GET,/concerts/{id},4.149,200,ok,0,steady
1791233105.6952913,kiemthugialap098@gmail.com,GET,/concerts,5.374,200,ok,0,steady
1791233105.6962624,kiemthugialap022@gmail.com,GET,/orders/me,7.245,200,ok,0,steady
1791233105.7109172,kiemthugialap038@gmail.com,GET,/concerts,3.672,200,ok,0,steady
1791233105.727634,kiemthugialap089@gmail.com,GET,/concerts,4.083,200,ok,0,steady
1791233105.7480135,kiemthugialap025@gmail.com,GET,/orders/me,7.156,200,ok,0,steady
1791233105.7492516,kiemthugialap008@gmail.com,GET,/orders/me,7.465,200,ok,0,steady
1791233105.7511969,kiemthugialap090@gmail.com,GET,/concerts?on_sale=true,2.976,200,ok,0,steady
1791233105.7530255,kiemthugialap088@gmail.com,GET,/orders/me,3.661,200,ok,0,steady
1791233105.7846084,kiemthugialap073@gmail.com,GET,/orders/me,8.6,200,ok,0,steady
1791233105.7850053,kiemthugialap091@gmail.com,GET,/orders/me,11.13,200,ok,0,steady
1791233105.7853858,kiemthugialap074@gmail.com,GET,/orders/me,10.519,200,ok,0,steady
1791233105.8302007,kiemthugialap017@gmail.com,GET,/concerts,7.015,200,ok,0,steady
1791233105.8306565,kiemthugialap024@gmail.com,GET,/concerts/{id},6.257,200,ok,0,steady
1791233105.831595,kiemthugialap029@gmail.com,GET,/orders/me,7.541,200,ok,0,steady
1791233105.8616009,kiemthugialap019@gmail.com,GET,/orders/me,5.263,200,ok,0,steady
1791233105.8791645,kiemthugialap036@gmail.com,GET,/orders/me,5.195,200,ok,0,steady
1791233105.896215,kiemthugialap013@gmail.com,GET,/orders/me,5.579,200,ok,0,steady
1791233105.9009147,kiemthugialap052@gmail.com,GET,/orders/me,4.431,200,ok,0,steady
1791233105.9044974,kiemthugialap099@gmail.com,GET,/orders/me,3.308,200,ok,0,steady
1791233105.9313412,kiemthugialap026@gmail.com,GET,/orders/me,7.408,200,ok,0,steady
1791233105.932463,kiemthugialap014@gmail.com,GET,/orders/me,9.508,200,ok,0,steady
1791233105.932771,kiemthugialap003@gmail.com,GET,/orders/me,8.627,200,ok,0,steady
1791233105.9343169,kiemthugialap030@gmail.com,GET,/orders/me,2.778,200,ok,0,steady
1791233105.937096,kiemthugialap094@gmail.com,GET,/orders/me,2.663,200,ok,0,steady
1791233105.9621863,kiemthugialap076@gmail.com,GET,/orders/me,6.444,200,ok,0,steady
1791233105.9657054,kiemthugialap051@gmail.com,GET,/orders/me,3.359,200,ok,0,steady
1791233106.0125003,kiemthugialap060@gmail.com,GET,/orders/me,5.188,200,ok,0,steady
1791233106.0330188,kiemthugialap012@gmail.com,GET,/orders/me,7.882,200,ok,0,steady
1791233106.0333457,kiemthugialap092@gmail.com,GET,/orders/me,9.566,200,ok,0,steady
1791233106.0337582,kiemthugialap054@gmail.com,GET,/orders/me,9.031,200,ok,0,steady
1791233106.0816753,kiemthugialap039@gmail.com,GET,/concerts/{id},6.631,200,ok,0,steady
1791233106.08335,kiemthugialap067@gmail.com,GET,/orders/me,6.615,200,ok,0,steady
1791233106.0837755,kiemthugialap100@gmail.com,GET,/orders/me,9.847,200,ok,0,steady
1791233106.1152008,kiemthugialap075@gmail.com,GET,/orders/me,7.871,200,ok,0,steady
1791233106.1156824,kiemthugialap078@gmail.com,GET,/orders/me,7.295,200,ok,0,steady
1791233106.1188867,kiemthugialap096@gmail.com,GET,/orders/me,3.085,200,ok,0,steady
1791233106.145548,kiemthugialap072@gmail.com,GET,/orders/me,5.222,200,ok,0,steady
1791233106.1821523,kiemthugialap015@gmail.com,GET,/orders/me,7.849,200,ok,0,steady
1791233106.1826642,kiemthugialap002@gmail.com,GET,/orders/me,9.998,200,ok,0,steady
1791233106.2173612,kiemthugialap053@gmail.com,GET,/concerts/{id},9.024,200,ok,0,steady
1791233106.2188737,kiemthugialap085@gmail.com,GET,/orders/me,12.185,200,ok,0,steady
1791233106.2196171,kiemthugialap004@gmail.com,GET,/orders/me,12.097,200,ok,0,steady
1791233106.2199643,kiemthugialap083@gmail.com,GET,/orders/me,12.047,200,ok,0,steady
1791233106.2202744,kiemthugialap044@gmail.com,GET,/orders/me,11.672,200,ok,0,steady
1791233106.2465775,kiemthugialap087@gmail.com,GET,/orders/me,5.664,200,ok,0,steady
1791233106.2469928,kiemthugialap068@gmail.com,GET,/orders/me,6.975,200,ok,0,steady
1791233106.2660398,kiemthugialap011@gmail.com,GET,/orders/me,6.811,200,ok,0,steady
1791233106.267264,kiemthugialap086@gmail.com,GET,/orders/me,9.151,200,ok,0,steady
1791233106.2675896,kiemthugialap063@gmail.com,GET,/orders/me,10.78,200,ok,0,steady
1791233106.2715645,kiemthugialap077@gmail.com,GET,/orders/me,5.317,200,ok,0,steady
1791233106.276434,kiemthugialap023@gmail.com,GET,/orders/me,8.671,200,ok,0,steady
1791233106.2800112,kiemthugialap010@gmail.com,GET,/orders/me,11.782,200,ok,0,steady
1791233106.2803679,kiemthugialap059@gmail.com,GET,/orders/me,11.204,200,ok,0,steady
1791233106.2807002,kiemthugialap050@gmail.com,GET,/orders/me,12.2,200,ok,0,steady
1791233106.2816725,kiemthugialap079@gmail.com,GET,/concerts?on_sale=true,2.533,200,ok,0,steady
1791233106.2952168,kiemthugialap001@gmail.com,GET,/orders/me,6.405,200,ok,0,steady
1791233106.3130345,kiemthugialap009@gmail.com,GET,/orders/me,4.93,200,ok,0,steady
1791233106.3143654,kiemthugialap035@gmail.com,GET,/orders/me,7.926,200,ok,0,steady
1791233106.3164475,kiemthugialap058@gmail.com,GET,/concerts,3.264,200,ok,0,steady
1791233106.3168151,kiemthugialap082@gmail.com,GET,/concerts?on_sale=true,3.337,200,ok,0,steady
1791233106.3954682,kiemthugialap018@gmail.com,GET,/orders/me,6.154,200,ok,0,steady
1791233106.39802,kiemthugialap041@gmail.com,GET,/concerts/{id},2.401,200,ok,0,steady
1791233106.4313295,kiemthugialap091@gmail.com,GET,/concerts/{id},6.869,200,ok,0,steady
1791233106.4323452,kiemthugialap006@gmail.com,GET,/orders/me,8.859,200,ok,0,steady
1791233106.432972,kiemthugialap049@gmail.com,GET,/orders/me,7.334,200,ok,0,steady
1791233106.4827805,kiemthugialap071@gmail.com,GET,/orders/me,8.38,200,ok,0,steady
1791233106.4832308,kiemthugialap098@gmail.com,GET,/orders/me,8.38,200,ok,0,steady
1791233106.4835582,kiemthugialap070@gmail.com,GET,/orders/me,10.472,200,ok,0,steady
1791233106.4848928,kiemthugialap032@gmail.com,GET,/concerts,3.203,200,ok,0,steady
1791233106.4852176,kiemthugialap020@gmail.com,GET,/concerts,3.22,200,ok,0,steady
1791233106.4933217,kiemthugialap080@gmail.com,GET,/concerts,3.513,200,ok,0,steady
1791233106.53076,kiemthugialap026@gmail.com,GET,/concerts?on_sale=true,7.292,200,ok,0,steady
1791233106.531379,kiemthugialap037@gmail.com,GET,/concerts,6.947,200,ok,0,steady
1791233106.5457685,kiemthugialap051@gmail.com,GET,/orders/me,6.241,200,ok,0,steady
1791233106.5493102,kiemthugialap064@gmail.com,GET,/concerts,3.309,200,ok,0,steady
1791233106.5790794,kiemthugialap088@gmail.com,GET,/orders/me,5.445,200,ok,0,steady
1791233106.5817556,kiemthugialap084@gmail.com,GET,/concerts/{id},2.506,200,ok,0,steady
1791233106.6145852,kiemthugialap042@gmail.com,GET,/orders/me,8.096,200,ok,0,steady
1791233106.620348,kiemthugialap066@gmail.com,GET,/orders/me,5.492,200,ok,0,steady
1791233106.6207488,kiemthugialap021@gmail.com,GET,/orders/me,4.979,200,ok,0,steady
1791233106.6571836,kiemthugialap025@gmail.com,GET,/concerts/{id},18.196,200,ok,0,steady
1791233106.6615171,kiemthugialap081@gmail.com,GET,/orders/me,21.48,200,ok,0,steady
1791233106.6633747,kiemthugialap090@gmail.com,GET,/orders/me,7.995,200,ok,0,steady
1791233106.6672652,kiemthugialap056@gmail.com,GET,/orders/me,5.467,200,ok,0,steady
1791233106.6682086,kiemthugialap033@gmail.com,GET,/orders/me,4.644,200,ok,0,steady
1791233106.6942983,kiemthugialap069@gmail.com,GET,/concerts?on_sale=true,4.827,200,ok,0,steady
1791233106.7153983,kiemthugialap052@gmail.com,GET,/orders/me,8.944,200,ok,0,steady
1791233106.717137,kiemthugialap096@gmail.com,GET,/orders/me,10.026,200,ok,0,steady
1791233106.7207594,kiemthugialap029@gmail.com,GET,/orders/me,5.066,200,ok,0,steady
1791233106.732476,kiemthugialap067@gmail.com,GET,/orders/me,7.411,200,ok,0,steady
1791233106.7330425,kiemthugialap048@gmail.com,GET,/orders/me,10.03,200,ok,0,steady
1791233106.7334468,kiemthugialap002@gmail.com,GET,/orders/me,9.728,200,ok,0,steady
1791233106.780333,kiemthugialap085@gmail.com,GET,/concerts?on_sale=true,7.355,200,ok,0,steady
1791233106.781927,kiemthugialap057@gmail.com,GET,/orders/me,9.592,200,ok,0,steady
1791233106.7823036,kiemthugialap005@gmail.com,GET,/orders/me,8.294,200,ok,0,steady
1791233106.784915,kiemthugialap062@gmail.com,GET,/orders/me,4.349,200,ok,0,steady
1791233106.788003,kiemthugialap055@gmail.com,GET,/orders/me,2.959,200,ok,0,steady
1791233106.8119256,kiemthugialap043@gmail.com,GET,/concerts/{id},6.054,200,ok,0,steady
1791233106.8124506,kiemthugialap089@gmail.com,GET,/orders/me,5.883,200,ok,0,steady
1791233106.8433242,kiemthugialap013@gmail.com,GET,/concerts?on_sale=true,4.481,200,ok,0,steady
1791233106.8600433,kiemthugialap076@gmail.com,GET,/orders/me,4.654,200,ok,0,steady
1791233106.8775187,kiemthugialap034@gmail.com,GET,/orders/me,5.506,200,ok,0,steady
1791233106.8956554,kiemthugialap031@gmail.com,GET,/concerts/{id},4.388,200,ok,0,steady
1791233106.8960576,kiemthugialap027@gmail.com,GET,/concerts/{id},6.786,200,ok,0,steady
1791233106.8969765,kiemthugialap072@gmail.com,GET,/orders/me,6.632,200,ok,0,steady
1791233106.9107225,kiemthugialap061@gmail.com,GET,/orders/me,4.222,200,ok,0,steady
1791233106.962871,kiemthugialap007@gmail.com,GET,/orders/me,5.526,200,ok,0,steady
1791233106.9781713,kiemthugialap095@gmail.com,GET,/concerts/{id},4.21,200,ok,0,steady
1791233107.0109527,kiemthugialap099@gmail.com,GET,/concerts,4.268,200,ok,0,steady
1791233107.033374,kiemthugialap047@gmail.com,GET,/orders/me,9.244,200,ok,0,steady
1791233107.0338397,kiemthugialap008@gmail.com,GET,/concerts?on_sale=true,8.616,200,ok,0,steady
1791233107.034158,kiemthugialap045@gmail.com,GET,/concerts,9.204,200,ok,0,steady
1791233107.0348678,kiemthugialap046@gmail.com,GET,/orders/me,8.611,200,ok,0,steady
1791233107.0448134,kiemthugialap083@gmail.com,GET,/orders/me,5.021,200,ok,0,steady
1791233107.0783646,kiemthugialap040@gmail.com,GET,/orders/me,6.078,200,ok,0,steady
1791233107.0811622,kiemthugialap020@gmail.com,GET,/concerts,2.538,200,ok,0,steady
1791233107.0971863,kiemthugialap016@gmail.com,GET,/orders/me,6.516,200,ok,0,steady
1791233107.0980673,kiemthugialap030@gmail.com,GET,/orders/me,6.448,200,ok,0,steady
1791233107.1002154,kiemthugialap097@gmail.com,GET,/orders/me,2.892,200,ok,0,steady
1791233107.131945,kiemthugialap003@gmail.com,GET,/orders/me,8.435,200,ok,0,steady
1791233107.1323721,kiemthugialap019@gmail.com,GET,/orders/me,7.607,200,ok,0,steady
1791233107.132657,kiemthugialap093@gmail.com,GET,/orders/me,8.32,200,ok,0,steady
1791233107.1636426,kiemthugialap017@gmail.com,GET,/orders/me,6.985,200,ok,0,steady
1791233107.1646082,kiemthugialap071@gmail.com,GET,/orders/me,6.433,200,ok,0,steady
1791233107.165882,kiemthugialap025@gmail.com,GET,/concerts/{id},2.107,200,ok,0,steady
1791233107.180452,kiemthugialap092@gmail.com,GET,/concerts?on_sale=true,6.671,200,ok,0,steady
1791233107.187128,kiemthugialap087@gmail.com,GET,/concerts/{id},6.407,200,ok,0,steady
1791233107.1881342,kiemthugialap044@gmail.com,GET,/orders/me,6.26,200,ok,0,steady
1791233107.211861,kiemthugialap069@gmail.com,GET,/orders/me,7.423,200,ok,0,steady
1791233107.2262442,kiemthugialap100@gmail.com,GET,/concerts?on_sale=true,4.622,200,ok,0,steady
1791233107.229845,kiemthugialap077@gmail.com,GET,/orders/me,3.454,200,ok,0,steady
1791233107.2447333,kiemthugialap035@gmail.com,GET,/concerts,4.289,200,ok,0,steady
1791233107.262675,kiemthugialap096@gmail.com,GET,/orders/me,4.957,200,ok,0,steady
1791233107.2666588,kiemthugialap074@gmail.com,GET,/orders/me,3.772,200,ok,0,steady
1791233107.2777314,kiemthugialap081@gmail.com,GET,/concerts,4.918,200,ok,0,steady
1791233107.2948928,kiemthugialap054@gmail.com,GET,/orders/me,5.41,200,ok,0,steady
1791233107.3282983,kiemthugialap038@gmail.com,GET,/orders/me,5.214,200,ok,0,steady
1791233107.3770103,kiemthugialap068@gmail.com,GET,/concerts?on_sale=true,4.107,200,ok,0,steady
1791233107.411985,kiemthugialap055@gmail.com,GET,/orders/me,4.946,200,ok,0,steady
1791233107.446792,kiemthugialap050@gmail.com,GET,/orders/me,7.031,200,ok,0,steady
1791233107.4472315,kiemthugialap065@gmail.com,GET,/orders/me,6.789,200,ok,0,steady
1791233107.4810905,kiemthugialap028@gmail.com,GET,/concerts/{id},5.87,200,ok,0,steady
1791233107.4825957,kiemthugialap056@gmail.com,GET,/orders/me,7.142,200,ok,0,steady
1791233107.4832244,kiemthugialap014@gmail.com,GET,/orders/me,8.537,200,ok,0,steady
1791233107.5002139,kiemthugialap053@gmail.com,GET,/orders/me,9.715,200,ok,0,steady
1791233107.5006394,kiemthugialap049@gmail.com,GET,/orders/me,9.487,200,ok,0,steady
1791233107.535049,kiemthugialap022@gmail.com,GET,/concerts,8.217,200,ok,0,steady
1791233107.5363443,kiemthugialap006@gmail.com,GET,/orders/me,12.521,200,ok,0,steady
1791233107.5367048,kiemthugialap059@gmail.com,GET,/orders/me,11.281,200,ok,0,steady
1791233107.5374131,kiemthugialap043@gmail.com,GET,/orders/me,12.815,200,ok,0,steady
1791233107.537727,kiemthugialap064@gmail.com,GET,/orders/me,12.629,200,ok,0,steady
1791233107.5785623,kiemthugialap079@gmail.com,GET,/orders/me,4.878,200,ok,0,steady
1791233107.5959542,kiemthugialap024@gmail.com,GET,/concerts/{id},4.627,200,ok,0,steady
1791233107.596837,kiemthugialap090@gmail.com,GET,/orders/me,6.159,200,ok,0,steady
1791233107.5994065,kiemthugialap091@gmail.com,GET,/orders/me,3.313,200,ok,0,steady
1791233107.6108544,kiemthugialap039@gmail.com,GET,/concerts?on_sale=true,4.235,200,ok,0,steady
1791233107.6289847,kiemthugialap018@gmail.com,GET,/orders/me,5.265,200,ok,0,steady
1791233107.6443422,kiemthugialap075@gmail.com,GET,/orders/me,4.659,200,ok,0,steady
1791233107.6611574,kiemthugialap029@gmail.com,GET,/orders/me,4.728,200,ok,0,steady
1791233107.6759906,kiemthugialap057@gmail.com,GET,/concerts/{id},3.748,200,ok,0,steady
1791233107.6941695,kiemthugialap036@gmail.com,GET,/concerts,4.084,200,ok,0,steady
1791233107.7116897,kiemthugialap073@gmail.com,GET,/orders/me,4.725,200,ok,0,steady
1791233107.7307973,kiemthugialap012@gmail.com,GET,/orders/me,6.761,200,ok,0,steady
1791233107.7320092,kiemthugialap093@gmail.com,GET,/orders/me,7.068,200,ok,0,steady
1791233107.734189,kiemthugialap032@gmail.com,GET,/orders/me,3.18,200,ok,0,steady
1791233107.7643735,kiemthugialap033@gmail.com,GET,/orders/me,7.561,200,ok,0,steady
1791233107.768311,kiemthugialap010@gmail.com,GET,/orders/me,3.7,200,ok,0,steady
1791233107.7808733,kiemthugialap099@gmail.com,GET,/orders/me,7.528,200,ok,0,steady
1791233107.785579,kiemthugialap015@gmail.com,GET,/concerts?on_sale=true,3.525,200,ok,0,steady
1791233107.7859685,kiemthugialap098@gmail.com,GET,/concerts/{id},4.861,200,ok,0,steady
1791233107.797468,kiemthugialap035@gmail.com,GET,/orders/me,6.676,200,ok,0,steady
1791233107.811243,kiemthugialap008@gmail.com,GET,/orders/me,5.719,200,ok,0,steady
1791233107.8443089,kiemthugialap100@gmail.com,GET,/concerts?on_sale=true,21.372,200,ok,0,steady
1791233107.848587,kiemthugialap021@gmail.com,GET,/concerts?on_sale=true,8.094,200,ok,0,steady
1791233107.8491812,kiemthugialap047@gmail.com,GET,/orders/me,26.794,200,ok,0,steady
1791233107.8502378,kiemthugialap040@gmail.com,GET,/orders/me,11.024,200,ok,0,steady
1791233107.8766034,kiemthugialap002@gmail.com,GET,/concerts/{id},4.181,200,ok,0,steady
1791233107.9155738,kiemthugialap005@gmail.com,GET,/orders/me,8.76,200,ok,0,steady
1791233107.9161205,kiemthugialap094@gmail.com,GET,/orders/me,8.954,200,ok,0,steady
1791233107.9164672,kiemthugialap011@gmail.com,GET,/orders/me,10.834,200,ok,0,steady
1791233107.9472153,kiemthugialap070@gmail.com,GET,/orders/me,7.973,200,ok,0,steady
1791233107.9490907,kiemthugialap060@gmail.com,GET,/orders/me,8.959,200,ok,0,steady
1791233107.953046,kiemthugialap051@gmail.com,GET,/orders/me,5.088,200,ok,0,steady
1791233107.9533956,kiemthugialap081@gmail.com,GET,/orders/me,5.96,200,ok,0,steady
1791233107.9795685,kiemthugialap026@gmail.com,GET,/concerts?on_sale=true,6.434,200,ok,0,steady
1791233107.980909,kiemthugialap042@gmail.com,GET,/orders/me,8.986,200,ok,0,steady
1791233107.9821131,kiemthugialap001@gmail.com,GET,/orders/me,9.293,200,ok,0,steady
1791233107.9839687,kiemthugialap054@gmail.com,GET,/concerts/{id},2.9,200,ok,0,steady
1791233107.9857736,kiemthugialap023@gmail.com,GET,/orders/me,3.544,200,ok,0,steady
1791233107.9940157,kiemthugialap068@gmail.com,GET,/orders/me,4.929,200,ok,0,steady
1791233107.9969506,kiemthugialap065@gmail.com,GET,/concerts?on_sale=true,2.726,200,ok,0,steady
1791233108.0292234,kiemthugialap017@gmail.com,GET,/orders/me,5.738,200,ok,0,steady
1791233108.029697,kiemthugialap058@gmail.com,GET,/orders/me,7.49,200,ok,0,steady
1791233108.061992,kiemthugialap055@gmail.com,GET,/concerts,5.203,200,ok,0,steady
1791233108.0623896,kiemthugialap078@gmail.com,GET,/concerts/{id},4.052,200,ok,0,steady
1791233108.0784407,kiemthugialap063@gmail.com,GET,/orders/me,5.752,200,ok,0,steady
1791233108.082243,kiemthugialap009@gmail.com,GET,/orders/me,3.574,200,ok,0,steady
1791233108.0974493,kiemthugialap097@gmail.com,GET,/orders/me,5.947,200,ok,0,steady
1791233108.0978649,kiemthugialap088@gmail.com,GET,/orders/me,7.453,200,ok,0,steady
1791233108.1111896,kiemthugialap072@gmail.com,GET,/concerts,3.808,200,ok,0,steady
1791233108.1454594,kiemthugialap089@gmail.com,GET,/orders/me,4.985,200,ok,0,steady
1791233108.1846223,kiemthugialap079@gmail.com,GET,/concerts/{id},8.865,200,ok,0,steady
1791233108.1857224,kiemthugialap004@gmail.com,GET,/concerts,9.738,200,ok,0,steady
1791233108.186634,kiemthugialap086@gmail.com,GET,/orders/me,9.493,200,ok,0,steady
1791233108.187001,kiemthugialap082@gmail.com,GET,/orders/me,12.057,200,ok,0,steady
1791233108.1876893,kiemthugialap085@gmail.com,GET,/orders/me,9.506,200,ok,0,steady
1791233108.2305715,kiemthugialap061@gmail.com,GET,/orders/me,6.54,200,ok,0,steady
1791233108.2801552,kiemthugialap041@gmail.com,GET,/orders/me,7.366,200,ok,0,steady
1791233108.2811916,kiemthugialap062@gmail.com,GET,/orders/me,6.722,200,ok,0,steady
1791233108.2994792,kiemthugialap007@gmail.com,GET,/concerts/{id},6.689,200,ok,0,steady
1791233108.2999365,kiemthugialap090@gmail.com,GET,/concerts/{id},8.536,200,ok,0,steady
1791233108.3014889,kiemthugialap019@gmail.com,GET,/orders/me,11.435,200,ok,0,steady
1791233108.3018525,kiemthugialap056@gmail.com,GET,/orders/me,10.892,200,ok,0,steady
1791233108.3340316,kiemthugialap095@gmail.com,GET,/orders/me,9.602,200,ok,0,steady
1791233108.3346295,kiemthugialap080@gmail.com,GET,/orders/me,11.623,200,ok,0,steady
1791233108.3349395,kiemthugialap067@gmail.com,GET,/orders/me,10.314,200,ok,0,steady
1791233108.3352458,kiemthugialap037@gmail.com,GET,/orders/me,11.281,200,ok,0,steady
1791233108.3610783,kiemthugialap033@gmail.com,GET,/concerts,4.022,200,ok,0,steady
1791233108.395421,kiemthugialap020@gmail.com,GET,/concerts,3.808,200,ok,0,steady
1791233108.3962922,kiemthugialap083@gmail.com,GET,/concerts,5.983,200,ok,0,steady
1791233108.4001715,kiemthugialap066@gmail.com,GET,/orders/me,4.611,200,ok,0,steady
1791233108.4011688,kiemthugialap048@gmail.com,GET,/orders/me,4.759,200,ok,0,steady
1791233108.4288218,kiemthugialap064@gmail.com,GET,/concerts/{id},4.932,200,ok,0,steady
1791233108.4310265,kiemthugialap096@gmail.com,GET,/concerts/{id},2.066,200,ok,0,steady
1791233108.4460304,kiemthugialap025@gmail.com,GET,/orders/me,4.596,200,ok,0,steady
1791233108.4491315,kiemthugialap050@gmail.com,GET,/orders/me,2.963,200,ok,0,steady
1791233108.4535773,kiemthugialap013@gmail.com,GET,/orders/me,4.318,200,ok,0,steady
1791233108.4540107,kiemthugialap087@gmail.com,GET,/orders/me,4.482,200,ok,0,steady
1791233108.4625764,kiemthugialap092@gmail.com,GET,/orders/me,5.385,200,ok,0,steady
1791233108.4785886,kiemthugialap093@gmail.com,GET,/orders/me,5.528,200,ok,0,steady
1791233108.4842088,kiemthugialap076@gmail.com,GET,/orders/me,5.403,200,ok,0,steady
1791233108.484603,kiemthugialap031@gmail.com,GET,/orders/me,5.364,200,ok,0,steady
1791233108.5144298,kiemthugialap071@gmail.com,GET,/orders/me,6.233,200,ok,0,steady
1791233108.514897,kiemthugialap084@gmail.com,GET,/orders/me,7.7,200,ok,0,steady
1791233108.5285954,kiemthugialap052@gmail.com,GET,/orders/me,4.842,200,ok,0,steady
1791233108.5640922,kiemthugialap077@gmail.com,GET,/orders/me,6.788,200,ok,0,steady
1791233108.566454,kiemthugialap046@gmail.com,GET,/orders/me,7.946,200,ok,0,steady
1791233108.5698295,kiemthugialap022@gmail.com,GET,/concerts?on_sale=true,5.137,200,ok,0,steady
1791233108.5712223,kiemthugialap029@gmail.com,GET,/orders/me,6.249,200,ok,0,steady
1791233108.5716403,kiemthugialap074@gmail.com,GET,/orders/me,7.356,200,ok,0,steady
1791233108.5948858,kiemthugialap100@gmail.com,GET,/orders/me,5.38,200,ok,0,steady
1791233108.627997,kiemthugialap027@gmail.com,GET,/concerts,3.802,200,ok,0,steady
1791233108.6471987,kiemthugialap065@gmail.com,GET,/concerts?on_sale=true,5.422,200,ok,0,steady
1791233108.6489964,kiemthugialap008@gmail.com,GET,/orders/me,8.234,200,ok,0,steady
1791233108.649165,kiemthugialap097@gmail.com,GET,/orders/me,7.678,200,ok,0,steady
1791233108.6513674,kiemthugialap042@gmail.com,GET,/orders/me,3.963,200,ok,0,steady
1791233108.6801918,kiemthugialap038@gmail.com,GET,/concerts,4.866,200,ok,0,steady
1791233108.6806247,kiemthugialap091@gmail.com,GET,/concerts,5.613,200,ok,0,steady
1791233108.681452,kiemthugialap043@gmail.com,GET,/orders/me,7.332,200,ok,0,steady
1791233108.6958213,kiemthugialap034@gmail.com,GET,/orders/me,4.872,200,ok,0,steady
1791233108.712042,kiemthugialap021@gmail.com,GET,/concerts/{id},3.843,200,ok,0,steady
1791233108.7458756,kiemthugialap044@gmail.com,GET,/concerts,21.436,200,ok,0,steady
1791233108.747371,kiemthugialap012@gmail.com,GET,/orders/me,24.084,200,ok,0,steady
1791233108.7482474,kiemthugialap006@gmail.com,GET,/orders/me,8.526,200,ok,0,steady
1791233108.7502162,kiemthugialap079@gmail.com,GET,/orders/me,4.114,200,ok,0,steady
1791233108.763829,kiemthugialap003@gmail.com,GET,/orders/me,6.59,200,ok,0,steady
1791233108.7834406,kiemthugialap015@gmail.com,GET,/orders/me,4.3,200,ok,0,steady
1791233108.9313207,kiemthugialap094@gmail.com,GET,/orders/me,7.219,200,ok,0,steady
1791233108.9377258,kiemthugialap068@gmail.com,GET,/concerts,5.398,200,ok,0,steady
1791233108.9393613,kiemthugialap030@gmail.com,GET,/orders/me,7.714,200,ok,0,steady
1791233108.9639597,kiemthugialap069@gmail.com,GET,/orders/me,8.112,200,ok,0,steady
1791233108.9830654,kiemthugialap055@gmail.com,GET,/concerts,9.574,200,ok,0,steady
1791233108.9835913,kiemthugialap045@gmail.com,GET,/concerts?on_sale=true,11.14,200,ok,0,steady
1791233108.9850135,kiemthugialap086@gmail.com,GET,/orders/me,8.56,200,ok,0,steady
1791233109.0118248,kiemthugialap092@gmail.com,GET,/orders/me,5.306,200,ok,0,steady
1791233109.0301774,kiemthugialap028@gmail.com,GET,/orders/me,7.511,200,ok,0,steady
1791233109.0789468,kiemthugialap016@gmail.com,GET,/orders/me,5.966,200,ok,0,steady
1791233109.1627917,kiemthugialap088@gmail.com,GET,/concerts?on_sale=true,5.233,200,ok,0,steady
1791233109.163808,kiemthugialap059@gmail.com,GET,/orders/me,8.087,200,ok,0,steady
1791233109.1793513,kiemthugialap018@gmail.com,GET,/concerts,7.396,200,ok,0,steady
1791233109.2140465,kiemthugialap032@gmail.com,GET,/orders/me,8.277,200,ok,0,steady
1791233109.215399,kiemthugialap039@gmail.com,GET,/orders/me,10.822,200,ok,0,steady
1791233109.2157192,kiemthugialap023@gmail.com,GET,/orders/me,9.647,200,ok,0,steady
1791233109.2166321,kiemthugialap035@gmail.com,GET,/concerts,2.362,200,ok,0,steady
1791233109.2481465,kiemthugialap073@gmail.com,GET,/orders/me,6.482,200,ok,0,steady
1791233109.2486596,kiemthugialap078@gmail.com,GET,/orders/me,8.385,200,ok,0,steady
1791233109.261627,kiemthugialap001@gmail.com,GET,/orders/me,6.374,200,ok,0,steady
1791233109.2663438,kiemthugialap047@gmail.com,GET,/orders/me,4.468,200,ok,0,steady
1791233109.277727,kiemthugialap049@gmail.com,GET,/orders/me,5.489,200,ok,0,steady
1791233109.2973042,kiemthugialap070@gmail.com,GET,/concerts?on_sale=true,6.246,200,ok,0,steady
1791233109.298481,kiemthugialap075@gmail.com,GET,/orders/me,8.236,200,ok,0,steady
1791233109.3117802,kiemthugialap009@gmail.com,GET,/orders/me,6.641,200,ok,0,steady
1791233109.3122258,kiemthugialap087@gmail.com,GET,/orders/me,6.194,200,ok,0,steady
1791233109.3442686,kiemthugialap079@gmail.com,GET,/orders/me,5.565,200,ok,0,steady
1791233109.377975,kiemthugialap014@gmail.com,GET,/concerts/{id},6.312,200,ok,0,steady
1791233109.379503,kiemthugialap010@gmail.com,GET,/orders/me,7.244,200,ok,0,steady
1791233109.3821611,kiemthugialap017@gmail.com,GET,/orders/me,3.991,200,ok,0,steady
1791233109.4103117,kiemthugialap002@gmail.com,GET,/concerts,3.409,200,ok,0,steady
1791233109.4138875,kiemthugialap062@gmail.com,GET,/orders/me,3.431,200,ok,0,steady
1791233109.4274812,kiemthugialap057@gmail.com,GET,/concerts/{id},4.357,200,ok,0,steady
1791233109.428449,kiemthugialap099@gmail.com,GET,/orders/me,6.346,200,ok,0,steady
1791233109.4456918,kiemthugialap074@gmail.com,GET,/orders/me,5.6,200,ok,0,steady
1791233109.5005736,kiemthugialap100@gmail.com,GET,/concerts/{id},10.536,200,ok,0,steady
1791233109.5021088,kiemthugialap060@gmail.com,GET,/orders/me,11.207,200,ok,0,steady
1791233109.5024362,kiemthugialap006@gmail.com,GET,/orders/me,11.032,200,ok,0,steady
1791233109.502558,kiemthugialap053@gmail.com,GET,/orders/me,9.901,200,ok,0,steady
1791233109.5032322,kiemthugialap003@gmail.com,GET,/orders/me,12.75,200,ok,0,steady
1791233109.5044954,kiemthugialap036@gmail.com,GET,/concerts?on_sale=true,3.749,200,ok,0,steady
1791233109.5298054,kiemthugialap076@gmail.com,GET,/concerts,5.266,200,ok,0,steady
1791233109.5308666,kiemthugialap051@gmail.com,GET,/orders/me,7.895,200,ok,0,steady
1791233109.546351,kiemthugialap054@gmail.com,GET,/orders/me,5.153,200,ok,0,steady
1791233109.5496774,kiemthugialap061@gmail.com,GET,/orders/me,3.122,200,ok,0,steady
1791233109.5647259,kiemthugialap024@gmail.com,GET,/orders/me,8.107,200,ok,0,steady
1791233109.568893,kiemthugialap072@gmail.com,GET,/orders/me,3.91,200,ok,0,steady
1791233109.596239,kiemthugialap096@gmail.com,GET,/concerts,6.559,200,ok,0,steady
1791233109.596853,kiemthugialap098@gmail.com,GET,/concerts,6.288,200,ok,0,steady
1791233109.6604154,kiemthugialap019@gmail.com,GET,/orders/me,37.961,200,ok,0,steady
1791233109.6609385,kiemthugialap011@gmail.com,GET,/orders/me,37.324,200,ok,0,steady
1791233109.664715,kiemthugialap026@gmail.com,GET,/concerts?on_sale=true,26.084,200,ok,0,steady
1791233109.6683822,kiemthugialap015@gmail.com,GET,/orders/me,12.498,200,ok,0,steady
1791233109.6696494,kiemthugialap067@gmail.com,GET,/orders/me,12.896,200,ok,0,steady
1791233109.6708095,kiemthugialap065@gmail.com,GET,/orders/me,13.136,200,ok,0,steady
1791233109.6711314,kiemthugialap058@gmail.com,GET,/orders/me,13.923,200,ok,0,steady
1791233109.6753607,kiemthugialap094@gmail.com,GET,/concerts,5.513,200,ok,0,steady
1791233109.678256,kiemthugialap093@gmail.com,GET,/orders/me,9.68,200,ok,0,steady
1791233109.6949213,kiemthugialap007@gmail.com,GET,/orders/me,19.245,200,ok,0,steady
1791233109.6956613,kiemthugialap050@gmail.com,GET,/orders/me,19.456,200,ok,0,steady
1791233109.6960263,kiemthugialap080@gmail.com,GET,/orders/me,7.416,200,ok,0,steady
1791233109.7104383,kiemthugialap048@gmail.com,GET,/orders/me,4.957,200,ok,0,steady
1791233109.7144434,kiemthugialap063@gmail.com,GET,/orders/me,3.839,200,ok,0,steady
1791233109.7243807,kiemthugialap084@gmail.com,GET,/concerts,3.47,200,ok,0,steady
1791233109.7452183,kiemthugialap029@gmail.com,GET,/orders/me,6.655,200,ok,0,steady
1791233109.7456825,kiemthugialap043@gmail.com,GET,/orders/me,5.615,200,ok,0,steady
1791233109.7793236,kiemthugialap071@gmail.com,GET,/orders/me,5.676,200,ok,0,steady
1791233109.7796998,kiemthugialap040@gmail.com,GET,/orders/me,7.135,200,ok,0,steady
1791233109.829909,kiemthugialap008@gmail.com,GET,/orders/me,5.913,200,ok,0,steady
1791233109.8303516,kiemthugialap042@gmail.com,GET,/orders/me,7.561,200,ok,0,steady
1791233109.8456285,kiemthugialap088@gmail.com,GET,/orders/me,4.817,200,ok,0,steady
1791233109.8616047,kiemthugialap059@gmail.com,GET,/concerts/{id},4.171,200,ok,0,steady
1791233109.8795679,kiemthugialap081@gmail.com,GET,/orders/me,4.723,200,ok,0,steady
1791233109.8839004,kiemthugialap090@gmail.com,GET,/concerts,3.261,200,ok,0,steady
1791233109.8848524,kiemthugialap092@gmail.com,GET,/orders/me,5.08,200,ok,0,steady
1791233109.8961794,kiemthugialap041@gmail.com,GET,/orders/me,5.072,200,ok,0,steady
1791233109.896834,kiemthugialap073@gmail.com,GET,/orders/me,7.009,200,ok,0,steady
1791233109.9128973,kiemthugialap005@gmail.com,GET,/orders/me,5.422,200,ok,0,steady
1791233109.9157276,kiemthugialap083@gmail.com,GET,/concerts/{id},2.618,200,ok,0,steady
1791233109.9285958,kiemthugialap091@gmail.com,GET,/orders/me,4.34,200,ok,0,steady
1791233109.964035,kiemthugialap044@gmail.com,GET,/orders/me,6.816,200,ok,0,steady
1791233109.9648867,kiemthugialap037@gmail.com,GET,/orders/me,6.657,200,ok,0,steady
1791233109.9668074,kiemthugialap082@gmail.com,GET,/orders/me,2.636,200,ok,0,steady
1791233109.9970536,kiemthugialap045@gmail.com,GET,/concerts/{id},5.404,200,ok,0,steady
1791233109.9975524,kiemthugialap038@gmail.com,GET,/concerts,7.396,200,ok,0,steady
1791233109.9986684,kiemthugialap033@gmail.com,GET,/orders/me,7.38,200,ok,0,steady
1791233110.001224,kiemthugialap004@gmail.com,GET,/orders/me,3.522,200,ok,0,steady
1791233110.0109491,kiemthugialap064@gmail.com,GET,/concerts,4.669,200,ok,0,steady
1791233110.034798,kiemthugialap095@gmail.com,GET,/orders/me,9.545,200,ok,0,steady
1791233110.0363293,kiemthugialap020@gmail.com,GET,/orders/me,12.962,200,ok,0,steady
1791233110.0388458,kiemthugialap034@gmail.com,GET,/orders/me,3.808,200,ok,0,steady
1791233110.0625923,kiemthugialap013@gmail.com,GET,/orders/me,7.186,200,ok,0,steady
1791233110.0631127,kiemthugialap070@gmail.com,GET,/orders/me,8.267,200,ok,0,steady
1791233110.075504,kiemthugialap022@gmail.com,GET,/concerts,3.405,200,ok,0,steady
1791233110.0931075,kiemthugialap089@gmail.com,GET,/concerts/{id},4.127,200,ok,0,steady
1791233110.094113,kiemthugialap016@gmail.com,GET,/orders/me,5.978,200,ok,0,steady
1791233110.1802084,kiemthugialap087@gmail.com,GET,/concerts/{id},6.452,200,ok,0,steady
1791233110.1959283,kiemthugialap085@gmail.com,GET,/orders/me,6.708,200,ok,0,steady
1791233110.2010677,kiemthugialap006@gmail.com,GET,/orders/me,4.865,200,ok,0,steady
1791233110.230155,kiemthugialap017@gmail.com,GET,/concerts/{id},6.976,200,ok,0,steady
1791233110.235561,kiemthugialap075@gmail.com,GET,/orders/me,5.122,200,ok,0,steady
1791233110.245323,kiemthugialap009@gmail.com,GET,/concerts,5.778,200,ok,0,steady
1791233110.249982,kiemthugialap055@gmail.com,GET,/concerts,4.354,200,ok,0,steady
1791233110.2603908,kiemthugialap021@gmail.com,GET,/orders/me,5.386,200,ok,0,steady
1791233110.3195775,kiemthugialap012@gmail.com,GET,/orders/me,13.648,200,ok,0,steady
1791233110.3200846,kiemthugialap046@gmail.com,GET,/orders/me,13.107,200,ok,0,steady
1791233110.320447,kiemthugialap056@gmail.com,GET,/orders/me,13.137,200,ok,0,steady
1791233110.3208263,kiemthugialap071@gmail.com,GET,/orders/me,13.265,200,ok,0,steady
1791233110.3224502,kiemthugialap060@gmail.com,GET,/orders/me,13.242,200,ok,0,steady
1791233110.3283246,kiemthugialap014@gmail.com,GET,/orders/me,6.903,200,ok,0,steady
1791233110.3288922,kiemthugialap068@gmail.com,GET,/orders/me,7.921,200,ok,0,steady
1791233110.365161,kiemthugialap027@gmail.com,GET,/orders/me,8.44,200,ok,0,steady
1791233110.366578,kiemthugialap028@gmail.com,GET,/orders/me,10.937,200,ok,0,steady
1791233110.3689935,kiemthugialap077@gmail.com,GET,/orders/me,3.614,200,ok,0,steady
1791233110.373281,kiemthugialap097@gmail.com,GET,/orders/me,4.116,200,ok,0,steady
1791233110.375929,kiemthugialap066@gmail.com,GET,/orders/me,3.875,200,ok,0,steady
1791233110.3980951,kiemthugialap050@gmail.com,GET,/orders/me,8.541,200,ok,0,steady
1791233110.414034,kiemthugialap052@gmail.com,GET,/orders/me,6.478,200,ok,0,steady
1791233110.4259195,kiemthugialap081@gmail.com,GET,/concerts/{id},3.003,200,ok,0,steady
1791233110.4607277,kiemthugialap025@gmail.com,GET,/concerts,5.481,200,ok,0,steady
1791233110.4631457,kiemthugialap051@gmail.com,GET,/orders/me,7.327,200,ok,0,steady
1791233110.4663017,kiemthugialap031@gmail.com,GET,/concerts,5.021,200,ok,0,steady
1791233110.4671044,kiemthugialap058@gmail.com,GET,/concerts/{id},6.21,200,ok,0,steady
1791233110.4687498,kiemthugialap023@gmail.com,GET,/orders/me,5.437,200,ok,0,steady
1791233110.4698427,kiemthugialap061@gmail.com,GET,/concerts,2.603,200,ok,0,steady
1791233110.4940114,kiemthugialap043@gmail.com,GET,/orders/me,5.008,200,ok,0,steady
1791233110.4976695,kiemthugialap047@gmail.com,GET,/orders/me,3.472,200,ok,0,steady
1791233110.5009165,kiemthugialap062@gmail.com,GET,/orders/me,3.101,200,ok,0,steady
1791233110.5451403,kiemthugialap076@gmail.com,GET,/orders/me,6.096,200,ok,0,steady
1791233110.5489976,kiemthugialap036@gmail.com,GET,/orders/me,3.632,200,ok,0,steady
1791233110.57803,kiemthugialap088@gmail.com,GET,/orders/me,5.151,200,ok,0,steady
1791233110.6335309,kiemthugialap080@gmail.com,GET,/orders/me,7.917,200,ok,0,steady
1791233110.6347172,kiemthugialap034@gmail.com,GET,/orders/me,9.531,200,ok,0,steady
1791233110.6350405,kiemthugialap082@gmail.com,GET,/orders/me,10.822,200,ok,0,steady
1791233110.6382961,kiemthugialap030@gmail.com,GET,/concerts,3.136,200,ok,0,steady
1791233110.6387713,kiemthugialap039@gmail.com,GET,/concerts,5.041,200,ok,0,steady
1791233110.6445155,kiemthugialap059@gmail.com,GET,/concerts?on_sale=true,4.906,200,ok,0,steady
1791233110.6459851,kiemthugialap040@gmail.com,GET,/orders/me,7.056,200,ok,0,steady
1791233110.6473577,kiemthugialap004@gmail.com,GET,/concerts,2.598,200,ok,0,steady
1791233110.6629508,kiemthugialap002@gmail.com,GET,/orders/me,5.341,200,ok,0,steady
1791233110.6961117,kiemthugialap090@gmail.com,GET,/orders/me,4.197,200,ok,0,steady
1791233110.712402,kiemthugialap095@gmail.com,GET,/orders/me,4.731,200,ok,0,steady
1791233110.7158277,kiemthugialap072@gmail.com,GET,/concerts?on_sale=true,3.242,200,ok,0,steady
1791233110.7163665,kiemthugialap006@gmail.com,GET,/concerts,3.236,200,ok,0,steady
1791233110.7790647,kiemthugialap009@gmail.com,GET,/orders/me,6.491,200,ok,0,steady
1791233110.7983274,kiemthugialap019@gmail.com,GET,/orders/me,7.198,200,ok,0,steady
1791233110.8046963,kiemthugialap079@gmail.com,GET,/orders/me,6.112,200,ok,0,steady
1791233110.8057637,kiemthugialap094@gmail.com,GET,/orders/me,6.317,200,ok,0,steady
1791233110.8078516,kiemthugialap010@gmail.com,GET,/concerts/{id},2.984,200,ok,0,steady
1791233110.8314245,kiemthugialap064@gmail.com,GET,/orders/me,8.209,200,ok,0,steady
1791233110.8359497,kiemthugialap035@gmail.com,GET,/orders/me,4.292,200,ok,0,steady
1791233110.8455465,kiemthugialap099@gmail.com,GET,/concerts,6.307,200,ok,0,steady
1791233110.8770823,kiemthugialap056@gmail.com,GET,/concerts/{id},3.951,200,ok,0,steady
1791233110.8822196,kiemthugialap037@gmail.com,GET,/orders/me,4.901,200,ok,0,steady
1791233110.89538,kiemthugialap069@gmail.com,GET,/orders/me,6.601,200,ok,0,steady
1791233110.8958251,kiemthugialap003@gmail.com,GET,/orders/me,5.592,200,ok,0,steady
1791233110.9089344,kiemthugialap022@gmail.com,GET,/concerts?on_sale=true,3.314,200,ok,0,steady
1791233110.9123712,kiemthugialap086@gmail.com,GET,/orders/me,3.286,200,ok,0,steady
1791233110.926176,kiemthugialap011@gmail.com,GET,/concerts/{id},3.318,200,ok,0,steady
1791233110.9423668,kiemthugialap045@gmail.com,GET,/concerts/{id},3.645,200,ok,0,steady
1791233110.9630246,kiemthugialap091@gmail.com,GET,/orders/me,7.094,200,ok,0,steady
1791233110.9633815,kiemthugialap067@gmail.com,GET,/orders/me,6.371,200,ok,0,steady
1791233110.9794414,kiemthugialap041@gmail.com,GET,/orders/me,6.762,200,ok,0,steady
1791233110.9807653,kiemthugialap074@gmail.com,GET,/orders/me,7.337,200,ok,0,steady
1791233110.9829502,kiemthugialap021@gmail.com,GET,/orders/me,3.295,200,ok,0,steady
1791233110.99561,kiemthugialap100@gmail.com,GET,/orders/me,5.639,200,ok,0,steady
1791233111.0122578,kiemthugialap084@gmail.com,GET,/orders/me,5.112,200,ok,0,steady
1791233111.0288768,kiemthugialap078@gmail.com,GET,/concerts/{id},4.659,200,ok,0,steady
1791233111.0455582,kiemthugialap025@gmail.com,GET,/orders/me,4.695,200,ok,0,steady
1791233111.0618398,kiemthugialap054@gmail.com,GET,/orders/me,4.312,200,ok,0,steady
1791233111.0640283,kiemthugialap065@gmail.com,GET,/concerts/{id},2.05,200,ok,0,steady
1791233111.0966198,kiemthugialap083@gmail.com,GET,/concerts,4.274,200,ok,0,steady
1791233111.0978189,kiemthugialap093@gmail.com,GET,/orders/me,6.574,200,ok,0,steady
1791233111.100608,kiemthugialap057@gmail.com,GET,/orders/me,3.767,200,ok,0,steady
1791233111.130389,kiemthugialap008@gmail.com,GET,/orders/me,5.58,200,ok,0,steady
1791233111.1308043,kiemthugialap098@gmail.com,GET,/orders/me,6.903,200,ok,0,steady
1791233111.1491668,kiemthugialap018@gmail.com,GET,/orders/me,8.729,200,ok,0,steady
1791233111.1497138,kiemthugialap081@gmail.com,GET,/orders/me,8.323,200,ok,0,steady
1791233111.150062,kiemthugialap020@gmail.com,GET,/orders/me,7.733,200,ok,0,steady
1791233111.1672928,kiemthugialap001@gmail.com,GET,/orders/me,8.935,200,ok,0,steady
1791233111.168413,kiemthugialap096@gmail.com,GET,/orders/me,10.959,200,ok,0,steady
1791233111.168714,kiemthugialap053@gmail.com,GET,/orders/me,10.137,200,ok,0,steady
1791233111.170251,kiemthugialap088@gmail.com,GET,/orders/me,2.773,200,ok,0,steady
1791233111.2124345,kiemthugialap032@gmail.com,GET,/concerts?on_sale=true,5.554,200,ok,0,steady
1791233111.2143195,kiemthugialap024@gmail.com,GET,/orders/me,7.734,200,ok,0,steady
1791233111.214778,kiemthugialap087@gmail.com,GET,/orders/me,9.158,200,ok,0,steady
1791233111.2489536,kiemthugialap061@gmail.com,GET,/concerts/{id},5.668,200,ok,0,steady
1791233111.2516022,kiemthugialap058@gmail.com,GET,/orders/me,11.168,200,ok,0,steady
1791233111.2519784,kiemthugialap066@gmail.com,GET,/orders/me,9.373,200,ok,0,steady
1791233111.2521424,kiemthugialap049@gmail.com,GET,/orders/me,10.671,200,ok,0,steady
1791233111.2537951,kiemthugialap046@gmail.com,GET,/orders/me,4.638,200,ok,0,steady
1791233111.3018346,kiemthugialap006@gmail.com,GET,/orders/me,9.743,200,ok,0,steady
1791233111.3023703,kiemthugialap080@gmail.com,GET,/orders/me,12.37,200,ok,0,steady
1791233111.3172796,kiemthugialap026@gmail.com,GET,/orders/me,9.706,200,ok,0,steady
1791233111.3224652,kiemthugialap076@gmail.com,GET,/concerts,4.804,200,ok,0,steady
1791233111.3472624,kiemthugialap014@gmail.com,GET,/orders/me,7.272,200,ok,0,steady
1791233111.351582,kiemthugialap029@gmail.com,GET,/concerts?on_sale=true,4.065,200,ok,0,steady
1791233111.3817508,kiemthugialap010@gmail.com,GET,/orders/me,8.717,200,ok,0,steady
1791233111.3832166,kiemthugialap027@gmail.com,GET,/orders/me,10.973,200,ok,0,steady
1791233111.3858588,kiemthugialap036@gmail.com,GET,/orders/me,3.838,200,ok,0,steady
1791233111.428246,kiemthugialap042@gmail.com,GET,/concerts,5.301,200,ok,0,steady
1791233111.4299443,kiemthugialap003@gmail.com,GET,/orders/me,7.726,200,ok,0,steady
1791233111.4330678,kiemthugialap005@gmail.com,GET,/orders/me,4.536,200,ok,0,steady
1791233111.4607341,kiemthugialap068@gmail.com,GET,/orders/me,4.618,200,ok,0,steady
1791233111.479111,kiemthugialap067@gmail.com,GET,/orders/me,6.09,200,ok,0,steady
1791233111.4794965,kiemthugialap063@gmail.com,GET,/orders/me,7.163,200,ok,0,steady
1791233111.49369,kiemthugialap085@gmail.com,GET,/concerts?on_sale=true,2.824,200,ok,0,steady
1791233111.5307198,kiemthugialap051@gmail.com,GET,/concerts,4.68,200,ok,0,steady
1791233111.5322237,kiemthugialap028@gmail.com,GET,/orders/me,7.364,200,ok,0,steady
1791233111.5645561,kiemthugialap007@gmail.com,GET,/orders/me,7.102,200,ok,0,steady
1791233111.5650146,kiemthugialap048@gmail.com,GET,/orders/me,6.585,200,ok,0,steady
1791233111.5796816,kiemthugialap015@gmail.com,GET,/orders/me,5.475,200,ok,0,steady
1791233111.5829926,kiemthugialap013@gmail.com,GET,/orders/me,3.152,200,ok,0,steady
1791233111.5966384,kiemthugialap043@gmail.com,GET,/orders/me,5.347,200,ok,0,steady
1791233111.628363,kiemthugialap035@gmail.com,GET,/concerts/{id},4.594,200,ok,0,steady
1791233111.6490817,kiemthugialap016@gmail.com,GET,/orders/me,8.141,200,ok,0,steady
1791233111.6497371,kiemthugialap070@gmail.com,GET,/orders/me,7.923,200,ok,0,steady
1791233111.6640484,kiemthugialap094@gmail.com,GET,/orders/me,6.924,200,ok,0,steady
1791233111.6644852,kiemthugialap047@gmail.com,GET,/orders/me,5.907,200,ok,0,steady
1791233111.6791558,kiemthugialap025@gmail.com,GET,/orders/me,4.826,200,ok,0,steady
1791233111.7148888,kiemthugialap023@gmail.com,GET,/concerts?on_sale=true,7.518,200,ok,0,steady
1791233111.716985,kiemthugialap038@gmail.com,GET,/orders/me,10.629,200,ok,0,steady
1791233111.717326,kiemthugialap084@gmail.com,GET,/orders/me,9.64,200,ok,0,steady
1791233111.7174823,kiemthugialap034@gmail.com,GET,/orders/me,10.556,200,ok,0,steady
1791233111.7471738,kiemthugialap093@gmail.com,GET,/orders/me,7.173,200,ok,0,steady
1791233111.7476351,kiemthugialap082@gmail.com,GET,/orders/me,5.903,200,ok,0,steady
1791233111.7615087,kiemthugialap020@gmail.com,GET,/orders/me,4.84,200,ok,0,steady
1791233111.7653692,kiemthugialap097@gmail.com,GET,/orders/me,3.632,200,ok,0,steady
1791233111.7775764,kiemthugialap033@gmail.com,GET,/orders/me,4.595,200,ok,0,steady
1791233111.81264,kiemthugialap044@gmail.com,GET,/orders/me,5.004,200,ok,0,steady
1791233111.8302438,kiemthugialap080@gmail.com,GET,/orders/me,5.014,200,ok,0,steady
1791233111.831591,kiemthugialap060@gmail.com,GET,/orders/me,7.437,200,ok,0,steady
1791233111.8347924,kiemthugialap092@gmail.com,GET,/orders/me,4.418,200,ok,0,steady
1791233111.8352857,kiemthugialap031@gmail.com,GET,/orders/me,4.629,200,ok,0,steady
1791233111.8802075,kiemthugialap037@gmail.com,GET,/concerts,5.297,200,ok,0,steady
1791233111.8805516,kiemthugialap073@gmail.com,GET,/concerts,5.395,200,ok,0,steady
1791233111.8814592,kiemthugialap079@gmail.com,GET,/orders/me,7.305,200,ok,0,steady
1791233111.8958857,kiemthugialap099@gmail.com,GET,/orders/me,4.838,200,ok,0,steady
1791233111.915796,kiemthugialap050@gmail.com,GET,/orders/me,6.595,200,ok,0,steady
1791233111.9162,kiemthugialap032@gmail.com,GET,/orders/me,8.308,200,ok,0,steady
1791233111.9648895,kiemthugialap089@gmail.com,GET,/concerts,7.795,200,ok,0,steady
1791233111.9664924,kiemthugialap017@gmail.com,GET,/orders/me,10.472,200,ok,0,steady
1791233111.9697285,kiemthugialap066@gmail.com,GET,/orders/me,4.597,200,ok,0,steady
1791233111.9781456,kiemthugialap059@gmail.com,GET,/orders/me,5.785,200,ok,0,steady
1791233111.9825764,kiemthugialap012@gmail.com,GET,/orders/me,4.173,200,ok,0,steady
1791233112.0423856,kiemthugialap088@gmail.com,GET,/concerts,3.983,200,ok,0,steady
1791233112.044882,kiemthugialap090@gmail.com,GET,/concerts?on_sale=true,2.275,200,ok,0,steady
1791233112.0595171,kiemthugialap075@gmail.com,GET,/concerts?on_sale=true,4.006,200,ok,0,steady
1791233112.0653806,kiemthugialap055@gmail.com,GET,/orders/me,5.678,200,ok,0,steady
1791233112.0659,kiemthugialap009@gmail.com,GET,/orders/me,5.618,200,ok,0,steady
1791233112.075883,kiemthugialap052@gmail.com,GET,/concerts/{id},3.785,200,ok,0,steady
1791233112.0799606,kiemthugialap077@gmail.com,GET,/concerts,3.759,200,ok,0,steady
1791233112.1165986,kiemthugialap100@gmail.com,GET,/orders/me,10.7,200,ok,0,steady
1791233112.1171548,kiemthugialap078@gmail.com,GET,/orders/me,9.434,200,ok,0,steady
1791233112.1175253,kiemthugialap053@gmail.com,GET,/orders/me,10.332,200,ok,0,steady
1791233112.1203873,kiemthugialap054@gmail.com,GET,/concerts?on_sale=true,2.697,200,ok,0,steady
1791233112.1468794,kiemthugialap049@gmail.com,GET,/concerts,7.743,200,ok,0,steady
1791233112.1494744,kiemthugialap091@gmail.com,GET,/concerts,9.513,200,ok,0,steady
1791233112.1501105,kiemthugialap063@gmail.com,GET,/concerts/{id},10.499,200,ok,0,steady
1791233112.1536598,kiemthugialap030@gmail.com,GET,/orders/me,6.526,200,ok,0,steady
1791233112.154666,kiemthugialap027@gmail.com,GET,/orders/me,6.88,200,ok,0,steady
1791233112.1809115,kiemthugialap047@gmail.com,GET,/orders/me,8.51,200,ok,0,steady
1791233112.1815035,kiemthugialap071@gmail.com,GET,/orders/me,7.805,200,ok,0,steady
1791233112.19417,kiemthugialap040@gmail.com,GET,/orders/me,4.921,200,ok,0,steady
1791233112.2104924,kiemthugialap062@gmail.com,GET,/orders/me,4.454,200,ok,0,steady
1791233112.2452435,kiemthugialap002@gmail.com,GET,/orders/me,4.362,200,ok,0,steady
1791233112.2483804,kiemthugialap057@gmail.com,GET,/orders/me,2.989,200,ok,0,steady
1791233112.261961,kiemthugialap041@gmail.com,GET,/orders/me,6.219,200,ok,0,steady
1791233112.2668839,kiemthugialap013@gmail.com,GET,/orders/me,4.668,200,ok,0,steady
1791233112.2678044,kiemthugialap008@gmail.com,GET,/orders/me,4.642,200,ok,0,steady
1791233112.2823198,kiemthugialap086@gmail.com,GET,/orders/me,8.661,200,ok,0,steady
1791233112.2827976,kiemthugialap070@gmail.com,GET,/orders/me,8.56,200,ok,0,steady
1791233112.3133981,kiemthugialap026@gmail.com,GET,/orders/me,5.211,200,ok,0,steady
1791233112.3137946,kiemthugialap014@gmail.com,GET,/orders/me,6.369,200,ok,0,steady
1791233112.327719,kiemthugialap082@gmail.com,GET,/concerts/{id},4.065,200,ok,0,steady
1791233112.362187,kiemthugialap056@gmail.com,GET,/concerts,5.032,200,ok,0,steady
1791233112.3632424,kiemthugialap018@gmail.com,GET,/orders/me,5.26,200,ok,0,steady
1791233112.4112742,kiemthugialap095@gmail.com,GET,/orders/me,5.148,200,ok,0,steady
1791233112.4280019,kiemthugialap010@gmail.com,GET,/orders/me,4.559,200,ok,0,steady
1791233112.464323,kiemthugialap021@gmail.com,GET,/orders/me,23.741,200,ok,0,steady
1791233112.4649105,kiemthugialap094@gmail.com,GET,/orders/me,23.405,200,ok,0,steady
1791233112.5121999,kiemthugialap037@gmail.com,GET,/concerts/{id},22.698,200,ok,0,steady
1791233112.512928,kiemthugialap038@gmail.com,GET,/orders/me,22.618,200,ok,0,steady
1791233112.5163014,kiemthugialap039@gmail.com,GET,/concerts,9.714,200,ok,0,steady
1791233112.5172882,kiemthugialap087@gmail.com,GET,/concerts/{id},11.861,200,ok,0,steady
1791233112.5628662,kiemthugialap081@gmail.com,GET,/concerts?on_sale=true,7.102,200,ok,0,steady
1791233112.5646822,kiemthugialap035@gmail.com,GET,/orders/me,7.751,200,ok,0,steady
1791233112.5673006,kiemthugialap061@gmail.com,GET,/orders/me,3.959,200,ok,0,steady
1791233112.6007128,kiemthugialap072@gmail.com,GET,/concerts?on_sale=true,10.182,200,ok,0,steady
1791233112.6024673,kiemthugialap004@gmail.com,GET,/orders/me,13.57,200,ok,0,steady
1791233112.6032264,kiemthugialap065@gmail.com,GET,/orders/me,13.47,200,ok,0,steady
1791233112.604605,kiemthugialap075@gmail.com,GET,/orders/me,14.488,200,ok,0,steady
1791233112.6079965,kiemthugialap098@gmail.com,GET,/orders/me,6.999,200,ok,0,steady
1791233112.6664748,kiemthugialap019@gmail.com,GET,/orders/me,8.71,200,ok,0,steady
1791233112.6676877,kiemthugialap064@gmail.com,GET,/orders/me,11.183,200,ok,0,steady
1791233112.6692626,kiemthugialap046@gmail.com,GET,/concerts,2.568,200,ok,0,steady
1791233112.6729805,kiemthugialap006@gmail.com,GET,/orders/me,3.399,200,ok,0,steady
1791233112.697986,kiemthugialap083@gmail.com,GET,/orders/me,7.986,200,ok,0,steady
1791233112.700093,kiemthugialap042@gmail.com,GET,/concerts,5.393,200,ok,0,steady
1791233112.7010942,kiemthugialap001@gmail.com,GET,/orders/me,7.012,200,ok,0,steady
1791233112.729873,kiemthugialap011@gmail.com,GET,/orders/me,7.406,200,ok,0,steady
1791233112.7699113,kiemthugialap043@gmail.com,GET,/concerts,11.337,200,ok,0,steady
1791233112.7704341,kiemthugialap025@gmail.com,GET,/concerts?on_sale=true,12.624,200,ok,0,steady
1791233112.7709236,kiemthugialap074@gmail.com,GET,/concerts/{id},14.106,200,ok,0,steady
1791233112.7730908,kiemthugialap096@gmail.com,GET,/orders/me,14.986,200,ok,0,steady
1791233112.7743165,kiemthugialap045@gmail.com,GET,/orders/me,15.596,200,ok,0,steady
1791233112.7754476,kiemthugialap036@gmail.com,GET,/orders/me,17.14,200,ok,0,steady
1791233112.7773113,kiemthugialap069@gmail.com,GET,/concerts,8.47,200,ok,0,steady
1791233112.7795851,kiemthugialap005@gmail.com,GET,/concerts?on_sale=true,8.521,200,ok,0,steady
1791233112.780673,kiemthugialap013@gmail.com,GET,/concerts?on_sale=true,6.206,200,ok,0,steady
1791233112.781874,kiemthugialap053@gmail.com,GET,/orders/me,8.605,200,ok,0,steady
1791233112.8132524,kiemthugialap085@gmail.com,GET,/orders/me,6.849,200,ok,0,steady
1791233112.813696,kiemthugialap100@gmail.com,GET,/orders/me,6.595,200,ok,0,steady
1791233112.858459,kiemthugialap067@gmail.com,GET,/concerts/{id},19.685,200,ok,0,steady
1791233112.8616986,kiemthugialap031@gmail.com,GET,/orders/me,22.34,200,ok,0,steady
1791233112.8636737,kiemthugialap041@gmail.com,GET,/orders/me,6.741,200,ok,0,steady
1791233112.8640044,kiemthugialap049@gmail.com,GET,/orders/me,8.126,200,ok,0,steady
1791233112.9001358,kiemthugialap058@gmail.com,GET,/concerts,8.176,200,ok,0,steady
1791233112.9005582,kiemthugialap016@gmail.com,GET,/concerts/{id},8.406,200,ok,0,steady
1791233112.9014878,kiemthugialap051@gmail.com,GET,/orders/me,10.308,200,ok,0,steady
1791233112.9119685,kiemthugialap030@gmail.com,GET,/concerts/{id},4.57,200,ok,0,steady
1791233112.912353,kiemthugialap022@gmail.com,GET,/concerts,5.897,200,ok,0,steady
1791233112.9285555,kiemthugialap068@gmail.com,GET,/concerts,4.636,200,ok,0,steady
1791233112.929649,kiemthugialap009@gmail.com,GET,/orders/me,6.702,200,ok,0,steady
1791233112.9789274,kiemthugialap066@gmail.com,GET,/concerts/{id},5.777,200,ok,0,steady
1791233112.9792807,kiemthugialap007@gmail.com,GET,/concerts/{id},4.105,200,ok,0,steady
1791233112.9949348,kiemthugialap097@gmail.com,GET,/concerts,4.552,200,ok,0,steady
1791233112.99819,kiemthugialap024@gmail.com,GET,/orders/me,6.521,200,ok,0,steady
1791233112.998536,kiemthugialap017@gmail.com,GET,/orders/me,6.493,200,ok,0,steady
1791233113.0133626,kiemthugialap077@gmail.com,GET,/orders/me,6.041,200,ok,0,steady
1791233113.030064,kiemthugialap099@gmail.com,GET,/concerts,5.915,200,ok,0,steady
1791233113.0314262,kiemthugialap048@gmail.com,GET,/orders/me,6.176,200,ok,0,steady
1791233113.03279,kiemthugialap089@gmail.com,GET,/concerts,2.453,200,ok,0,steady
1791233113.0621555,kiemthugialap076@gmail.com,GET,/orders/me,5.087,200,ok,0,steady
1791233113.0649307,kiemthugialap093@gmail.com,GET,/concerts/{id},2.617,200,ok,0,steady
1791233113.09612,kiemthugialap032@gmail.com,GET,/concerts/{id},5.079,200,ok,0,steady
1791233113.113417,kiemthugialap023@gmail.com,GET,/concerts/{id},6.15,200,ok,0,steady
1791233113.1287699,kiemthugialap004@gmail.com,GET,/orders/me,6.333,200,ok,0,steady
1791233113.1654966,kiemthugialap026@gmail.com,GET,/concerts,7.258,200,ok,0,steady
1791233113.16662,kiemthugialap015@gmail.com,GET,/orders/me,9.441,200,ok,0,steady
1791233113.1887405,kiemthugialap010@gmail.com,GET,/orders/me,14.03,200,ok,0,steady
1791233113.1893332,kiemthugialap060@gmail.com,GET,/orders/me,15.814,200,ok,0,steady
1791233113.2123978,kiemthugialap033@gmail.com,GET,/concerts/{id},6.476,200,ok,0,steady
1791233113.2136889,kiemthugialap028@gmail.com,GET,/orders/me,8.568,200,ok,0,steady
1791233113.2263017,kiemthugialap002@gmail.com,GET,/concerts/{id},5.758,200,ok,0,steady
1791233113.2625315,kiemthugialap091@gmail.com,GET,/orders/me,8.224,200,ok,0,steady
1791233113.2677836,kiemthugialap063@gmail.com,GET,/concerts?on_sale=true,4.839,200,ok,0,steady
1791233113.2880197,kiemthugialap079@gmail.com,GET,/concerts/{id},4.805,200,ok,0,steady
1791233113.289314,kiemthugialap029@gmail.com,GET,/orders/me,6.785,200,ok,0,steady
1791233113.3205526,kiemthugialap084@gmail.com,GET,/orders/me,7.457,200,ok,0,steady
1791233113.326853,kiemthugialap094@gmail.com,GET,/orders/me,5.981,200,ok,0,steady
1791233113.3443267,kiemthugialap003@gmail.com,GET,/orders/me,7.752,200,ok,0,steady
1791233113.344764,kiemthugialap059@gmail.com,GET,/orders/me,7.37,200,ok,0,steady
1791233113.376106,kiemthugialap062@gmail.com,GET,/orders/me,9.218,200,ok,0,steady
1791233113.3774061,kiemthugialap080@gmail.com,GET,/orders/me,11.432,200,ok,0,steady
1791233113.3778067,kiemthugialap086@gmail.com,GET,/orders/me,10.525,200,ok,0,steady
1791233113.3797195,kiemthugialap100@gmail.com,GET,/orders/me,3.387,200,ok,0,steady
1791233113.4100595,kiemthugialap052@gmail.com,GET,/concerts,6.042,200,ok,0,steady
1791233113.4202745,kiemthugialap055@gmail.com,GET,/orders/me,9.951,200,ok,0,steady
1791233113.4238462,kiemthugialap054@gmail.com,GET,/orders/me,8.177,200,ok,0,steady
1791233113.4550374,kiemthugialap018@gmail.com,GET,/concerts?on_sale=true,5.156,200,ok,0,steady
1791233113.4918928,kiemthugialap090@gmail.com,GET,/orders/me,10.722,200,ok,0,steady
1791233113.4930751,kiemthugialap001@gmail.com,GET,/orders/me,8.712,200,ok,0,steady
1791233113.496622,kiemthugialap070@gmail.com,GET,/orders/me,4.546,200,ok,0,steady
1791233113.5202456,kiemthugialap016@gmail.com,GET,/orders/me,6.3,200,ok,0,steady
1791233113.5388796,kiemthugialap020@gmail.com,GET,/concerts?on_sale=true,7.702,200,ok,0,steady
1791233113.5406842,kiemthugialap097@gmail.com,GET,/orders/me,8.114,200,ok,0,steady
1791233113.5435197,kiemthugialap034@gmail.com,GET,/orders/me,4.295,200,ok,0,steady
1791233113.5541143,kiemthugialap039@gmail.com,GET,/concerts,5.285,200,ok,0,steady
1791233113.5544991,kiemthugialap061@gmail.com,GET,/concerts/{id},6.326,200,ok,0,steady
1791233113.5724416,kiemthugialap077@gmail.com,GET,/concerts/{id},7.3,200,ok,0,steady
1791233113.5919728,kiemthugialap073@gmail.com,GET,/concerts,5.147,200,ok,0,steady
1791233113.5933943,kiemthugialap025@gmail.com,GET,/orders/me,8.791,200,ok,0,steady
1791233113.5962315,kiemthugialap064@gmail.com,GET,/orders/me,4.031,200,ok,0,steady
1791233113.5992727,kiemthugialap056@gmail.com,GET,/concerts/{id},2.88,200,ok,0,steady
1791233113.6319807,kiemthugialap071@gmail.com,GET,/orders/me,8.436,200,ok,0,steady
1791233113.6328716,kiemthugialap009@gmail.com,GET,/orders/me,10.284,200,ok,0,steady
1791233113.6422334,kiemthugialap013@gmail.com,GET,/orders/me,11.998,200,ok,0,steady
1791233113.6441123,kiemthugialap057@gmail.com,GET,/orders/me,11.016,200,ok,0,steady
1791233113.644537,kiemthugialap050@gmail.com,GET,/orders/me,14.909,200,ok,0,steady
1791233113.6461728,kiemthugialap044@gmail.com,GET,/concerts?on_sale=true,3.636,200,ok,0,steady
1791233113.696447,kiemthugialap088@gmail.com,GET,/concerts/{id},7.946,200,ok,0,steady
1791233113.6983302,kiemthugialap078@gmail.com,GET,/orders/me,10.207,200,ok,0,steady
1791233113.6988993,kiemthugialap040@gmail.com,GET,/orders/me,11.535,200,ok,0,steady
1791233113.7196908,kiemthugialap012@gmail.com,GET,/concerts?on_sale=true,3.973,200,ok,0,steady
1791233113.7365756,kiemthugialap053@gmail.com,GET,/concerts/{id},5.292,200,ok,0,steady
1791233113.7543814,kiemthugialap083@gmail.com,GET,/concerts,5.572,200,ok,0,steady
1791233113.791127,kiemthugialap082@gmail.com,GET,/concerts/{id},5.854,200,ok,0,steady
1791233113.7923658,kiemthugialap092@gmail.com,GET,/orders/me,8.418,200,ok,0,steady
1791233113.804853,kiemthugialap076@gmail.com,GET,/orders/me,4.839,200,ok,0,steady
1791233113.8225756,kiemthugialap011@gmail.com,GET,/orders/me,6.965,200,ok,0,steady
1791233113.8388107,kiemthugialap075@gmail.com,GET,/orders/me,6.086,200,ok,0,steady
1791233113.8904274,kiemthugialap063@gmail.com,GET,/concerts/{id},6.133,200,ok,0,steady
1791233113.9083805,kiemthugialap027@gmail.com,GET,/orders/me,6.689,200,ok,0,steady
1791233113.9403315,kiemthugialap014@gmail.com,GET,/concerts,8.352,200,ok,0,steady
1791233113.940893,kiemthugialap095@gmail.com,GET,/concerts?on_sale=true,7.216,200,ok,0,steady
1791233113.941317,kiemthugialap099@gmail.com,GET,/concerts?on_sale=true,8.16,200,ok,0,steady
1791233113.9689426,kiemthugialap037@gmail.com,GET,/concerts,3.981,200,ok,0,steady
1791233113.986673,kiemthugialap085@gmail.com,GET,/concerts/{id},4.101,200,ok,0,steady
1791233113.9926512,kiemthugialap005@gmail.com,GET,/orders/me,5.432,200,ok,0,steady
1791233113.9930267,kiemthugialap046@gmail.com,GET,/orders/me,6.17,200,ok,0,steady
1791233114.0412238,kiemthugialap019@gmail.com,GET,/orders/me,7.876,200,ok,0,steady
1791233114.0574853,kiemthugialap098@gmail.com,GET,/orders/me,7.765,200,ok,0,steady
1791233114.090358,kiemthugialap035@gmail.com,GET,/orders/me,8.455,200,ok,0,steady
1791233114.114166,kiemthugialap047@gmail.com,GET,/concerts/{id},7.731,200,ok,0,steady
1791233114.1166937,kiemthugialap065@gmail.com,GET,/orders/me,11.325,200,ok,0,steady
1791233114.117288,kiemthugialap021@gmail.com,GET,/orders/me,10.542,200,ok,0,steady
1791233114.1579745,kiemthugialap022@gmail.com,GET,/concerts/{id},7.963,200,ok,0,steady
1791233114.158533,kiemthugialap045@gmail.com,GET,/orders/me,24.699,200,ok,0,steady
1791233114.1609251,kiemthugialap072@gmail.com,GET,/orders/me,28.331,200,ok,0,steady
1791233114.1611085,kiemthugialap066@gmail.com,GET,/orders/me,26.913,200,ok,0,steady
1791233114.1619716,kiemthugialap038@gmail.com,GET,/orders/me,12.564,200,ok,0,steady
1791233114.1640372,kiemthugialap008@gmail.com,GET,/orders/me,5.365,200,ok,0,steady
1791233114.1682298,kiemthugialap031@gmail.com,GET,/orders/me,4.056,200,ok,0,steady
1791233114.2074018,kiemthugialap081@gmail.com,GET,/orders/me,7.769,200,ok,0,steady
1791233114.2077484,kiemthugialap089@gmail.com,GET,/orders/me,7.014,200,ok,0,steady
1791233114.2080069,kiemthugialap055@gmail.com,GET,/orders/me,7.566,200,ok,0,steady
1791233114.2359266,kiemthugialap087@gmail.com,GET,/orders/me,4.966,200,ok,0,steady
1791233114.2558331,kiemthugialap088@gmail.com,GET,/concerts/{id},4.809,200,ok,0,steady
1791233114.2562404,kiemthugialap001@gmail.com,GET,/concerts/{id},5.53,200,ok,0,steady
1791233114.2571533,kiemthugialap042@gmail.com,GET,/orders/me,7.905,200,ok,0,steady
1791233114.270143,kiemthugialap080@gmail.com,GET,/orders/me,5.035,200,ok,0,steady
1791233114.288511,kiemthugialap074@gmail.com,GET,/orders/me,5.375,200,ok,0,steady
1791233114.2921636,kiemthugialap096@gmail.com,GET,/concerts?on_sale=true,3.375,200,ok,0,steady
1791233114.295583,kiemthugialap023@gmail.com,GET,/orders/me,3.247,200,ok,0,steady
1791233114.3239596,kiemthugialap039@gmail.com,GET,/concerts,8.245,200,ok,0,steady
1791233114.3249192,kiemthugialap082@gmail.com,GET,/concerts,10.645,200,ok,0,steady
1791233114.328626,kiemthugialap043@gmail.com,GET,/orders/me,11.549,200,ok,0,steady
1791233114.335295,kiemthugialap052@gmail.com,GET,/orders/me,6.508,200,ok,0,steady
1791233114.3598366,kiemthugialap041@gmail.com,GET,/concerts/{id},9.375,200,ok,0,steady
1791233114.3684402,kiemthugialap054@gmail.com,GET,/orders/me,8.189,200,ok,0,steady
1791233114.385886,kiemthugialap032@gmail.com,GET,/orders/me,16.731,200,ok,0,steady
1791233114.3924205,kiemthugialap056@gmail.com,GET,/concerts?on_sale=true,10.865,200,ok,0,steady
1791233114.4355845,kiemthugialap011@gmail.com,GET,/concerts,23.112,200,ok,0,steady
1791233114.4384866,kiemthugialap004@gmail.com,GET,/concerts/{id},26.705,200,ok,0,steady
1791233114.447481,kiemthugialap017@gmail.com,GET,/orders/me,15.443,200,ok,0,steady
1791233114.449336,kiemthugialap012@gmail.com,GET,/orders/me,15.735,200,ok,0,steady
1791233114.449737,kiemthugialap051@gmail.com,GET,/orders/me,15.71,200,ok,0,steady
1791233114.4499054,kiemthugialap002@gmail.com,GET,/orders/me,24.394,200,ok,0,steady
1791233114.4510517,kiemthugialap026@gmail.com,GET,/orders/me,7.817,200,ok,0,steady
1791233114.4822874,kiemthugialap053@gmail.com,GET,/concerts,4.962,200,ok,0,steady
1791233114.4827638,kiemthugialap070@gmail.com,GET,/concerts/{id},6.573,200,ok,0,steady
1791233114.4838853,kiemthugialap009@gmail.com,GET,/orders/me,6.874,200,ok,0,steady
1791233114.4973052,kiemthugialap097@gmail.com,GET,/concerts?on_sale=true,4.789,200,ok,0,steady
1791233114.5007098,kiemthugialap010@gmail.com,GET,/concerts?on_sale=true,3.167,200,ok,0,steady
1791233114.5035243,kiemthugialap049@gmail.com,GET,/orders/me,3.936,200,ok,0,steady
1791233114.5063977,kiemthugialap067@gmail.com,GET,/orders/me,2.73,200,ok,0,steady
1791233114.5100288,kiemthugialap006@gmail.com,GET,/orders/me,3.513,200,ok,0,steady
1791233114.5131612,kiemthugialap093@gmail.com,GET,/orders/me,2.967,200,ok,0,steady
1791233114.5169477,kiemthugialap024@gmail.com,GET,/orders/me,3.644,200,ok,0,steady
1791233114.5523436,kiemthugialap069@gmail.com,GET,/concerts,8.511,200,ok,0,steady
1791233114.5534313,kiemthugialap033@gmail.com,GET,/orders/me,10.689,200,ok,0,steady
1791233114.5539403,kiemthugialap079@gmail.com,GET,/orders/me,9.623,200,ok,0,steady
1791233114.5657628,kiemthugialap029@gmail.com,GET,/concerts,3.957,200,ok,0,steady
1791233114.5668323,kiemthugialap100@gmail.com,GET,/orders/me,7.323,200,ok,0,steady
1791233114.6168718,kiemthugialap018@gmail.com,GET,/orders/me,7.122,200,ok,0,steady
1791233114.6173007,kiemthugialap037@gmail.com,GET,/orders/me,6.496,200,ok,0,steady
1791233114.6472042,kiemthugialap084@gmail.com,GET,/concerts,5.906,200,ok,0,steady
1791233114.648072,kiemthugialap063@gmail.com,GET,/orders/me,7.868,200,ok,0,steady
1791233114.664374,kiemthugialap003@gmail.com,GET,/orders/me,4.884,200,ok,0,steady
1791233114.6665423,kiemthugialap007@gmail.com,GET,/concerts/{id},2.024,200,ok,0,steady
1791233114.6928408,kiemthugialap025@gmail.com,GET,/orders/me,6.539,200,ok,0,steady
1791233114.6935413,kiemthugialap036@gmail.com,GET,/orders/me,5.554,200,ok,0,steady
1791233114.7132356,kiemthugialap047@gmail.com,GET,/concerts?on_sale=true,5.462,200,ok,0,steady
1791233114.7143717,kiemthugialap031@gmail.com,GET,/orders/me,5.48,200,ok,0,steady
1791233114.7462006,kiemthugialap092@gmail.com,GET,/orders/me,5.432,200,ok,0,steady
1791233114.7813978,kiemthugialap016@gmail.com,GET,/orders/me,5.381,200,ok,0,steady
1791233114.7817893,kiemthugialap045@gmail.com,GET,/orders/me,6.982,200,ok,0,steady
1791233114.8148494,kiemthugialap040@gmail.com,GET,/concerts?on_sale=true,7.344,200,ok,0,steady
1791233114.816694,kiemthugialap059@gmail.com,GET,/orders/me,8.186,200,ok,0,steady
1791233114.8197556,kiemthugialap081@gmail.com,GET,/concerts/{id},4.731,200,ok,0,steady
1791233114.8203576,kiemthugialap030@gmail.com,GET,/orders/me,4.92,200,ok,0,steady
1791233114.8314633,kiemthugialap060@gmail.com,GET,/orders/me,5.988,200,ok,0,steady
1791233114.8481114,kiemthugialap058@gmail.com,GET,/concerts?on_sale=true,5.749,200,ok,0,steady
1791233114.8530173,kiemthugialap048@gmail.com,GET,/orders/me,4.657,200,ok,0,steady
1791233114.8820653,kiemthugialap057@gmail.com,GET,/orders/me,6.779,200,ok,0,steady
1791233114.8858955,kiemthugialap085@gmail.com,GET,/orders/me,3.643,200,ok,0,steady
1791233114.8957534,kiemthugialap028@gmail.com,GET,/orders/me,5.161,200,ok,0,steady
1791233114.9008284,kiemthugialap068@gmail.com,GET,/orders/me,4.882,200,ok,0,steady
1791233114.9333544,kiemthugialap019@gmail.com,GET,/orders/me,6.259,200,ok,0,steady
1791233114.9338033,kiemthugialap027@gmail.com,GET,/orders/me,7.356,200,ok,0,steady
1791233114.9499269,kiemthugialap076@gmail.com,GET,/orders/me,7.754,200,ok,0,steady
1791233114.9504077,kiemthugialap080@gmail.com,GET,/orders/me,7.713,200,ok,0,steady
1791233114.9642403,kiemthugialap038@gmail.com,GET,/orders/me,6.449,200,ok,0,steady
1791233114.972724,kiemthugialap051@gmail.com,GET,/orders/me,8.185,200,ok,0,steady
1791233114.9731688,kiemthugialap014@gmail.com,GET,/orders/me,8.098,200,ok,0,steady
1791233114.9734712,kiemthugialap077@gmail.com,GET,/orders/me,7.367,200,ok,0,steady
1791233114.9782703,kiemthugialap094@gmail.com,GET,/orders/me,4.671,200,ok,0,steady
1791233115.030787,kiemthugialap086@gmail.com,GET,/concerts,20.134,200,ok,0,steady
1791233115.0452688,kiemthugialap083@gmail.com,GET,/orders/me,35.047,200,ok,0,steady
1791233115.0457838,kiemthugialap082@gmail.com,GET,/orders/me,36.226,200,ok,0,steady
1791233115.04751,kiemthugialap015@gmail.com,GET,/orders/me,22.163,200,ok,0,steady
1791233115.0488772,kiemthugialap073@gmail.com,GET,/concerts?on_sale=true,7.288,200,ok,0,steady
1791233115.0510433,kiemthugialap044@gmail.com,GET,/concerts?on_sale=true,3.347,200,ok,0,steady
1791233115.0531573,kiemthugialap098@gmail.com,GET,/orders/me,4.1,200,ok,0,steady
1791233115.077164,kiemthugialap046@gmail.com,GET,/concerts/{id},4.528,200,ok,0,steady
1791233115.1115124,kiemthugialap026@gmail.com,GET,/orders/me,7.105,200,ok,0,steady
1791233115.1118808,kiemthugialap087@gmail.com,GET,/orders/me,6.557,200,ok,0,steady
1791233115.1299095,kiemthugialap078@gmail.com,GET,/orders/me,8.524,200,ok,0,steady
1791233115.13045,kiemthugialap072@gmail.com,GET,/orders/me,8.799,200,ok,0,steady
1791233115.1307642,kiemthugialap088@gmail.com,GET,/orders/me,10.173,200,ok,0,steady
1791233115.177166,kiemthugialap062@gmail.com,GET,/orders/me,6.904,200,ok,0,steady
1791233115.2374084,kiemthugialap013@gmail.com,GET,/orders/me,10.093,200,ok,0,steady
1791233115.2378345,kiemthugialap071@gmail.com,GET,/orders/me,12.442,200,ok,0,steady
1791233115.2381215,kiemthugialap067@gmail.com,GET,/orders/me,11.143,200,ok,0,steady
1791233115.2383914,kiemthugialap091@gmail.com,GET,/orders/me,11.851,200,ok,0,steady
1791233115.2459683,kiemthugialap020@gmail.com,GET,/orders/me,5.026,200,ok,0,steady
1791233115.291337,kiemthugialap012@gmail.com,GET,/concerts/{id},17.338,200,ok,0,steady
1791233115.2945755,kiemthugialap042@gmail.com,GET,/orders/me,21.542,200,ok,0,steady
1791233115.2968981,kiemthugialap022@gmail.com,GET,/concerts?on_sale=true,7.949,200,ok,0,steady
1791233115.297832,kiemthugialap034@gmail.com,GET,/concerts?on_sale=true,5.572,200,ok,0,steady
1791233115.298886,kiemthugialap005@gmail.com,GET,/orders/me,7.391,200,ok,0,steady
1791233115.3108609,kiemthugialap001@gmail.com,GET,/orders/me,5.372,200,ok,0,steady
1791233115.3269837,kiemthugialap096@gmail.com,GET,/orders/me,5.093,200,ok,0,steady
1791233115.346776,kiemthugialap075@gmail.com,GET,/orders/me,6.477,200,ok,0,steady
1791233115.347807,kiemthugialap036@gmail.com,GET,/orders/me,8.297,200,ok,0,steady
1791233115.3481872,kiemthugialap008@gmail.com,GET,/orders/me,9.919,200,ok,0,steady
1791233115.3495874,kiemthugialap039@gmail.com,GET,/concerts/{id},2.638,200,ok,0,steady
1791233115.3760107,kiemthugialap090@gmail.com,GET,/orders/me,5.428,200,ok,0,steady
1791233115.3798778,kiemthugialap099@gmail.com,GET,/orders/me,3.654,200,ok,0,steady
1791233115.3842568,kiemthugialap050@gmail.com,GET,/orders/me,4.236,200,ok,0,steady
1791233115.3851879,kiemthugialap029@gmail.com,GET,/orders/me,4.559,200,ok,0,steady
1791233115.4072258,kiemthugialap048@gmail.com,GET,/concerts/{id},4.253,200,ok,0,steady
1791233115.4434652,kiemthugialap047@gmail.com,GET,/orders/me,5.382,200,ok,0,steady
1791233115.4438903,kiemthugialap054@gmail.com,GET,/orders/me,7.337,200,ok,0,steady
1791233115.4742002,kiemthugialap024@gmail.com,GET,/orders/me,4.924,200,ok,0,steady
1791233115.4783945,kiemthugialap074@gmail.com,GET,/orders/me,3.948,200,ok,0,steady
1791233115.4813256,kiemthugialap077@gmail.com,GET,/orders/me,2.799,200,ok,0,steady
1791233115.4840646,kiemthugialap032@gmail.com,GET,/orders/me,2.613,200,ok,0,steady
1791233115.5197406,kiemthugialap058@gmail.com,GET,/orders/me,19.103,200,ok,0,steady
1791233115.5207238,kiemthugialap061@gmail.com,GET,/orders/me,17.89,200,ok,0,steady
1791233115.521233,kiemthugialap055@gmail.com,GET,/concerts?on_sale=true,5.161,200,ok,0,steady
1791233115.5373256,kiemthugialap007@gmail.com,GET,/concerts/{id},4.916,200,ok,0,steady
1791233115.5383492,kiemthugialap053@gmail.com,GET,/orders/me,4.788,200,ok,0,steady
1791233115.5514684,kiemthugialap025@gmail.com,GET,/concerts/{id},3.292,200,ok,0,steady
1791233115.5731657,kiemthugialap059@gmail.com,GET,/orders/me,7.76,200,ok,0,steady
1791233115.574215,kiemthugialap084@gmail.com,GET,/orders/me,9.763,200,ok,0,steady
1791233115.574532,kiemthugialap035@gmail.com,GET,/orders/me,8.01,200,ok,0,steady
1791233115.575926,kiemthugialap009@gmail.com,GET,/concerts?on_sale=true,2.57,200,ok,0,steady
1791233115.5999675,kiemthugialap064@gmail.com,GET,/orders/me,4.273,200,ok,0,steady
1791233115.6495633,kiemthugialap031@gmail.com,GET,/orders/me,5.798,200,ok,0,steady
1791233115.6499128,kiemthugialap030@gmail.com,GET,/orders/me,5.454,200,ok,0,steady
1791233115.6835396,kiemthugialap056@gmail.com,GET,/orders/me,7.399,200,ok,0,steady
1791233115.684639,kiemthugialap037@gmail.com,GET,/orders/me,7.15,200,ok,0,steady
1791233115.6860125,kiemthugialap018@gmail.com,GET,/concerts/{id},2.264,200,ok,0,steady
1791233115.6980703,kiemthugialap086@gmail.com,GET,/orders/me,4.781,200,ok,0,steady
1791233115.7480888,kiemthugialap006@gmail.com,GET,/orders/me,6.097,200,ok,0,steady
1791233115.7640903,kiemthugialap033@gmail.com,GET,/orders/me,4.969,200,ok,0,steady
1791233115.7814596,kiemthugialap026@gmail.com,GET,/orders/me,5.695,200,ok,0,steady
1791233115.7966084,kiemthugialap017@gmail.com,GET,/concerts/{id},4.23,200,ok,0,steady
1791233115.8139029,kiemthugialap095@gmail.com,GET,/orders/me,5.71,200,ok,0,steady
1791233115.829513,kiemthugialap041@gmail.com,GET,/orders/me,4.729,200,ok,0,steady
1791233115.8494377,kiemthugialap069@gmail.com,GET,/orders/me,6.828,200,ok,0,steady
1791233115.8498533,kiemthugialap003@gmail.com,GET,/orders/me,6.02,200,ok,0,steady
1791233115.865147,kiemthugialap071@gmail.com,GET,/concerts?on_sale=true,5.517,200,ok,0,steady
1791233115.8662267,kiemthugialap082@gmail.com,GET,/orders/me,5.448,200,ok,0,steady
1791233115.8823922,kiemthugialap081@gmail.com,GET,/concerts?on_sale=true,5.017,200,ok,0,steady
1791233115.8833885,kiemthugialap021@gmail.com,GET,/orders/me,7.329,200,ok,0,steady
1791233115.885462,kiemthugialap034@gmail.com,GET,/orders/me,2.892,200,ok,0,steady
1791233115.8947666,kiemthugialap052@gmail.com,GET,/concerts,3.241,200,ok,0,steady
1791233115.8984196,kiemthugialap065@gmail.com,GET,/concerts/{id},3.512,200,ok,0,steady
1791233115.8997238,kiemthugialap023@gmail.com,GET,/orders/me,4.266,200,ok,0,steady
1791233115.9446092,kiemthugialap011@gmail.com,GET,/orders/me,4.65,200,ok,0,steady
1791233115.9789147,kiemthugialap066@gmail.com,GET,/concerts?on_sale=true,4.235,200,ok,0,steady
1791233116.005354,kiemthugialap039@gmail.com,GET,/orders/me,13.317,200,ok,0,steady
1791233116.0058053,kiemthugialap046@gmail.com,GET,/orders/me,13.451,200,ok,0,steady
1791233116.0061135,kiemthugialap078@gmail.com,GET,/orders/me,14.771,200,ok,0,steady
1791233116.006564,kiemthugialap089@gmail.com,GET,/orders/me,16.024,200,ok,0,steady
1791233116.0070634,kiemthugialap093@gmail.com,GET,/orders/me,13.068,200,ok,0,steady
1791233116.0089393,kiemthugialap076@gmail.com,GET,/orders/me,4.525,200,ok,0,steady
1791233116.0272598,kiemthugialap083@gmail.com,GET,/orders/me,4.844,200,ok,0,steady
1791233116.0641756,kiemthugialap092@gmail.com,GET,/concerts?on_sale=true,5.606,200,ok,0,steady
1791233116.0651815,kiemthugialap012@gmail.com,GET,/orders/me,5.027,200,ok,0,steady
1791233116.080783,kiemthugialap049@gmail.com,GET,/orders/me,6.61,200,ok,0,steady
1791233116.0837963,kiemthugialap073@gmail.com,GET,/concerts/{id},2.751,200,ok,0,steady
1791233116.146172,kiemthugialap044@gmail.com,GET,/orders/me,5.683,200,ok,0,steady
1791233116.181252,kiemthugialap028@gmail.com,GET,/orders/me,9.102,200,ok,0,steady
1791233116.2153583,kiemthugialap060@gmail.com,GET,/orders/me,10.332,200,ok,0,steady
1791233116.2159128,kiemthugialap038@gmail.com,GET,/orders/me,10.694,200,ok,0,steady
1791233116.2162502,kiemthugialap043@gmail.com,GET,/orders/me,11.752,200,ok,0,steady
1791233116.216559,kiemthugialap025@gmail.com,GET,/orders/me,13.302,200,ok,0,steady
1791233116.2572432,kiemthugialap070@gmail.com,GET,/concerts/{id},6.655,200,ok,0,steady
1791233116.259527,kiemthugialap090@gmail.com,GET,/orders/me,6.786,200,ok,0,steady
1791233116.260293,kiemthugialap097@gmail.com,GET,/orders/me,8.67,200,ok,0,steady
1791233116.3071327,kiemthugialap048@gmail.com,GET,/orders/me,8.562,200,ok,0,steady
1791233116.3080041,kiemthugialap002@gmail.com,GET,/orders/me,8.355,200,ok,0,steady
1791233116.308325,kiemthugialap027@gmail.com,GET,/orders/me,8.419,200,ok,0,steady
1791233116.3123026,kiemthugialap100@gmail.com,GET,/orders/me,5.001,200,ok,0,steady
1791233116.3370898,kiemthugialap047@gmail.com,GET,/concerts/{id},6.413,200,ok,0,steady
1791233116.3374946,kiemthugialap077@gmail.com,GET,/concerts?on_sale=true,6.263,200,ok,0,steady
1791233116.338625,kiemthugialap079@gmail.com,GET,/orders/me,8.674,200,ok,0,steady
1791233116.382477,kiemthugialap001@gmail.com,GET,/orders/me,19.489,200,ok,0,steady
1791233116.384676,kiemthugialap004@gmail.com,GET,/orders/me,22.709,200,ok,0,steady
1791233116.3855846,kiemthugialap010@gmail.com,GET,/concerts/{id},7.446,200,ok,0,steady
1791233116.3871024,kiemthugialap008@gmail.com,GET,/orders/me,9.778,200,ok,0,steady
1791233116.4186492,kiemthugialap088@gmail.com,GET,/concerts/{id},8.776,200,ok,0,steady
1791233116.4200995,kiemthugialap014@gmail.com,GET,/orders/me,9.414,200,ok,0,steady
1791233116.420428,kiemthugialap021@gmail.com,GET,/orders/me,9.291,200,ok,0,steady
1791233116.4641902,kiemthugialap022@gmail.com,GET,/orders/me,6.19,200,ok,0,steady
1791233116.4774992,kiemthugialap091@gmail.com,GET,/concerts?on_sale=true,3.851,200,ok,0,steady
1791233116.5309966,kiemthugialap086@gmail.com,GET,/concerts/{id},8.128,200,ok,0,steady
1791233116.5328238,kiemthugialap059@gmail.com,GET,/orders/me,8.912,200,ok,0,steady
1791233116.5334132,kiemthugialap063@gmail.com,GET,/orders/me,7.62,200,ok,0,steady
1791233116.5337207,kiemthugialap052@gmail.com,GET,/orders/me,9.038,200,ok,0,steady
1791233116.5811226,kiemthugialap071@gmail.com,GET,/orders/me,9.203,200,ok,0,steady
1791233116.5816154,kiemthugialap095@gmail.com,GET,/orders/me,8.495,200,ok,0,steady
1791233116.6346123,kiemthugialap003@gmail.com,GET,/concerts,7.63,200,ok,0,steady
1791233116.6602879,kiemthugialap085@gmail.com,GET,/orders/me,32.103,200,ok,0,steady
1791233116.6607103,kiemthugialap056@gmail.com,GET,/orders/me,32.849,200,ok,0,steady
1791233116.661097,kiemthugialap093@gmail.com,GET,/concerts,26.239,200,ok,0,steady
1791233116.6642087,kiemthugialap040@gmail.com,GET,/concerts?on_sale=true,6.592,200,ok,0,steady
1791233116.6651795,kiemthugialap054@gmail.com,GET,/concerts?on_sale=true,6.853,200,ok,0,steady
1791233116.666038,kiemthugialap005@gmail.com,GET,/orders/me,7.353,200,ok,0,steady
1791233116.6706576,kiemthugialap026@gmail.com,GET,/orders/me,6.299,200,ok,0,steady
1791233116.670985,kiemthugialap073@gmail.com,GET,/orders/me,5.679,200,ok,0,steady
1791233116.6719542,kiemthugialap064@gmail.com,GET,/orders/me,5.79,200,ok,0,steady
1791233116.7116892,kiemthugialap031@gmail.com,GET,/orders/me,5.498,200,ok,0,steady
1791233116.7149456,kiemthugialap045@gmail.com,GET,/orders/me,3.114,200,ok,0,steady
1791233116.729937,kiemthugialap050@gmail.com,GET,/orders/me,8.42,200,ok,0,steady
1791233116.7305152,kiemthugialap087@gmail.com,GET,/orders/me,8.126,200,ok,0,steady
1791233116.7315829,kiemthugialap006@gmail.com,GET,/orders/me,6.394,200,ok,0,steady
1791233116.7348533,kiemthugialap049@gmail.com,GET,/orders/me,3.144,200,ok,0,steady
1791233116.7475293,kiemthugialap033@gmail.com,GET,/orders/me,4.969,200,ok,0,steady
1791233116.749966,kiemthugialap028@gmail.com,GET,/concerts/{id},2.291,200,ok,0,steady
1791233116.7630281,kiemthugialap080@gmail.com,GET,/orders/me,5.148,200,ok,0,steady
1791233116.7984087,kiemthugialap024@gmail.com,GET,/concerts/{id},6.876,200,ok,0,steady
1791233116.7999501,kiemthugialap016@gmail.com,GET,/orders/me,9.753,200,ok,0,steady
1791233116.811762,kiemthugialap061@gmail.com,GET,/orders/me,5.6,200,ok,0,steady
1791233116.8122303,kiemthugialap044@gmail.com,GET,/orders/me,6.595,200,ok,0,steady
1791233116.8446152,kiemthugialap065@gmail.com,GET,/orders/me,5.399,200,ok,0,steady
1791233116.8480484,kiemthugialap075@gmail.com,GET,/orders/me,3.263,200,ok,0,steady
1791233116.8654425,kiemthugialap015@gmail.com,GET,/orders/me,9.171,200,ok,0,steady
1791233116.8669214,kiemthugialap068@gmail.com,GET,/orders/me,11.71,200,ok,0,steady
1791233116.8688447,kiemthugialap051@gmail.com,GET,/concerts/{id},3.035,200,ok,0,steady
1791233116.8737273,kiemthugialap019@gmail.com,GET,/concerts/{id},3.401,200,ok,0,steady
1791233116.8947,kiemthugialap067@gmail.com,GET,/orders/me,6.849,200,ok,0,steady
1791233116.895823,kiemthugialap057@gmail.com,GET,/orders/me,8.892,200,ok,0,steady
1791233116.8970745,kiemthugialap062@gmail.com,GET,/orders/me,5.17,200,ok,0,steady
1791233116.9158244,kiemthugialap034@gmail.com,GET,/orders/me,6.363,200,ok,0,steady
1791233116.916922,kiemthugialap074@gmail.com,GET,/orders/me,8.447,200,ok,0,steady
1791233116.9184031,kiemthugialap098@gmail.com,GET,/concerts?on_sale=true,2.383,200,ok,0,steady
1791233116.9321756,kiemthugialap097@gmail.com,GET,/orders/me,7.33,200,ok,0,steady
1791233116.9325662,kiemthugialap053@gmail.com,GET,/orders/me,8.512,200,ok,0,steady
1791233116.9328506,kiemthugialap039@gmail.com,GET,/orders/me,7.185,200,ok,0,steady
1791233116.9362109,kiemthugialap017@gmail.com,GET,/orders/me,3.252,200,ok,0,steady
1791233116.9785645,kiemthugialap094@gmail.com,GET,/orders/me,6.565,200,ok,0,steady
1791233117.0121787,kiemthugialap013@gmail.com,GET,/orders/me,6.78,200,ok,0,steady
1791233117.0125535,kiemthugialap088@gmail.com,GET,/orders/me,8.177,200,ok,0,steady
1791233117.0256932,kiemthugialap029@gmail.com,GET,/orders/me,5.246,200,ok,0,steady
1791233117.0607638,kiemthugialap070@gmail.com,GET,/orders/me,7.387,200,ok,0,steady
1791233117.0613463,kiemthugialap077@gmail.com,GET,/orders/me,7.514,200,ok,0,steady
1791233117.0736902,kiemthugialap072@gmail.com,GET,/concerts/{id},4.878,200,ok,0,steady
1791233117.0777712,kiemthugialap096@gmail.com,GET,/orders/me,8.199,200,ok,0,steady
1791233117.0800965,kiemthugialap099@gmail.com,GET,/orders/me,6.245,200,ok,0,steady
1791233117.1316907,kiemthugialap020@gmail.com,GET,/orders/me,6.307,200,ok,0,steady
1791233117.1521282,kiemthugialap002@gmail.com,GET,/concerts?on_sale=true,11.686,200,ok,0,steady
1791233117.1532457,kiemthugialap035@gmail.com,GET,/concerts/{id},10.262,200,ok,0,steady
1791233117.153868,kiemthugialap055@gmail.com,GET,/orders/me,11.89,200,ok,0,steady
1791233117.1542585,kiemthugialap003@gmail.com,GET,/orders/me,10.948,200,ok,0,steady
1791233117.1620746,kiemthugialap063@gmail.com,GET,/orders/me,5.812,200,ok,0,steady
1791233117.1823187,kiemthugialap047@gmail.com,GET,/concerts?on_sale=true,5.58,200,ok,0,steady
1791233117.2166076,kiemthugialap048@gmail.com,GET,/concerts,7.367,200,ok,0,steady
1791233117.2180426,kiemthugialap090@gmail.com,GET,/orders/me,8.474,200,ok,0,steady
1791233117.218421,kiemthugialap036@gmail.com,GET,/orders/me,9.799,200,ok,0,steady
1791233117.253993,kiemthugialap042@gmail.com,GET,/orders/me,11.55,200,ok,0,steady
1791233117.2548113,kiemthugialap084@gmail.com,GET,/orders/me,11.447,200,ok,0,steady
1791233117.2551768,kiemthugialap007@gmail.com,GET,/orders/me,12.16,200,ok,0,steady
1791233117.2821581,kiemthugialap012@gmail.com,GET,/orders/me,8.577,200,ok,0,steady
1791233117.2834814,kiemthugialap021@gmail.com,GET,/orders/me,8.965,200,ok,0,steady
1791233117.2859626,kiemthugialap060@gmail.com,GET,/orders/me,3.56,200,ok,0,steady
1791233117.3605459,kiemthugialap037@gmail.com,GET,/concerts,5.406,200,ok,0,steady
1791233117.377375,kiemthugialap043@gmail.com,GET,/concerts/{id},5.41,200,ok,0,steady
1791233117.3787599,kiemthugialap041@gmail.com,GET,/orders/me,7.917,200,ok,0,steady
1791233117.3909776,kiemthugialap085@gmail.com,GET,/concerts,4.677,200,ok,0,steady
1791233117.392494,kiemthugialap046@gmail.com,GET,/orders/me,5.371,200,ok,0,steady
1791233117.3966632,kiemthugialap058@gmail.com,GET,/orders/me,3.943,200,ok,0,steady
1791233117.4240148,kiemthugialap066@gmail.com,GET,/orders/me,5.556,200,ok,0,steady
1791233117.443321,kiemthugialap075@gmail.com,GET,/orders/me,7.412,200,ok,0,steady
1791233117.4437134,kiemthugialap027@gmail.com,GET,/orders/me,9.088,200,ok,0,steady
1791233117.4739387,kiemthugialap032@gmail.com,GET,/orders/me,7.455,200,ok,0,steady
1791233117.4879498,kiemthugialap052@gmail.com,GET,/concerts/{id},5.613,200,ok,0,steady
1791233117.488973,kiemthugialap019@gmail.com,GET,/orders/me,5.582,200,ok,0,steady
1791233117.51591,kiemthugialap009@gmail.com,GET,/concerts,16.507,200,ok,0,steady
1791233117.51627,kiemthugialap050@gmail.com,GET,/concerts/{id},17.927,200,ok,0,steady
1791233117.5191917,kiemthugialap093@gmail.com,GET,/orders/me,4.833,200,ok,0,steady
1791233117.522749,kiemthugialap030@gmail.com,GET,/concerts?on_sale=true,3.42,200,ok,0,steady
1791233117.5243611,kiemthugialap040@gmail.com,GET,/orders/me,4.402,200,ok,0,steady
1791233117.5350087,kiemthugialap008@gmail.com,GET,/concerts/{id},11.695,200,ok,0,steady
1791233117.536433,kiemthugialap034@gmail.com,GET,/orders/me,6.519,200,ok,0,steady
1791233117.537294,kiemthugialap078@gmail.com,GET,/orders/me,14.396,200,ok,0,steady
1791233117.5681355,kiemthugialap025@gmail.com,GET,/orders/me,5.88,200,ok,0,steady
1791233117.5685377,kiemthugialap074@gmail.com,GET,/orders/me,6.964,200,ok,0,steady
1791233117.5847666,kiemthugialap010@gmail.com,GET,/orders/me,6.712,200,ok,0,steady
1791233117.5851703,kiemthugialap082@gmail.com,GET,/orders/me,7.642,200,ok,0,steady
1791233117.588291,kiemthugialap013@gmail.com,GET,/orders/me,2.99,200,ok,0,steady
1791233117.5996943,kiemthugialap018@gmail.com,GET,/orders/me,6.178,200,ok,0,steady
1791233117.6141078,kiemthugialap011@gmail.com,GET,/concerts?on_sale=true,4.13,200,ok,0,steady
1791233117.6321301,kiemthugialap029@gmail.com,GET,/concerts?on_sale=true,4.605,200,ok,0,steady
1791233117.6329618,kiemthugialap083@gmail.com,GET,/orders/me,6.936,200,ok,0,steady
1791233117.6682763,kiemthugialap026@gmail.com,GET,/concerts?on_sale=true,4.479,200,ok,0,steady
1791233117.6686707,kiemthugialap015@gmail.com,GET,/concerts,7.35,200,ok,0,steady
1791233117.6699886,kiemthugialap096@gmail.com,GET,/orders/me,9.08,200,ok,0,steady
1791233117.6703405,kiemthugialap087@gmail.com,GET,/orders/me,10.979,200,ok,0,steady
1791233117.6975107,kiemthugialap065@gmail.com,GET,/concerts?on_sale=true,6.003,200,ok,0,steady
1791233117.7011175,kiemthugialap044@gmail.com,GET,/orders/me,3.445,200,ok,0,steady
1791233117.705015,kiemthugialap023@gmail.com,GET,/orders/me,3.728,200,ok,0,steady
1791233117.7087698,kiemthugialap076@gmail.com,GET,/orders/me,3.556,200,ok,0,steady
1791233117.7629683,kiemthugialap092@gmail.com,GET,/orders/me,7.394,200,ok,0,steady
1791233117.7678049,kiemthugialap089@gmail.com,GET,/orders/me,4.597,200,ok,0,steady
1791233117.7711527,kiemthugialap072@gmail.com,GET,/concerts/{id},3.133,200,ok,0,steady
1791233117.788869,kiemthugialap099@gmail.com,GET,/orders/me,4.556,200,ok,0,steady
1791233117.7892556,kiemthugialap086@gmail.com,GET,/orders/me,6.514,200,ok,0,steady
1791233117.8046026,kiemthugialap054@gmail.com,GET,/orders/me,4.792,200,ok,0,steady
1791233117.8049698,kiemthugialap035@gmail.com,GET,/orders/me,6.612,200,ok,0,steady
1791233117.8340392,kiemthugialap051@gmail.com,GET,/orders/me,7.096,200,ok,0,steady
1791233117.834436,kiemthugialap069@gmail.com,GET,/orders/me,8.409,200,ok,0,steady
1791233117.8640623,kiemthugialap003@gmail.com,GET,/orders/me,5.614,200,ok,0,steady
1791233117.8795333,kiemthugialap095@gmail.com,GET,/concerts?on_sale=true,4.766,200,ok,0,steady
1791233117.8798692,kiemthugialap081@gmail.com,GET,/concerts/{id},4.192,200,ok,0,steady
1791233117.8949564,kiemthugialap071@gmail.com,GET,/concerts,3.974,200,ok,0,steady
1791233117.9152148,kiemthugialap007@gmail.com,GET,/concerts?on_sale=true,6.656,200,ok,0,steady
1791233117.9164774,kiemthugialap001@gmail.com,GET,/orders/me,9.223,200,ok,0,steady
1791233117.9169214,kiemthugialap053@gmail.com,GET,/orders/me,8.797,200,ok,0,steady
1791233117.9806051,kiemthugialap062@gmail.com,GET,/orders/me,8.702,200,ok,0,steady
1791233117.980975,kiemthugialap098@gmail.com,GET,/orders/me,8.196,200,ok,0,steady
1791233118.010678,kiemthugialap084@gmail.com,GET,/orders/me,6.155,200,ok,0,steady
1791233118.0110521,kiemthugialap056@gmail.com,GET,/orders/me,7.165,200,ok,0,steady
1791233118.0815754,kiemthugialap004@gmail.com,GET,/concerts?on_sale=true,28.674,200,ok,0,steady
1791233118.0838602,kiemthugialap031@gmail.com,GET,/orders/me,30.665,200,ok,0,steady
1791233118.0842216,kiemthugialap070@gmail.com,GET,/concerts?on_sale=true,30.814,200,ok,0,steady
1791233118.0851603,kiemthugialap067@gmail.com,GET,/orders/me,30.762,200,ok,0,steady
1791233118.0858212,kiemthugialap097@gmail.com,GET,/orders/me,34.126,200,ok,0,steady
1791233118.0876603,kiemthugialap038@gmail.com,GET,/orders/me,11.607,200,ok,0,steady
1791233118.0882037,kiemthugialap014@gmail.com,GET,/orders/me,13.254,200,ok,0,steady
1791233118.1144624,kiemthugialap005@gmail.com,GET,/orders/me,4.538,200,ok,0,steady
1791233118.1305056,kiemthugialap066@gmail.com,GET,/concerts,4.402,200,ok,0,steady
1791233118.1632166,kiemthugialap088@gmail.com,GET,/orders/me,5.3,200,ok,0,steady
1791233118.1679034,kiemthugialap063@gmail.com,GET,/orders/me,4.23,200,ok,0,steady
1791233118.168239,kiemthugialap002@gmail.com,GET,/orders/me,4.887,200,ok,0,steady
1791233118.1997309,kiemthugialap094@gmail.com,GET,/concerts,8.798,200,ok,0,steady
1791233118.2015908,kiemthugialap079@gmail.com,GET,/orders/me,11.98,200,ok,0,steady
1791233118.2020798,kiemthugialap017@gmail.com,GET,/concerts/{id},10.572,200,ok,0,steady
1791233118.2028124,kiemthugialap029@gmail.com,GET,/orders/me,11.62,200,ok,0,steady
1791233118.204242,kiemthugialap036@gmail.com,GET,/concerts?on_sale=true,4.25,200,ok,0,steady
1791233118.2329063,kiemthugialap080@gmail.com,GET,/orders/me,6.908,200,ok,0,steady
1791233118.2338824,kiemthugialap043@gmail.com,GET,/orders/me,6.68,200,ok,0,steady
1791233118.2358346,kiemthugialap073@gmail.com,GET,/orders/me,2.747,200,ok,0,steady
1791233118.238746,kiemthugialap019@gmail.com,GET,/orders/me,2.792,200,ok,0,steady
1791233118.2421315,kiemthugialap091@gmail.com,GET,/orders/me,3.256,200,ok,0,steady
1791233118.2452178,kiemthugialap100@gmail.com,GET,/orders/me,4.18,200,ok,0,steady
1791233118.2647977,kiemthugialap074@gmail.com,GET,/concerts?on_sale=true,5.525,200,ok,0,steady
1791233118.2658887,kiemthugialap064@gmail.com,GET,/orders/me,5.262,200,ok,0,steady
1791233118.2820094,kiemthugialap026@gmail.com,GET,/orders/me,5.557,200,ok,0,steady
1791233118.2824104,kiemthugialap022@gmail.com,GET,/orders/me,7.521,200,ok,0,steady
1791233118.3779426,kiemthugialap087@gmail.com,GET,/orders/me,6.604,200,ok,0,steady
1791233118.3785048,kiemthugialap059@gmail.com,GET,/orders/me,8.106,200,ok,0,steady
1791233118.422133,kiemthugialap045@gmail.com,GET,/concerts/{id},19.158,200,ok,0,steady
1791233118.4231536,kiemthugialap006@gmail.com,GET,/orders/me,21.144,200,ok,0,steady
1791233118.4796128,kiemthugialap092@gmail.com,GET,/concerts/{id},4.921,200,ok,0,steady
1791233118.4966848,kiemthugialap033@gmail.com,GET,/orders/me,5.208,200,ok,0,steady
1791233118.5338244,kiemthugialap024@gmail.com,GET,/orders/me,23.091,200,ok,0,steady
1791233118.5343528,kiemthugialap028@gmail.com,GET,/orders/me,24.17,200,ok,0,steady
1791233118.5346742,kiemthugialap023@gmail.com,GET,/orders/me,11.208,200,ok,0,steady
1791233118.5349817,kiemthugialap058@gmail.com,GET,/orders/me,27.053,200,ok,0,steady
1791233118.5352736,kiemthugialap041@gmail.com,GET,/orders/me,11.319,200,ok,0,steady
1791233118.5616379,kiemthugialap037@gmail.com,GET,/orders/me,5.92,200,ok,0,steady
1791233118.613941,kiemthugialap042@gmail.com,GET,/orders/me,5.385,200,ok,0,steady
1791233118.6185508,kiemthugialap068@gmail.com,GET,/orders/me,4.468,200,ok,0,steady
1791233118.6188817,kiemthugialap055@gmail.com,GET,/orders/me,4.516,200,ok,0,steady
1791233118.6497693,kiemthugialap027@gmail.com,GET,/concerts/{id},7.612,200,ok,0,steady
1791233118.6519413,kiemthugialap051@gmail.com,GET,/concerts/{id},11.711,200,ok,0,steady
1791233118.6526027,kiemthugialap016@gmail.com,GET,/orders/me,10.964,200,ok,0,steady
1791233118.6601562,kiemthugialap075@gmail.com,GET,/concerts?on_sale=true,4.678,200,ok,0,steady
1791233118.675338,kiemthugialap061@gmail.com,GET,/concerts/{id},3.809,200,ok,0,steady
1791233118.6916723,kiemthugialap008@gmail.com,GET,/concerts/{id},3.351,200,ok,0,steady
1791233118.7307632,kiemthugialap049@gmail.com,GET,/orders/me,9.106,200,ok,0,steady
1791233118.7315605,kiemthugialap060@gmail.com,GET,/orders/me,8.21,200,ok,0,steady
1791233118.7318766,kiemthugialap052@gmail.com,GET,/orders/me,11.309,200,ok,0,steady
1791233118.732172,kiemthugialap003@gmail.com,GET,/orders/me,10.225,200,ok,0,steady
1791233118.7579503,kiemthugialap057@gmail.com,GET,/concerts,5.517,200,ok,0,steady
1791233118.7596564,kiemthugialap021@gmail.com,GET,/orders/me,5.861,200,ok,0,steady
1791233118.764306,kiemthugialap077@gmail.com,GET,/concerts,4.456,200,ok,0,steady
1791233118.7654135,kiemthugialap048@gmail.com,GET,/orders/me,5.02,200,ok,0,steady
1791233118.7724094,kiemthugialap090@gmail.com,GET,/orders/me,4.64,200,ok,0,steady
1791233118.7769125,kiemthugialap081@gmail.com,GET,/orders/me,4.341,200,ok,0,steady
1791233118.789226,kiemthugialap018@gmail.com,GET,/orders/me,4.913,200,ok,0,steady
1791233118.822965,kiemthugialap084@gmail.com,GET,/orders/me,5.454,200,ok,0,steady
1791233118.823306,kiemthugialap079@gmail.com,GET,/orders/me,6.767,200,ok,0,steady
1791233118.8386312,kiemthugialap009@gmail.com,GET,/concerts/{id},5.786,200,ok,0,steady
1791233118.8392086,kiemthugialap073@gmail.com,GET,/concerts,5.402,200,ok,0,steady
1791233118.8407512,kiemthugialap012@gmail.com,GET,/orders/me,6.113,200,ok,0,steady
1791233118.843092,kiemthugialap020@gmail.com,GET,/orders/me,3.735,200,ok,0,steady
1791233118.8735778,kiemthugialap043@gmail.com,GET,/orders/me,8.554,200,ok,0,steady
1791233118.8741114,kiemthugialap063@gmail.com,GET,/orders/me,8.098,200,ok,0,steady
1791233118.884889,kiemthugialap017@gmail.com,GET,/orders/me,4.759,200,ok,0,steady
1791233118.9034855,kiemthugialap078@gmail.com,GET,/concerts?on_sale=true,7.407,200,ok,0,steady
1791233118.9052494,kiemthugialap086@gmail.com,GET,/orders/me,8.202,200,ok,0,steady
1791233118.905587,kiemthugialap056@gmail.com,GET,/orders/me,7.882,200,ok,0,steady
1791233118.907427,kiemthugialap046@gmail.com,GET,/orders/me,3.813,200,ok,0,steady
1791233118.9099162,kiemthugialap071@gmail.com,GET,/concerts?on_sale=true,2.379,200,ok,0,steady
1791233118.9317067,kiemthugialap039@gmail.com,GET,/orders/me,3.98,200,ok,0,steady
1791233118.9815862,kiemthugialap005@gmail.com,GET,/concerts?on_sale=true,5.041,200,ok,0,steady
1791233119.016211,kiemthugialap053@gmail.com,GET,/concerts,6.346,200,ok,0,steady
1791233119.0177739,kiemthugialap030@gmail.com,GET,/orders/me,9.355,200,ok,0,steady
1791233119.018133,kiemthugialap050@gmail.com,GET,/orders/me,7.971,200,ok,0,steady
1791233119.043278,kiemthugialap035@gmail.com,GET,/concerts/{id},18.543,200,ok,0,steady
1791233119.043684,kiemthugialap076@gmail.com,GET,/concerts,19.889,200,ok,0,steady
1791233119.0615673,kiemthugialap025@gmail.com,GET,/concerts/{id},5.481,200,ok,0,steady
1791233119.0624602,kiemthugialap097@gmail.com,GET,/orders/me,5.568,200,ok,0,steady
1791233119.080566,kiemthugialap096@gmail.com,GET,/concerts/{id},4.543,200,ok,0,steady
1791233119.101213,kiemthugialap083@gmail.com,GET,/orders/me,7.25,200,ok,0,steady
1791233119.1028497,kiemthugialap098@gmail.com,GET,/orders/me,9.749,200,ok,0,steady
1791233119.1056106,kiemthugialap093@gmail.com,GET,/concerts?on_sale=true,4.13,200,ok,0,steady
1791233119.107784,kiemthugialap059@gmail.com,GET,/orders/me,4.775,200,ok,0,steady
1791233119.133582,kiemthugialap007@gmail.com,GET,/orders/me,7.389,200,ok,0,steady
1791233119.1349773,kiemthugialap072@gmail.com,GET,/orders/me,10.259,200,ok,0,steady
1791233119.1353118,kiemthugialap082@gmail.com,GET,/orders/me,8.087,200,ok,0,steady
1791233119.1370482,kiemthugialap047@gmail.com,GET,/orders/me,3.257,200,ok,0,steady
1791233119.1843047,kiemthugialap032@gmail.com,GET,/concerts?on_sale=true,7.56,200,ok,0,steady
1791233119.1859462,kiemthugialap065@gmail.com,GET,/orders/me,11.335,200,ok,0,steady
1791233119.18633,kiemthugialap064@gmail.com,GET,/orders/me,12.984,200,ok,0,steady
1791233119.1963663,kiemthugialap070@gmail.com,GET,/concerts,6.787,200,ok,0,steady
1791233119.1968043,kiemthugialap089@gmail.com,GET,/orders/me,8.109,200,ok,0,steady
1791233119.2306726,kiemthugialap085@gmail.com,GET,/concerts?on_sale=true,5.666,200,ok,0,steady
1791233119.2316663,kiemthugialap028@gmail.com,GET,/orders/me,4.686,200,ok,0,steady
1791233119.2679992,kiemthugialap038@gmail.com,GET,/concerts?on_sale=true,7.713,200,ok,0,steady
1791233119.2690084,kiemthugialap023@gmail.com,GET,/orders/me,10.682,200,ok,0,steady
1791233119.2693448,kiemthugialap044@gmail.com,GET,/orders/me,9.792,200,ok,0,steady
1791233119.271097,kiemthugialap010@gmail.com,GET,/orders/me,2.915,200,ok,0,steady
1791233119.2740076,kiemthugialap087@gmail.com,GET,/orders/me,2.792,200,ok,0,steady
1791233119.3475423,kiemthugialap015@gmail.com,GET,/orders/me,5.142,200,ok,0,steady
1791233119.3479753,kiemthugialap048@gmail.com,GET,/orders/me,7.747,200,ok,0,steady
1791233119.3608303,kiemthugialap090@gmail.com,GET,/concerts/{id},4.648,200,ok,0,steady
1791233119.3859174,kiemthugialap045@gmail.com,GET,/orders/me,9.858,200,ok,0,steady
1791233119.3862956,kiemthugialap004@gmail.com,GET,/concerts,8.027,200,ok,0,steady
1791233119.3865874,kiemthugialap021@gmail.com,GET,/orders/me,9.3,200,ok,0,steady
1791233119.3868544,kiemthugialap081@gmail.com,GET,/orders/me,8.33,200,ok,0,steady
1791233119.466341,kiemthugialap057@gmail.com,GET,/orders/me,42.735,200,ok,0,steady
1791233119.4670715,kiemthugialap066@gmail.com,GET,/orders/me,41.16,200,ok,0,steady
1791233119.4704416,kiemthugialap043@gmail.com,GET,/orders/me,45.811,200,ok,0,steady
1791233119.4709063,kiemthugialap013@gmail.com,GET,/orders/me,31.352,200,ok,0,steady
1791233119.471309,kiemthugialap063@gmail.com,GET,/orders/me,30.845,200,ok,0,steady
1791233119.4734173,kiemthugialap034@gmail.com,GET,/orders/me,13.553,200,ok,0,steady
1791233119.4764204,kiemthugialap016@gmail.com,GET,/orders/me,7.212,200,ok,0,steady
1791233119.4789386,kiemthugialap040@gmail.com,GET,/orders/me,7.492,200,ok,0,steady
1791233119.4808881,kiemthugialap058@gmail.com,GET,/orders/me,5.674,200,ok,0,steady
1791233119.4849033,kiemthugialap041@gmail.com,GET,/orders/me,5.791,200,ok,0,steady
1791233119.4863298,kiemthugialap011@gmail.com,GET,/orders/me,6.407,200,ok,0,steady
1791233119.490151,kiemthugialap092@gmail.com,GET,/orders/me,4.77,200,ok,0,steady
1791233119.490539,kiemthugialap002@gmail.com,GET,/orders/me,5.502,200,ok,0,steady
1791233119.5605197,kiemthugialap054@gmail.com,GET,/orders/me,5.214,200,ok,0,steady
1791233119.5919993,kiemthugialap042@gmail.com,GET,/concerts?on_sale=true,4.714,200,ok,0,steady
1791233119.592612,kiemthugialap019@gmail.com,GET,/concerts?on_sale=true,5.849,200,ok,0,steady
1791233119.6250122,kiemthugialap049@gmail.com,GET,/concerts/{id},6.163,200,ok,0,steady
1791233119.6269553,kiemthugialap025@gmail.com,GET,/orders/me,6.449,200,ok,0,steady
1791233119.6300182,kiemthugialap017@gmail.com,GET,/orders/me,4.765,200,ok,0,steady
1791233119.655585,kiemthugialap069@gmail.com,GET,/concerts/{id},3.296,200,ok,0,steady
1791233119.656668,kiemthugialap100@gmail.com,GET,/orders/me,5.822,200,ok,0,steady
1791233119.672914,kiemthugialap099@gmail.com,GET,/concerts,5.981,200,ok,0,steady
1791233119.674528,kiemthugialap067@gmail.com,GET,/orders/me,6.283,200,ok,0,steady
1791233119.6774187,kiemthugialap074@gmail.com,GET,/orders/me,4.328,200,ok,0,steady
1791233119.7163117,kiemthugialap097@gmail.com,GET,/concerts,8.139,200,ok,0,steady
1791233119.7175446,kiemthugialap098@gmail.com,GET,/concerts,7.6,200,ok,0,steady
1791233119.7190304,kiemthugialap014@gmail.com,GET,/orders/me,10.02,200,ok,0,steady
1791233119.7195065,kiemthugialap082@gmail.com,GET,/orders/me,9.106,200,ok,0,steady
1791233119.7214603,kiemthugialap088@gmail.com,GET,/orders/me,4.959,200,ok,0,steady
1791233119.7520535,kiemthugialap056@gmail.com,GET,/concerts/{id},9.443,200,ok,0,steady
1791233119.7536285,kiemthugialap062@gmail.com,GET,/orders/me,9.32,200,ok,0,steady
1791233119.7540956,kiemthugialap075@gmail.com,GET,/orders/me,10.128,200,ok,0,steady
1791233119.7551975,kiemthugialap061@gmail.com,GET,/concerts,2.912,200,ok,0,steady
1791233119.7829444,kiemthugialap031@gmail.com,GET,/concerts/{id},5.254,200,ok,0,steady
1791233119.7833743,kiemthugialap068@gmail.com,GET,/orders/me,7.119,200,ok,0,steady
1791233119.815102,kiemthugialap001@gmail.com,GET,/orders/me,7.076,200,ok,0,steady
1791233119.8155966,kiemthugialap095@gmail.com,GET,/orders/me,6.519,200,ok,0,steady
1791233119.8294148,kiemthugialap022@gmail.com,GET,/orders/me,5.161,200,ok,0,steady
1791233119.8326263,kiemthugialap096@gmail.com,GET,/orders/me,3.069,200,ok,0,steady
1791233119.8360987,kiemthugialap077@gmail.com,GET,/orders/me,3.349,200,ok,0,steady
1791233119.861766,kiemthugialap087@gmail.com,GET,/orders/me,5.463,200,ok,0,steady
1791233119.9133286,kiemthugialap044@gmail.com,GET,/orders/me,7.305,200,ok,0,steady
1791233119.915185,kiemthugialap024@gmail.com,GET,/orders/me,10.175,200,ok,0,steady
1791233119.9174104,kiemthugialap045@gmail.com,GET,/concerts,3.452,200,ok,0,steady
1791233119.9185388,kiemthugialap080@gmail.com,GET,/orders/me,5.027,200,ok,0,steady
1791233119.9452453,kiemthugialap003@gmail.com,GET,/concerts,7.589,200,ok,0,steady
1791233119.9469714,kiemthugialap094@gmail.com,GET,/concerts?on_sale=true,7.76,200,ok,0,steady
1791233119.9477072,kiemthugialap071@gmail.com,GET,/orders/me,11.08,200,ok,0,steady
1791233119.9570847,kiemthugialap007@gmail.com,GET,/concerts?on_sale=true,4.809,200,ok,0,steady
1791233119.958125,kiemthugialap055@gmail.com,GET,/orders/me,4.432,200,ok,0,steady
1791233119.9913912,kiemthugialap091@gmail.com,GET,/concerts?on_sale=true,6.863,200,ok,0,steady
1791233119.9928339,kiemthugialap052@gmail.com,GET,/orders/me,7.319,200,ok,0,steady
1791233119.9946916,kiemthugialap036@gmail.com,GET,/concerts,3.107,200,ok,0,steady
1791233120.0238504,kiemthugialap023@gmail.com,GET,/orders/me,6.044,200,ok,0,steady
1791233120.0242143,kiemthugialap084@gmail.com,GET,/orders/me,7.515,200,ok,0,steady
1791233120.0381062,kiemthugialap012@gmail.com,GET,/orders/me,5.069,200,ok,0,steady
1791233120.0542219,kiemthugialap090@gmail.com,GET,/orders/me,4.988,200,ok,0,steady
1791233120.0703347,kiemthugialap029@gmail.com,GET,/orders/me,5.637,200,ok,0,steady
1791233120.0731752,kiemthugialap027@gmail.com,GET,/concerts,2.681,200,ok,0,steady
1791233120.076927,kiemthugialap026@gmail.com,GET,/orders/me,3.606,200,ok,0,steady
1791233120.0842743,kiemthugialap060@gmail.com,GET,/orders/me,3.891,200,ok,0,steady
1791233120.1066854,kiemthugialap037@gmail.com,GET,/concerts,10.226,200,ok,0,steady
1791233120.1070776,kiemthugialap079@gmail.com,GET,/concerts,9.273,200,ok,0,steady
1791233120.1092079,kiemthugialap042@gmail.com,GET,/orders/me,11.064,200,ok,0,steady
1791233120.1100595,kiemthugialap039@gmail.com,GET,/orders/me,12.623,200,ok,0,steady
1791233120.1104481,kiemthugialap047@gmail.com,GET,/orders/me,11.252,200,ok,0,steady
1791233120.115947,kiemthugialap006@gmail.com,GET,/orders/me,3.901,200,ok,0,steady
1791233120.1480112,kiemthugialap059@gmail.com,GET,/orders/me,4.089,200,ok,0,steady
1791233120.1819034,kiemthugialap005@gmail.com,GET,/orders/me,5.615,200,ok,0,steady
1791233120.1850948,kiemthugialap065@gmail.com,GET,/orders/me,3.035,200,ok,0,steady
1791233120.2497804,kiemthugialap069@gmail.com,GET,/orders/me,6.102,200,ok,0,steady
1791233120.2501192,kiemthugialap076@gmail.com,GET,/orders/me,5.577,200,ok,0,steady
1791233120.2638476,kiemthugialap032@gmail.com,GET,/concerts,3.822,200,ok,0,steady
1791233120.2828033,kiemthugialap018@gmail.com,GET,/concerts/{id},5.331,200,ok,0,steady
1791233120.2838051,kiemthugialap033@gmail.com,GET,/orders/me,7.55,200,ok,0,steady
1791233120.2986283,kiemthugialap046@gmail.com,GET,/orders/me,6.357,200,ok,0,steady
1791233120.3017454,kiemthugialap035@gmail.com,GET,/orders/me,2.977,200,ok,0,steady
1791233120.3317788,kiemthugialap073@gmail.com,GET,/concerts?on_sale=true,7.306,200,ok,0,steady
1791233120.3327441,kiemthugialap068@gmail.com,GET,/orders/me,6.724,200,ok,0,steady
1791233120.3456438,kiemthugialap001@gmail.com,GET,/orders/me,4.954,200,ok,0,steady
1791233120.4450698,kiemthugialap028@gmail.com,GET,/orders/me,5.456,200,ok,0,steady
1791233120.4608068,kiemthugialap072@gmail.com,GET,/orders/me,5.198,200,ok,0,steady
1791233120.543885,kiemthugialap051@gmail.com,GET,/orders/me,7.426,200,ok,0,steady
1791233120.5442836,kiemthugialap095@gmail.com,GET,/orders/me,6.666,200,ok,0,steady
1791233120.55764,kiemthugialap066@gmail.com,GET,/orders/me,5.149,200,ok,0,steady
1791233120.572869,kiemthugialap023@gmail.com,GET,/orders/me,4.668,200,ok,0,steady
1791233120.5982032,kiemthugialap038@gmail.com,GET,/concerts?on_sale=true,6.037,200,ok,0,steady
1791233120.5985842,kiemthugialap050@gmail.com,GET,/concerts?on_sale=true,4.938,200,ok,0,steady
1791233120.6149912,kiemthugialap008@gmail.com,GET,/orders/me,4.339,200,ok,0,steady
1791233120.650466,kiemthugialap020@gmail.com,GET,/orders/me,22.848,200,ok,0,steady
1791233120.6527722,kiemthugialap099@gmail.com,GET,/orders/me,23.649,200,ok,0,steady
1791233120.6531463,kiemthugialap083@gmail.com,GET,/orders/me,26.176,200,ok,0,steady
1791233120.6535025,kiemthugialap063@gmail.com,GET,/orders/me,27.59,200,ok,0,steady
1791233120.6575575,kiemthugialap027@gmail.com,GET,/concerts?on_sale=true,6.162,200,ok,0,steady
1791233120.6620765,kiemthugialap011@gmail.com,GET,/orders/me,11.336,200,ok,0,steady
1791233120.662647,kiemthugialap084@gmail.com,GET,/orders/me,9.027,200,ok,0,steady
1791233120.66486,kiemthugialap061@gmail.com,GET,/orders/me,7.13,200,ok,0,steady
1791233120.7088594,kiemthugialap065@gmail.com,GET,/concerts,3.885,200,ok,0,steady
1791233120.7569385,kiemthugialap042@gmail.com,GET,/concerts?on_sale=true,4.93,200,ok,0,steady
1791233120.7907386,kiemthugialap048@gmail.com,GET,/concerts?on_sale=true,7.076,200,ok,0,steady
1791233120.7939622,kiemthugialap067@gmail.com,GET,/orders/me,9.422,200,ok,0,steady
1791233120.8003392,kiemthugialap098@gmail.com,GET,/concerts?on_sale=true,8.563,200,ok,0,steady
1791233120.8025544,kiemthugialap002@gmail.com,GET,/orders/me,11.16,200,ok,0,steady
1791233120.8029363,kiemthugialap009@gmail.com,GET,/orders/me,12.013,200,ok,0,steady
1791233120.8032577,kiemthugialap025@gmail.com,GET,/orders/me,11.188,200,ok,0,steady
1791233120.8200905,kiemthugialap081@gmail.com,GET,/concerts,3.989,200,ok,0,steady
1791233120.8211937,kiemthugialap075@gmail.com,GET,/orders/me,6.053,200,ok,0,steady
1791233120.8374426,kiemthugialap035@gmail.com,GET,/concerts?on_sale=true,5.018,200,ok,0,steady
1791233120.8384466,kiemthugialap078@gmail.com,GET,/orders/me,7.694,200,ok,0,steady
1791233120.870991,kiemthugialap079@gmail.com,GET,/orders/me,8.208,200,ok,0,steady
1791233120.8724608,kiemthugialap030@gmail.com,GET,/orders/me,8.207,200,ok,0,steady
1791233120.87477,kiemthugialap043@gmail.com,GET,/concerts/{id},3.263,200,ok,0,steady
1791233120.8762186,kiemthugialap004@gmail.com,GET,/orders/me,5.03,200,ok,0,steady
1791233120.8807538,kiemthugialap077@gmail.com,GET,/orders/me,4.342,200,ok,0,steady
1791233120.9016633,kiemthugialap093@gmail.com,GET,/concerts/{id},7.884,200,ok,0,steady
1791233120.9022584,kiemthugialap033@gmail.com,GET,/concerts/{id},7.85,200,ok,0,steady
1791233120.904177,kiemthugialap046@gmail.com,GET,/orders/me,8.83,200,ok,0,steady
1791233120.904695,kiemthugialap086@gmail.com,GET,/orders/me,8.86,200,ok,0,steady
1791233120.916398,kiemthugialap029@gmail.com,GET,/concerts,6.504,200,ok,0,steady
1791233120.9179828,kiemthugialap014@gmail.com,GET,/orders/me,7.163,200,ok,0,steady
1791233120.9183147,kiemthugialap057@gmail.com,GET,/orders/me,7.826,200,ok,0,steady
1791233120.9654486,kiemthugialap082@gmail.com,GET,/concerts/{id},4.432,200,ok,0,steady
1791233120.9665995,kiemthugialap053@gmail.com,GET,/orders/me,7.933,200,ok,0,steady
1791233120.9689145,kiemthugialap010@gmail.com,GET,/orders/me,3.336,200,ok,0,steady
1791233120.9778464,kiemthugialap070@gmail.com,GET,/concerts?on_sale=true,4.039,200,ok,0,steady
1791233120.983195,kiemthugialap016@gmail.com,GET,/orders/me,5.2,200,ok,0,steady
1791233120.983613,kiemthugialap052@gmail.com,GET,/orders/me,5.331,200,ok,0,steady
1791233121.0127132,kiemthugialap021@gmail.com,GET,/concerts?on_sale=true,6.7,200,ok,0,steady
1791233121.0137112,kiemthugialap026@gmail.com,GET,/orders/me,6.849,200,ok,0,steady
1791233121.0293741,kiemthugialap054@gmail.com,GET,/orders/me,6.962,200,ok,0,steady
1791233121.0297756,kiemthugialap013@gmail.com,GET,/orders/me,6.627,200,ok,0,steady
1791233121.0442114,kiemthugialap072@gmail.com,GET,/concerts/{id},5.307,200,ok,0,steady
1791233121.0485814,kiemthugialap097@gmail.com,GET,/orders/me,4.198,200,ok,0,steady
1791233121.0516882,kiemthugialap073@gmail.com,GET,/orders/me,2.981,200,ok,0,steady
1791233121.0741115,kiemthugialap092@gmail.com,GET,/concerts,3.975,200,ok,0,steady
1791233121.12629,kiemthugialap095@gmail.com,GET,/orders/me,6.069,200,ok,0,steady
1791233121.127725,kiemthugialap089@gmail.com,GET,/orders/me,8.379,200,ok,0,steady
1791233121.1316562,kiemthugialap015@gmail.com,GET,/orders/me,4.792,200,ok,0,steady
1791233121.1321487,kiemthugialap064@gmail.com,GET,/orders/me,5.617,200,ok,0,steady
1791233121.1848419,kiemthugialap091@gmail.com,GET,/orders/me,8.012,200,ok,0,steady
1791233121.1867564,kiemthugialap034@gmail.com,GET,/orders/me,11.702,200,ok,0,steady
1791233121.1894493,kiemthugialap085@gmail.com,GET,/orders/me,4.344,200,ok,0,steady
1791233121.1974475,kiemthugialap028@gmail.com,GET,/orders/me,7.789,200,ok,0,steady
1791233121.2309082,kiemthugialap062@gmail.com,GET,/orders/me,5.824,200,ok,0,steady
1791233121.2975647,kiemthugialap083@gmail.com,GET,/orders/me,6.166,200,ok,0,steady
1791233121.3022265,kiemthugialap005@gmail.com,GET,/orders/me,4.413,200,ok,0,steady
1791233121.3128023,kiemthugialap088@gmail.com,GET,/concerts/{id},5.452,200,ok,0,steady
1791233121.3132498,kiemthugialap040@gmail.com,GET,/orders/me,6.754,200,ok,0,steady
1791233121.3164754,kiemthugialap045@gmail.com,GET,/concerts,3.08,200,ok,0,steady
1791233121.360715,kiemthugialap099@gmail.com,GET,/orders/me,5.408,200,ok,0,steady
1791233121.3787413,kiemthugialap041@gmail.com,GET,/concerts/{id},5.138,200,ok,0,steady
1791233121.3803842,kiemthugialap066@gmail.com,GET,/orders/me,8.709,200,ok,0,steady
1791233121.381216,kiemthugialap087@gmail.com,GET,/orders/me,8.773,200,ok,0,steady
1791233121.3845317,kiemthugialap080@gmail.com,GET,/orders/me,5.602,200,ok,0,steady
1791233121.384857,kiemthugialap022@gmail.com,GET,/orders/me,5.544,200,ok,0,steady
1791233121.4118423,kiemthugialap074@gmail.com,GET,/orders/me,6.894,200,ok,0,steady
1791233121.412731,kiemthugialap001@gmail.com,GET,/orders/me,8.99,200,ok,0,steady
1791233121.413994,kiemthugialap077@gmail.com,GET,/concerts?on_sale=true,2.013,200,ok,0,steady
1791233121.4608364,kiemthugialap079@gmail.com,GET,/concerts/{id},7.933,200,ok,0,steady
1791233121.463121,kiemthugialap059@gmail.com,GET,/orders/me,11.344,200,ok,0,steady
1791233121.463456,kiemthugialap002@gmail.com,GET,/orders/me,8.868,200,ok,0,steady
1791233121.4661844,kiemthugialap006@gmail.com,GET,/concerts?on_sale=true,4.565,200,ok,0,steady
1791233121.4674277,kiemthugialap058@gmail.com,GET,/orders/me,6.442,200,ok,0,steady
1791233121.4969797,kiemthugialap019@gmail.com,GET,/concerts?on_sale=true,5.419,200,ok,0,steady
1791233121.4984107,kiemthugialap100@gmail.com,GET,/orders/me,5.752,200,ok,0,steady
1791233121.5010798,kiemthugialap086@gmail.com,GET,/orders/me,3.914,200,ok,0,steady
1791233121.5645332,kiemthugialap017@gmail.com,GET,/concerts?on_sale=true,5.327,200,ok,0,steady
1791233121.5814145,kiemthugialap051@gmail.com,GET,/concerts?on_sale=true,7.043,200,ok,0,steady
1791233121.5827525,kiemthugialap030@gmail.com,GET,/orders/me,7.334,200,ok,0,steady
1791233121.5851536,kiemthugialap063@gmail.com,GET,/orders/me,3.579,200,ok,0,steady
1791233121.5949628,kiemthugialap049@gmail.com,GET,/concerts/{id},4.296,200,ok,0,steady
1791233121.6329992,kiemthugialap056@gmail.com,GET,/orders/me,9.937,200,ok,0,steady
1791233121.6334677,kiemthugialap031@gmail.com,GET,/orders/me,9.294,200,ok,0,steady
1791233121.6337736,kiemthugialap061@gmail.com,GET,/orders/me,9.302,200,ok,0,steady
1791233121.6619635,kiemthugialap032@gmail.com,GET,/orders/me,5.935,200,ok,0,steady
1791233121.662355,kiemthugialap038@gmail.com,GET,/orders/me,7.352,200,ok,0,steady
1791233121.6774673,kiemthugialap039@gmail.com,GET,/concerts/{id},5.927,200,ok,0,steady
1791233121.678811,kiemthugialap018@gmail.com,GET,/orders/me,8.049,200,ok,0,steady
1791233121.712802,kiemthugialap015@gmail.com,GET,/orders/me,7.969,200,ok,0,steady
1791233121.7132266,kiemthugialap044@gmail.com,GET,/orders/me,10.132,200,ok,0,steady
1791233121.7135115,kiemthugialap010@gmail.com,GET,/orders/me,9.304,200,ok,0,steady
1791233121.717793,kiemthugialap073@gmail.com,GET,/concerts?on_sale=true,3.836,200,ok,0,steady
1791233121.7186964,kiemthugialap096@gmail.com,GET,/concerts?on_sale=true,5.057,200,ok,0,steady
1791233121.7547107,kiemthugialap023@gmail.com,GET,/orders/me,19.754,200,ok,0,steady
1791233121.7561803,kiemthugialap047@gmail.com,GET,/orders/me,19.896,200,ok,0,steady
1791233121.7580442,kiemthugialap025@gmail.com,GET,/concerts/{id},6.574,200,ok,0,steady
1791233121.7583845,kiemthugialap034@gmail.com,GET,/concerts/{id},8.096,200,ok,0,steady
1791233121.761242,kiemthugialap036@gmail.com,GET,/orders/me,10.046,200,ok,0,steady
1791233121.7663455,kiemthugialap009@gmail.com,GET,/orders/me,9.987,200,ok,0,steady
1791233121.7675195,kiemthugialap024@gmail.com,GET,/orders/me,6.088,200,ok,0,steady
1791233121.7699366,kiemthugialap043@gmail.com,GET,/orders/me,3.394,200,ok,0,steady
1791233121.7827148,kiemthugialap068@gmail.com,GET,/concerts?on_sale=true,6.323,200,ok,0,steady
1791233121.783165,kiemthugialap026@gmail.com,GET,/concerts,8.053,200,ok,0,steady
1791233121.8175268,kiemthugialap003@gmail.com,GET,/concerts/{id},9.329,200,ok,0,steady
1791233121.8187325,kiemthugialap094@gmail.com,GET,/concerts?on_sale=true,9.514,200,ok,0,steady
1791233121.8195243,kiemthugialap007@gmail.com,GET,/orders/me,12.24,200,ok,0,steady
1791233121.819978,kiemthugialap070@gmail.com,GET,/orders/me,11.13,200,ok,0,steady
1791233121.8294935,kiemthugialap072@gmail.com,GET,/concerts,4.486,200,ok,0,steady
1791233121.846438,kiemthugialap090@gmail.com,GET,/concerts?on_sale=true,5.506,200,ok,0,steady
1791233121.8637297,kiemthugialap060@gmail.com,GET,/concerts,6.529,200,ok,0,steady
1791233121.865996,kiemthugialap071@gmail.com,GET,/orders/me,9.459,200,ok,0,steady
1791233121.8687954,kiemthugialap020@gmail.com,GET,/orders/me,4.781,200,ok,0,steady
1791233121.8950138,kiemthugialap092@gmail.com,GET,/concerts/{id},6.022,200,ok,0,steady
1791233121.8962166,kiemthugialap050@gmail.com,GET,/concerts?on_sale=true,6.332,200,ok,0,steady
1791233121.8981516,kiemthugialap076@gmail.com,GET,/concerts/{id},2.934,200,ok,0,steady
1791233121.9251013,kiemthugialap012@gmail.com,GET,/orders/me,4.464,200,ok,0,steady
1791233121.9410605,kiemthugialap055@gmail.com,GET,/orders/me,4.458,200,ok,0,steady
1791233122.0365689,kiemthugialap083@gmail.com,GET,/orders/me,4.716,200,ok,0,steady
1791233122.0470183,kiemthugialap091@gmail.com,GET,/concerts,2.859,200,ok,0,steady
1791233122.047453,kiemthugialap037@gmail.com,GET,/concerts,4.554,200,ok,0,steady
1791233122.0509791,kiemthugialap040@gmail.com,GET,/orders/me,3.407,200,ok,0,steady
1791233122.110287,kiemthugialap046@gmail.com,GET,/concerts/{id},32.442,200,ok,0,steady
1791233122.1107488,kiemthugialap022@gmail.com,GET,/concerts,32.507,200,ok,0,steady
1791233122.111841,kiemthugialap042@gmail.com,GET,/concerts/{id},35.115,200,ok,0,steady
1791233122.1138012,kiemthugialap098@gmail.com,GET,/orders/me,33.556,200,ok,0,steady
1791233122.1155798,kiemthugialap016@gmail.com,GET,/orders/me,34.863,200,ok,0,steady
1791233122.1159115,kiemthugialap089@gmail.com,GET,/orders/me,33.023,200,ok,0,steady
1791233122.1483011,kiemthugialap027@gmail.com,GET,/concerts?on_sale=true,4.249,200,ok,0,steady
1791233122.1491263,kiemthugialap033@gmail.com,GET,/concerts/{id},6.635,200,ok,0,steady
1791233122.1514447,kiemthugialap045@gmail.com,GET,/orders/me,3.003,200,ok,0,steady
1791233122.1821983,kiemthugialap084@gmail.com,GET,/orders/me,7.345,200,ok,0,steady
1791233122.1875129,kiemthugialap013@gmail.com,GET,/orders/me,5.045,200,ok,0,steady
1791233122.2117615,kiemthugialap038@gmail.com,GET,/orders/me,5.477,200,ok,0,steady
1791233122.2460725,kiemthugialap069@gmail.com,GET,/concerts?on_sale=true,8.017,200,ok,0,steady
1791233122.2469628,kiemthugialap035@gmail.com,GET,/orders/me,7.831,200,ok,0,steady
1791233122.2582674,kiemthugialap019@gmail.com,GET,/concerts/{id},4.441,200,ok,0,steady
1791233122.2623389,kiemthugialap051@gmail.com,GET,/orders/me,6.608,200,ok,0,steady
1791233122.2627676,kiemthugialap064@gmail.com,GET,/orders/me,7.41,200,ok,0,steady
1791233122.29113,kiemthugialap008@gmail.com,GET,/orders/me,4.508,200,ok,0,steady
1791233122.2939503,kiemthugialap061@gmail.com,GET,/concerts/{id},2.68,200,ok,0,steady
1791233122.3135161,kiemthugialap028@gmail.com,GET,/concerts?on_sale=true,4.2,200,ok,0,steady
1791233122.4141676,kiemthugialap082@gmail.com,GET,/orders/me,7.795,200,ok,0,steady
1791233122.47925,kiemthugialap085@gmail.com,GET,/concerts/{id},21.14,200,ok,0,steady
1791233122.4800637,kiemthugialap020@gmail.com,GET,/concerts?on_sale=true,19.548,200,ok,0,steady
1791233122.4817011,kiemthugialap014@gmail.com,GET,/orders/me,22.749,200,ok,0,steady
1791233122.4821181,kiemthugialap048@gmail.com,GET,/orders/me,21.921,200,ok,0,steady
1791233122.513537,kiemthugialap057@gmail.com,GET,/orders/me,7.343,200,ok,0,steady
1791233122.5145898,kiemthugialap076@gmail.com,GET,/concerts?on_sale=true,6.87,200,ok,0,steady
1791233122.517008,kiemthugialap004@gmail.com,GET,/concerts,3.279,200,ok,0,steady
1791233122.519537,kiemthugialap081@gmail.com,GET,/orders/me,4.688,200,ok,0,steady
1791233122.5438125,kiemthugialap043@gmail.com,GET,/orders/me,5.635,200,ok,0,steady
1791233122.5479152,kiemthugialap029@gmail.com,GET,/orders/me,3.885,200,ok,0,steady
1791233122.5605683,kiemthugialap025@gmail.com,GET,/orders/me,7.36,200,ok,0,steady
1791233122.5615315,kiemthugialap091@gmail.com,GET,/orders/me,7.286,200,ok,0,steady
1791233122.5992491,kiemthugialap062@gmail.com,GET,/orders/me,6.191,200,ok,0,steady
1791233122.59973,kiemthugialap075@gmail.com,GET,/orders/me,5.45,200,ok,0,steady
1791233122.6326091,kiemthugialap005@gmail.com,GET,/orders/me,5.269,200,ok,0,steady
1791233122.6625896,kiemthugialap021@gmail.com,GET,/orders/me,21.253,200,ok,0,steady
1791233122.6631374,kiemthugialap065@gmail.com,GET,/orders/me,19.508,200,ok,0,steady
1791233122.6635132,kiemthugialap099@gmail.com,GET,/orders/me,21.015,200,ok,0,steady
1791233122.6660037,kiemthugialap055@gmail.com,GET,/concerts?on_sale=true,9.134,200,ok,0,steady
1791233122.6678777,kiemthugialap011@gmail.com,GET,/orders/me,10.32,200,ok,0,steady
1791233122.6683762,kiemthugialap078@gmail.com,GET,/orders/me,10.499,200,ok,0,steady
1791233122.6983755,kiemthugialap053@gmail.com,GET,/concerts,5.513,200,ok,0,steady
1791233122.698771,kiemthugialap003@gmail.com,GET,/concerts/{id},4.671,200,ok,0,steady
1791233122.69971,kiemthugialap067@gmail.com,GET,/orders/me,8.31,200,ok,0,steady
1791233122.7021253,kiemthugialap093@gmail.com,GET,/orders/me,3.235,200,ok,0,steady
1791233122.7135715,kiemthugialap059@gmail.com,GET,/orders/me,6.367,200,ok,0,steady
1791233122.7140267,kiemthugialap031@gmail.com,GET,/orders/me,5.663,200,ok,0,steady
1791233122.7612777,kiemthugialap002@gmail.com,GET,/orders/me,5.304,200,ok,0,steady
1791233122.7754245,kiemthugialap009@gmail.com,GET,/concerts/{id},3.515,200,ok,0,steady
1791233122.806924,kiemthugialap087@gmail.com,GET,/orders/me,6.307,200,ok,0,steady
1791233122.8074791,kiemthugialap032@gmail.com,GET,/orders/me,7.928,200,ok,0,steady
1791233122.83568,kiemthugialap054@gmail.com,GET,/concerts/{id},4.069,200,ok,0,steady
1791233122.8523796,kiemthugialap073@gmail.com,GET,/concerts/{id},3.587,200,ok,0,steady
1791233122.8536394,kiemthugialap022@gmail.com,GET,/orders/me,6.771,200,ok,0,steady
1791233122.8564243,kiemthugialap080@gmail.com,GET,/orders/me,3.903,200,ok,0,steady
1791233122.9002235,kiemthugialap100@gmail.com,GET,/concerts/{id},5.627,200,ok,0,steady
1791233122.9130201,kiemthugialap058@gmail.com,GET,/concerts/{id},2.633,200,ok,0,steady
1791233122.9858084,kiemthugialap060@gmail.com,GET,/orders/me,9.492,200,ok,0,steady
1791233122.9862523,kiemthugialap052@gmail.com,GET,/orders/me,11.129,200,ok,0,steady
1791233122.986538,kiemthugialap036@gmail.com,GET,/orders/me,9.586,200,ok,0,steady
1791233122.9966004,kiemthugialap077@gmail.com,GET,/concerts/{id},5.466,200,ok,0,steady
1791233123.0245283,kiemthugialap012@gmail.com,GET,/concerts?on_sale=true,17.589,200,ok,0,steady
1791233123.0299006,kiemthugialap027@gmail.com,GET,/concerts/{id},19.871,200,ok,0,steady
1791233123.0305164,kiemthugialap017@gmail.com,GET,/orders/me,22.768,200,ok,0,steady
1791233123.0314772,kiemthugialap097@gmail.com,GET,/orders/me,8.726,200,ok,0,steady
1791233123.063386,kiemthugialap068@gmail.com,GET,/concerts/{id},8.05,200,ok,0,steady
1791233123.0653389,kiemthugialap013@gmail.com,GET,/orders/me,9.516,200,ok,0,steady
1791233123.06583,kiemthugialap034@gmail.com,GET,/orders/me,11.548,200,ok,0,steady
1791233123.068878,kiemthugialap030@gmail.com,GET,/orders/me,5.191,200,ok,0,steady
1791233123.0738337,kiemthugialap085@gmail.com,GET,/concerts?on_sale=true,3.742,200,ok,0,steady
1791233123.1087692,kiemthugialap095@gmail.com,GET,/orders/me,6.919,200,ok,0,steady
1791233123.1093833,kiemthugialap074@gmail.com,GET,/orders/me,6.634,200,ok,0,steady
1791233123.1532457,kiemthugialap088@gmail.com,GET,/concerts/{id},3.489,200,ok,0,steady
1791233123.1555393,kiemthugialap086@gmail.com,GET,/concerts,2.153,200,ok,0,steady
1791233123.169746,kiemthugialap066@gmail.com,GET,/orders/me,4.407,200,ok,0,steady
1791233123.200394,kiemthugialap071@gmail.com,GET,/orders/me,7.244,200,ok,0,steady
1791233123.200813,kiemthugialap055@gmail.com,GET,/orders/me,6.168,200,ok,0,steady
1791233123.229065,kiemthugialap064@gmail.com,GET,/orders/me,5.066,200,ok,0,steady
1791233123.2320569,kiemthugialap023@gmail.com,GET,/orders/me,2.855,200,ok,0,steady
1791233123.2487032,kiemthugialap033@gmail.com,GET,/orders/me,5.318,200,ok,0,steady
1791233123.2491434,kiemthugialap001@gmail.com,GET,/orders/me,7.074,200,ok,0,steady
1791233123.253126,kiemthugialap083@gmail.com,GET,/orders/me,3.848,200,ok,0,steady
1791233123.2796288,kiemthugialap056@gmail.com,GET,/orders/me,5.151,200,ok,0,steady
1791233123.3102357,kiemthugialap063@gmail.com,GET,/concerts?on_sale=true,18.108,200,ok,0,steady
1791233123.31082,kiemthugialap039@gmail.com,GET,/concerts,20.516,200,ok,0,steady
1791233123.3112636,kiemthugialap019@gmail.com,GET,/orders/me,19.892,200,ok,0,steady
1791233123.3164184,kiemthugialap090@gmail.com,GET,/concerts/{id},10.582,200,ok,0,steady
1791233123.3166761,kiemthugialap046@gmail.com,GET,/orders/me,24.89,200,ok,0,steady
1791233123.3185937,kiemthugialap041@gmail.com,GET,/concerts/{id},6.38,200,ok,0,steady
1791233123.3189104,kiemthugialap098@gmail.com,GET,/orders/me,7.484,200,ok,0,steady
1791233123.326001,kiemthugialap002@gmail.com,GET,/orders/me,4.226,200,ok,0,steady
1791233123.3427134,kiemthugialap005@gmail.com,GET,/orders/me,4.804,200,ok,0,steady
1791233123.3594604,kiemthugialap006@gmail.com,GET,/orders/me,5.435,200,ok,0,steady
1791233123.3769355,kiemthugialap078@gmail.com,GET,/orders/me,7.295,200,ok,0,steady
1791233123.3779647,kiemthugialap010@gmail.com,GET,/orders/me,7.73,200,ok,0,steady
1791233123.3794458,kiemthugialap079@gmail.com,GET,/concerts/{id},2.331,200,ok,0,steady
1791233123.4057407,kiemthugialap022@gmail.com,GET,/concerts?on_sale=true,4.057,200,ok,0,steady
1791233123.4230945,kiemthugialap025@gmail.com,GET,/orders/me,5.256,200,ok,0,steady
1791233123.440278,kiemthugialap091@gmail.com,GET,/orders/me,6.537,200,ok,0,steady
1791233123.4406178,kiemthugialap070@gmail.com,GET,/orders/me,5.832,200,ok,0,steady
1791233123.488007,kiemthugialap072@gmail.com,GET,/concerts/{id},5.028,200,ok,0,steady
1791233123.493403,kiemthugialap016@gmail.com,GET,/orders/me,5.168,200,ok,0,steady
1791233123.5206788,kiemthugialap032@gmail.com,GET,/concerts,6.107,200,ok,0,steady
1791233123.5219853,kiemthugialap028@gmail.com,GET,/orders/me,6.316,200,ok,0,steady
1791233123.5272646,kiemthugialap035@gmail.com,GET,/concerts,5.122,200,ok,0,steady
1791233123.528442,kiemthugialap094@gmail.com,GET,/orders/me,5.629,200,ok,0,steady
1791233123.5527906,kiemthugialap015@gmail.com,GET,/concerts/{id},6.32,200,ok,0,steady
1791233123.5549333,kiemthugialap036@gmail.com,GET,/orders/me,6.135,200,ok,0,steady
1791233123.555274,kiemthugialap053@gmail.com,GET,/orders/me,6.862,200,ok,0,steady
1791233123.5666692,kiemthugialap049@gmail.com,GET,/orders/me,4.855,200,ok,0,steady
1791233123.5700402,kiemthugialap051@gmail.com,GET,/orders/me,3.18,200,ok,0,steady
1791233123.572156,kiemthugialap096@gmail.com,GET,/concerts,1.989,200,ok,0,steady
1791233123.5985513,kiemthugialap038@gmail.com,GET,/orders/me,4.76,200,ok,0,steady
1791233123.6166353,kiemthugialap059@gmail.com,GET,/concerts?on_sale=true,5.387,200,ok,0,steady
1791233123.617693,kiemthugialap018@gmail.com,GET,/orders/me,8.685,200,ok,0,steady
1791233123.653388,kiemthugialap029@gmail.com,GET,/orders/me,11.993,200,ok,0,steady
1791233123.6541154,kiemthugialap047@gmail.com,GET,/orders/me,11.771,200,ok,0,steady
1791233123.654428,kiemthugialap061@gmail.com,GET,/orders/me,11.622,200,ok,0,steady
1791233123.6554775,kiemthugialap069@gmail.com,GET,/orders/me,11.174,200,ok,0,steady
1791233123.6568575,kiemthugialap075@gmail.com,GET,/concerts,2.315,200,ok,0,steady
1791233123.6830418,kiemthugialap073@gmail.com,GET,/orders/me,7.407,200,ok,0,steady
1791233123.6834412,kiemthugialap044@gmail.com,GET,/concerts?on_sale=true,5.657,200,ok,0,steady
1791233123.7140462,kiemthugialap042@gmail.com,GET,/concerts?on_sale=true,5.939,200,ok,0,steady
1791233123.714904,kiemthugialap007@gmail.com,GET,/orders/me,5.5,200,ok,0,steady
1791233123.7170181,kiemthugialap062@gmail.com,GET,/orders/me,2.844,200,ok,0,steady
1791233123.7298915,kiemthugialap043@gmail.com,GET,/concerts?on_sale=true,4.333,200,ok,0,steady
1791233123.7309713,kiemthugialap050@gmail.com,GET,/orders/me,6.482,200,ok,0,steady
1791233123.7472627,kiemthugialap024@gmail.com,GET,/orders/me,5.938,200,ok,0,steady
1791233123.7616482,kiemthugialap026@gmail.com,GET,/orders/me,5.106,200,ok,0,steady
1791233123.7974212,kiemthugialap045@gmail.com,GET,/concerts/{id},8.488,200,ok,0,steady
1791233123.801327,kiemthugialap052@gmail.com,GET,/orders/me,11.303,200,ok,0,steady
1791233123.8016374,kiemthugialap008@gmail.com,GET,/orders/me,11.184,200,ok,0,steady
1791233123.8017845,kiemthugialap040@gmail.com,GET,/orders/me,10.417,200,ok,0,steady
1791233123.8027775,kiemthugialap058@gmail.com,GET,/orders/me,5.922,200,ok,0,steady
1791233123.8054023,kiemthugialap080@gmail.com,GET,/orders/me,3.517,200,ok,0,steady
1791233123.8271475,kiemthugialap087@gmail.com,GET,/concerts?on_sale=true,4.717,200,ok,0,steady
1791233123.828156,kiemthugialap092@gmail.com,GET,/orders/me,6.587,200,ok,0,steady
1791233123.8434842,kiemthugialap067@gmail.com,GET,/orders/me,6.998,200,ok,0,steady
1791233123.8441482,kiemthugialap089@gmail.com,GET,/orders/me,6.463,200,ok,0,steady
1791233123.860895,kiemthugialap005@gmail.com,GET,/orders/me,7.964,200,ok,0,steady
1791233123.8612528,kiemthugialap090@gmail.com,GET,/orders/me,7.139,200,ok,0,steady
1791233123.8896894,kiemthugialap057@gmail.com,GET,/orders/me,4.511,200,ok,0,steady
1791233123.9072175,kiemthugialap014@gmail.com,GET,/concerts?on_sale=true,5.888,200,ok,0,steady
1791233123.908476,kiemthugialap082@gmail.com,GET,/orders/me,5.814,200,ok,0,steady
1791233123.972932,kiemthugialap093@gmail.com,GET,/orders/me,7.648,200,ok,0,steady
1791233123.9783244,kiemthugialap037@gmail.com,GET,/concerts,5.206,200,ok,0,steady
1791233123.9795191,kiemthugialap031@gmail.com,GET,/orders/me,13.032,200,ok,0,steady
1791233123.9830806,kiemthugialap004@gmail.com,GET,/orders/me,4.589,200,ok,0,steady
1791233124.03364,kiemthugialap030@gmail.com,GET,/concerts?on_sale=true,4.153,200,ok,0,steady
1791233124.0347037,kiemthugialap039@gmail.com,GET,/orders/me,5.744,200,ok,0,steady
1791233124.0645602,kiemthugialap033@gmail.com,GET,/concerts/{id},3.626,200,ok,0,steady
1791233124.084001,kiemthugialap084@gmail.com,GET,/concerts,4.8,200,ok,0,steady
1791233124.1114604,kiemthugialap056@gmail.com,GET,/orders/me,33.28,200,ok,0,steady
1791233124.1119485,kiemthugialap036@gmail.com,GET,/orders/me,34.648,200,ok,0,steady
1791233124.1190155,kiemthugialap016@gmail.com,GET,/concerts?on_sale=true,9.046,200,ok,0,steady
1791233124.1205258,kiemthugialap003@gmail.com,GET,/concerts,8.308,200,ok,0,steady
1791233124.1208558,kiemthugialap023@gmail.com,GET,/orders/me,27.744,200,ok,0,steady
1791233124.1213207,kiemthugialap066@gmail.com,GET,/orders/me,12.718,200,ok,0,steady
1791233124.123262,kiemthugialap035@gmail.com,GET,/orders/me,5.095,200,ok,0,steady
1791233124.1458726,kiemthugialap095@gmail.com,GET,/orders/me,5.63,200,ok,0,steady
1791233124.1494746,kiemthugialap081@gmail.com,GET,/concerts/{id},3.352,200,ok,0,steady
1791233124.1515841,kiemthugialap097@gmail.com,GET,/orders/me,4.524,200,ok,0,steady
1791233124.2064269,kiemthugialap006@gmail.com,GET,/orders/me,17.66,200,ok,0,steady
1791233124.2079923,kiemthugialap086@gmail.com,GET,/orders/me,20.005,200,ok,0,steady
1791233124.2131495,kiemthugialap099@gmail.com,GET,/concerts,8.69,200,ok,0,steady
1791233124.2646234,kiemthugialap018@gmail.com,GET,/orders/me,5.307,200,ok,0,steady
1791233124.2798517,kiemthugialap027@gmail.com,GET,/orders/me,5.013,200,ok,0,steady
1791233124.3161352,kiemthugialap009@gmail.com,GET,/concerts?on_sale=true,8.279,200,ok,0,steady
1791233124.3173923,kiemthugialap015@gmail.com,GET,/orders/me,8.559,200,ok,0,steady
1791233124.320338,kiemthugialap024@gmail.com,GET,/orders/me,3.97,200,ok,0,steady
1791233124.3272898,kiemthugialap002@gmail.com,GET,/orders/me,4.132,200,ok,0,steady
1791233124.3433552,kiemthugialap025@gmail.com,GET,/concerts,4.02,200,ok,0,steady
1791233124.3596494,kiemthugialap060@gmail.com,GET,/concerts,4.531,200,ok,0,steady
1791233124.3623364,kiemthugialap064@gmail.com,GET,/concerts,2.503,200,ok,0,steady
1791233124.3778038,kiemthugialap020@gmail.com,GET,/concerts/{id},6.038,200,ok,0,steady
1791233124.3796818,kiemthugialap089@gmail.com,GET,/orders/me,8.84,200,ok,0,steady
1791233124.380033,kiemthugialap048@gmail.com,GET,/orders/me,7.113,200,ok,0,steady
1791233124.4101236,kiemthugialap034@gmail.com,GET,/orders/me,6.313,200,ok,0,steady
1791233124.457883,kiemthugialap077@gmail.com,GET,/orders/me,12.293,200,ok,0,steady
1791233124.4583075,kiemthugialap076@gmail.com,GET,/orders/me,12.515,200,ok,0,steady
1791233124.4587045,kiemthugialap014@gmail.com,GET,/orders/me,11.66,200,ok,0,steady
1791233124.4599977,kiemthugialap085@gmail.com,GET,/orders/me,16.186,200,ok,0,steady
1791233124.46019,kiemthugialap011@gmail.com,GET,/orders/me,15.844,200,ok,0,steady
1791233124.4608388,kiemthugialap071@gmail.com,GET,/orders/me,14.863,200,ok,0,steady
1791233124.4970748,kiemthugialap092@gmail.com,GET,/concerts?on_sale=true,3.585,200,ok,0,steady
1791233124.510316,kiemthugialap091@gmail.com,GET,/concerts?on_sale=true,5.001,200,ok,0,steady
1791233124.5849643,kiemthugialap100@gmail.com,GET,/concerts/{id},7.551,200,ok,0,steady
1791233124.5855038,kiemthugialap008@gmail.com,GET,/concerts/{id},8.446,200,ok,0,steady
1791233124.5867972,kiemthugialap001@gmail.com,GET,/orders/me,11.328,200,ok,0,steady
1791233124.5871675,kiemthugialap065@gmail.com,GET,/orders/me,10.456,200,ok,0,steady
1791233124.6310208,kiemthugialap021@gmail.com,GET,/orders/me,6.296,200,ok,0,steady
1791233124.6632154,kiemthugialap049@gmail.com,GET,/orders/me,4.892,200,ok,0,steady
1791233124.6998596,kiemthugialap013@gmail.com,GET,/orders/me,7.132,200,ok,0,steady
1791233124.7002516,kiemthugialap097@gmail.com,GET,/orders/me,6.699,200,ok,0,steady
1791233124.739088,kiemthugialap080@gmail.com,GET,/concerts,6.154,200,ok,0,steady
1791233124.7408633,kiemthugialap098@gmail.com,GET,/orders/me,10.344,200,ok,0,steady
1791233124.7418163,kiemthugialap059@gmail.com,GET,/orders/me,9.999,200,ok,0,steady
1791233124.7421556,kiemthugialap079@gmail.com,GET,/orders/me,10.635,200,ok,0,steady
1791233124.7445693,kiemthugialap010@gmail.com,GET,/concerts,3.574,200,ok,0,steady
1791233124.745052,kiemthugialap046@gmail.com,GET,/orders/me,5.798,200,ok,0,steady
1791233124.769113,kiemthugialap057@gmail.com,GET,/orders/me,6.662,200,ok,0,steady
1791233124.785075,kiemthugialap067@gmail.com,GET,/orders/me,4.671,200,ok,0,steady
1791233124.7885334,kiemthugialap055@gmail.com,GET,/orders/me,3.315,200,ok,0,steady
1791233124.80528,kiemthugialap054@gmail.com,GET,/orders/me,8.455,200,ok,0,steady
1791233124.8074772,kiemthugialap072@gmail.com,GET,/orders/me,8.174,200,ok,0,steady
1791233124.8078196,kiemthugialap040@gmail.com,GET,/orders/me,9.291,200,ok,0,steady
1791233124.8081625,kiemthugialap061@gmail.com,GET,/orders/me,10.016,200,ok,0,steady
1791233124.8349917,kiemthugialap078@gmail.com,GET,/orders/me,5.045,200,ok,0,steady
1791233124.8690734,kiemthugialap038@gmail.com,GET,/concerts,4.905,200,ok,0,steady
1791233124.8738403,kiemthugialap088@gmail.com,GET,/orders/me,4.561,200,ok,0,steady
1791233124.9024177,kiemthugialap090@gmail.com,GET,/orders/me,5.163,200,ok,0,steady
1791233125.004757,kiemthugialap006@gmail.com,GET,/concerts,7.735,200,ok,0,steady
1791233125.006457,kiemthugialap017@gmail.com,GET,/orders/me,8.504,200,ok,0,steady
1791233125.0076244,kiemthugialap077@gmail.com,GET,/orders/me,8.437,200,ok,0,steady
1791233125.0095785,kiemthugialap042@gmail.com,GET,/concerts,4.263,200,ok,0,steady
1791233125.0106764,kiemthugialap070@gmail.com,GET,/orders/me,5.693,200,ok,0,steady
1791233125.0235066,kiemthugialap073@gmail.com,GET,/orders/me,7.4,200,ok,0,steady
1791233125.0244775,kiemthugialap034@gmail.com,GET,/orders/me,9.851,200,ok,0,steady
1791233125.0247867,kiemthugialap012@gmail.com,GET,/orders/me,10.949,200,ok,0,steady
1791233125.0250888,kiemthugialap095@gmail.com,GET,/orders/me,10.744,200,ok,0,steady
1791233125.0264006,kiemthugialap068@gmail.com,GET,/concerts?on_sale=true,2.737,200,ok,0,steady
1791233125.0595503,kiemthugialap024@gmail.com,GET,/orders/me,8.686,200,ok,0,steady
1791233125.0608523,kiemthugialap074@gmail.com,GET,/orders/me,11.665,200,ok,0,steady
1791233125.0613563,kiemthugialap005@gmail.com,GET,/orders/me,12.509,200,ok,0,steady
1791233125.0617723,kiemthugialap037@gmail.com,GET,/orders/me,13.243,200,ok,0,steady
1791233125.0620983,kiemthugialap044@gmail.com,GET,/orders/me,14.598,200,ok,0,steady
1791233125.0668728,kiemthugialap069@gmail.com,GET,/orders/me,7.089,200,ok,0,steady
1791233125.0682445,kiemthugialap075@gmail.com,GET,/orders/me,5.997,200,ok,0,steady
1791233125.087095,kiemthugialap011@gmail.com,GET,/orders/me,6.325,200,ok,0,steady
1791233125.0905075,kiemthugialap019@gmail.com,GET,/concerts/{id},3.205,200,ok,0,steady
1791233125.099882,kiemthugialap041@gmail.com,GET,/concerts?on_sale=true,3.075,200,ok,0,steady
1791233125.119309,kiemthugialap016@gmail.com,GET,/orders/me,6.897,200,ok,0,steady
1791233125.1196795,kiemthugialap063@gmail.com,GET,/orders/me,5.389,200,ok,0,steady
1791233125.1361976,kiemthugialap096@gmail.com,GET,/orders/me,5.405,200,ok,0,steady
1791233125.2013788,kiemthugialap048@gmail.com,GET,/concerts,37.042,200,ok,0,steady
1791233125.2018237,kiemthugialap020@gmail.com,GET,/orders/me,38.884,200,ok,0,steady
1791233125.2021282,kiemthugialap083@gmail.com,GET,/orders/me,38.234,200,ok,0,steady
1791233125.2136588,kiemthugialap087@gmail.com,GET,/concerts/{id},10.623,200,ok,0,steady
1791233125.2178211,kiemthugialap071@gmail.com,GET,/orders/me,15.543,200,ok,0,steady
1791233125.2182088,kiemthugialap027@gmail.com,GET,/orders/me,14.5,200,ok,0,steady
1791233125.2189212,kiemthugialap003@gmail.com,GET,/orders/me,15.663,200,ok,0,steady
1791233125.2200015,kiemthugialap032@gmail.com,GET,/orders/me,17.235,200,ok,0,steady
1791233125.2203958,kiemthugialap065@gmail.com,GET,/orders/me,16.922,200,ok,0,steady
1791233125.2233956,kiemthugialap022@gmail.com,GET,/concerts?on_sale=true,12.012,200,ok,0,steady
1791233125.2242568,kiemthugialap043@gmail.com,GET,/orders/me,12.565,200,ok,0,steady
1791233125.2250888,kiemthugialap039@gmail.com,GET,/orders/me,14.195,200,ok,0,steady
1791233125.2516472,kiemthugialap052@gmail.com,GET,/orders/me,5.011,200,ok,0,steady
1791233125.26943,kiemthugialap094@gmail.com,GET,/concerts/{id},6.012,200,ok,0,steady
1791233125.2698488,kiemthugialap035@gmail.com,GET,/orders/me,5.565,200,ok,0,steady
1791233125.3194299,kiemthugialap092@gmail.com,GET,/concerts?on_sale=true,19.854,200,ok,0,steady
1791233125.3231666,kiemthugialap055@gmail.com,GET,/orders/me,24.491,200,ok,0,steady
1791233125.3241227,kiemthugialap097@gmail.com,GET,/orders/me,26.48,200,ok,0,steady
1791233125.3250458,kiemthugialap007@gmail.com,GET,/concerts,11.835,200,ok,0,steady
1791233125.327044,kiemthugialap053@gmail.com,GET,/orders/me,13.393,200,ok,0,steady
1791233125.328102,kiemthugialap002@gmail.com,GET,/orders/me,15.684,200,ok,0,steady
1791233125.3314354,kiemthugialap080@gmail.com,GET,/orders/me,8.089,200,ok,0,steady
1791233125.3329093,kiemthugialap045@gmail.com,GET,/orders/me,5.424,200,ok,0,steady
1791233125.3566036,kiemthugialap010@gmail.com,GET,/concerts,10.172,200,ok,0,steady
1791233125.3580675,kiemthugialap013@gmail.com,GET,/orders/me,10.438,200,ok,0,steady
1791233125.3591454,kiemthugialap036@gmail.com,GET,/orders/me,11.116,200,ok,0,steady
1791233125.3594425,kiemthugialap051@gmail.com,GET,/orders/me,12.187,200,ok,0,steady
1791233125.3618557,kiemthugialap028@gmail.com,GET,/orders/me,5.012,200,ok,0,steady
1791233125.390812,kiemthugialap099@gmail.com,GET,/orders/me,10.039,200,ok,0,steady
1791233125.391601,kiemthugialap067@gmail.com,GET,/orders/me,11.279,200,ok,0,steady
1791233125.392069,kiemthugialap050@gmail.com,GET,/orders/me,12.817,200,ok,0,steady
1791233125.4531114,kiemthugialap021@gmail.com,GET,/concerts?on_sale=true,7.345,200,ok,0,steady
1791233125.4545152,kiemthugialap047@gmail.com,GET,/orders/me,7.995,200,ok,0,steady
1791233125.4549098,kiemthugialap046@gmail.com,GET,/orders/me,8.104,200,ok,0,steady
1791233125.484263,kiemthugialap098@gmail.com,GET,/orders/me,5.285,200,ok,0,steady
1791233125.5042386,kiemthugialap090@gmail.com,GET,/orders/me,8.754,200,ok,0,steady
1791233125.5049393,kiemthugialap029@gmail.com,GET,/orders/me,8.405,200,ok,0,steady
1791233125.5363703,kiemthugialap093@gmail.com,GET,/orders/me,6.886,200,ok,0,steady
1791233125.5399733,kiemthugialap059@gmail.com,GET,/orders/me,3.388,200,ok,0,steady
1791233125.5705178,kiemthugialap006@gmail.com,GET,/orders/me,6.78,200,ok,0,steady
1791233125.5741632,kiemthugialap058@gmail.com,GET,/orders/me,3.488,200,ok,0,steady
1791233125.5771985,kiemthugialap066@gmail.com,GET,/orders/me,2.913,200,ok,0,steady
1791233125.5805917,kiemthugialap004@gmail.com,GET,/orders/me,3.255,200,ok,0,steady
1791233125.6018474,kiemthugialap084@gmail.com,GET,/orders/me,5.02,200,ok,0,steady
1791233125.6538033,kiemthugialap026@gmail.com,GET,/orders/me,6.146,200,ok,0,steady
1791233125.6701853,kiemthugialap082@gmail.com,GET,/orders/me,5.79,200,ok,0,steady
1791233125.7024975,kiemthugialap030@gmail.com,GET,/concerts,4.79,200,ok,0,steady
1791233125.704858,kiemthugialap060@gmail.com,GET,/concerts/{id},2.213,200,ok,0,steady
1791233125.7212098,kiemthugialap025@gmail.com,GET,/concerts/{id},5.053,200,ok,0,steady
1791233125.7223601,kiemthugialap062@gmail.com,GET,/orders/me,7.622,200,ok,0,steady
1791233125.772147,kiemthugialap086@gmail.com,GET,/concerts,6.958,200,ok,0,steady
1791233125.772717,kiemthugialap048@gmail.com,GET,/orders/me,9.156,200,ok,0,steady
1791233125.7730649,kiemthugialap031@gmail.com,GET,/orders/me,8.198,200,ok,0,steady
1791233125.7863667,kiemthugialap017@gmail.com,GET,/orders/me,5.548,200,ok,0,steady
1791233125.8023603,kiemthugialap018@gmail.com,GET,/orders/me,5.322,200,ok,0,steady
1791233125.8519845,kiemthugialap009@gmail.com,GET,/orders/me,4.629,200,ok,0,steady
1791233125.8584888,kiemthugialap074@gmail.com,GET,/orders/me,6.325,200,ok,0,steady
1791233125.85946,kiemthugialap057@gmail.com,GET,/orders/me,6.886,200,ok,0,steady
1791233125.8607244,kiemthugialap011@gmail.com,GET,/concerts,2.071,200,ok,0,steady
1791233125.8852303,kiemthugialap056@gmail.com,GET,/orders/me,4.704,200,ok,0,steady
1791233125.9186985,kiemthugialap052@gmail.com,GET,/concerts?on_sale=true,4.584,200,ok,0,steady
1791233125.9782808,kiemthugialap037@gmail.com,GET,/orders/me,12.363,200,ok,0,steady
1791233125.9786286,kiemthugialap039@gmail.com,GET,/orders/me,15.232,200,ok,0,steady
1791233125.9788232,kiemthugialap067@gmail.com,GET,/orders/me,14.007,200,ok,0,steady
1791233125.9798446,kiemthugialap053@gmail.com,GET,/orders/me,15.485,200,ok,0,steady
1791233125.980235,kiemthugialap023@gmail.com,GET,/orders/me,14.616,200,ok,0,steady
1791233125.980444,kiemthugialap075@gmail.com,GET,/orders/me,15.189,200,ok,0,steady
1791233126.0021446,kiemthugialap081@gmail.com,GET,/concerts,4.399,200,ok,0,steady
1791233126.0030975,kiemthugialap064@gmail.com,GET,/orders/me,6.729,200,ok,0,steady
1791233126.0057058,kiemthugialap097@gmail.com,GET,/orders/me,3.351,200,ok,0,steady
1791233126.0351205,kiemthugialap089@gmail.com,GET,/concerts,3.315,200,ok,0,steady
1791233126.0528688,kiemthugialap012@gmail.com,GET,/orders/me,5.089,200,ok,0,steady
1791233126.070606,kiemthugialap090@gmail.com,GET,/orders/me,5.111,200,ok,0,steady
1791233126.0710087,kiemthugialap033@gmail.com,GET,/orders/me,6.77,200,ok,0,steady
1791233126.1178017,kiemthugialap071@gmail.com,GET,/orders/me,5.115,200,ok,0,steady
1791233126.1505716,kiemthugialap061@gmail.com,GET,/concerts?on_sale=true,3.957,200,ok,0,steady
1791233126.174183,kiemthugialap076@gmail.com,GET,/orders/me,11.032,200,ok,0,steady
1791233126.1760926,kiemthugialap054@gmail.com,GET,/orders/me,11.487,200,ok,0,steady
1791233126.1765,kiemthugialap049@gmail.com,GET,/orders/me,12.265,200,ok,0,steady
1791233126.1799202,kiemthugialap032@gmail.com,GET,/orders/me,5.544,200,ok,0,steady
1791233126.181281,kiemthugialap045@gmail.com,GET,/orders/me,6.426,200,ok,0,steady
1791233126.1836264,kiemthugialap024@gmail.com,GET,/concerts/{id},3.533,200,ok,0,steady
1791233126.1864977,kiemthugialap066@gmail.com,GET,/concerts?on_sale=true,2.707,200,ok,0,steady
1791233126.2029147,kiemthugialap002@gmail.com,GET,/concerts?on_sale=true,5.765,200,ok,0,steady
1791233126.2033267,kiemthugialap088@gmail.com,GET,/orders/me,5.151,200,ok,0,steady
1791233126.2233524,kiemthugialap085@gmail.com,GET,/orders/me,9.03,200,ok,0,steady
1791233126.22452,kiemthugialap043@gmail.com,GET,/orders/me,9.255,200,ok,0,steady
1791233126.2248285,kiemthugialap083@gmail.com,GET,/orders/me,9.196,200,ok,0,steady
1791233126.2265568,kiemthugialap063@gmail.com,GET,/orders/me,3.004,200,ok,0,steady
1791233126.252723,kiemthugialap094@gmail.com,GET,/concerts/{id},4.176,200,ok,0,steady
1791233126.2578754,kiemthugialap003@gmail.com,GET,/orders/me,4.717,200,ok,0,steady
1791233126.2586637,kiemthugialap025@gmail.com,GET,/orders/me,5.811,200,ok,0,steady
1791233126.261462,kiemthugialap008@gmail.com,GET,/concerts/{id},2.693,200,ok,0,steady
1791233126.2617738,kiemthugialap050@gmail.com,GET,/orders/me,3.786,200,ok,0,steady
1791233126.2698488,kiemthugialap042@gmail.com,GET,/orders/me,5.707,200,ok,0,steady
1791233126.2736118,kiemthugialap100@gmail.com,GET,/orders/me,3.553,200,ok,0,steady
1791233126.2761467,kiemthugialap030@gmail.com,GET,/concerts,2.374,200,ok,0,steady
1791233126.279272,kiemthugialap055@gmail.com,GET,/orders/me,2.944,200,ok,0,steady
1791233126.282175,kiemthugialap013@gmail.com,GET,/concerts,2.689,200,ok,0,steady
1791233126.301742,kiemthugialap029@gmail.com,GET,/orders/me,4.824,200,ok,0,steady
1791233126.3191402,kiemthugialap015@gmail.com,GET,/orders/me,5.053,200,ok,0,steady
1791233126.3265164,kiemthugialap020@gmail.com,GET,/orders/me,5.773,200,ok,0,steady
1791233126.327561,kiemthugialap044@gmail.com,GET,/orders/me,8.28,200,ok,0,steady
1791233126.3296416,kiemthugialap051@gmail.com,GET,/orders/me,2.949,200,ok,0,steady
1791233126.3718116,kiemthugialap014@gmail.com,GET,/concerts?on_sale=true,6.527,200,ok,0,steady
1791233126.37298,kiemthugialap091@gmail.com,GET,/orders/me,6.679,200,ok,0,steady
1791233126.401905,kiemthugialap096@gmail.com,GET,/concerts?on_sale=true,5.227,200,ok,0,steady
1791233126.4558244,kiemthugialap022@gmail.com,GET,/concerts/{id},7.837,200,ok,0,steady
1791233126.4576163,kiemthugialap040@gmail.com,GET,/orders/me,10.864,200,ok,0,steady
1791233126.4585273,kiemthugialap036@gmail.com,GET,/orders/me,10.912,200,ok,0,steady
1791233126.4655461,kiemthugialap035@gmail.com,GET,/orders/me,7.764,200,ok,0,steady
1791233126.4661844,kiemthugialap078@gmail.com,GET,/orders/me,10.087,200,ok,0,steady
1791233126.4668045,kiemthugialap079@gmail.com,GET,/orders/me,10.307,200,ok,0,steady
1791233126.469804,kiemthugialap059@gmail.com,GET,/concerts,7.402,200,ok,0,steady
1791233126.4709773,kiemthugialap062@gmail.com,GET,/orders/me,7.705,200,ok,0,steady
1791233126.4873219,kiemthugialap019@gmail.com,GET,/orders/me,7.777,200,ok,0,steady
1791233126.4932394,kiemthugialap001@gmail.com,GET,/orders/me,5.566,200,ok,0,steady
1791233126.52073,kiemthugialap060@gmail.com,GET,/orders/me,6.455,200,ok,0,steady
1791233126.5563424,kiemthugialap041@gmail.com,GET,/orders/me,9.223,200,ok,0,steady
1791233126.5569322,kiemthugialap072@gmail.com,GET,/orders/me,9.554,200,ok,0,steady
1791233126.5573165,kiemthugialap027@gmail.com,GET,/orders/me,11.135,200,ok,0,steady
1791233126.5684001,kiemthugialap099@gmail.com,GET,/orders/me,5.615,200,ok,0,steady
1791233126.6182144,kiemthugialap093@gmail.com,GET,/orders/me,5.586,200,ok,0,steady
1791233126.6376307,kiemthugialap087@gmail.com,GET,/orders/me,7.507,200,ok,0,steady
1791233126.63835,kiemthugialap021@gmail.com,GET,/orders/me,9.156,200,ok,0,steady
1791233126.638694,kiemthugialap095@gmail.com,GET,/orders/me,7.338,200,ok,0,steady
1791233126.6533992,kiemthugialap047@gmail.com,GET,/orders/me,6.349,200,ok,0,steady
1791233126.6691008,kiemthugialap046@gmail.com,GET,/concerts/{id},5.432,200,ok,0,steady
1791233126.6702523,kiemthugialap010@gmail.com,GET,/orders/me,7.678,200,ok,0,steady
1791233126.6864214,kiemthugialap073@gmail.com,GET,/orders/me,6.871,200,ok,0,steady
1791233126.6870124,kiemthugialap004@gmail.com,GET,/orders/me,6.743,200,ok,0,steady
1791233126.734712,kiemthugialap098@gmail.com,GET,/orders/me,4.707,200,ok,0,steady
1791233126.737637,kiemthugialap011@gmail.com,GET,/orders/me,2.787,200,ok,0,steady
1791233126.7516127,kiemthugialap009@gmail.com,GET,/concerts,3.684,200,ok,0,steady
1791233126.7713532,kiemthugialap067@gmail.com,GET,/orders/me,7.045,200,ok,0,steady
1791233126.7726996,kiemthugialap077@gmail.com,GET,/orders/me,7.464,200,ok,0,steady
1791233126.775137,kiemthugialap070@gmail.com,GET,/orders/me,3.541,200,ok,0,steady
1791233126.8036282,kiemthugialap075@gmail.com,GET,/concerts/{id},5.651,200,ok,0,steady
1791233126.805105,kiemthugialap034@gmail.com,GET,/orders/me,7.619,200,ok,0,steady
1791233126.8055153,kiemthugialap038@gmail.com,GET,/orders/me,9.112,200,ok,0,steady
1791233126.8347251,kiemthugialap023@gmail.com,GET,/concerts,3.456,200,ok,0,steady
1791233126.8357055,kiemthugialap016@gmail.com,GET,/orders/me,6.103,200,ok,0,steady
1791233126.8506799,kiemthugialap028@gmail.com,GET,/orders/me,4.444,200,ok,0,steady
1791233126.8670282,kiemthugialap012@gmail.com,GET,/concerts,4.314,200,ok,0,steady
1791233126.9029067,kiemthugialap024@gmail.com,GET,/orders/me,5.129,200,ok,0,steady
1791233126.9145575,kiemthugialap039@gmail.com,GET,/concerts,4.197,200,ok,0,steady
1791233126.9406528,kiemthugialap015@gmail.com,GET,/orders/me,10.395,200,ok,0,steady
1791233126.941679,kiemthugialap049@gmail.com,GET,/orders/me,10.139,200,ok,0,steady
1791233126.9419954,kiemthugialap080@gmail.com,GET,/orders/me,10.171,200,ok,0,steady
1791233126.9422722,kiemthugialap052@gmail.com,GET,/orders/me,11.046,200,ok,0,steady
1791233126.943526,kiemthugialap065@gmail.com,GET,/orders/me,2.701,200,ok,0,steady
1791233126.9682882,kiemthugialap005@gmail.com,GET,/orders/me,5.208,200,ok,0,steady
1791233126.9856672,kiemthugialap068@gmail.com,GET,/concerts/{id},4.975,200,ok,0,steady
1791233127.0028498,kiemthugialap017@gmail.com,GET,/orders/me,5.203,200,ok,0,steady
1791233127.0196733,kiemthugialap069@gmail.com,GET,/orders/me,5.353,200,ok,0,steady
1791233127.0491455,kiemthugialap037@gmail.com,GET,/concerts/{id},3.658,200,ok,0,steady
1791233127.0718014,kiemthugialap020@gmail.com,GET,/orders/me,7.885,200,ok,0,steady
1791233127.0730598,kiemthugialap072@gmail.com,GET,/orders/me,8.126,200,ok,0,steady
1791233127.0734072,kiemthugialap058@gmail.com,GET,/orders/me,8.115,200,ok,0,steady
1791233127.1069252,kiemthugialap057@gmail.com,GET,/orders/me,8.038,200,ok,0,steady
1791233127.1074066,kiemthugialap084@gmail.com,GET,/orders/me,9.912,200,ok,0,steady
1791233127.107719,kiemthugialap033@gmail.com,GET,/orders/me,9.284,200,ok,0,steady
1791233127.1359417,kiemthugialap006@gmail.com,GET,/orders/me,6.059,200,ok,0,steady
1791233127.1392589,kiemthugialap071@gmail.com,GET,/orders/me,3.004,200,ok,0,steady
1791233127.1414318,kiemthugialap088@gmail.com,GET,/concerts,2.034,200,ok,0,steady
1791233127.1529925,kiemthugialap031@gmail.com,GET,/orders/me,6.034,200,ok,0,steady
1791233127.1613944,kiemthugialap076@gmail.com,GET,/orders/me,8.17,200,ok,0,steady
1791233127.1617208,kiemthugialap027@gmail.com,GET,/orders/me,7.726,200,ok,0,steady
1791233127.1619904,kiemthugialap086@gmail.com,GET,/orders/me,8.287,200,ok,0,steady
1791233127.1640618,kiemthugialap089@gmail.com,GET,/orders/me,3.296,200,ok,0,steady
1791233127.1673846,kiemthugialap030@gmail.com,GET,/concerts?on_sale=true,3.174,200,ok,0,steady
1791233127.184946,kiemthugialap059@gmail.com,GET,/concerts?on_sale=true,5.183,200,ok,0,steady
1791233127.2219648,kiemthugialap082@gmail.com,GET,/orders/me,8.68,200,ok,0,steady
1791233127.222369,kiemthugialap100@gmail.com,GET,/orders/me,7.817,200,ok,0,steady
1791233127.222687,kiemthugialap096@gmail.com,GET,/orders/me,7.862,200,ok,0,steady
1791233127.2535841,kiemthugialap074@gmail.com,GET,/concerts,5.968,200,ok,0,steady
1791233127.25493,kiemthugialap045@gmail.com,GET,/orders/me,6.365,200,ok,0,steady
1791233127.2837527,kiemthugialap056@gmail.com,GET,/orders/me,28.671,200,ok,0,steady
1791233127.2856574,kiemthugialap011@gmail.com,GET,/orders/me,29.822,200,ok,0,steady
1791233127.2880735,kiemthugialap026@gmail.com,GET,/concerts/{id},23.153,200,ok,0,steady
1791233127.2890332,kiemthugialap051@gmail.com,GET,/orders/me,25.302,200,ok,0,steady
1791233127.289862,kiemthugialap092@gmail.com,GET,/orders/me,24.383,200,ok,0,steady
1791233127.2914774,kiemthugialap097@gmail.com,GET,/orders/me,11.699,200,ok,0,steady
1791233127.293217,kiemthugialap062@gmail.com,GET,/orders/me,7.427,200,ok,0,steady
1791233127.2960918,kiemthugialap036@gmail.com,GET,/concerts,3.911,200,ok,0,steady
1791233127.297725,kiemthugialap013@gmail.com,GET,/orders/me,5.808,200,ok,0,steady
1791233127.298421,kiemthugialap007@gmail.com,GET,/orders/me,6.824,200,ok,0,steady
1791233127.3186045,kiemthugialap048@gmail.com,GET,/concerts/{id},4.803,200,ok,0,steady
1791233127.3357427,kiemthugialap066@gmail.com,GET,/orders/me,4.774,200,ok,0,steady
1791233127.3547213,kiemthugialap025@gmail.com,GET,/orders/me,6.933,200,ok,0,steady
1791233127.3552015,kiemthugialap078@gmail.com,GET,/orders/me,6.099,200,ok,0,steady
1791233127.3589494,kiemthugialap032@gmail.com,GET,/orders/me,3.589,200,ok,0,steady
1791233127.4563584,kiemthugialap083@gmail.com,GET,/orders/me,8.89,200,ok,0,steady
1791233127.4575593,kiemthugialap041@gmail.com,GET,/orders/me,8.928,200,ok,0,steady
1791233127.4599855,kiemthugialap064@gmail.com,GET,/orders/me,3.379,200,ok,0,steady
1791233127.4850447,kiemthugialap039@gmail.com,GET,/orders/me,5.755,200,ok,0,steady
1791233127.4887328,kiemthugialap075@gmail.com,GET,/orders/me,3.475,200,ok,0,steady
1791233127.501499,kiemthugialap028@gmail.com,GET,/concerts?on_sale=true,4.566,200,ok,0,steady
1791233127.5527132,kiemthugialap003@gmail.com,GET,/orders/me,4.354,200,ok,0,steady
1791233127.55511,kiemthugialap008@gmail.com,GET,/concerts?on_sale=true,2.257,200,ok,0,steady
1791233127.5686674,kiemthugialap021@gmail.com,GET,/concerts,4.264,200,ok,0,steady
1791233127.5861986,kiemthugialap090@gmail.com,GET,/orders/me,4.724,200,ok,0,steady
1791233127.6025321,kiemthugialap073@gmail.com,GET,/orders/me,5.508,200,ok,0,steady
1791233127.6397233,kiemthugialap087@gmail.com,GET,/orders/me,8.243,200,ok,0,steady
1791233127.6408274,kiemthugialap035@gmail.com,GET,/orders/me,7.294,200,ok,0,steady
1791233127.6422067,kiemthugialap046@gmail.com,GET,/concerts/{id},2.285,200,ok,0,steady
1791233127.6508598,kiemthugialap049@gmail.com,GET,/concerts/{id},4.8,200,ok,0,steady
1791233127.6700811,kiemthugialap018@gmail.com,GET,/concerts?on_sale=true,7.267,200,ok,0,steady
1791233127.670844,kiemthugialap050@gmail.com,GET,/orders/me,6.949,200,ok,0,steady
1791233127.6861928,kiemthugialap024@gmail.com,GET,/orders/me,6.837,200,ok,0,steady
1791233127.6930838,kiemthugialap009@gmail.com,GET,/orders/me,6.539,200,ok,0,steady
1791233127.7004316,kiemthugialap059@gmail.com,GET,/concerts/{id},4.604,200,ok,0,steady
1791233127.7362154,kiemthugialap071@gmail.com,GET,/orders/me,6.778,200,ok,0,steady
1791233127.7550762,kiemthugialap093@gmail.com,GET,/concerts,6.589,200,ok,0,steady
1791233127.75624,kiemthugialap091@gmail.com,GET,/orders/me,8.638,200,ok,0,steady
1791233127.7744076,kiemthugialap096@gmail.com,GET,/concerts,11.957,200,ok,0,steady
1791233127.7748654,kiemthugialap004@gmail.com,GET,/concerts,11.646,200,ok,0,steady
1791233127.77527,kiemthugialap055@gmail.com,GET,/concerts,9.738,200,ok,0,steady
1791233127.777077,kiemthugialap053@gmail.com,GET,/orders/me,10.185,200,ok,0,steady
1791233127.7774734,kiemthugialap010@gmail.com,GET,/orders/me,10.229,200,ok,0,steady
1791233127.8010397,kiemthugialap081@gmail.com,GET,/orders/me,4.842,200,ok,0,steady
1791233127.8044224,kiemthugialap099@gmail.com,GET,/orders/me,3.196,200,ok,0,steady
1791233127.83362,kiemthugialap015@gmail.com,GET,/concerts?on_sale=true,4.673,200,ok,0,steady
1791233127.8345342,kiemthugialap051@gmail.com,GET,/orders/me,5.104,200,ok,0,steady
1791233127.8654625,kiemthugialap013@gmail.com,GET,/concerts,19.284,200,ok,0,steady
1791233127.8698602,kiemthugialap086@gmail.com,GET,/orders/me,22.936,200,ok,0,steady
1791233127.8715968,kiemthugialap098@gmail.com,GET,/orders/me,23.578,200,ok,0,steady
1791233127.8720665,kiemthugialap068@gmail.com,GET,/orders/me,8.124,200,ok,0,steady
1791233127.8863556,kiemthugialap089@gmail.com,GET,/orders/me,6.115,200,ok,0,steady
1791233127.9027297,kiemthugialap066@gmail.com,GET,/concerts?on_sale=true,5.357,200,ok,0,steady
1791233127.903792,kiemthugialap070@gmail.com,GET,/orders/me,4.864,200,ok,0,steady
1791233127.9538293,kiemthugialap023@gmail.com,GET,/concerts,4.451,200,ok,0,steady
1791233127.954816,kiemthugialap037@gmail.com,GET,/orders/me,5.956,200,ok,0,steady
1791233127.9693053,kiemthugialap083@gmail.com,GET,/orders/me,4.805,200,ok,0,steady
1791233128.0021982,kiemthugialap061@gmail.com,GET,/orders/me,5.357,200,ok,0,steady
1791233128.0046835,kiemthugialap048@gmail.com,GET,/concerts?on_sale=true,2.306,200,ok,0,steady
1791233128.0071456,kiemthugialap011@gmail.com,GET,/concerts,2.307,200,ok,0,steady
1791233128.035624,kiemthugialap058@gmail.com,GET,/concerts/{id},4.262,200,ok,0,steady
1791233128.036669,kiemthugialap042@gmail.com,GET,/orders/me,6.197,200,ok,0,steady
1791233128.053032,kiemthugialap054@gmail.com,GET,/concerts?on_sale=true,5.084,200,ok,0,steady
1791233128.053928,kiemthugialap005@gmail.com,GET,/orders/me,5.15,200,ok,0,steady
1791233128.0694199,kiemthugialap002@gmail.com,GET,/orders/me,4.643,200,ok,0,steady
1791233128.0865586,kiemthugialap029@gmail.com,GET,/concerts,3.449,200,ok,0,steady
1791233128.087591,kiemthugialap094@gmail.com,GET,/orders/me,5.495,200,ok,0,steady
1791233128.1027548,kiemthugialap076@gmail.com,GET,/concerts/{id},4.585,200,ok,0,steady
1791233128.1350274,kiemthugialap043@gmail.com,GET,/concerts,20.161,200,ok,0,steady
1791233128.1380925,kiemthugialap019@gmail.com,GET,/orders/me,22.205,200,ok,0,steady
1791233128.1397786,kiemthugialap022@gmail.com,GET,/orders/me,8.686,200,ok,0,steady
1791233128.1413493,kiemthugialap044@gmail.com,GET,/orders/me,6.179,200,ok,0,steady
1791233128.1503086,kiemthugialap063@gmail.com,GET,/orders/me,4.311,200,ok,0,steady
1791233128.1687315,kiemthugialap060@gmail.com,GET,/concerts/{id},4.716,200,ok,0,steady
1791233128.203918,kiemthugialap085@gmail.com,GET,/orders/me,6.282,200,ok,0,steady
1791233128.2049637,kiemthugialap012@gmail.com,GET,/orders/me,6.767,200,ok,0,steady
1791233128.208184,kiemthugialap079@gmail.com,GET,/orders/me,4.068,200,ok,0,steady
1791233128.2090747,kiemthugialap092@gmail.com,GET,/orders/me,3.981,200,ok,0,steady
1791233128.2183108,kiemthugialap014@gmail.com,GET,/orders/me,5.365,200,ok,0,steady
1791233128.2222354,kiemthugialap047@gmail.com,GET,/orders/me,3.71,200,ok,0,steady
1791233128.2521207,kiemthugialap095@gmail.com,GET,/orders/me,4.861,200,ok,0,steady
1791233128.2874455,kiemthugialap035@gmail.com,GET,/concerts/{id},6.021,200,ok,0,steady
1791233128.335272,kiemthugialap045@gmail.com,GET,/concerts?on_sale=true,4.137,200,ok,0,steady
1791233128.3536181,kiemthugialap097@gmail.com,GET,/orders/me,5.252,200,ok,0,steady
1791233128.3544953,kiemthugialap034@gmail.com,GET,/orders/me,7.622,200,ok,0,steady
1791233128.3861756,kiemthugialap100@gmail.com,GET,/concerts,4.931,200,ok,0,steady
1791233128.4052103,kiemthugialap069@gmail.com,GET,/orders/me,6.937,200,ok,0,steady
1791233128.4056065,kiemthugialap027@gmail.com,GET,/orders/me,8.052,200,ok,0,steady
1791233128.405913,kiemthugialap098@gmail.com,GET,/orders/me,7.396,200,ok,0,steady
1791233128.4539475,kiemthugialap040@gmail.com,GET,/orders/me,5.31,200,ok,0,steady
1791233128.4552946,kiemthugialap087@gmail.com,GET,/orders/me,7.857,200,ok,0,steady
1791233128.457996,kiemthugialap065@gmail.com,GET,/concerts?on_sale=true,3.596,200,ok,0,steady
1791233128.4596548,kiemthugialap036@gmail.com,GET,/orders/me,5.564,200,ok,0,steady
1791233128.460604,kiemthugialap052@gmail.com,GET,/orders/me,5.175,200,ok,0,steady
1791233128.485617,kiemthugialap038@gmail.com,GET,/orders/me,5.212,200,ok,0,steady
1791233128.4901478,kiemthugialap075@gmail.com,GET,/orders/me,4.393,200,ok,0,steady
1791233128.4910707,kiemthugialap001@gmail.com,GET,/orders/me,4.786,200,ok,0,steady
1791233128.4937985,kiemthugialap074@gmail.com,GET,/orders/me,2.576,200,ok,0,steady
1791233128.519539,kiemthugialap017@gmail.com,GET,/orders/me,5.793,200,ok,0,steady
1791233128.5570486,kiemthugialap048@gmail.com,GET,/orders/me,7.497,200,ok,0,steady
1791233128.5579338,kiemthugialap061@gmail.com,GET,/orders/me,10.405,200,ok,0,steady
1791233128.5584013,kiemthugialap006@gmail.com,GET,/orders/me,9.874,200,ok,0,steady
1791233128.588379,kiemthugialap023@gmail.com,GET,/orders/me,8.165,200,ok,0,steady
1791233128.588776,kiemthugialap067@gmail.com,GET,/orders/me,7.438,200,ok,0,steady
1791233128.6187508,kiemthugialap077@gmail.com,GET,/concerts,5.177,200,ok,0,steady
1791233128.6197405,kiemthugialap009@gmail.com,GET,/orders/me,5.449,200,ok,0,steady
1791233128.639833,kiemthugialap033@gmail.com,GET,/orders/me,6.802,200,ok,0,steady
1791233128.6402445,kiemthugialap029@gmail.com,GET,/orders/me,9.531,200,ok,0,steady
1791233128.6405327,kiemthugialap026@gmail.com,GET,/orders/me,8.708,200,ok,0,steady
1791233128.6539233,kiemthugialap082@gmail.com,GET,/orders/me,6.101,200,ok,0,steady
1791233128.6890137,kiemthugialap028@gmail.com,GET,/concerts/{id},6.797,200,ok,0,steady
1791233128.689583,kiemthugialap064@gmail.com,GET,/orders/me,8.626,200,ok,0,steady
1791233128.6899707,kiemthugialap066@gmail.com,GET,/orders/me,7.465,200,ok,0,steady
1791233128.704886,kiemthugialap020@gmail.com,GET,/orders/me,7.02,200,ok,0,steady
1791233128.705337,kiemthugialap019@gmail.com,GET,/orders/me,8.053,200,ok,0,steady
1791233128.7185035,kiemthugialap060@gmail.com,GET,/orders/me,4.834,200,ok,0,steady
1791233128.7217357,kiemthugialap016@gmail.com,GET,/orders/me,3.044,200,ok,0,steady
1791233128.7382033,kiemthugialap096@gmail.com,GET,/orders/me,5.685,200,ok,0,steady
1791233128.7386506,kiemthugialap080@gmail.com,GET,/orders/me,7.303,200,ok,0,steady
1791233128.7512467,kiemthugialap068@gmail.com,GET,/concerts?on_sale=true,4.169,200,ok,0,steady
1791233128.7706995,kiemthugialap030@gmail.com,GET,/orders/me,5.423,200,ok,0,steady
1791233128.8049648,kiemthugialap031@gmail.com,GET,/orders/me,8.751,200,ok,0,steady
1791233128.8056233,kiemthugialap099@gmail.com,GET,/orders/me,7.997,200,ok,0,steady
1791233128.873658,kiemthugialap085@gmail.com,GET,/orders/me,10.835,200,ok,0,steady
1791233128.875151,kiemthugialap021@gmail.com,GET,/concerts/{id},9.273,200,ok,0,steady
1791233128.876433,kiemthugialap012@gmail.com,GET,/orders/me,10.002,200,ok,0,steady
1791233128.8788223,kiemthugialap097@gmail.com,GET,/orders/me,4.889,200,ok,0,steady
1791233128.8829474,kiemthugialap011@gmail.com,GET,/concerts?on_sale=true,3.926,200,ok,0,steady
1791233128.9020638,kiemthugialap004@gmail.com,GET,/concerts?on_sale=true,5.822,200,ok,0,steady
1791233128.9029791,kiemthugialap053@gmail.com,GET,/orders/me,5.532,200,ok,0,steady
1791233128.9181604,kiemthugialap086@gmail.com,GET,/orders/me,5.392,200,ok,0,steady
1791233128.9364092,kiemthugialap010@gmail.com,GET,/concerts,5.334,200,ok,0,steady
1791233128.9383702,kiemthugialap041@gmail.com,GET,/orders/me,9.106,200,ok,0,steady
1791233128.9670749,kiemthugialap093@gmail.com,GET,/orders/me,29.948,200,ok,0,steady
1791233128.9677124,kiemthugialap084@gmail.com,GET,/orders/me,31.086,200,ok,0,steady
1791233128.9695506,kiemthugialap072@gmail.com,GET,/orders/me,5.677,200,ok,0,steady
1791233128.9863331,kiemthugialap057@gmail.com,GET,/orders/me,7.124,200,ok,0,steady
1791233128.9869146,kiemthugialap045@gmail.com,GET,/orders/me,7.059,200,ok,0,steady
1791233129.0034816,kiemthugialap054@gmail.com,GET,/orders/me,6.632,200,ok,0,steady
1791233129.0054126,kiemthugialap100@gmail.com,GET,/orders/me,9.492,200,ok,0,steady
1791233129.0086312,kiemthugialap039@gmail.com,GET,/concerts?on_sale=true,4.376,200,ok,0,steady
1791233129.010336,kiemthugialap044@gmail.com,GET,/orders/me,6.584,200,ok,0,steady
1791233129.011324,kiemthugialap059@gmail.com,GET,/orders/me,5.766,200,ok,0,steady
1791233129.0532382,kiemthugialap088@gmail.com,GET,/concerts?on_sale=true,4.699,200,ok,0,steady
1791233129.054052,kiemthugialap091@gmail.com,GET,/orders/me,7.644,200,ok,0,steady
1791233129.069439,kiemthugialap092@gmail.com,GET,/concerts,5.755,200,ok,0,steady
1791233129.0713384,kiemthugialap051@gmail.com,GET,/orders/me,7.146,200,ok,0,steady
1791233129.0716987,kiemthugialap007@gmail.com,GET,/orders/me,9.16,200,ok,0,steady
1791233129.0729008,kiemthugialap001@gmail.com,GET,/concerts/{id},3.307,200,ok,0,steady
1791233129.08495,kiemthugialap071@gmail.com,GET,/concerts,4.361,200,ok,0,steady
1791233129.1038768,kiemthugialap035@gmail.com,GET,/orders/me,6.934,200,ok,0,steady
1791233129.1042166,kiemthugialap081@gmail.com,GET,/orders/me,5.387,200,ok,0,steady
1791233129.1529505,kiemthugialap065@gmail.com,GET,/concerts,4.866,200,ok,0,steady
1791233129.1875732,kiemthugialap024@gmail.com,GET,/concerts/{id},20.893,200,ok,0,steady
1791233129.1886947,kiemthugialap025@gmail.com,GET,/orders/me,23.258,200,ok,0,steady
1791233129.1890438,kiemthugialap056@gmail.com,GET,/orders/me,24.58,200,ok,0,steady
1791233129.1906512,kiemthugialap076@gmail.com,GET,/concerts,2.917,200,ok,0,steady
1791233129.2194314,kiemthugialap008@gmail.com,GET,/orders/me,6.21,200,ok,0,steady
1791233129.2365468,kiemthugialap062@gmail.com,GET,/orders/me,5.936,200,ok,0,steady
1791233129.2369814,kiemthugialap032@gmail.com,GET,/orders/me,7.563,200,ok,0,steady
1791233129.2520342,kiemthugialap047@gmail.com,GET,/concerts?on_sale=true,4.37,200,ok,0,steady
1791233129.285301,kiemthugialap095@gmail.com,GET,/orders/me,4.591,200,ok,0,steady
1791233129.3024716,kiemthugialap050@gmail.com,GET,/concerts/{id},4.548,200,ok,0,steady
1791233129.3035653,kiemthugialap074@gmail.com,GET,/orders/me,6.914,200,ok,0,steady
1791233129.3236892,kiemthugialap027@gmail.com,GET,/concerts/{id},7.323,200,ok,0,steady
1791233129.324488,kiemthugialap089@gmail.com,GET,/orders/me,9.676,200,ok,0,steady
1791233129.325492,kiemthugialap043@gmail.com,GET,/orders/me,9.485,200,ok,0,steady
1791233129.325991,kiemthugialap096@gmail.com,GET,/orders/me,8.637,200,ok,0,steady
1791233129.3537776,kiemthugialap023@gmail.com,GET,/orders/me,6.566,200,ok,0,steady
1791233129.3555944,kiemthugialap078@gmail.com,GET,/orders/me,7.356,200,ok,0,steady
1791233129.3606582,kiemthugialap033@gmail.com,GET,/orders/me,6.396,200,ok,0,steady
1791233129.3610017,kiemthugialap036@gmail.com,GET,/orders/me,7.094,200,ok,0,steady
1791233129.3611524,kiemthugialap016@gmail.com,GET,/orders/me,6.641,200,ok,0,steady
1791233129.3865066,kiemthugialap031@gmail.com,GET,/concerts,5.458,200,ok,0,steady
1791233129.387685,kiemthugialap064@gmail.com,GET,/orders/me,5.809,200,ok,0,steady
1791233129.3906817,kiemthugialap049@gmail.com,GET,/orders/me,3.956,200,ok,0,steady
1791233129.3920932,kiemthugialap003@gmail.com,GET,/concerts,4.243,200,ok,0,steady
1791233129.4207637,kiemthugialap090@gmail.com,GET,/orders/me,29.578,200,ok,0,steady
1791233129.422675,kiemthugialap040@gmail.com,GET,/orders/me,31.836,200,ok,0,steady
1791233129.4237785,kiemthugialap002@gmail.com,GET,/concerts?on_sale=true,6.829,200,ok,0,steady
1791233129.4528418,kiemthugialap080@gmail.com,GET,/orders/me,4.455,200,ok,0,steady
1791233129.4697473,kiemthugialap070@gmail.com,GET,/concerts?on_sale=true,4.381,200,ok,0,steady
1791233129.4710073,kiemthugialap006@gmail.com,GET,/orders/me,7.327,200,ok,0,steady
1791233129.503041,kiemthugialap018@gmail.com,GET,/concerts/{id},4.24,200,ok,0,steady
1791233129.5034406,kiemthugialap093@gmail.com,GET,/concerts,5.633,200,ok,0,steady
1791233129.52152,kiemthugialap026@gmail.com,GET,/orders/me,7.82,200,ok,0,steady
1791233129.5268304,kiemthugialap097@gmail.com,GET,/concerts,4.344,200,ok,0,steady
1791233129.5278955,kiemthugialap034@gmail.com,GET,/orders/me,6.191,200,ok,0,steady
1791233129.5305312,kiemthugialap046@gmail.com,GET,/orders/me,3.554,200,ok,0,steady
1791233129.5342052,kiemthugialap073@gmail.com,GET,/orders/me,3.548,200,ok,0,steady
1791233129.5515869,kiemthugialap083@gmail.com,GET,/concerts,4.369,200,ok,0,steady
1791233129.5688274,kiemthugialap063@gmail.com,GET,/concerts/{id},4.731,200,ok,0,steady
1791233129.5862553,kiemthugialap099@gmail.com,GET,/orders/me,5.44,200,ok,0,steady
1791233129.602616,kiemthugialap037@gmail.com,GET,/orders/me,5.029,200,ok,0,steady
1791233129.6218421,kiemthugialap055@gmail.com,GET,/concerts?on_sale=true,7.686,200,ok,0,steady
1791233129.6237574,kiemthugialap061@gmail.com,GET,/orders/me,6.551,200,ok,0,steady
1791233129.6250722,kiemthugialap020@gmail.com,GET,/orders/me,9.447,200,ok,0,steady
1791233129.6257772,kiemthugialap079@gmail.com,GET,/concerts,3.794,200,ok,0,steady
1791233129.6528704,kiemthugialap048@gmail.com,GET,/orders/me,6.336,200,ok,0,steady
1791233129.7091055,kiemthugialap004@gmail.com,GET,/orders/me,10.943,200,ok,0,steady
1791233129.710185,kiemthugialap044@gmail.com,GET,/orders/me,12.854,200,ok,0,steady
1791233129.7104895,kiemthugialap038@gmail.com,GET,/orders/me,11.253,200,ok,0,steady
1791233129.7108033,kiemthugialap013@gmail.com,GET,/orders/me,12.261,200,ok,0,steady
1791233129.7110844,kiemthugialap005@gmail.com,GET,/orders/me,12.161,200,ok,0,steady
1791233129.7130742,kiemthugialap052@gmail.com,GET,/orders/me,3.78,200,ok,0,steady
1791233129.7363317,kiemthugialap001@gmail.com,GET,/orders/me,5.268,200,ok,0,steady
1791233129.755117,kiemthugialap094@gmail.com,GET,/orders/me,8.116,200,ok,0,steady
1791233129.7563543,kiemthugialap098@gmail.com,GET,/orders/me,8.359,200,ok,0,steady
1791233129.758511,kiemthugialap015@gmail.com,GET,/orders/me,3.151,200,ok,0,steady
1791233129.8189595,kiemthugialap056@gmail.com,GET,/orders/me,4.756,200,ok,0,steady
1791233129.8217962,kiemthugialap088@gmail.com,GET,/orders/me,2.694,200,ok,0,steady
1791233129.8532033,kiemthugialap030@gmail.com,GET,/orders/me,6.039,200,ok,0,steady
1791233129.8562064,kiemthugialap042@gmail.com,GET,/orders/me,2.853,200,ok,0,steady
1791233129.858952,kiemthugialap058@gmail.com,GET,/orders/me,2.633,200,ok,0,steady
1791233129.8902524,kiemthugialap051@gmail.com,GET,/concerts,6.802,200,ok,0,steady
1791233129.8913484,kiemthugialap023@gmail.com,GET,/orders/me,8.246,200,ok,0,steady
1791233129.8920414,kiemthugialap029@gmail.com,GET,/orders/me,10.87,200,ok,0,steady
1791233129.8932984,kiemthugialap036@gmail.com,GET,/concerts/{id},2.872,200,ok,0,steady
1791233129.896485,kiemthugialap017@gmail.com,GET,/concerts?on_sale=true,2.729,200,ok,0,steady
1791233129.8972902,kiemthugialap014@gmail.com,GET,/concerts,3.853,200,ok,0,steady
1791233129.9366052,kiemthugialap041@gmail.com,GET,/concerts?on_sale=true,4.182,200,ok,0,steady
1791233129.937649,kiemthugialap064@gmail.com,GET,/orders/me,6.827,200,ok,0,steady
1791233129.9531462,kiemthugialap019@gmail.com,GET,/orders/me,5.387,200,ok,0,steady
1791233129.9932277,kiemthugialap065@gmail.com,GET,/concerts/{id},12.322,200,ok,0,steady
1791233129.9960077,kiemthugialap071@gmail.com,GET,/concerts,15.56,200,ok,0,steady
1791233129.9997604,kiemthugialap062@gmail.com,GET,/orders/me,18.068,200,ok,0,steady
1791233130.0003273,kiemthugialap024@gmail.com,GET,/orders/me,19.197,200,ok,0,steady
1791233130.0022326,kiemthugialap086@gmail.com,GET,/orders/me,22.785,200,ok,0,steady
1791233130.004674,kiemthugialap100@gmail.com,GET,/orders/me,23.277,200,ok,0,steady
1791233130.0310435,kiemthugialap054@gmail.com,GET,/orders/me,36.814,200,ok,0,steady
1791233130.031921,kiemthugialap095@gmail.com,GET,/orders/me,34.429,200,ok,0,steady
1791233130.03234,kiemthugialap087@gmail.com,GET,/orders/me,38.892,200,ok,0,steady
1791233130.0520859,kiemthugialap022@gmail.com,GET,/orders/me,6.151,200,ok,0,steady
1791233130.1016366,kiemthugialap070@gmail.com,GET,/orders/me,5.742,200,ok,0,steady
1791233130.1061604,kiemthugialap066@gmail.com,GET,/orders/me,4.252,200,ok,0,steady
1791233130.1341352,kiemthugialap028@gmail.com,GET,/orders/me,4.689,200,ok,0,steady
1791233130.150368,kiemthugialap060@gmail.com,GET,/orders/me,4.587,200,ok,0,steady
1791233130.1526127,kiemthugialap057@gmail.com,GET,/concerts,2.091,200,ok,0,steady
1791233130.2021043,kiemthugialap092@gmail.com,GET,/orders/me,21.336,200,ok,0,steady
1791233130.2026799,kiemthugialap010@gmail.com,GET,/orders/me,23.229,200,ok,0,steady
1791233130.216958,kiemthugialap081@gmail.com,GET,/concerts,4.196,200,ok,0,steady
1791233130.2375216,kiemthugialap043@gmail.com,GET,/orders/me,5.607,200,ok,0,steady
1791233130.2380352,kiemthugialap083@gmail.com,GET,/orders/me,7.752,200,ok,0,steady
1791233130.2685125,kiemthugialap084@gmail.com,GET,/concerts,3.892,200,ok,0,steady
1791233130.28619,kiemthugialap053@gmail.com,GET,/orders/me,5.026,200,ok,0,steady
1791233130.3209777,kiemthugialap069@gmail.com,GET,/orders/me,7.048,200,ok,0,steady
1791233130.3245919,kiemthugialap090@gmail.com,GET,/orders/me,3.363,200,ok,0,steady
1791233130.3274667,kiemthugialap075@gmail.com,GET,/orders/me,2.753,200,ok,0,steady
1791233130.3319023,kiemthugialap001@gmail.com,GET,/orders/me,4.298,200,ok,0,steady
1791233130.4043834,kiemthugialap072@gmail.com,GET,/orders/me,21.979,200,ok,0,steady
1791233130.4050918,kiemthugialap008@gmail.com,GET,/orders/me,23.808,200,ok,0,steady
1791233130.405402,kiemthugialap088@gmail.com,GET,/orders/me,7.569,200,ok,0,steady
1791233130.437305,kiemthugialap067@gmail.com,GET,/orders/me,5.342,200,ok,0,steady
1791233130.4385252,kiemthugialap035@gmail.com,GET,/orders/me,7.795,200,ok,0,steady
1791233130.4429085,kiemthugialap039@gmail.com,GET,/orders/me,5.189,200,ok,0,steady
1791233130.443261,kiemthugialap076@gmail.com,GET,/orders/me,5.825,200,ok,0,steady
1791233130.444326,kiemthugialap098@gmail.com,GET,/orders/me,5.688,200,ok,0,steady
1791233130.469704,kiemthugialap050@gmail.com,GET,/concerts?on_sale=true,5.221,200,ok,0,steady
1791233130.470052,kiemthugialap074@gmail.com,GET,/concerts/{id},4.047,200,ok,0,steady
1791233130.4858341,kiemthugialap015@gmail.com,GET,/concerts?on_sale=true,5.845,200,ok,0,steady
1791233130.4871767,kiemthugialap040@gmail.com,GET,/orders/me,6.709,200,ok,0,steady
1791233130.520922,kiemthugialap029@gmail.com,GET,/concerts,7.05,200,ok,0,steady
1791233130.522472,kiemthugialap027@gmail.com,GET,/orders/me,7.079,200,ok,0,steady
1791233130.5229297,kiemthugialap020@gmail.com,GET,/orders/me,7.831,200,ok,0,steady
1791233130.5518434,kiemthugialap077@gmail.com,GET,/orders/me,5.164,200,ok,0,steady
1791233130.5548913,kiemthugialap068@gmail.com,GET,/orders/me,2.899,200,ok,0,steady
1791233130.5570004,kiemthugialap019@gmail.com,GET,/concerts,1.985,200,ok,0,steady
1791233130.568805,kiemthugialap009@gmail.com,GET,/orders/me,4.735,200,ok,0,steady
1791233130.5714667,kiemthugialap046@gmail.com,GET,/concerts/{id},2.508,200,ok,0,steady
1791233130.5870056,kiemthugialap007@gmail.com,GET,/concerts,5.985,200,ok,0,steady
1791233130.5878558,kiemthugialap089@gmail.com,GET,/concerts/{id},7.511,200,ok,0,steady
1791233130.5884006,kiemthugialap037@gmail.com,GET,/orders/me,6.301,200,ok,0,steady
1791233130.6042433,kiemthugialap023@gmail.com,GET,/orders/me,7.074,200,ok,0,steady
1791233130.6054711,kiemthugialap064@gmail.com,GET,/orders/me,7.023,200,ok,0,steady
1791233130.6172447,kiemthugialap100@gmail.com,GET,/concerts,3.527,200,ok,0,steady
1791233130.6392288,kiemthugialap082@gmail.com,GET,/orders/me,7.545,200,ok,0,steady
1791233130.6402707,kiemthugialap061@gmail.com,GET,/orders/me,9.505,200,ok,0,steady
1791233130.640584,kiemthugialap091@gmail.com,GET,/orders/me,7.678,200,ok,0,steady
1791233130.6422057,kiemthugialap004@gmail.com,GET,/orders/me,2.811,200,ok,0,steady
1791233130.6450536,kiemthugialap002@gmail.com,GET,/orders/me,2.716,200,ok,0,steady
1791233130.6516457,kiemthugialap094@gmail.com,GET,/concerts?on_sale=true,3.848,200,ok,0,steady
1791233130.654795,kiemthugialap021@gmail.com,GET,/orders/me,2.997,200,ok,0,steady
1791233130.6700618,kiemthugialap097@gmail.com,GET,/concerts?on_sale=true,5.066,200,ok,0,steady
1791233130.6710372,kiemthugialap017@gmail.com,GET,/concerts?on_sale=true,4.97,200,ok,0,steady
1791233130.6732779,kiemthugialap079@gmail.com,GET,/orders/me,3.087,200,ok,0,steady
1791233130.703517,kiemthugialap013@gmail.com,GET,/concerts?on_sale=true,3.806,200,ok,0,steady
1791233130.7045143,kiemthugialap030@gmail.com,GET,/orders/me,6.939,200,ok,0,steady
1791233130.71929,kiemthugialap012@gmail.com,GET,/orders/me,5.189,200,ok,0,steady
1791233130.752927,kiemthugialap086@gmail.com,GET,/concerts/{id},5.237,200,ok,0,steady
1791233130.7538457,kiemthugialap005@gmail.com,GET,/orders/me,5.048,200,ok,0,steady
1791233130.7699745,kiemthugialap066@gmail.com,GET,/orders/me,5.345,200,ok,0,steady
1791233130.7727866,kiemthugialap085@gmail.com,GET,/concerts/{id},2.618,200,ok,0,steady
1791233130.8209262,kiemthugialap092@gmail.com,GET,/concerts?on_sale=true,6.18,200,ok,0,steady
1791233130.8221695,kiemthugialap060@gmail.com,GET,/orders/me,6.07,200,ok,0,steady
1791233130.8538773,kiemthugialap052@gmail.com,GET,/orders/me,5.848,200,ok,0,steady
1791233130.8544288,kiemthugialap041@gmail.com,GET,/orders/me,5.236,200,ok,0,steady
1791233130.8693469,kiemthugialap011@gmail.com,GET,/orders/me,5.145,200,ok,0,steady
1791233130.886248,kiemthugialap059@gmail.com,GET,/concerts,5.213,200,ok,0,steady
1791233130.8872774,kiemthugialap010@gmail.com,GET,/orders/me,5.135,200,ok,0,steady
1791233130.9206061,kiemthugialap031@gmail.com,GET,/concerts?on_sale=true,4.455,200,ok,0,steady
1791233130.9224918,kiemthugialap080@gmail.com,GET,/orders/me,7.605,200,ok,0,steady
1791233130.9228604,kiemthugialap047@gmail.com,GET,/orders/me,8.931,200,ok,0,steady
1791233130.9248438,kiemthugialap022@gmail.com,GET,/orders/me,4.099,200,ok,0,steady
1791233130.9377449,kiemthugialap045@gmail.com,GET,/orders/me,6.465,200,ok,0,steady
1791233130.9407737,kiemthugialap070@gmail.com,GET,/concerts?on_sale=true,2.798,200,ok,0,steady
1791233131.0026338,kiemthugialap056@gmail.com,GET,/orders/me,4.335,200,ok,0,steady
1791233131.0244608,kiemthugialap034@gmail.com,GET,/concerts/{id},8.394,200,ok,0,steady
1791233131.025302,kiemthugialap024@gmail.com,GET,/orders/me,8.631,200,ok,0,steady
1791233131.0256226,kiemthugialap098@gmail.com,GET,/orders/me,6.952,200,ok,0,steady
1791233131.0532792,kiemthugialap096@gmail.com,GET,/concerts/{id},6.628,200,ok,0,steady
1791233131.054731,kiemthugialap033@gmail.com,GET,/orders/me,7.047,200,ok,0,steady
1791233131.055126,kiemthugialap058@gmail.com,GET,/orders/me,7.806,200,ok,0,steady
1791233131.0689595,kiemthugialap032@gmail.com,GET,/orders/me,5.225,200,ok,0,steady
1791233131.0865283,kiemthugialap073@gmail.com,GET,/orders/me,5.466,200,ok,0,steady
1791233131.106011,kiemthugialap035@gmail.com,GET,/concerts/{id},7.327,200,ok,0,steady
1791233131.1064866,kiemthugialap044@gmail.com,GET,/concerts,9.6,200,ok,0,steady
1791233131.107635,kiemthugialap025@gmail.com,GET,/orders/me,9.544,200,ok,0,steady
1791233131.1100764,kiemthugialap003@gmail.com,GET,/concerts,2.299,200,ok,0,steady
1791233131.1196873,kiemthugialap093@gmail.com,GET,/orders/me,6.139,200,ok,0,steady
1791233131.1699638,kiemthugialap023@gmail.com,GET,/orders/me,7.41,200,ok,0,steady
1791233131.1922343,kiemthugialap019@gmail.com,GET,/orders/me,10.907,200,ok,0,steady
1791233131.1936617,kiemthugialap016@gmail.com,GET,/orders/me,12.912,200,ok,0,steady
1791233131.194179,kiemthugialap043@gmail.com,GET,/orders/me,14.99,200,ok,0,steady
1791233131.2004132,kiemthugialap095@gmail.com,GET,/orders/me,7.884,200,ok,0,steady
1791233131.2075233,kiemthugialap090@gmail.com,GET,/orders/me,6.82,200,ok,0,steady
1791233131.2347357,kiemthugialap063@gmail.com,GET,/orders/me,6.233,200,ok,0,steady
1791233131.2721214,kiemthugialap049@gmail.com,GET,/orders/me,7.44,200,ok,0,steady
1791233131.2726388,kiemthugialap042@gmail.com,GET,/orders/me,9.076,200,ok,0,steady
1791233131.3010662,kiemthugialap051@gmail.com,GET,/orders/me,4.932,200,ok,0,steady
1791233131.3052142,kiemthugialap057@gmail.com,GET,/orders/me,3.912,200,ok,0,steady
1791233131.319575,kiemthugialap076@gmail.com,GET,/orders/me,6.817,200,ok,0,steady
1791233131.3200352,kiemthugialap067@gmail.com,GET,/orders/me,7.738,200,ok,0,steady
1791233131.3232806,kiemthugialap026@gmail.com,GET,/orders/me,3.124,200,ok,0,steady
1791233131.333971,kiemthugialap078@gmail.com,GET,/orders/me,4.631,200,ok,0,steady
1791233131.3695543,kiemthugialap006@gmail.com,GET,/concerts,4.753,200,ok,0,steady
1791233131.3700213,kiemthugialap097@gmail.com,GET,/concerts?on_sale=true,6.354,200,ok,0,steady
1791233131.3738647,kiemthugialap086@gmail.com,GET,/orders/me,3.682,200,ok,0,steady
1791233131.3772836,kiemthugialap001@gmail.com,GET,/concerts/{id},3.302,200,ok,0,steady
1791233131.3782592,kiemthugialap054@gmail.com,GET,/orders/me,3.778,200,ok,0,steady
1791233131.4022522,kiemthugialap068@gmail.com,GET,/orders/me,5.774,200,ok,0,steady
1791233131.4331229,kiemthugialap030@gmail.com,GET,/concerts/{id},18.309,200,ok,0,steady
1791233131.4342995,kiemthugialap018@gmail.com,GET,/concerts/{id},18.539,200,ok,0,steady
1791233131.4368162,kiemthugialap020@gmail.com,GET,/concerts?on_sale=true,6.211,200,ok,0,steady
1791233131.437119,kiemthugialap055@gmail.com,GET,/concerts/{id},3.789,200,ok,0,steady
1791233131.4392905,kiemthugialap099@gmail.com,GET,/concerts/{id},2.059,200,ok,0,steady
1791233131.4862673,kiemthugialap038@gmail.com,GET,/concerts?on_sale=true,4.934,200,ok,0,steady
1791233131.5219257,kiemthugialap089@gmail.com,GET,/orders/me,7.854,200,ok,0,steady
1791233131.5222921,kiemthugialap069@gmail.com,GET,/orders/me,6.406,200,ok,0,steady
1791233131.5225687,kiemthugialap062@gmail.com,GET,/concerts,5.948,200,ok,0,steady
1791233131.5695329,kiemthugialap075@gmail.com,GET,/orders/me,22.115,200,ok,0,steady
1791233131.5699658,kiemthugialap028@gmail.com,GET,/orders/me,23.52,200,ok,0,steady
1791233131.6232314,kiemthugialap082@gmail.com,GET,/concerts?on_sale=true,8.601,200,ok,0,steady
1791233131.6247044,kiemthugialap088@gmail.com,GET,/concerts,9.767,200,ok,0,steady
1791233131.6257079,kiemthugialap048@gmail.com,GET,/orders/me,12.311,200,ok,0,steady
1791233131.626071,kiemthugialap060@gmail.com,GET,/orders/me,9.559,200,ok,0,steady
1791233131.6263769,kiemthugialap011@gmail.com,GET,/orders/me,11.155,200,ok,0,steady
1791233131.6529112,kiemthugialap083@gmail.com,GET,/concerts,6.091,200,ok,0,steady
1791233131.6539567,kiemthugialap040@gmail.com,GET,/orders/me,5.772,200,ok,0,steady
1791233131.6858027,kiemthugialap098@gmail.com,GET,/orders/me,4.803,200,ok,0,steady
1791233131.7020845,kiemthugialap087@gmail.com,GET,/concerts?on_sale=true,4.404,200,ok,0,steady
1791233131.7203689,kiemthugialap045@gmail.com,GET,/orders/me,6.167,200,ok,0,steady
1791233131.7237597,kiemthugialap033@gmail.com,GET,/orders/me,3.191,200,ok,0,steady
1791233131.73568,kiemthugialap071@gmail.com,GET,/orders/me,4.865,200,ok,0,steady
1791233131.7532992,kiemthugialap027@gmail.com,GET,/concerts/{id},5.633,200,ok,0,steady
1791233131.7546165,kiemthugialap034@gmail.com,GET,/orders/me,5.809,200,ok,0,steady
1791233131.772806,kiemthugialap009@gmail.com,GET,/orders/me,7.678,200,ok,0,steady
1791233131.7827783,kiemthugialap094@gmail.com,GET,/orders/me,9.66,200,ok,0,steady
1791233131.7856104,kiemthugialap035@gmail.com,GET,/orders/me,11.581,200,ok,0,steady
1791233131.7866802,kiemthugialap024@gmail.com,GET,/orders/me,13.055,200,ok,0,steady
1791233131.7896652,kiemthugialap042@gmail.com,GET,/orders/me,9.319,200,ok,0,steady
1791233131.7940836,kiemthugialap073@gmail.com,GET,/orders/me,4.254,200,ok,0,steady
1791233131.8009524,kiemthugialap031@gmail.com,GET,/concerts?on_sale=true,6.679,200,ok,0,steady
1791233131.801891,kiemthugialap036@gmail.com,GET,/orders/me,7.336,200,ok,0,steady
1791233131.81902,kiemthugialap053@gmail.com,GET,/orders/me,6.056,200,ok,0,steady
1791233131.8343146,kiemthugialap025@gmail.com,GET,/orders/me,4.867,200,ok,0,steady
1791233131.8691318,kiemthugialap003@gmail.com,GET,/orders/me,6.21,200,ok,0,steady
1791233131.9040918,kiemthugialap014@gmail.com,GET,/orders/me,6.902,200,ok,0,steady
1791233131.9050956,kiemthugialap001@gmail.com,GET,/orders/me,6.737,200,ok,0,steady
1791233131.9071145,kiemthugialap081@gmail.com,GET,/orders/me,2.883,200,ok,0,steady
1791233131.9541752,kiemthugialap080@gmail.com,GET,/orders/me,6.602,200,ok,0,steady
1791233131.9546049,kiemthugialap065@gmail.com,GET,/orders/me,7.918,200,ok,0,steady
1791233132.003866,kiemthugialap099@gmail.com,GET,/concerts/{id},6.815,200,ok,0,steady
1791233132.005264,kiemthugialap074@gmail.com,GET,/concerts?on_sale=true,7.326,200,ok,0,steady
1791233132.0082424,kiemthugialap061@gmail.com,GET,/orders/me,9.412,200,ok,0,steady
1791233132.009509,kiemthugialap041@gmail.com,GET,/concerts?on_sale=true,5.407,200,ok,0,steady
1791233132.0122168,kiemthugialap092@gmail.com,GET,/orders/me,6.772,200,ok,0,steady
1791233132.036036,kiemthugialap002@gmail.com,GET,/orders/me,5.798,200,ok,0,steady
1791233132.0717766,kiemthugialap063@gmail.com,GET,/orders/me,7.969,200,ok,0,steady
1791233132.072884,kiemthugialap050@gmail.com,GET,/orders/me,8.208,200,ok,0,steady
1791233132.075122,kiemthugialap054@gmail.com,GET,/orders/me,3.15,200,ok,0,steady
1791233132.0855901,kiemthugialap039@gmail.com,GET,/concerts?on_sale=true,5.07,200,ok,0,steady
1791233132.0867794,kiemthugialap037@gmail.com,GET,/orders/me,5.415,200,ok,0,steady
1791233132.0887835,kiemthugialap032@gmail.com,GET,/orders/me,3.009,200,ok,0,steady
1791233132.0915756,kiemthugialap008@gmail.com,GET,/orders/me,2.677,200,ok,0,steady
1791233132.0943267,kiemthugialap064@gmail.com,GET,/orders/me,2.638,200,ok,0,steady
1791233132.117523,kiemthugialap059@gmail.com,GET,/orders/me,4.841,200,ok,0,steady
1791233132.1346984,kiemthugialap005@gmail.com,GET,/concerts,3.892,200,ok,0,steady
1791233132.1399143,kiemthugialap097@gmail.com,GET,/orders/me,4.959,200,ok,0,steady
1791233132.1521409,kiemthugialap017@gmail.com,GET,/orders/me,4.657,200,ok,0,steady
1791233132.1917377,kiemthugialap021@gmail.com,GET,/concerts,9.358,200,ok,0,steady
1791233132.192934,kiemthugialap066@gmail.com,GET,/orders/me,10.226,200,ok,0,steady
1791233132.1933203,kiemthugialap084@gmail.com,GET,/orders/me,12.252,200,ok,0,steady
1791233132.1964917,kiemthugialap023@gmail.com,GET,/orders/me,3.024,200,ok,0,steady
1791233132.2536561,kiemthugialap019@gmail.com,GET,/orders/me,6.087,200,ok,0,steady
1791233132.2584138,kiemthugialap012@gmail.com,GET,/orders/me,4.544,200,ok,0,steady
1791233132.3026211,kiemthugialap083@gmail.com,GET,/orders/me,6.467,200,ok,0,steady
1791233132.3399222,kiemthugialap086@gmail.com,GET,/concerts?on_sale=true,9.022,200,ok,0,steady
1791233132.3405423,kiemthugialap072@gmail.com,GET,/concerts,10.088,200,ok,0,steady
1791233132.3410292,kiemthugialap013@gmail.com,GET,/concerts?on_sale=true,9.902,200,ok,0,steady
1791233132.3418353,kiemthugialap029@gmail.com,GET,/orders/me,12.315,200,ok,0,steady
1791233132.3727844,kiemthugialap046@gmail.com,GET,/concerts?on_sale=true,8.868,200,ok,0,steady
1791233132.3732855,kiemthugialap033@gmail.com,GET,/concerts,8.37,200,ok,0,steady
1791233132.4133983,kiemthugialap077@gmail.com,GET,/concerts?on_sale=true,15.229,200,ok,0,steady
1791233132.4138591,kiemthugialap026@gmail.com,GET,/concerts?on_sale=true,12.995,200,ok,0,steady
1791233132.414336,kiemthugialap044@gmail.com,GET,/orders/me,16.532,200,ok,0,steady
1791233132.4148316,kiemthugialap015@gmail.com,GET,/orders/me,17.456,200,ok,0,steady
1791233132.4150188,kiemthugialap007@gmail.com,GET,/orders/me,18.866,200,ok,0,steady
1791233132.4194572,kiemthugialap004@gmail.com,GET,/orders/me,4.296,200,ok,0,steady
1791233132.435498,kiemthugialap047@gmail.com,GET,/orders/me,6.096,200,ok,0,steady
1791233132.43847,kiemthugialap100@gmail.com,GET,/concerts/{id},2.724,200,ok,0,steady
1791233132.4522197,kiemthugialap022@gmail.com,GET,/concerts,5.349,200,ok,0,steady
1791233132.4535024,kiemthugialap052@gmail.com,GET,/orders/me,7.295,200,ok,0,steady
1791233132.4693663,kiemthugialap036@gmail.com,GET,/orders/me,6.447,200,ok,0,steady
1791233132.4846084,kiemthugialap016@gmail.com,GET,/orders/me,5.062,200,ok,0,steady
1791233132.5002315,kiemthugialap076@gmail.com,GET,/concerts?on_sale=true,3.963,200,ok,0,steady
1791233132.5035956,kiemthugialap087@gmail.com,GET,/orders/me,3.224,200,ok,0,steady
1791233132.55671,kiemthugialap062@gmail.com,GET,/concerts,9.319,200,ok,0,steady
1791233132.557198,kiemthugialap091@gmail.com,GET,/orders/me,8.879,200,ok,0,steady
1791233132.5575328,kiemthugialap057@gmail.com,GET,/orders/me,7.634,200,ok,0,steady
1791233132.5856075,kiemthugialap058@gmail.com,GET,/orders/me,5.738,200,ok,0,steady
1791233132.621639,kiemthugialap073@gmail.com,GET,/concerts?on_sale=true,6.531,200,ok,0,steady
1791233132.6229546,kiemthugialap069@gmail.com,GET,/concerts/{id},7.451,200,ok,0,steady
1791233132.62374,kiemthugialap070@gmail.com,GET,/orders/me,9.881,200,ok,0,steady
1791233132.6240926,kiemthugialap075@gmail.com,GET,/orders/me,9.43,200,ok,0,steady
1791233132.6262531,kiemthugialap032@gmail.com,GET,/concerts,2.026,200,ok,0,steady
1791233132.654611,kiemthugialap039@gmail.com,GET,/orders/me,6.79,200,ok,0,steady
1791233132.6552498,kiemthugialap035@gmail.com,GET,/orders/me,6.405,200,ok,0,steady
1791233132.658482,kiemthugialap079@gmail.com,GET,/orders/me,3.112,200,ok,0,steady
1791233132.669145,kiemthugialap085@gmail.com,GET,/orders/me,4.454,200,ok,0,steady
1791233132.7079992,kiemthugialap092@gmail.com,GET,/orders/me,7.699,200,ok,0,steady
1791233132.708529,kiemthugialap010@gmail.com,GET,/orders/me,10.883,200,ok,0,steady
1791233132.709,kiemthugialap011@gmail.com,GET,/orders/me,10.219,200,ok,0,steady
1791233132.7093987,kiemthugialap065@gmail.com,GET,/orders/me,10.169,200,ok,0,steady
1791233132.7364068,kiemthugialap006@gmail.com,GET,/orders/me,5.366,200,ok,0,steady
1791233132.7519715,kiemthugialap005@gmail.com,GET,/concerts,3.754,200,ok,0,steady
1791233132.758522,kiemthugialap049@gmail.com,GET,/orders/me,6.104,200,ok,0,steady
1791233132.7588592,kiemthugialap055@gmail.com,GET,/orders/me,6.759,200,ok,0,steady
1791233132.7592127,kiemthugialap095@gmail.com,GET,/orders/me,5.41,200,ok,0,steady
1791233132.7710414,kiemthugialap078@gmail.com,GET,/orders/me,6.367,200,ok,0,steady
1791233132.771416,kiemthugialap040@gmail.com,GET,/orders/me,6.261,200,ok,0,steady
1791233132.7859545,kiemthugialap096@gmail.com,GET,/orders/me,4.841,200,ok,0,steady
1791233132.8181636,kiemthugialap081@gmail.com,GET,/concerts,3.881,200,ok,0,steady
1791233132.834917,kiemthugialap089@gmail.com,GET,/concerts,4.788,200,ok,0,steady
1791233132.8353446,kiemthugialap094@gmail.com,GET,/concerts/{id},4.776,200,ok,0,steady
1791233132.8879156,kiemthugialap054@gmail.com,GET,/orders/me,5.859,200,ok,0,steady
1791233132.888294,kiemthugialap082@gmail.com,GET,/orders/me,7.099,200,ok,0,steady
1791233132.903705,kiemthugialap018@gmail.com,GET,/concerts?on_sale=true,5.77,200,ok,0,steady
1791233132.9181123,kiemthugialap099@gmail.com,GET,/orders/me,4.381,200,ok,0,steady
1791233132.9514465,kiemthugialap056@gmail.com,GET,/orders/me,4.915,200,ok,0,steady
1791233132.9738219,kiemthugialap093@gmail.com,GET,/orders/me,7.427,200,ok,0,steady
1791233132.9742348,kiemthugialap046@gmail.com,GET,/orders/me,10.455,200,ok,0,steady
1791233132.9745183,kiemthugialap034@gmail.com,GET,/orders/me,9.447,200,ok,0,steady
1791233132.9748123,kiemthugialap077@gmail.com,GET,/orders/me,10.223,200,ok,0,steady
1791233132.9867432,kiemthugialap012@gmail.com,GET,/orders/me,5.847,200,ok,0,steady
1791233132.9876964,kiemthugialap019@gmail.com,GET,/orders/me,7.526,200,ok,0,steady
1791233132.9896681,kiemthugialap030@gmail.com,GET,/orders/me,2.775,200,ok,0,steady
1791233133.0036695,kiemthugialap098@gmail.com,GET,/concerts?on_sale=true,6.163,200,ok,0,steady
1791233133.004582,kiemthugialap025@gmail.com,GET,/orders/me,6.061,200,ok,0,steady
1791233133.1032028,kiemthugialap043@gmail.com,GET,/orders/me,4.97,200,ok,0,steady
1791233133.1191745,kiemthugialap080@gmail.com,GET,/orders/me,4.704,200,ok,0,steady
1791233133.1231012,kiemthugialap060@gmail.com,GET,/concerts,3.41,200,ok,0,steady
1791233133.123627,kiemthugialap090@gmail.com,GET,/concerts?on_sale=true,4.297,200,ok,0,steady
1791233133.1526937,kiemthugialap008@gmail.com,GET,/concerts?on_sale=true,5.591,200,ok,0,steady
1791233133.154162,kiemthugialap004@gmail.com,GET,/orders/me,6.053,200,ok,0,steady
1791233133.15606,kiemthugialap067@gmail.com,GET,/orders/me,3.238,200,ok,0,steady
1791233133.1885197,kiemthugialap068@gmail.com,GET,/orders/me,6.903,200,ok,0,steady
1791233133.188909,kiemthugialap063@gmail.com,GET,/orders/me,9.073,200,ok,0,steady
1791233133.2190797,kiemthugialap070@gmail.com,GET,/orders/me,5.115,200,ok,0,steady
1791233133.2334216,kiemthugialap015@gmail.com,GET,/concerts?on_sale=true,4.71,200,ok,0,steady
1791233133.251769,kiemthugialap057@gmail.com,GET,/concerts?on_sale=true,4.03,200,ok,0,steady
1791233133.2553952,kiemthugialap059@gmail.com,GET,/orders/me,3.485,200,ok,0,steady
1791233133.2860363,kiemthugialap051@gmail.com,GET,/orders/me,4.332,200,ok,0,steady
1791233133.289112,kiemthugialap011@gmail.com,GET,/orders/me,2.926,200,ok,0,steady
1791233133.3055708,kiemthugialap003@gmail.com,GET,/concerts,5.271,200,ok,0,steady
1791233133.3070858,kiemthugialap002@gmail.com,GET,/orders/me,9.651,200,ok,0,steady
1791233133.307477,kiemthugialap029@gmail.com,GET,/orders/me,8.547,200,ok,0,steady
1791233133.3106365,kiemthugialap087@gmail.com,GET,/orders/me,3.039,200,ok,0,steady
1791233133.3186316,kiemthugialap028@gmail.com,GET,/orders/me,5.045,200,ok,0,steady
1791233133.3221197,kiemthugialap022@gmail.com,GET,/orders/me,3.295,200,ok,0,steady
1791233133.3522449,kiemthugialap088@gmail.com,GET,/orders/me,4.967,200,ok,0,steady
1791233133.3688788,kiemthugialap091@gmail.com,GET,/orders/me,4.746,200,ok,0,steady
1791233133.387735,kiemthugialap024@gmail.com,GET,/orders/me,4.984,200,ok,0,steady
1791233133.3880892,kiemthugialap050@gmail.com,GET,/orders/me,6.765,200,ok,0,steady
1791233133.4020953,kiemthugialap020@gmail.com,GET,/orders/me,4.499,200,ok,0,steady
1791233133.4213276,kiemthugialap066@gmail.com,GET,/orders/me,6.785,200,ok,0,steady
1791233133.4218473,kiemthugialap010@gmail.com,GET,/orders/me,6.324,200,ok,0,steady
1791233133.4369216,kiemthugialap009@gmail.com,GET,/orders/me,5.707,200,ok,0,steady
1791233133.4415524,kiemthugialap038@gmail.com,GET,/orders/me,4.385,200,ok,0,steady
1791233133.4686596,kiemthugialap027@gmail.com,GET,/concerts/{id},5.56,200,ok,0,steady
1791233133.4691389,kiemthugialap076@gmail.com,GET,/concerts/{id},4.456,200,ok,0,steady
1791233133.5315566,kiemthugialap064@gmail.com,GET,/concerts?on_sale=true,16.682,200,ok,0,steady
1791233133.532351,kiemthugialap053@gmail.com,GET,/concerts,18.013,200,ok,0,steady
1791233133.5356877,kiemthugialap030@gmail.com,GET,/orders/me,22.632,200,ok,0,steady
1791233133.5527303,kiemthugialap037@gmail.com,GET,/orders/me,6.678,200,ok,0,steady
1791233133.5569365,kiemthugialap049@gmail.com,GET,/concerts/{id},3.954,200,ok,0,steady
1791233133.570751,kiemthugialap089@gmail.com,GET,/orders/me,7.64,200,ok,0,steady
1791233133.5747838,kiemthugialap034@gmail.com,GET,/orders/me,3.798,200,ok,0,steady
1791233133.6040022,kiemthugialap048@gmail.com,GET,/concerts/{id},6.126,200,ok,0,steady
1791233133.6054485,kiemthugialap014@gmail.com,GET,/orders/me,8.124,200,ok,0,steady
1791233133.605838,kiemthugialap042@gmail.com,GET,/orders/me,9.711,200,ok,0,steady
1791233133.634057,kiemthugialap001@gmail.com,GET,/orders/me,4.679,200,ok,0,steady
1791233133.6509333,kiemthugialap019@gmail.com,GET,/concerts,3.478,200,ok,0,steady
1791233133.6681588,kiemthugialap044@gmail.com,GET,/concerts,5.378,200,ok,0,steady
1791233133.6691427,kiemthugialap083@gmail.com,GET,/concerts/{id},5.324,200,ok,0,steady
1791233133.6711783,kiemthugialap031@gmail.com,GET,/orders/me,2.859,200,ok,0,steady
1791233133.7041974,kiemthugialap041@gmail.com,GET,/concerts,7.577,200,ok,0,steady
1791233133.7052681,kiemthugialap045@gmail.com,GET,/concerts,7.647,200,ok,0,steady
1791233133.7061672,kiemthugialap065@gmail.com,GET,/orders/me,6.785,200,ok,0,steady
1791233133.7081938,kiemthugialap082@gmail.com,GET,/orders/me,3.854,200,ok,0,steady
1791233133.7528858,kiemthugialap071@gmail.com,GET,/concerts/{id},22.407,200,ok,0,steady
1791233133.7546349,kiemthugialap099@gmail.com,GET,/orders/me,22.073,200,ok,0,steady
1791233133.7550986,kiemthugialap061@gmail.com,GET,/concerts?on_sale=true,7.181,200,ok,0,steady
1791233133.7741807,kiemthugialap021@gmail.com,GET,/orders/me,9.357,200,ok,0,steady
1791233133.7797368,kiemthugialap039@gmail.com,GET,/orders/me,5.33,200,ok,0,steady
1791233133.7866104,kiemthugialap085@gmail.com,GET,/orders/me,5.114,200,ok,0,steady
1791233133.8042753,kiemthugialap047@gmail.com,GET,/orders/me,6.563,200,ok,0,steady
1791233133.804634,kiemthugialap059@gmail.com,GET,/orders/me,5.975,200,ok,0,steady
1791233133.8188562,kiemthugialap100@gmail.com,GET,/orders/me,5.164,200,ok,0,steady
1791233133.8226204,kiemthugialap006@gmail.com,GET,/orders/me,3.606,200,ok,0,steady
1791233133.8755035,kiemthugialap088@gmail.com,GET,/concerts,8.771,200,ok,0,steady
1791233133.8780918,kiemthugialap074@gmail.com,GET,/orders/me,14.162,200,ok,0,steady
1791233133.8784058,kiemthugialap084@gmail.com,GET,/orders/me,13.127,200,ok,0,steady
1791233133.878729,kiemthugialap080@gmail.com,GET,/orders/me,12.924,200,ok,0,steady
1791233133.8788497,kiemthugialap068@gmail.com,GET,/orders/me,12.564,200,ok,0,steady
1791233133.936956,kiemthugialap032@gmail.com,GET,/orders/me,5.931,200,ok,0,steady
1791233133.953638,kiemthugialap013@gmail.com,GET,/concerts?on_sale=true,5.492,200,ok,0,steady
1791233133.9546292,kiemthugialap078@gmail.com,GET,/orders/me,5.507,200,ok,0,steady
1791233134.002501,kiemthugialap097@gmail.com,GET,/concerts?on_sale=true,4.594,200,ok,0,steady
1791233134.0524256,kiemthugialap098@gmail.com,GET,/concerts/{id},21.264,200,ok,0,steady
1791233134.0549872,kiemthugialap035@gmail.com,GET,/orders/me,23.058,200,ok,0,steady
1791233134.05637,kiemthugialap069@gmail.com,GET,/concerts,8.659,200,ok,0,steady
1791233134.0580897,kiemthugialap072@gmail.com,GET,/orders/me,8.799,200,ok,0,steady
1791233134.0584114,kiemthugialap036@gmail.com,GET,/orders/me,5.826,200,ok,0,steady
1791233134.0886877,kiemthugialap012@gmail.com,GET,/concerts,6.319,200,ok,0,steady
1791233134.0897436,kiemthugialap077@gmail.com,GET,/concerts,5.767,200,ok,0,steady
1791233134.0904067,kiemthugialap052@gmail.com,GET,/orders/me,9.021,200,ok,0,steady
1791233134.1366553,kiemthugialap017@gmail.com,GET,/concerts?on_sale=true,21.812,200,ok,0,steady
1791233134.139477,kiemthugialap089@gmail.com,GET,/orders/me,25.853,200,ok,0,steady
1791233134.1398726,kiemthugialap023@gmail.com,GET,/orders/me,25.551,200,ok,0,steady
1791233134.140186,kiemthugialap024@gmail.com,GET,/orders/me,10.482,200,ok,0,steady
1791233134.1410398,kiemthugialap046@gmail.com,GET,/orders/me,10.249,200,ok,0,steady
1791233134.1536973,kiemthugialap081@gmail.com,GET,/orders/me,5.875,200,ok,0,steady
1791233134.1694343,kiemthugialap043@gmail.com,GET,/orders/me,4.777,200,ok,0,steady
1791233134.172881,kiemthugialap008@gmail.com,GET,/orders/me,3.29,200,ok,0,steady
1791233134.187556,kiemthugialap057@gmail.com,GET,/concerts/{id},6.429,200,ok,0,steady
1791233134.2032416,kiemthugialap087@gmail.com,GET,/orders/me,6.456,200,ok,0,steady
1791233134.2037857,kiemthugialap014@gmail.com,GET,/orders/me,6.322,200,ok,0,steady
1791233134.2210615,kiemthugialap062@gmail.com,GET,/concerts?on_sale=true,7.489,200,ok,0,steady
1791233134.2249675,kiemthugialap096@gmail.com,GET,/orders/me,8.972,200,ok,0,steady
1791233134.2254245,kiemthugialap095@gmail.com,GET,/orders/me,10.645,200,ok,0,steady
1791233134.229415,kiemthugialap033@gmail.com,GET,/orders/me,8.162,200,ok,0,steady
1791233134.229884,kiemthugialap016@gmail.com,GET,/orders/me,8.207,200,ok,0,steady
1791233134.2312887,kiemthugialap073@gmail.com,GET,/orders/me,5.715,200,ok,0,steady
1791233134.2344327,kiemthugialap054@gmail.com,GET,/concerts,2.976,200,ok,0,steady
1791233134.2532253,kiemthugialap091@gmail.com,GET,/concerts,6.076,200,ok,0,steady
1791233134.2544072,kiemthugialap051@gmail.com,GET,/orders/me,8.251,200,ok,0,steady
1791233134.256757,kiemthugialap067@gmail.com,GET,/orders/me,3.326,200,ok,0,steady
1791233134.287578,kiemthugialap086@gmail.com,GET,/orders/me,5.401,200,ok,0,steady
1791233134.2879155,kiemthugialap094@gmail.com,GET,/orders/me,6.795,200,ok,0,steady
1791233134.319857,kiemthugialap026@gmail.com,GET,/concerts,5.245,200,ok,0,steady
1791233134.320961,kiemthugialap048@gmail.com,GET,/orders/me,5.373,200,ok,0,steady
1791233134.3234627,kiemthugialap064@gmail.com,GET,/orders/me,3.453,200,ok,0,steady
1791233134.3354764,kiemthugialap018@gmail.com,GET,/orders/me,4.78,200,ok,0,steady
1791233134.35266,kiemthugialap007@gmail.com,GET,/orders/me,4.661,200,ok,0,steady
1791233134.3714476,kiemthugialap058@gmail.com,GET,/orders/me,6.848,200,ok,0,steady
1791233134.375381,kiemthugialap009@gmail.com,GET,/orders/me,3.704,200,ok,0,steady
1791233134.4051037,kiemthugialap047@gmail.com,GET,/concerts/{id},7.847,200,ok,0,steady
1791233134.406995,kiemthugialap034@gmail.com,GET,/orders/me,8.296,200,ok,0,steady
1791233134.4071608,kiemthugialap053@gmail.com,GET,/orders/me,8.831,200,ok,0,steady
1791233134.4097657,kiemthugialap066@gmail.com,GET,/orders/me,4.426,200,ok,0,steady
1791233134.456565,kiemthugialap075@gmail.com,GET,/concerts,7.399,200,ok,0,steady
1791233134.458687,kiemthugialap093@gmail.com,GET,/orders/me,9.846,200,ok,0,steady
1791233134.4590213,kiemthugialap079@gmail.com,GET,/orders/me,11.047,200,ok,0,steady
1791233134.4593043,kiemthugialap042@gmail.com,GET,/orders/me,9.721,200,ok,0,steady
1791233134.5206652,kiemthugialap037@gmail.com,GET,/orders/me,6.774,200,ok,0,steady
1791233134.5242395,kiemthugialap092@gmail.com,GET,/concerts/{id},3.296,200,ok,0,steady
1791233134.524571,kiemthugialap044@gmail.com,GET,/concerts?on_sale=true,3.305,200,ok,0,steady
1791233134.5340233,kiemthugialap030@gmail.com,GET,/concerts,3.239,200,ok,0,steady
1791233134.5534146,kiemthugialap078@gmail.com,GET,/concerts?on_sale=true,3.792,200,ok,0,steady
1791233134.554339,kiemthugialap013@gmail.com,GET,/orders/me,6.469,200,ok,0,steady
1791233134.5699167,kiemthugialap059@gmail.com,GET,/orders/me,5.353,200,ok,0,steady
1791233134.5755682,kiemthugialap002@gmail.com,GET,/orders/me,5.135,200,ok,0,steady
1791233134.576641,kiemthugialap032@gmail.com,GET,/orders/me,6.563,200,ok,0,steady
1791233134.5787916,kiemthugialap098@gmail.com,GET,/orders/me,3.073,200,ok,0,steady
1791233134.6052334,kiemthugialap056@gmail.com,GET,/concerts,7.589,200,ok,0,steady
1791233134.6128101,kiemthugialap055@gmail.com,GET,/orders/me,16.347,200,ok,0,steady
1791233134.6142027,kiemthugialap049@gmail.com,GET,/orders/me,8.749,200,ok,0,steady
1791233134.615269,kiemthugialap025@gmail.com,GET,/concerts?on_sale=true,17.283,200,ok,0,steady
1791233134.619989,kiemthugialap052@gmail.com,GET,/concerts?on_sale=true,6.97,200,ok,0,steady
1791233134.622763,kiemthugialap097@gmail.com,GET,/orders/me,8.409,200,ok,0,steady
1791233134.7159412,kiemthugialap090@gmail.com,GET,/orders/me,35.393,200,ok,0,steady
1791233134.7163231,kiemthugialap040@gmail.com,GET,/orders/me,34.567,200,ok,0,steady
1791233134.7216175,kiemthugialap005@gmail.com,GET,/concerts,7.244,200,ok,0,steady
1791233134.7226639,kiemthugialap076@gmail.com,GET,/orders/me,9.695,200,ok,0,steady
1791233134.723365,kiemthugialap010@gmail.com,GET,/orders/me,9.504,200,ok,0,steady
1791233134.737621,kiemthugialap015@gmail.com,GET,/orders/me,7.847,200,ok,0,steady
1791233134.7381856,kiemthugialap039@gmail.com,GET,/orders/me,7.536,200,ok,0,steady
1791233134.7415233,kiemthugialap012@gmail.com,GET,/orders/me,3.215,200,ok,0,steady
1791233134.7865183,kiemthugialap028@gmail.com,GET,/orders/me,6.477,200,ok,0,steady
1791233134.787036,kiemthugialap100@gmail.com,GET,/orders/me,6.075,200,ok,0,steady
1791233134.8007157,kiemthugialap060@gmail.com,GET,/orders/me,4.599,200,ok,0,steady
1791233134.8167598,kiemthugialap063@gmail.com,GET,/orders/me,4.237,200,ok,0,steady
1791233134.835417,kiemthugialap065@gmail.com,GET,/concerts/{id},5.11,200,ok,0,steady
1791233134.8364308,kiemthugialap027@gmail.com,GET,/orders/me,6.822,200,ok,0,steady
1791233134.9053676,kiemthugialap074@gmail.com,GET,/concerts/{id},6.243,200,ok,0,steady
1791233134.907995,kiemthugialap016@gmail.com,GET,/orders/me,9.762,200,ok,0,steady
1791233134.908897,kiemthugialap050@gmail.com,GET,/concerts/{id},8.697,200,ok,0,steady
1791233134.909201,kiemthugialap022@gmail.com,GET,/orders/me,8.707,200,ok,0,steady
1791233134.9118853,kiemthugialap084@gmail.com,GET,/concerts?on_sale=true,6.369,200,ok,0,steady
1791233134.9162357,kiemthugialap038@gmail.com,GET,/orders/me,8.086,200,ok,0,steady
1791233134.916903,kiemthugialap006@gmail.com,GET,/orders/me,7.587,200,ok,0,steady
1791233134.9180593,kiemthugialap073@gmail.com,GET,/orders/me,8.23,200,ok,0,steady
1791233134.937918,kiemthugialap094@gmail.com,GET,/orders/me,5.527,200,ok,0,steady
1791233134.9383166,kiemthugialap041@gmail.com,GET,/orders/me,7.094,200,ok,0,steady
1791233134.954758,kiemthugialap061@gmail.com,GET,/orders/me,7.24,200,ok,0,steady
1791233134.9551892,kiemthugialap014@gmail.com,GET,/orders/me,6.61,200,ok,0,steady
1791233134.9851952,kiemthugialap004@gmail.com,GET,/concerts/{id},4.598,200,ok,0,steady
1791233134.9861717,kiemthugialap075@gmail.com,GET,/orders/me,6.313,200,ok,0,steady
1791233134.9884155,kiemthugialap011@gmail.com,GET,/concerts?on_sale=true,2.111,200,ok,0,steady
1791233135.0229404,kiemthugialap035@gmail.com,GET,/orders/me,8.844,200,ok,0,steady
1791233135.0234265,kiemthugialap093@gmail.com,GET,/orders/me,8.143,200,ok,0,steady
1791233135.0237231,kiemthugialap036@gmail.com,GET,/orders/me,8.086,200,ok,0,steady
1791233135.0697627,kiemthugialap031@gmail.com,GET,/orders/me,21.642,200,ok,0,steady
1791233135.0711768,kiemthugialap057@gmail.com,GET,/orders/me,21.039,200,ok,0,steady
1791233135.0734062,kiemthugialap029@gmail.com,GET,/orders/me,9.092,200,ok,0,steady
1791233135.0858698,kiemthugialap080@gmail.com,GET,/orders/me,5.673,200,ok,0,steady
1791233135.0884326,kiemthugialap077@gmail.com,GET,/concerts/{id},2.406,200,ok,0,steady
1791233135.103172,kiemthugialap018@gmail.com,GET,/concerts?on_sale=true,4.516,200,ok,0,steady
1791233135.1042829,kiemthugialap020@gmail.com,GET,/orders/me,7.925,200,ok,0,steady
1791233135.1067235,kiemthugialap043@gmail.com,GET,/orders/me,3.337,200,ok,0,steady
1791233135.120445,kiemthugialap019@gmail.com,GET,/orders/me,5.969,200,ok,0,steady
1791233135.1718512,kiemthugialap070@gmail.com,GET,/orders/me,7.046,200,ok,0,steady
1791233135.2195103,kiemthugialap003@gmail.com,GET,/orders/me,5.232,200,ok,0,steady
1791233135.2343187,kiemthugialap023@gmail.com,GET,/concerts?on_sale=true,4.313,200,ok,0,steady
1791233135.2564507,kiemthugialap045@gmail.com,GET,/orders/me,7.205,200,ok,0,steady
1791233135.2567987,kiemthugialap010@gmail.com,GET,/orders/me,7.161,200,ok,0,steady
1791233135.2570748,kiemthugialap097@gmail.com,GET,/orders/me,8.942,200,ok,0,steady
1791233135.269119,kiemthugialap037@gmail.com,GET,/orders/me,4.55,200,ok,0,steady
1791233135.271524,kiemthugialap025@gmail.com,GET,/concerts/{id},2.228,200,ok,0,steady
1791233135.287585,kiemthugialap033@gmail.com,GET,/orders/me,5.726,200,ok,0,steady
1791233135.2884576,kiemthugialap013@gmail.com,GET,/orders/me,7.566,200,ok,0,steady
1791233135.2904415,kiemthugialap021@gmail.com,GET,/orders/me,2.719,200,ok,0,steady
1791233135.3171327,kiemthugialap060@gmail.com,GET,/concerts,3.463,200,ok,0,steady
1791233135.336212,kiemthugialap078@gmail.com,GET,/concerts?on_sale=true,4.163,200,ok,0,steady
1791233135.3372924,kiemthugialap083@gmail.com,GET,/orders/me,6.468,200,ok,0,steady
1791233135.352809,kiemthugialap085@gmail.com,GET,/orders/me,4.935,200,ok,0,steady
1791233135.3573205,kiemthugialap082@gmail.com,GET,/orders/me,4.333,200,ok,0,steady
1791233135.3584423,kiemthugialap099@gmail.com,GET,/orders/me,4.77,200,ok,0,steady
1791233135.3695002,kiemthugialap081@gmail.com,GET,/concerts?on_sale=true,5.574,200,ok,0,steady
1791233135.3704991,kiemthugialap100@gmail.com,GET,/orders/me,5.702,200,ok,0,steady
1791233135.3721151,kiemthugialap092@gmail.com,GET,/concerts/{id},2.452,200,ok,0,steady
1791233135.4384756,kiemthugialap054@gmail.com,GET,/orders/me,8.194,200,ok,0,steady
1791233135.4388733,kiemthugialap047@gmail.com,GET,/orders/me,7.08,200,ok,0,steady
1791233135.4391546,kiemthugialap017@gmail.com,GET,/orders/me,7.714,200,ok,0,steady
1791233135.4741087,kiemthugialap067@gmail.com,GET,/concerts/{id},8.639,200,ok,0,steady
1791233135.474986,kiemthugialap071@gmail.com,GET,/orders/me,10.363,200,ok,0,steady
1791233135.4754124,kiemthugialap068@gmail.com,GET,/orders/me,10.234,200,ok,0,steady
1791233135.4758468,kiemthugialap069@gmail.com,GET,/orders/me,9.047,200,ok,0,steady
1791233135.5205264,kiemthugialap086@gmail.com,GET,/orders/me,22.493,200,ok,0,steady
1791233135.5483649,kiemthugialap073@gmail.com,GET,/orders/me,48.032,200,ok,0,steady
1791233135.5504606,kiemthugialap026@gmail.com,GET,/orders/me,51.61,200,ok,0,steady
1791233135.5520973,kiemthugialap001@gmail.com,GET,/orders/me,34.872,200,ok,0,steady
1791233135.5543196,kiemthugialap095@gmail.com,GET,/orders/me,7.914,200,ok,0,steady
1791233135.5554357,kiemthugialap032@gmail.com,GET,/concerts,3.17,200,ok,0,steady
1791233135.5870285,kiemthugialap058@gmail.com,GET,/orders/me,5.564,200,ok,0,steady
1791233135.6037788,kiemthugialap059@gmail.com,GET,/orders/me,5.836,200,ok,0,steady
1791233135.6195202,kiemthugialap014@gmail.com,GET,/concerts/{id},4.28,200,ok,0,steady
1791233135.6372614,kiemthugialap074@gmail.com,GET,/concerts?on_sale=true,6.207,200,ok,0,steady
1791233135.6383023,kiemthugialap091@gmail.com,GET,/orders/me,6.267,200,ok,0,steady
1791233135.6406438,kiemthugialap051@gmail.com,GET,/orders/me,3.249,200,ok,0,steady
1791233135.650827,kiemthugialap087@gmail.com,GET,/orders/me,3.955,200,ok,0,steady
1791233135.653859,kiemthugialap080@gmail.com,GET,/orders/me,2.902,200,ok,0,steady
1791233135.6888967,kiemthugialap052@gmail.com,GET,/orders/me,7.822,200,ok,0,steady
1791233135.6892292,kiemthugialap062@gmail.com,GET,/orders/me,7.044,200,ok,0,steady
1791233135.7021728,kiemthugialap006@gmail.com,GET,/concerts?on_sale=true,4.712,200,ok,0,steady
1791233135.7197082,kiemthugialap076@gmail.com,GET,/orders/me,5.198,200,ok,0,steady
1791233135.7723093,kiemthugialap056@gmail.com,GET,/orders/me,8.406,200,ok,0,steady
1791233135.7729638,kiemthugialap008@gmail.com,GET,/orders/me,8.339,200,ok,0,steady
1791233135.801846,kiemthugialap088@gmail.com,GET,/orders/me,5.557,200,ok,0,steady
1791233135.8175669,kiemthugialap070@gmail.com,GET,/concerts/{id},4.5,200,ok,0,steady
1791233135.869326,kiemthugialap012@gmail.com,GET,/orders/me,6.376,200,ok,0,steady
1791233135.883306,kiemthugialap024@gmail.com,GET,/concerts,3.938,200,ok,0,steady
1791233135.9012947,kiemthugialap084@gmail.com,GET,/orders/me,4.979,200,ok,0,steady
1791233135.9044492,kiemthugialap072@gmail.com,GET,/concerts,2.964,200,ok,0,steady
1791233135.9347608,kiemthugialap066@gmail.com,GET,/orders/me,5.137,200,ok,0,steady
1791233135.9391227,kiemthugialap005@gmail.com,GET,/concerts/{id},3.837,200,ok,0,steady
1791233135.9395504,kiemthugialap061@gmail.com,GET,/concerts?on_sale=true,4.636,200,ok,0,steady
1791233135.9547062,kiemthugialap037@gmail.com,GET,/orders/me,8.613,200,ok,0,steady
1791233136.0051205,kiemthugialap079@gmail.com,GET,/orders/me,25.112,200,ok,0,steady
1791233136.0056028,kiemthugialap011@gmail.com,GET,/orders/me,24.444,200,ok,0,steady
1791233136.0059018,kiemthugialap055@gmail.com,GET,/concerts/{id},8.654,200,ok,0,steady
1791233136.0062275,kiemthugialap016@gmail.com,GET,/orders/me,8.103,200,ok,0,steady
1791233136.0081313,kiemthugialap031@gmail.com,GET,/concerts,3.826,200,ok,0,steady
1791233136.0090654,kiemthugialap060@gmail.com,GET,/orders/me,5.118,200,ok,0,steady
1791233136.026589,kiemthugialap089@gmail.com,GET,/orders/me,5.939,200,ok,0,steady
1791233136.0532398,kiemthugialap040@gmail.com,GET,/concerts/{id},4.621,200,ok,0,steady
1791233136.0543513,kiemthugialap099@gmail.com,GET,/orders/me,6.576,200,ok,0,steady
1791233136.056753,kiemthugialap044@gmail.com,GET,/orders/me,3.38,200,ok,0,steady
1791233136.107902,kiemthugialap013@gmail.com,GET,/orders/me,8.619,200,ok,0,steady
1791233136.1086476,kiemthugialap046@gmail.com,GET,/orders/me,9.749,200,ok,0,steady
1791233136.1089334,kiemthugialap023@gmail.com,GET,/orders/me,9.452,200,ok,0,steady
1791233136.1091247,kiemthugialap050@gmail.com,GET,/orders/me,11.443,200,ok,0,steady
1791233136.1385398,kiemthugialap042@gmail.com,GET,/concerts?on_sale=true,6.097,200,ok,0,steady
1791233136.1399965,kiemthugialap020@gmail.com,GET,/concerts,8.018,200,ok,0,steady
1791233136.1403222,kiemthugialap063@gmail.com,GET,/concerts?on_sale=true,9.357,200,ok,0,steady
1791233136.1437197,kiemthugialap049@gmail.com,GET,/orders/me,4.705,200,ok,0,steady
1791233136.144081,kiemthugialap048@gmail.com,GET,/orders/me,5.393,200,ok,0,steady
1791233136.1738741,kiemthugialap007@gmail.com,GET,/orders/me,9.723,200,ok,0,steady
1791233136.1759577,kiemthugialap002@gmail.com,GET,/orders/me,11.431,200,ok,0,steady
1791233136.1762938,kiemthugialap096@gmail.com,GET,/orders/me,12.962,200,ok,0,steady
1791233136.1790242,kiemthugialap009@gmail.com,GET,/concerts/{id},4.945,200,ok,0,steady
1791233136.1809793,kiemthugialap064@gmail.com,GET,/orders/me,6.29,200,ok,0,steady
1791233136.2040436,kiemthugialap018@gmail.com,GET,/orders/me,5.041,200,ok,0,steady
1791233136.2051466,kiemthugialap034@gmail.com,GET,/orders/me,7.735,200,ok,0,steady
1791233136.2071774,kiemthugialap092@gmail.com,GET,/orders/me,2.979,200,ok,0,steady
1791233136.2359114,kiemthugialap045@gmail.com,GET,/orders/me,4.422,200,ok,0,steady
1791233136.2691338,kiemthugialap077@gmail.com,GET,/orders/me,4.588,200,ok,0,steady
1791233136.2751658,kiemthugialap003@gmail.com,GET,/concerts,5.54,200,ok,0,steady
1791233136.2766006,kiemthugialap033@gmail.com,GET,/orders/me,6.769,200,ok,0,steady
1791233136.2769194,kiemthugialap039@gmail.com,GET,/orders/me,7.647,200,ok,0,steady
1791233136.2845428,kiemthugialap095@gmail.com,GET,/orders/me,4.106,200,ok,0,steady
1791233136.3266044,kiemthugialap008@gmail.com,GET,/concerts?on_sale=true,10.435,200,ok,0,steady
1791233136.3270104,kiemthugialap065@gmail.com,GET,/concerts,7.638,200,ok,0,steady
1791233136.3273335,kiemthugialap025@gmail.com,GET,/orders/me,11.999,200,ok,0,steady
1791233136.3279035,kiemthugialap027@gmail.com,GET,/orders/me,13.605,200,ok,0,steady
1791233136.3283894,kiemthugialap017@gmail.com,GET,/orders/me,12.652,200,ok,0,steady
1791233136.3689027,kiemthugialap006@gmail.com,GET,/orders/me,5.72,200,ok,0,steady
1791233136.3879209,kiemthugialap035@gmail.com,GET,/concerts?on_sale=true,5.713,200,ok,0,steady
1791233136.3898902,kiemthugialap019@gmail.com,GET,/orders/me,9.027,200,ok,0,steady
1791233136.40154,kiemthugialap030@gmail.com,GET,/concerts?on_sale=true,4.356,200,ok,0,steady
1791233136.4018934,kiemthugialap053@gmail.com,GET,/concerts?on_sale=true,4.144,200,ok,0,steady
1791233136.4442217,kiemthugialap004@gmail.com,GET,/orders/me,11.585,200,ok,0,steady
1791233136.4455962,kiemthugialap071@gmail.com,GET,/orders/me,14.138,200,ok,0,steady
1791233136.446006,kiemthugialap067@gmail.com,GET,/orders/me,13.1,200,ok,0,steady
1791233136.4463568,kiemthugialap028@gmail.com,GET,/orders/me,12.641,200,ok,0,steady
1791233136.447191,kiemthugialap021@gmail.com,GET,/orders/me,13.933,200,ok,0,steady
1791233136.451206,kiemthugialap022@gmail.com,GET,/orders/me,6.747,200,ok,0,steady
1791233136.4524388,kiemthugialap081@gmail.com,GET,/orders/me,5.01,200,ok,0,steady
1791233136.4722774,kiemthugialap036@gmail.com,GET,/orders/me,9.247,200,ok,0,steady
1791233136.5032923,kiemthugialap082@gmail.com,GET,/orders/me,6.353,200,ok,0,steady
1791233136.5036595,kiemthugialap043@gmail.com,GET,/orders/me,5.831,200,ok,0,steady
1791233136.5222259,kiemthugialap060@gmail.com,GET,/orders/me,7.897,200,ok,0,steady
1791233136.5226395,kiemthugialap038@gmail.com,GET,/concerts?on_sale=true,5.956,200,ok,0,steady
1791233136.523528,kiemthugialap005@gmail.com,GET,/orders/me,7.703,200,ok,0,steady
1791233136.5254912,kiemthugialap098@gmail.com,GET,/orders/me,2.744,200,ok,0,steady
1791233136.5527773,kiemthugialap015@gmail.com,GET,/concerts/{id},4.819,200,ok,0,steady
1791233136.5700006,kiemthugialap059@gmail.com,GET,/orders/me,5.201,200,ok,0,steady
1791233136.5732214,kiemthugialap014@gmail.com,GET,/orders/me,3.076,200,ok,0,steady
1791233136.5857024,kiemthugialap084@gmail.com,GET,/orders/me,4.497,200,ok,0,steady
1791233136.6210055,kiemthugialap001@gmail.com,GET,/concerts?on_sale=true,5.47,200,ok,0,steady
1791233136.621416,kiemthugialap031@gmail.com,GET,/concerts/{id},7.449,200,ok,0,steady
1791233136.6364675,kiemthugialap023@gmail.com,GET,/orders/me,4.829,200,ok,0,steady
1791233136.6712873,kiemthugialap047@gmail.com,GET,/orders/me,6.684,200,ok,0,steady
1791233136.674559,kiemthugialap100@gmail.com,GET,/orders/me,3.059,200,ok,0,steady
1791233136.6854756,kiemthugialap032@gmail.com,GET,/concerts/{id},3.29,200,ok,0,steady
1791233136.685943,kiemthugialap083@gmail.com,GET,/concerts,4.39,200,ok,0,steady
1791233136.7210333,kiemthugialap016@gmail.com,GET,/concerts/{id},6.649,200,ok,0,steady
1791233136.7223694,kiemthugialap061@gmail.com,GET,/orders/me,6.756,200,ok,0,steady
1791233136.722737,kiemthugialap090@gmail.com,GET,/orders/me,6.792,200,ok,0,steady
1791233136.7367053,kiemthugialap013@gmail.com,GET,/orders/me,5.767,200,ok,0,steady
1791233136.7413619,kiemthugialap068@gmail.com,GET,/orders/me,4.207,200,ok,0,steady
1791233136.7416997,kiemthugialap057@gmail.com,GET,/orders/me,4.86,200,ok,0,steady
1791233136.7699282,kiemthugialap062@gmail.com,GET,/concerts,4.135,200,ok,0,steady
1791233136.7885375,kiemthugialap080@gmail.com,GET,/orders/me,5.562,200,ok,0,steady
1791233136.789412,kiemthugialap089@gmail.com,GET,/orders/me,7.535,200,ok,0,steady
1791233136.7916634,kiemthugialap075@gmail.com,GET,/orders/me,2.988,200,ok,0,steady
1791233136.8047707,kiemthugialap096@gmail.com,GET,/orders/me,5.547,200,ok,0,steady
1791233136.8051646,kiemthugialap041@gmail.com,GET,/orders/me,6.935,200,ok,0,steady
1791233136.8211443,kiemthugialap097@gmail.com,GET,/concerts,6.412,200,ok,0,steady
1791233136.8225133,kiemthugialap094@gmail.com,GET,/orders/me,6.622,200,ok,0,steady
1791233136.8244555,kiemthugialap024@gmail.com,GET,/concerts?on_sale=true,3.063,200,ok,0,steady
1791233136.8370585,kiemthugialap095@gmail.com,GET,/orders/me,6.577,200,ok,0,steady
1791233136.8429272,kiemthugialap052@gmail.com,GET,/orders/me,5.547,200,ok,0,steady
1791233136.8467548,kiemthugialap078@gmail.com,GET,/concerts,3.301,200,ok,0,steady
1791233136.8688025,kiemthugialap010@gmail.com,GET,/orders/me,5.527,200,ok,0,steady
1791233136.8833568,kiemthugialap093@gmail.com,GET,/concerts/{id},4.054,200,ok,0,steady
1791233136.9032106,kiemthugialap076@gmail.com,GET,/orders/me,6.715,200,ok,0,steady
1791233136.9337204,kiemthugialap051@gmail.com,GET,/concerts/{id},4.304,200,ok,0,steady
1791233136.969777,kiemthugialap073@gmail.com,GET,/orders/me,6.635,200,ok,0,steady
1791233136.9892652,kiemthugialap022@gmail.com,GET,/orders/me,8.493,200,ok,0,steady
1791233136.9896727,kiemthugialap012@gmail.com,GET,/orders/me,9.618,200,ok,0,steady
1791233137.0015826,kiemthugialap048@gmail.com,GET,/concerts/{id},4.347,200,ok,0,steady
1791233137.0019863,kiemthugialap070@gmail.com,GET,/concerts/{id},5.63,200,ok,0,steady
1791233137.0167248,kiemthugialap069@gmail.com,GET,/concerts?on_sale=true,3.827,200,ok,0,steady
1791233137.0515447,kiemthugialap029@gmail.com,GET,/orders/me,5.198,200,ok,0,steady
1791233137.0677457,kiemthugialap005@gmail.com,GET,/orders/me,4.823,200,ok,0,steady
1791233137.0843,kiemthugialap045@gmail.com,GET,/concerts/{id},4.878,200,ok,0,steady
1791233137.084751,kiemthugialap015@gmail.com,GET,/concerts,4.895,200,ok,0,steady
1791233137.1190484,kiemthugialap018@gmail.com,GET,/concerts/{id},6.001,200,ok,0,steady
1791233137.1201036,kiemthugialap026@gmail.com,GET,/orders/me,5.681,200,ok,0,steady
1791233137.152825,kiemthugialap020@gmail.com,GET,/orders/me,4.609,200,ok,0,steady
1791233137.1696422,kiemthugialap030@gmail.com,GET,/orders/me,5.247,200,ok,0,steady
1791233137.1741664,kiemthugialap086@gmail.com,GET,/orders/me,4.374,200,ok,0,steady
1791233137.175496,kiemthugialap072@gmail.com,GET,/orders/me,5.174,200,ok,0,steady
1791233137.1776397,kiemthugialap054@gmail.com,GET,/concerts?on_sale=true,3.344,200,ok,0,steady
1791233137.1786578,kiemthugialap084@gmail.com,GET,/orders/me,3.991,200,ok,0,steady
1791233137.2032838,kiemthugialap011@gmail.com,GET,/orders/me,6.013,200,ok,0,steady
1791233137.2552435,kiemthugialap087@gmail.com,GET,/orders/me,6.683,200,ok,0,steady
1791233137.2575316,kiemthugialap042@gmail.com,GET,/orders/me,7.422,200,ok,0,steady
1791233137.2682304,kiemthugialap091@gmail.com,GET,/concerts/{id},3.413,200,ok,0,steady
1791233137.2692232,kiemthugialap056@gmail.com,GET,/orders/me,5.231,200,ok,0,steady
1791233137.2863674,kiemthugialap061@gmail.com,GET,/orders/me,4.651,200,ok,0,steady
1791233137.3056471,kiemthugialap085@gmail.com,GET,/orders/me,7.439,200,ok,0,steady
1791233137.3060608,kiemthugialap046@gmail.com,GET,/orders/me,7.019,200,ok,0,steady
1791233137.308551,kiemthugialap055@gmail.com,GET,/concerts?on_sale=true,2.356,200,ok,0,steady
1791233137.3529253,kiemthugialap037@gmail.com,GET,/orders/me,5.293,200,ok,0,steady
1791233137.3697875,kiemthugialap006@gmail.com,GET,/orders/me,4.808,200,ok,0,steady
1791233137.3867526,kiemthugialap007@gmail.com,GET,/concerts/{id},5.193,200,ok,0,steady
1791233137.3877645,kiemthugialap047@gmail.com,GET,/orders/me,5.4,200,ok,0,steady
1791233137.4214327,kiemthugialap057@gmail.com,GET,/orders/me,5.739,200,ok,0,steady
1791233137.421793,kiemthugialap001@gmail.com,GET,/orders/me,7.012,200,ok,0,steady
1791233137.4358633,kiemthugialap066@gmail.com,GET,/orders/me,4.707,200,ok,0,steady
1791233137.4852202,kiemthugialap035@gmail.com,GET,/orders/me,5.455,200,ok,0,steady
1791233137.5063152,kiemthugialap004@gmail.com,GET,/concerts?on_sale=true,6.518,200,ok,0,steady
1791233137.508353,kiemthugialap092@gmail.com,GET,/orders/me,11.337,200,ok,0,steady
1791233137.50927,kiemthugialap074@gmail.com,GET,/orders/me,11.024,200,ok,0,steady
1791233137.5095854,kiemthugialap058@gmail.com,GET,/orders/me,10.969,200,ok,0,steady
1791233137.5128,kiemthugialap041@gmail.com,GET,/orders/me,6.291,200,ok,0,steady
1791233137.5134482,kiemthugialap044@gmail.com,GET,/orders/me,4.934,200,ok,0,steady
1791233137.5516543,kiemthugialap095@gmail.com,GET,/orders/me,5.373,200,ok,0,steady
1791233137.5853765,kiemthugialap036@gmail.com,GET,/orders/me,4.761,200,ok,0,steady
1791233137.60272,kiemthugialap027@gmail.com,GET,/orders/me,4.799,200,ok,0,steady
1791233137.6205647,kiemthugialap008@gmail.com,GET,/orders/me,6.446,200,ok,0,steady
1791233137.6216097,kiemthugialap033@gmail.com,GET,/orders/me,6.851,200,ok,0,steady
1791233137.6248417,kiemthugialap050@gmail.com,GET,/orders/me,4.071,200,ok,0,steady
1791233137.6258442,kiemthugialap049@gmail.com,GET,/orders/me,4.092,200,ok,0,steady
1791233137.6542287,kiemthugialap079@gmail.com,GET,/orders/me,5.568,200,ok,0,steady
1791233137.6546938,kiemthugialap096@gmail.com,GET,/orders/me,7.62,200,ok,0,steady
1791233137.688984,kiemthugialap071@gmail.com,GET,/concerts?on_sale=true,5.558,200,ok,0,steady
1791233137.6907148,kiemthugialap081@gmail.com,GET,/orders/me,9.257,200,ok,0,steady
1791233137.6933181,kiemthugialap032@gmail.com,GET,/concerts,3.759,200,ok,0,steady
1791233137.6958826,kiemthugialap082@gmail.com,GET,/orders/me,6.731,200,ok,0,steady
1791233137.7190497,kiemthugialap011@gmail.com,GET,/concerts?on_sale=true,4.812,200,ok,0,steady
1791233137.7350857,kiemthugialap002@gmail.com,GET,/concerts,3.666,200,ok,0,steady
1791233137.7527785,kiemthugialap031@gmail.com,GET,/orders/me,4.866,200,ok,0,steady
1791233137.770461,kiemthugialap078@gmail.com,GET,/orders/me,5.575,200,ok,0,steady
1791233137.8069277,kiemthugialap059@gmail.com,GET,/orders/me,8.432,200,ok,0,steady
1791233137.809693,kiemthugialap076@gmail.com,GET,/orders/me,10.897,200,ok,0,steady
1791233137.8100111,kiemthugialap088@gmail.com,GET,/orders/me,12.577,200,ok,0,steady
1791233137.8119032,kiemthugialap087@gmail.com,GET,/orders/me,4.769,200,ok,0,steady
1791233137.8380342,kiemthugialap028@gmail.com,GET,/concerts,5.351,200,ok,0,steady
1791233137.839474,kiemthugialap063@gmail.com,GET,/orders/me,8.289,200,ok,0,steady
1791233137.83994,kiemthugialap068@gmail.com,GET,/orders/me,7.675,200,ok,0,steady
1791233137.8705397,kiemthugialap029@gmail.com,GET,/orders/me,5.946,200,ok,0,steady
1791233137.8871953,kiemthugialap040@gmail.com,GET,/orders/me,5.925,200,ok,0,steady
1791233137.8907917,kiemthugialap053@gmail.com,GET,/concerts,3.41,200,ok,0,steady
1791233137.8931205,kiemthugialap075@gmail.com,GET,/orders/me,5.371,200,ok,0,steady
1791233137.921169,kiemthugialap009@gmail.com,GET,/orders/me,6.11,200,ok,0,steady
1791233137.9221883,kiemthugialap019@gmail.com,GET,/orders/me,8.088,200,ok,0,steady
1791233137.9242291,kiemthugialap003@gmail.com,GET,/orders/me,2.898,200,ok,0,steady
1791233137.9522593,kiemthugialap064@gmail.com,GET,/concerts,4.053,200,ok,0,steady
1791233137.986941,kiemthugialap023@gmail.com,GET,/orders/me,5.673,200,ok,0,steady
1791233138.052502,kiemthugialap099@gmail.com,GET,/concerts?on_sale=true,5.456,200,ok,0,steady
1791233138.0537567,kiemthugialap091@gmail.com,GET,/orders/me,7.579,200,ok,0,steady
1791233138.0563958,kiemthugialap039@gmail.com,GET,/orders/me,3.676,200,ok,0,steady
1791233138.10234,kiemthugialap093@gmail.com,GET,/orders/me,5.588,200,ok,0,steady
1791233138.1050363,kiemthugialap021@gmail.com,GET,/concerts,2.529,200,ok,0,steady
1791233138.1187887,kiemthugialap077@gmail.com,GET,/concerts?on_sale=true,5.39,200,ok,0,steady
1791233138.1702292,kiemthugialap034@gmail.com,GET,/concerts/{id},6.052,200,ok,0,steady
1791233138.1711733,kiemthugialap065@gmail.com,GET,/orders/me,8.175,200,ok,0,steady
1791233138.1849637,kiemthugialap056@gmail.com,GET,/orders/me,5.106,200,ok,0,steady
1791233138.2031014,kiemthugialap100@gmail.com,GET,/orders/me,6.403,200,ok,0,steady
1791233138.2071583,kiemthugialap070@gmail.com,GET,/orders/me,3.845,200,ok,0,steady
1791233138.2181146,kiemthugialap066@gmail.com,GET,/orders/me,4.996,200,ok,0,steady
1791233138.222289,kiemthugialap051@gmail.com,GET,/concerts,3.986,200,ok,0,steady
1791233138.2228713,kiemthugialap098@gmail.com,GET,/concerts?on_sale=true,3.865,200,ok,0,steady
1791233138.2348263,kiemthugialap046@gmail.com,GET,/orders/me,4.913,200,ok,0,steady
1791233138.2559304,kiemthugialap089@gmail.com,GET,/concerts/{id},8.965,200,ok,0,steady
1791233138.2583055,kiemthugialap014@gmail.com,GET,/orders/me,10.07,200,ok,0,steady
1791233138.2586493,kiemthugialap010@gmail.com,GET,/orders/me,10.74,200,ok,0,steady
1791233138.259528,kiemthugialap030@gmail.com,GET,/orders/me,11.057,200,ok,0,steady
1791233138.2603807,kiemthugialap083@gmail.com,GET,/concerts?on_sale=true,4.289,200,ok,0,steady
1791233138.263554,kiemthugialap074@gmail.com,GET,/concerts/{id},3.889,200,ok,0,steady
1791233138.2643554,kiemthugialap055@gmail.com,GET,/orders/me,5.561,200,ok,0,steady
1791233138.2658253,kiemthugialap060@gmail.com,GET,/concerts,3.137,200,ok,0,steady
1791233138.2871387,kiemthugialap006@gmail.com,GET,/concerts/{id},5.499,200,ok,0,steady
1791233138.2875352,kiemthugialap073@gmail.com,GET,/concerts,7.447,200,ok,0,steady
1791233138.2886426,kiemthugialap025@gmail.com,GET,/orders/me,7.629,200,ok,0,steady
1791233138.2918582,kiemthugialap024@gmail.com,GET,/orders/me,3.092,200,ok,0,steady
1791233138.3038075,kiemthugialap038@gmail.com,GET,/orders/me,7.475,200,ok,0,steady
1791233138.308326,kiemthugialap017@gmail.com,GET,/orders/me,4.263,200,ok,0,steady
1791233138.3408408,kiemthugialap085@gmail.com,GET,/concerts?on_sale=true,9.972,200,ok,0,steady
1791233138.3420813,kiemthugialap082@gmail.com,GET,/concerts/{id},10.213,200,ok,0,steady
1791233138.3424962,kiemthugialap090@gmail.com,GET,/concerts?on_sale=true,10.148,200,ok,0,steady
1791233138.343182,kiemthugialap095@gmail.com,GET,/orders/me,10.509,200,ok,0,steady
1791233138.3442717,kiemthugialap033@gmail.com,GET,/concerts/{id},4.284,200,ok,0,steady
1791233138.3695767,kiemthugialap067@gmail.com,GET,/concerts?on_sale=true,3.847,200,ok,0,steady
1791233138.3705907,kiemthugialap054@gmail.com,GET,/orders/me,6.664,200,ok,0,steady
1791233138.387795,kiemthugialap076@gmail.com,GET,/concerts/{id},5.521,200,ok,0,steady
1791233138.3894022,kiemthugialap094@gmail.com,GET,/orders/me,8.071,200,ok,0,steady
1791233138.3928306,kiemthugialap061@gmail.com,GET,/orders/me,3.286,200,ok,0,steady
1791233138.4383602,kiemthugialap044@gmail.com,GET,/concerts/{id},6.022,200,ok,0,steady
1791233138.4399235,kiemthugialap069@gmail.com,GET,/orders/me,8.721,200,ok,0,steady
1791233138.4403772,kiemthugialap063@gmail.com,GET,/orders/me,7.699,200,ok,0,steady
1791233138.4554923,kiemthugialap013@gmail.com,GET,/orders/me,7.243,200,ok,0,steady
1791233138.45851,kiemthugialap043@gmail.com,GET,/orders/me,10.934,200,ok,0,steady
1791233138.4621437,kiemthugialap068@gmail.com,GET,/concerts,6.447,200,ok,0,steady
1791233138.4650614,kiemthugialap022@gmail.com,GET,/orders/me,9.011,200,ok,0,steady
1791233138.465416,kiemthugialap092@gmail.com,GET,/concerts/{id},6.174,200,ok,0,steady
1791233138.4668603,kiemthugialap080@gmail.com,GET,/orders/me,8.216,200,ok,0,steady
1791233138.4861782,kiemthugialap086@gmail.com,GET,/orders/me,5.95,200,ok,0,steady
1791233138.5030925,kiemthugialap016@gmail.com,GET,/orders/me,5.946,200,ok,0,steady
1791233138.537672,kiemthugialap057@gmail.com,GET,/orders/me,5.838,200,ok,0,steady
1791233138.5380468,kiemthugialap062@gmail.com,GET,/orders/me,7.134,200,ok,0,steady
1791233138.5688112,kiemthugialap097@gmail.com,GET,/concerts/{id},5.195,200,ok,0,steady
1791233138.6026583,kiemthugialap050@gmail.com,GET,/orders/me,5.108,200,ok,0,steady
1791233138.6691616,kiemthugialap052@gmail.com,GET,/orders/me,5.009,200,ok,0,steady
1791233138.6720762,kiemthugialap039@gmail.com,GET,/orders/me,2.781,200,ok,0,steady
1791233138.6740978,kiemthugialap041@gmail.com,GET,/concerts?on_sale=true,1.908,200,ok,0,steady
1791233138.7033033,kiemthugialap072@gmail.com,GET,/orders/me,5.524,200,ok,0,steady
1791233138.7524953,kiemthugialap008@gmail.com,GET,/concerts?on_sale=true,4.631,200,ok,0,steady
1791233138.7710567,kiemthugialap012@gmail.com,GET,/concerts/{id},6.52,200,ok,0,steady
1791233138.7723572,kiemthugialap084@gmail.com,GET,/orders/me,6.612,200,ok,0,steady
1791233138.784119,kiemthugialap037@gmail.com,GET,/concerts/{id},3.689,200,ok,0,steady
1791233138.820054,kiemthugialap007@gmail.com,GET,/concerts,4.644,200,ok,0,steady
1791233138.8209922,kiemthugialap019@gmail.com,GET,/orders/me,4.891,200,ok,0,steady
1791233138.8532677,kiemthugialap001@gmail.com,GET,/orders/me,5.528,200,ok,0,steady
1791233138.8862858,kiemthugialap048@gmail.com,GET,/orders/me,5.278,200,ok,0,steady
1791233138.8892615,kiemthugialap004@gmail.com,GET,/orders/me,2.83,200,ok,0,steady
1791233138.9193418,kiemthugialap005@gmail.com,GET,/concerts,4.774,200,ok,0,steady
1791233138.9204106,kiemthugialap051@gmail.com,GET,/orders/me,5.189,200,ok,0,steady
1791233138.95176,kiemthugialap026@gmail.com,GET,/concerts,4.301,200,ok,0,steady
1791233138.9849243,kiemthugialap059@gmail.com,GET,/concerts,4.211,200,ok,0,steady
1791233139.0021887,kiemthugialap024@gmail.com,GET,/orders/me,5.71,200,ok,0,steady
1791233139.037935,kiemthugialap011@gmail.com,GET,/orders/me,5.479,200,ok,0,steady
1791233139.03829,kiemthugialap015@gmail.com,GET,/orders/me,6.809,200,ok,0,steady
1791233139.100647,kiemthugialap040@gmail.com,GET,/orders/me,34.484,200,ok,0,steady
1791233139.1014657,kiemthugialap045@gmail.com,GET,/concerts/{id},19.957,200,ok,0,steady
1791233139.10188,kiemthugialap009@gmail.com,GET,/orders/me,34.467,200,ok,0,steady
1791233139.1032655,kiemthugialap020@gmail.com,GET,/orders/me,38.321,200,ok,0,steady
1791233139.1078277,kiemthugialap071@gmail.com,GET,/orders/me,7.047,200,ok,0,steady
1791233139.1081297,kiemthugialap018@gmail.com,GET,/orders/me,9.995,200,ok,0,steady
1791233139.1084023,kiemthugialap087@gmail.com,GET,/orders/me,9.313,200,ok,0,steady
1791233139.1368117,kiemthugialap043@gmail.com,GET,/orders/me,5.733,200,ok,0,steady
1791233139.1377912,kiemthugialap047@gmail.com,GET,/orders/me,7.286,200,ok,0,steady
1791233139.139841,kiemthugialap061@gmail.com,GET,/orders/me,2.863,200,ok,0,steady
1791233139.1518466,kiemthugialap079@gmail.com,GET,/concerts/{id},4.364,200,ok,0,steady
1791233139.1698952,kiemthugialap042@gmail.com,GET,/orders/me,6.282,200,ok,0,steady
1791233139.1734016,kiemthugialap086@gmail.com,GET,/concerts,3.255,200,ok,0,steady
1791233139.1901865,kiemthugialap067@gmail.com,GET,/orders/me,10.55,200,ok,0,steady
1791233139.1911254,kiemthugialap036@gmail.com,GET,/orders/me,10.25,200,ok,0,steady
1791233139.222991,kiemthugialap100@gmail.com,GET,/concerts,10.501,200,ok,0,steady
1791233139.2244709,kiemthugialap002@gmail.com,GET,/concerts,9.824,200,ok,0,steady
1791233139.224902,kiemthugialap088@gmail.com,GET,/orders/me,9.374,200,ok,0,steady
1791233139.227915,kiemthugialap029@gmail.com,GET,/orders/me,4.653,200,ok,0,steady
1791233139.2284148,kiemthugialap022@gmail.com,GET,/concerts,3.381,200,ok,0,steady
1791233139.2328641,kiemthugialap058@gmail.com,GET,/orders/me,4.312,200,ok,0,steady
1791233139.303016,kiemthugialap035@gmail.com,GET,/concerts/{id},5.583,200,ok,0,steady
1791233139.3227396,kiemthugialap033@gmail.com,GET,/concerts/{id},8.728,200,ok,0,steady
1791233139.3243284,kiemthugialap038@gmail.com,GET,/orders/me,9.581,200,ok,0,steady
1791233139.333827,kiemthugialap032@gmail.com,GET,/concerts/{id},10.843,200,ok,0,steady
1791233139.3345907,kiemthugialap053@gmail.com,GET,/concerts?on_sale=true,8.76,200,ok,0,steady
1791233139.3349495,kiemthugialap056@gmail.com,GET,/orders/me,10.447,200,ok,0,steady
1791233139.3360925,kiemthugialap049@gmail.com,GET,/orders/me,10.755,200,ok,0,steady
1791233139.3511846,kiemthugialap062@gmail.com,GET,/orders/me,4.866,200,ok,0,steady
1791233139.3692787,kiemthugialap050@gmail.com,GET,/orders/me,6.153,200,ok,0,steady
1791233139.3701832,kiemthugialap070@gmail.com,GET,/orders/me,5.737,200,ok,0,steady
1791233139.3848033,kiemthugialap010@gmail.com,GET,/concerts/{id},5.155,200,ok,0,steady
1791233139.3857858,kiemthugialap001@gmail.com,GET,/orders/me,5.655,200,ok,0,steady
1791233139.3885992,kiemthugialap023@gmail.com,GET,/orders/me,3.629,200,ok,0,steady
1791233139.4228764,kiemthugialap099@gmail.com,GET,/orders/me,9.332,200,ok,0,steady
1791233139.4246535,kiemthugialap083@gmail.com,GET,/orders/me,9.791,200,ok,0,steady
1791233139.4273221,kiemthugialap091@gmail.com,GET,/concerts,4.218,200,ok,0,steady
1791233139.4284139,kiemthugialap081@gmail.com,GET,/orders/me,4.859,200,ok,0,steady
1791233139.431243,kiemthugialap078@gmail.com,GET,/orders/me,3.791,200,ok,0,steady
1791233139.4513266,kiemthugialap037@gmail.com,GET,/concerts,5.436,200,ok,0,steady
1791233139.468697,kiemthugialap027@gmail.com,GET,/concerts?on_sale=true,3.428,200,ok,0,steady
1791233139.4691849,kiemthugialap006@gmail.com,GET,/concerts?on_sale=true,5.883,200,ok,0,steady
1791233139.4876862,kiemthugialap048@gmail.com,GET,/orders/me,6.148,200,ok,0,steady
1791233139.5035777,kiemthugialap021@gmail.com,GET,/orders/me,5.152,200,ok,0,steady
1791233139.5065253,kiemthugialap031@gmail.com,GET,/orders/me,2.8,200,ok,0,steady
1791233139.518262,kiemthugialap089@gmail.com,GET,/concerts,3.752,200,ok,0,steady
1791233139.5417595,kiemthugialap008@gmail.com,GET,/concerts?on_sale=true,9.733,200,ok,0,steady
1791233139.5452662,kiemthugialap085@gmail.com,GET,/orders/me,14.026,200,ok,0,steady
1791233139.5483546,kiemthugialap094@gmail.com,GET,/concerts?on_sale=true,6.37,200,ok,0,steady
1791233139.550021,kiemthugialap080@gmail.com,GET,/concerts?on_sale=true,7.589,200,ok,0,steady
1791233139.5696917,kiemthugialap093@gmail.com,GET,/orders/me,6.22,200,ok,0,steady
1791233139.5888042,kiemthugialap054@gmail.com,GET,/orders/me,4.651,200,ok,0,steady
1791233139.5896847,kiemthugialap057@gmail.com,GET,/orders/me,7.169,200,ok,0,steady
1791233139.5917177,kiemthugialap096@gmail.com,GET,/orders/me,2.778,200,ok,0,steady
1791233139.5944247,kiemthugialap051@gmail.com,GET,/orders/me,2.605,200,ok,0,steady
1791233139.6547592,kiemthugialap064@gmail.com,GET,/orders/me,5.891,200,ok,0,steady
1791233139.655819,kiemthugialap003@gmail.com,GET,/orders/me,8.3,200,ok,0,steady
1791233139.657669,kiemthugialap028@gmail.com,GET,/orders/me,2.728,200,ok,0,steady
1791233139.6712964,kiemthugialap030@gmail.com,GET,/orders/me,6.121,200,ok,0,steady
1791233139.6717885,kiemthugialap055@gmail.com,GET,/orders/me,7.316,200,ok,0,steady
1791233139.7034502,kiemthugialap005@gmail.com,GET,/orders/me,5.617,200,ok,0,steady
1791233139.720574,kiemthugialap052@gmail.com,GET,/orders/me,5.965,200,ok,0,steady
1791233139.7367845,kiemthugialap063@gmail.com,GET,/concerts/{id},5.515,200,ok,0,steady
1791233139.7379012,kiemthugialap069@gmail.com,GET,/orders/me,5.083,200,ok,0,steady
1791233139.7402089,kiemthugialap046@gmail.com,GET,/orders/me,3.274,200,ok,0,steady
1791233139.7714374,kiemthugialap016@gmail.com,GET,/orders/me,6.924,200,ok,0,steady
1791233139.7748892,kiemthugialap040@gmail.com,GET,/orders/me,3.25,200,ok,0,steady
1791233139.8008633,kiemthugialap086@gmail.com,GET,/concerts?on_sale=true,10.648,200,ok,0,steady
1791233139.8026004,kiemthugialap079@gmail.com,GET,/orders/me,12.86,200,ok,0,steady
1791233139.8038278,kiemthugialap004@gmail.com,GET,/orders/me,5.91,200,ok,0,steady
1791233139.8348885,kiemthugialap088@gmail.com,GET,/concerts,3.81,200,ok,0,steady
1791233139.8548963,kiemthugialap058@gmail.com,GET,/concerts?on_sale=true,5.574,200,ok,0,steady
1791233139.8561227,kiemthugialap060@gmail.com,GET,/orders/me,8.829,200,ok,0,steady
1791233139.8590815,kiemthugialap025@gmail.com,GET,/orders/me,4.014,200,ok,0,steady
1791233139.8624842,kiemthugialap002@gmail.com,GET,/orders/me,3.265,200,ok,0,steady
1791233139.8666637,kiemthugialap049@gmail.com,GET,/orders/me,4.058,200,ok,0,steady
1791233139.8874335,kiemthugialap084@gmail.com,GET,/concerts,5.026,200,ok,0,steady
1791233139.889082,kiemthugialap034@gmail.com,GET,/orders/me,8.105,200,ok,0,steady
1791233139.8895257,kiemthugialap075@gmail.com,GET,/orders/me,9.742,200,ok,0,steady
1791233139.903647,kiemthugialap068@gmail.com,GET,/concerts?on_sale=true,6.058,200,ok,0,steady
1791233139.9049208,kiemthugialap014@gmail.com,GET,/orders/me,8.364,200,ok,0,steady
1791233139.9054282,kiemthugialap092@gmail.com,GET,/orders/me,7.065,200,ok,0,steady
1791233139.9522598,kiemthugialap077@gmail.com,GET,/concerts?on_sale=true,3.956,200,ok,0,steady
1791233139.9869888,kiemthugialap098@gmail.com,GET,/concerts,4.26,200,ok,0,steady
1791233139.9875255,kiemthugialap065@gmail.com,GET,/orders/me,6.392,200,ok,0,steady
1791233140.0384023,kiemthugialap033@gmail.com,GET,/orders/me,7.111,200,ok,0,steady
1791233140.0526714,kiemthugialap039@gmail.com,GET,/concerts/{id},4.425,200,ok,0,steady
1791233140.056139,kiemthugialap073@gmail.com,GET,/orders/me,3.302,200,ok,0,steady
1791233140.1051643,kiemthugialap032@gmail.com,GET,/orders/me,7.723,200,ok,0,steady
1791233140.1058426,kiemthugialap085@gmail.com,GET,/concerts/{id},4.462,200,ok,0,steady
1791233140.106884,kiemthugialap095@gmail.com,GET,/orders/me,7.522,200,ok,0,steady
1791233140.1209915,kiemthugialap090@gmail.com,GET,/orders/me,6.73,200,ok,0,steady
1791233140.1213996,kiemthugialap018@gmail.com,GET,/orders/me,6.392,200,ok,0,steady
1791233140.1733844,kiemthugialap067@gmail.com,GET,/concerts,6.293,200,ok,0,steady
1791233140.1747239,kiemthugialap011@gmail.com,GET,/orders/me,8.296,200,ok,0,steady
1791233140.177059,kiemthugialap074@gmail.com,GET,/orders/me,3.472,200,ok,0,steady
1791233140.2058465,kiemthugialap076@gmail.com,GET,/concerts,5.875,200,ok,0,steady
1791233140.206244,kiemthugialap096@gmail.com,GET,/concerts,7.806,200,ok,0,steady
1791233140.2068532,kiemthugialap015@gmail.com,GET,/concerts/{id},7.145,200,ok,0,steady
1791233140.2073653,kiemthugialap066@gmail.com,GET,/orders/me,7.911,200,ok,0,steady
1791233140.2225678,kiemthugialap070@gmail.com,GET,/concerts?on_sale=true,6.534,200,ok,0,steady
1791233140.223637,kiemthugialap072@gmail.com,GET,/concerts?on_sale=true,9.123,200,ok,0,steady
1791233140.224662,kiemthugialap100@gmail.com,GET,/orders/me,8.974,200,ok,0,steady
1791233140.2249687,kiemthugialap080@gmail.com,GET,/orders/me,9.648,200,ok,0,steady
1791233140.2270062,kiemthugialap027@gmail.com,GET,/concerts?on_sale=true,4.237,200,ok,0,steady
1791233140.2274568,kiemthugialap054@gmail.com,GET,/concerts/{id},3.691,200,ok,0,steady
1791233140.2532833,kiemthugialap017@gmail.com,GET,/orders/me,5.204,200,ok,0,steady
1791233140.2720022,kiemthugialap091@gmail.com,GET,/concerts,6.786,200,ok,0,steady
1791233140.2734876,kiemthugialap044@gmail.com,GET,/orders/me,7.418,200,ok,0,steady
1791233140.274295,kiemthugialap045@gmail.com,GET,/orders/me,8.535,200,ok,0,steady
1791233140.2756171,kiemthugialap082@gmail.com,GET,/concerts?on_sale=true,3.437,200,ok,0,steady
1791233140.3215857,kiemthugialap016@gmail.com,GET,/concerts/{id},4.784,200,ok,0,steady
1791233140.323055,kiemthugialap013@gmail.com,GET,/orders/me,8.256,200,ok,0,steady
1791233140.323512,kiemthugialap061@gmail.com,GET,/orders/me,7.707,200,ok,0,steady
1791233140.358037,kiemthugialap003@gmail.com,GET,/orders/me,10.691,200,ok,0,steady
1791233140.3598285,kiemthugialap035@gmail.com,GET,/orders/me,11.374,200,ok,0,steady
1791233140.360206,kiemthugialap063@gmail.com,GET,/concerts?on_sale=true,10.992,200,ok,0,steady
1791233140.3607948,kiemthugialap043@gmail.com,GET,/orders/me,11.892,200,ok,0,steady
1791233140.3645558,kiemthugialap048@gmail.com,GET,/orders/me,6.275,200,ok,0,steady
1791233140.3650298,kiemthugialap008@gmail.com,GET,/orders/me,6.316,200,ok,0,steady
1791233140.403478,kiemthugialap002@gmail.com,GET,/orders/me,22.949,200,ok,0,steady
1791233140.4054658,kiemthugialap038@gmail.com,GET,/concerts/{id},8.045,200,ok,0,steady
1791233140.405914,kiemthugialap041@gmail.com,GET,/orders/me,24.102,200,ok,0,steady
1791233140.4386234,kiemthugialap036@gmail.com,GET,/concerts/{id},6.957,200,ok,0,steady
1791233140.4400759,kiemthugialap024@gmail.com,GET,/orders/me,9.505,200,ok,0,steady
1791233140.4405167,kiemthugialap019@gmail.com,GET,/orders/me,10.544,200,ok,0,steady
1791233140.4425037,kiemthugialap087@gmail.com,GET,/orders/me,3.626,200,ok,0,steady
1791233140.4503531,kiemthugialap007@gmail.com,GET,/concerts/{id},4.1,200,ok,0,steady
1791233140.4699166,kiemthugialap026@gmail.com,GET,/concerts?on_sale=true,6.699,200,ok,0,steady
1791233140.4714646,kiemthugialap020@gmail.com,GET,/orders/me,6.91,200,ok,0,steady
1791233140.47672,kiemthugialap097@gmail.com,GET,/orders/me,5.013,200,ok,0,steady
1791233140.480001,kiemthugialap010@gmail.com,GET,/concerts,3.075,200,ok,0,steady
1791233140.487883,kiemthugialap099@gmail.com,GET,/concerts?on_sale=true,7.662,200,ok,0,steady
1791233140.489488,kiemthugialap062@gmail.com,GET,/orders/me,8.079,200,ok,0,steady
1791233140.4923837,kiemthugialap093@gmail.com,GET,/orders/me,4.211,200,ok,0,steady
1791233140.535962,kiemthugialap042@gmail.com,GET,/orders/me,5.279,200,ok,0,steady
1791233140.5398636,kiemthugialap001@gmail.com,GET,/orders/me,3.66,200,ok,0,steady
1791233140.5510187,kiemthugialap060@gmail.com,GET,/orders/me,4.387,200,ok,0,steady
1791233140.6245093,kiemthugialap029@gmail.com,GET,/orders/me,9.967,200,ok,0,steady
1791233140.625031,kiemthugialap073@gmail.com,GET,/orders/me,11.112,200,ok,0,steady
1791233140.625363,kiemthugialap071@gmail.com,GET,/orders/me,12.305,200,ok,0,steady
1791233140.6256812,kiemthugialap040@gmail.com,GET,/orders/me,10.199,200,ok,0,steady
1791233140.6573536,kiemthugialap089@gmail.com,GET,/orders/me,8.144,200,ok,0,steady
1791233140.6577656,kiemthugialap069@gmail.com,GET,/orders/me,8.919,200,ok,0,steady
1791233140.6580567,kiemthugialap012@gmail.com,GET,/orders/me,10.724,200,ok,0,steady
1791233140.669518,kiemthugialap039@gmail.com,GET,/concerts,3.97,200,ok,0,steady
1791233140.669924,kiemthugialap068@gmail.com,GET,/concerts?on_sale=true,5.214,200,ok,0,steady
1791233140.6876037,kiemthugialap098@gmail.com,GET,/orders/me,5.065,200,ok,0,steady
1791233140.7039592,kiemthugialap059@gmail.com,GET,/orders/me,4.805,200,ok,0,steady
1791233140.7206101,kiemthugialap022@gmail.com,GET,/orders/me,5.778,200,ok,0,steady
1791233140.7250657,kiemthugialap064@gmail.com,GET,/orders/me,4.212,200,ok,0,steady
1791233140.7285125,kiemthugialap100@gmail.com,GET,/orders/me,3.278,200,ok,0,steady
1791233140.7527459,kiemthugialap018@gmail.com,GET,/orders/me,5.736,200,ok,0,steady
1791233140.788849,kiemthugialap088@gmail.com,GET,/orders/me,5.437,200,ok,0,steady
1791233140.7892063,kiemthugialap056@gmail.com,GET,/orders/me,7.628,200,ok,0,steady
1791233140.822311,kiemthugialap014@gmail.com,GET,/orders/me,6.387,200,ok,0,steady
1791233140.8227305,kiemthugialap009@gmail.com,GET,/orders/me,7.842,200,ok,0,steady
1791233140.8350308,kiemthugialap058@gmail.com,GET,/orders/me,4.382,200,ok,0,steady
1791233140.8553042,kiemthugialap077@gmail.com,GET,/orders/me,6.71,200,ok,0,steady
1791233140.855797,kiemthugialap045@gmail.com,GET,/orders/me,7.603,200,ok,0,steady
1791233140.8560724,kiemthugialap065@gmail.com,GET,/orders/me,9.112,200,ok,0,steady
1791233140.8688185,kiemthugialap037@gmail.com,GET,/orders/me,4.792,200,ok,0,steady
1791233140.871635,kiemthugialap033@gmail.com,GET,/orders/me,2.68,200,ok,0,steady
1791233140.8858583,kiemthugialap086@gmail.com,GET,/orders/me,4.391,200,ok,0,steady
1791233140.9039915,kiemthugialap080@gmail.com,GET,/orders/me,5.629,200,ok,0,steady
1791233140.9071252,kiemthugialap094@gmail.com,GET,/concerts/{id},2.867,200,ok,0,steady
1791233140.937846,kiemthugialap005@gmail.com,GET,/orders/me,6.595,200,ok,0,steady
1791233140.9736297,kiemthugialap006@gmail.com,GET,/concerts,9.205,200,ok,0,steady
1791233140.9743168,kiemthugialap021@gmail.com,GET,/orders/me,9.059,200,ok,0,steady
1791233140.9747818,kiemthugialap083@gmail.com,GET,/concerts,9.269,200,ok,0,steady
1791233140.9867802,kiemthugialap082@gmail.com,GET,/orders/me,6.674,200,ok,0,steady
1791233141.0027328,kiemthugialap015@gmail.com,GET,/orders/me,4.812,200,ok,0,steady
1791233141.0191627,kiemthugialap048@gmail.com,GET,/concerts/{id},4.603,200,ok,0,steady
1791233141.0236785,kiemthugialap028@gmail.com,GET,/concerts,4.017,200,ok,0,steady
1791233141.024818,kiemthugialap078@gmail.com,GET,/orders/me,5.498,200,ok,0,steady
1791233141.0536094,kiemthugialap031@gmail.com,GET,/concerts/{id},6.171,200,ok,0,steady
1791233141.0553706,kiemthugialap047@gmail.com,GET,/orders/me,6.358,200,ok,0,steady
1791233141.0558994,kiemthugialap070@gmail.com,GET,/orders/me,7.657,200,ok,0,steady
1791233141.057665,kiemthugialap097@gmail.com,GET,/orders/me,3.924,200,ok,0,steady
1791233141.0707965,kiemthugialap084@gmail.com,GET,/orders/me,5.923,200,ok,0,steady
1791233141.085505,kiemthugialap067@gmail.com,GET,/concerts,3.759,200,ok,0,steady
1791233141.1198418,kiemthugialap093@gmail.com,GET,/orders/me,5.613,200,ok,0,steady
1791233141.139534,kiemthugialap081@gmail.com,GET,/orders/me,6.51,200,ok,0,steady
1791233141.1400886,kiemthugialap085@gmail.com,GET,/concerts?on_sale=true,7.477,200,ok,0,steady
1791233141.140884,kiemthugialap030@gmail.com,GET,/orders/me,9.33,200,ok,0,steady
1791233141.1880622,kiemthugialap003@gmail.com,GET,/orders/me,6.894,200,ok,0,steady
1791233141.1919832,kiemthugialap057@gmail.com,GET,/concerts?on_sale=true,3.709,200,ok,0,steady
1791233141.2338123,kiemthugialap087@gmail.com,GET,/concerts/{id},21.065,200,ok,0,steady
1791233141.2371082,kiemthugialap013@gmail.com,GET,/orders/me,22.518,200,ok,0,steady
1791233141.2379425,kiemthugialap053@gmail.com,GET,/concerts?on_sale=true,8.514,200,ok,0,steady
1791233141.239617,kiemthugialap092@gmail.com,GET,/orders/me,9.616,200,ok,0,steady
1791233141.2408576,kiemthugialap034@gmail.com,GET,/orders/me,6.87,200,ok,0,steady
1791233141.271868,kiemthugialap035@gmail.com,GET,/orders/me,7.666,200,ok,0,steady
1791233141.272286,kiemthugialap011@gmail.com,GET,/orders/me,6.521,200,ok,0,steady
1791233141.3188858,kiemthugialap019@gmail.com,GET,/concerts?on_sale=true,3.974,200,ok,0,steady
1791233141.321268,kiemthugialap091@gmail.com,GET,/concerts,2.233,200,ok,0,steady
1791233141.3564193,kiemthugialap050@gmail.com,GET,/orders/me,6.501,200,ok,0,steady
1791233141.356861,kiemthugialap049@gmail.com,GET,/orders/me,8.98,200,ok,0,steady
1791233141.384705,kiemthugialap023@gmail.com,GET,/concerts?on_sale=true,3.964,200,ok,0,steady
1791233141.4213638,kiemthugialap039@gmail.com,GET,/concerts/{id},5.724,200,ok,0,steady
1791233141.4228415,kiemthugialap051@gmail.com,GET,/orders/me,7.509,200,ok,0,steady
1791233141.423814,kiemthugialap020@gmail.com,GET,/orders/me,9.471,200,ok,0,steady
1791233141.4278982,kiemthugialap040@gmail.com,GET,/orders/me,4.912,200,ok,0,steady
1791233141.4293513,kiemthugialap074@gmail.com,GET,/orders/me,5.13,200,ok,0,steady
1791233141.4296834,kiemthugialap075@gmail.com,GET,/orders/me,5.757,200,ok,0,steady
1791233141.4557421,kiemthugialap037@gmail.com,GET,/orders/me,9.281,200,ok,0,steady
1791233141.4561896,kiemthugialap073@gmail.com,GET,/orders/me,9.146,200,ok,0,steady
1791233141.5047915,kiemthugialap009@gmail.com,GET,/concerts/{id},4.274,200,ok,0,steady
1791233141.506126,kiemthugialap079@gmail.com,GET,/orders/me,6.291,200,ok,0,steady
1791233141.5064545,kiemthugialap068@gmail.com,GET,/orders/me,8.367,200,ok,0,steady
1791233141.5194707,kiemthugialap045@gmail.com,GET,/orders/me,4.636,200,ok,0,steady
1791233141.5552611,kiemthugialap052@gmail.com,GET,/concerts,6.582,200,ok,0,steady
1791233141.5558255,kiemthugialap033@gmail.com,GET,/concerts,5.864,200,ok,0,steady
1791233141.5566308,kiemthugialap046@gmail.com,GET,/orders/me,9.124,200,ok,0,steady
1791233141.6047904,kiemthugialap071@gmail.com,GET,/concerts?on_sale=true,7.865,200,ok,0,steady
1791233141.6072342,kiemthugialap076@gmail.com,GET,/concerts/{id},9.548,200,ok,0,steady
1791233141.6077285,kiemthugialap061@gmail.com,GET,/orders/me,11.501,200,ok,0,steady
1791233141.6102242,kiemthugialap100@gmail.com,GET,/concerts,4.517,200,ok,0,steady
1791233141.6114829,kiemthugialap069@gmail.com,GET,/orders/me,6.436,200,ok,0,steady
1791233141.6406085,kiemthugialap036@gmail.com,GET,/concerts/{id},8.509,200,ok,0,steady
1791233141.643067,kiemthugialap055@gmail.com,GET,/orders/me,11.255,200,ok,0,steady
1791233141.6439936,kiemthugialap070@gmail.com,GET,/orders/me,12.506,200,ok,0,steady
1791233141.6444476,kiemthugialap032@gmail.com,GET,/orders/me,12.145,200,ok,0,steady
1791233141.6448865,kiemthugialap007@gmail.com,GET,/orders/me,14.213,200,ok,0,steady
1791233141.6690984,kiemthugialap088@gmail.com,GET,/orders/me,5.521,200,ok,0,steady
1791233141.6860726,kiemthugialap004@gmail.com,GET,/orders/me,5.145,200,ok,0,steady
1791233141.6897566,kiemthugialap072@gmail.com,GET,/orders/me,3.505,200,ok,0,steady
1791233141.7211723,kiemthugialap077@gmail.com,GET,/concerts/{id},5.447,200,ok,0,steady
1791233141.7218864,kiemthugialap026@gmail.com,GET,/orders/me,7.765,200,ok,0,steady
1791233141.7221992,kiemthugialap031@gmail.com,GET,/concerts,7.647,200,ok,0,steady
1791233141.7231061,kiemthugialap097@gmail.com,GET,/orders/me,9.897,200,ok,0,steady
1791233141.7690964,kiemthugialap058@gmail.com,GET,/concerts,6.155,200,ok,0,steady
1791233141.7702963,kiemthugialap017@gmail.com,GET,/orders/me,5.14,200,ok,0,steady
1791233141.7856555,kiemthugialap008@gmail.com,GET,/concerts/{id},5.441,200,ok,0,steady
1791233141.7866046,kiemthugialap063@gmail.com,GET,/orders/me,4.865,200,ok,0,steady
1791233141.8051903,kiemthugialap090@gmail.com,GET,/concerts,5.792,200,ok,0,steady
1791233141.8057766,kiemthugialap086@gmail.com,GET,/concerts?on_sale=true,8.416,200,ok,0,steady
1791233141.8070564,kiemthugialap018@gmail.com,GET,/orders/me,8.979,200,ok,0,steady
1791233141.8205485,kiemthugialap099@gmail.com,GET,/concerts?on_sale=true,7.217,200,ok,0,steady
1791233141.8219407,kiemthugialap028@gmail.com,GET,/orders/me,8.053,200,ok,0,steady
1791233141.8223097,kiemthugialap025@gmail.com,GET,/orders/me,7.383,200,ok,0,steady
1791233141.8238173,kiemthugialap010@gmail.com,GET,/concerts/{id},3.023,200,ok,0,steady
1791233141.8347802,kiemthugialap059@gmail.com,GET,/concerts,4.061,200,ok,0,steady
1791233141.8867073,kiemthugialap089@gmail.com,GET,/concerts,5.241,200,ok,0,steady
1791233141.9023378,kiemthugialap095@gmail.com,GET,/concerts/{id},4.157,200,ok,0,steady
1791233141.9192345,kiemthugialap062@gmail.com,GET,/orders/me,4.546,200,ok,0,steady
1791233141.9219086,kiemthugialap041@gmail.com,GET,/concerts,2.5,200,ok,0,steady
1791233141.9882987,kiemthugialap054@gmail.com,GET,/orders/me,5.675,200,ok,0,steady
1791233142.0211225,kiemthugialap037@gmail.com,GET,/concerts/{id},6.251,200,ok,0,steady
1791233142.0217237,kiemthugialap074@gmail.com,GET,/concerts/{id},5.951,200,ok,0,steady
1791233142.0367005,kiemthugialap064@gmail.com,GET,/orders/me,6.034,200,ok,0,steady
1791233142.0410867,kiemthugialap066@gmail.com,GET,/orders/me,4.117,200,ok,0,steady
1791233142.0567527,kiemthugialap094@gmail.com,GET,/orders/me,7.753,200,ok,0,steady
1791233142.0572274,kiemthugialap012@gmail.com,GET,/orders/me,9.844,200,ok,0,steady
1791233142.0575588,kiemthugialap043@gmail.com,GET,/orders/me,9.182,200,ok,0,steady
1791233142.069892,kiemthugialap030@gmail.com,GET,/concerts/{id},4.476,200,ok,0,steady
1791233142.0703456,kiemthugialap049@gmail.com,GET,/concerts/{id},5.627,200,ok,0,steady
1791233142.0869434,kiemthugialap001@gmail.com,GET,/orders/me,4.548,200,ok,0,steady
1791233142.1234548,kiemthugialap027@gmail.com,GET,/concerts,8.571,200,ok,0,steady
1791233142.125784,kiemthugialap024@gmail.com,GET,/orders/me,10.118,200,ok,0,steady
1791233142.1261718,kiemthugialap096@gmail.com,GET,/orders/me,10.02,200,ok,0,steady
1791233142.1511848,kiemthugialap076@gmail.com,GET,/concerts?on_sale=true,4.525,200,ok,0,steady
1791233142.1675067,kiemthugialap002@gmail.com,GET,/concerts/{id},3.739,200,ok,0,steady
1791233142.1902387,kiemthugialap029@gmail.com,GET,/orders/me,8.352,200,ok,0,steady
1791233142.1906278,kiemthugialap034@gmail.com,GET,/orders/me,6.628,200,ok,0,steady
1791233142.1909115,kiemthugialap079@gmail.com,GET,/orders/me,9.709,200,ok,0,steady
1791233142.2044196,kiemthugialap015@gmail.com,GET,/orders/me,6.507,200,ok,0,steady
1791233142.219671,kiemthugialap038@gmail.com,GET,/orders/me,4.176,200,ok,0,steady
1791233142.223805,kiemthugialap044@gmail.com,GET,/orders/me,3.986,200,ok,0,steady
1791233142.2241404,kiemthugialap098@gmail.com,GET,/concerts/{id},3.772,200,ok,0,steady
1791233142.2372298,kiemthugialap019@gmail.com,GET,/orders/me,4.969,200,ok,0,steady
1791233142.2762215,kiemthugialap088@gmail.com,GET,/concerts?on_sale=true,7.227,200,ok,0,steady
1791233142.2766535,kiemthugialap003@gmail.com,GET,/concerts,9.425,200,ok,0,steady
1791233142.2777674,kiemthugialap053@gmail.com,GET,/orders/me,11.383,200,ok,0,steady
1791233142.2783082,kiemthugialap067@gmail.com,GET,/orders/me,11.504,200,ok,0,steady
1791233142.2790587,kiemthugialap016@gmail.com,GET,/orders/me,14.005,200,ok,0,steady
1791233142.3022552,kiemthugialap057@gmail.com,GET,/orders/me,4.561,200,ok,0,steady
1791233142.3357284,kiemthugialap006@gmail.com,GET,/concerts/{id},4.112,200,ok,0,steady
1791233142.3397772,kiemthugialap065@gmail.com,GET,/orders/me,3.885,200,ok,0,steady
1791233142.369291,kiemthugialap058@gmail.com,GET,/orders/me,4.568,200,ok,0,steady
1791233142.3718662,kiemthugialap055@gmail.com,GET,/concerts?on_sale=true,2.408,200,ok,0,steady
1791233142.387794,kiemthugialap080@gmail.com,GET,/orders/me,5.14,200,ok,0,steady
1791233142.388145,kiemthugialap022@gmail.com,GET,/orders/me,6.559,200,ok,0,steady
1791233142.4365728,kiemthugialap086@gmail.com,GET,/concerts?on_sale=true,4.977,200,ok,0,steady
1791233142.4374604,kiemthugialap042@gmail.com,GET,/orders/me,5.211,200,ok,0,steady
1791233142.453904,kiemthugialap060@gmail.com,GET,/concerts,4.886,200,ok,0,steady
1791233142.4867997,kiemthugialap078@gmail.com,GET,/concerts/{id},5.758,200,ok,0,steady
1791233142.487145,kiemthugialap071@gmail.com,GET,/concerts,5.504,200,ok,0,steady
1791233142.4883287,kiemthugialap068@gmail.com,GET,/orders/me,6.41,200,ok,0,steady
1791233142.5364878,kiemthugialap095@gmail.com,GET,/orders/me,4.936,200,ok,0,steady
1791233142.5540075,kiemthugialap056@gmail.com,GET,/orders/me,5.686,200,ok,0,steady
1791233142.5581608,kiemthugialap014@gmail.com,GET,/orders/me,3.884,200,ok,0,steady
1791233142.5723345,kiemthugialap087@gmail.com,GET,/concerts,6.586,200,ok,0,steady
1791233142.5727732,kiemthugialap005@gmail.com,GET,/concerts,7.796,200,ok,0,steady
1791233142.573087,kiemthugialap021@gmail.com,GET,/concerts,6.622,200,ok,0,steady
1791233142.574014,kiemthugialap077@gmail.com,GET,/orders/me,7.83,200,ok,0,steady
1791233142.5863729,kiemthugialap025@gmail.com,GET,/orders/me,6.02,200,ok,0,steady
1791233142.5867786,kiemthugialap035@gmail.com,GET,/orders/me,6.999,200,ok,0,steady
1791233142.6205027,kiemthugialap017@gmail.com,GET,/orders/me,5.32,200,ok,0,steady
1791233142.6227927,kiemthugialap001@gmail.com,GET,/concerts,2.142,200,ok,0,steady
1791233142.625648,kiemthugialap030@gmail.com,GET,/orders/me,2.742,200,ok,0,steady
1791233142.6283674,kiemthugialap048@gmail.com,GET,/orders/me,2.615,200,ok,0,steady
1791233142.6515849,kiemthugialap064@gmail.com,GET,/concerts,3.745,200,ok,0,steady
1791233142.6560075,kiemthugialap083@gmail.com,GET,/concerts,4.264,200,ok,0,steady
1791233142.657496,kiemthugialap013@gmail.com,GET,/orders/me,5.224,200,ok,0,steady
1791233142.721456,kiemthugialap073@gmail.com,GET,/orders/me,6.658,200,ok,0,steady
1791233142.7699242,kiemthugialap092@gmail.com,GET,/orders/me,21.509,200,ok,0,steady
1791233142.770575,kiemthugialap036@gmail.com,GET,/orders/me,23.254,200,ok,0,steady
1791233142.7725677,kiemthugialap033@gmail.com,GET,/concerts,7.294,200,ok,0,steady
1791233142.778005,kiemthugialap084@gmail.com,GET,/orders/me,5.26,200,ok,0,steady
1791233142.8028097,kiemthugialap032@gmail.com,GET,/orders/me,5.722,200,ok,0,steady
1791233142.8079505,kiemthugialap019@gmail.com,GET,/orders/me,4.877,200,ok,0,steady
1791233142.8186903,kiemthugialap093@gmail.com,GET,/concerts?on_sale=true,5.388,200,ok,0,steady
1791233142.8236315,kiemthugialap018@gmail.com,GET,/orders/me,4.701,200,ok,0,steady
1791233142.8517742,kiemthugialap061@gmail.com,GET,/orders/me,5.24,200,ok,0,steady
1791233142.8703048,kiemthugialap085@gmail.com,GET,/orders/me,5.842,200,ok,0,steady
1791233142.887085,kiemthugialap070@gmail.com,GET,/orders/me,7.48,200,ok,0,steady
1791233142.9011512,kiemthugialap082@gmail.com,GET,/orders/me,4.487,200,ok,0,steady
1791233142.941438,kiemthugialap023@gmail.com,GET,/orders/me,9.83,200,ok,0,steady
1791233142.9424381,kiemthugialap094@gmail.com,GET,/orders/me,11.24,200,ok,0,steady
1791233142.94273,kiemthugialap081@gmail.com,GET,/orders/me,12.724,200,ok,0,steady
1791233142.9429984,kiemthugialap006@gmail.com,GET,/orders/me,10.189,200,ok,0,steady
1791233142.9448833,kiemthugialap047@gmail.com,GET,/orders/me,3.26,200,ok,0,steady
1791233142.949667,kiemthugialap011@gmail.com,GET,/concerts?on_sale=true,4.304,200,ok,0,steady
1791233142.9508495,kiemthugialap097@gmail.com,GET,/orders/me,5.846,200,ok,0,steady
1791233142.9683497,kiemthugialap051@gmail.com,GET,/orders/me,4.965,200,ok,0,steady
1791233142.9848752,kiemthugialap042@gmail.com,GET,/concerts?on_sale=true,4.096,200,ok,0,steady
1791233142.9852426,kiemthugialap060@gmail.com,GET,/concerts,5.043,200,ok,0,steady
1791233143.0201344,kiemthugialap062@gmail.com,GET,/orders/me,5.082,200,ok,0,steady
1791233143.053139,kiemthugialap089@gmail.com,GET,/orders/me,4.439,200,ok,0,steady
1791233143.0719702,kiemthugialap027@gmail.com,GET,/orders/me,6.03,200,ok,0,steady
1791233143.072986,kiemthugialap069@gmail.com,GET,/orders/me,7.93,200,ok,0,steady
1791233143.0751083,kiemthugialap010@gmail.com,GET,/orders/me,2.985,200,ok,0,steady
1791233143.0873969,kiemthugialap046@gmail.com,GET,/concerts?on_sale=true,5.722,200,ok,0,steady
1791233143.0878837,kiemthugialap072@gmail.com,GET,/concerts?on_sale=true,5.384,200,ok,0,steady
1791233143.1178567,kiemthugialap004@gmail.com,GET,/concerts,3.221,200,ok,0,steady
1791233143.1395147,kiemthugialap091@gmail.com,GET,/orders/me,7.745,200,ok,0,steady
1791233143.1399593,kiemthugialap039@gmail.com,GET,/orders/me,7.938,200,ok,0,steady
1791233143.1403453,kiemthugialap056@gmail.com,GET,/orders/me,9.756,200,ok,0,steady
1791233143.1902213,kiemthugialap066@gmail.com,GET,/orders/me,7.253,200,ok,0,steady
1791233143.2055004,kiemthugialap024@gmail.com,GET,/orders/me,7.529,200,ok,0,steady
1791233143.2060003,kiemthugialap025@gmail.com,GET,/orders/me,7.303,200,ok,0,steady
1791233143.2190769,kiemthugialap079@gmail.com,GET,/concerts/{id},5.529,200,ok,0,steady
1791233143.2521417,kiemthugialap052@gmail.com,GET,/concerts,3.814,200,ok,0,steady
1791233143.269915,kiemthugialap040@gmail.com,GET,/orders/me,5.0,200,ok,0,steady
1791233143.2872343,kiemthugialap050@gmail.com,GET,/concerts,5.435,200,ok,0,steady
1791233143.2885625,kiemthugialap075@gmail.com,GET,/orders/me,5.816,200,ok,0,steady
1791233143.2929678,kiemthugialap038@gmail.com,GET,/concerts/{id},5.286,200,ok,0,steady
1791233143.2945187,kiemthugialap041@gmail.com,GET,/orders/me,7.144,200,ok,0,steady
1791233143.2948663,kiemthugialap008@gmail.com,GET,/orders/me,6.174,200,ok,0,steady
1791233143.3238204,kiemthugialap007@gmail.com,GET,/concerts/{id},9.041,200,ok,0,steady
1791233143.3244004,kiemthugialap029@gmail.com,GET,/concerts?on_sale=true,8.482,200,ok,0,steady
1791233143.3261259,kiemthugialap099@gmail.com,GET,/orders/me,10.558,200,ok,0,steady
1791233143.3266153,kiemthugialap045@gmail.com,GET,/orders/me,9.24,200,ok,0,steady
1791233143.3374608,kiemthugialap037@gmail.com,GET,/orders/me,6.829,200,ok,0,steady
1791233143.3378797,kiemthugialap074@gmail.com,GET,/orders/me,6.232,200,ok,0,steady
1791233143.3536713,kiemthugialap014@gmail.com,GET,/orders/me,7.274,200,ok,0,steady
1791233143.3568325,kiemthugialap009@gmail.com,GET,/concerts?on_sale=true,2.921,200,ok,0,steady
1791233143.3689842,kiemthugialap031@gmail.com,GET,/orders/me,5.105,200,ok,0,steady
1791233143.3722384,kiemthugialap034@gmail.com,GET,/orders/me,3.066,200,ok,0,steady
1791233143.3742611,kiemthugialap084@gmail.com,GET,/concerts,1.891,200,ok,0,steady
1791233143.386278,kiemthugialap020@gmail.com,GET,/orders/me,4.645,200,ok,0,steady
1791233143.4358525,kiemthugialap088@gmail.com,GET,/orders/me,4.576,200,ok,0,steady
1791233143.470058,kiemthugialap049@gmail.com,GET,/concerts?on_sale=true,5.463,200,ok,0,steady
1791233143.4704885,kiemthugialap100@gmail.com,GET,/concerts/{id},6.569,200,ok,0,steady
1791233143.5045836,kiemthugialap053@gmail.com,GET,/orders/me,6.526,200,ok,0,steady
1791233143.539148,kiemthugialap047@gmail.com,GET,/concerts/{id},6.535,200,ok,0,steady
1791233143.5411544,kiemthugialap076@gmail.com,GET,/orders/me,7.377,200,ok,0,steady
1791233143.5416203,kiemthugialap059@gmail.com,GET,/orders/me,10.12,200,ok,0,steady
1791233143.5514138,kiemthugialap081@gmail.com,GET,/orders/me,4.263,200,ok,0,steady
1791233143.572183,kiemthugialap090@gmail.com,GET,/concerts?on_sale=true,8.346,200,ok,0,steady
1791233143.5726323,kiemthugialap026@gmail.com,GET,/orders/me,7.665,200,ok,0,steady
1791233143.5729687,kiemthugialap033@gmail.com,GET,/orders/me,7.613,200,ok,0,steady
1791233143.6018586,kiemthugialap011@gmail.com,GET,/concerts,4.134,200,ok,0,steady
1791233143.639487,kiemthugialap080@gmail.com,GET,/orders/me,7.627,200,ok,0,steady
1791233143.6399603,kiemthugialap010@gmail.com,GET,/orders/me,7.334,200,ok,0,steady
1791233143.655367,kiemthugialap098@gmail.com,GET,/orders/me,6.654,200,ok,0,steady
1791233143.656014,kiemthugialap065@gmail.com,GET,/orders/me,6.929,200,ok,0,steady
1791233143.6899786,kiemthugialap044@gmail.com,GET,/concerts/{id},6.943,200,ok,0,steady
1791233143.6923635,kiemthugialap063@gmail.com,GET,/orders/me,10.465,200,ok,0,steady
1791233143.6931264,kiemthugialap097@gmail.com,GET,/orders/me,8.721,200,ok,0,steady
1791233143.69513,kiemthugialap055@gmail.com,GET,/concerts,4.964,200,ok,0,steady
1791233143.6985838,kiemthugialap016@gmail.com,GET,/concerts?on_sale=true,5.317,200,ok,0,steady
1791233143.7030616,kiemthugialap042@gmail.com,GET,/orders/me,9.462,200,ok,0,steady
1791233143.7038088,kiemthugialap068@gmail.com,GET,/orders/me,8.538,200,ok,0,steady
1791233143.7041428,kiemthugialap089@gmail.com,GET,/concerts/{id},5.401,200,ok,0,steady
1791233143.7187588,kiemthugialap086@gmail.com,GET,/concerts?on_sale=true,4.055,200,ok,0,steady
1791233143.7363307,kiemthugialap062@gmail.com,GET,/orders/me,4.945,200,ok,0,steady
1791233143.7542138,kiemthugialap066@gmail.com,GET,/orders/me,5.43,200,ok,0,steady
1791233143.7592175,kiemthugialap018@gmail.com,GET,/orders/me,4.809,200,ok,0,steady
1791233143.7629952,kiemthugialap072@gmail.com,GET,/orders/me,3.529,200,ok,0,steady
1791233143.8016808,kiemthugialap027@gmail.com,GET,/orders/me,4.605,200,ok,0,steady
1791233143.8038979,kiemthugialap028@gmail.com,GET,/concerts/{id},2.077,200,ok,0,steady
1791233143.8365993,kiemthugialap078@gmail.com,GET,/orders/me,5.871,200,ok,0,steady
1791233143.8683543,kiemthugialap039@gmail.com,GET,/orders/me,20.022,200,ok,0,steady
1791233143.868868,kiemthugialap079@gmail.com,GET,/orders/me,19.669,200,ok,0,steady
1791233143.9041147,kiemthugialap023@gmail.com,GET,/concerts/{id},7.132,200,ok,0,steady
1791233143.9052398,kiemthugialap073@gmail.com,GET,/orders/me,7.41,200,ok,0,steady
1791233143.9662087,kiemthugialap007@gmail.com,GET,/orders/me,35.28,200,ok,0,steady
1791233143.9668083,kiemthugialap093@gmail.com,GET,/orders/me,34.873,200,ok,0,steady
1791233143.9672687,kiemthugialap012@gmail.com,GET,/orders/me,35.836,200,ok,0,steady
1791233143.9716516,kiemthugialap054@gmail.com,GET,/orders/me,39.331,200,ok,0,steady
1791233143.9766943,kiemthugialap096@gmail.com,GET,/concerts/{id},13.139,200,ok,0,steady
1791233143.9792747,kiemthugialap095@gmail.com,GET,/orders/me,31.442,200,ok,0,steady
1791233143.9830203,kiemthugialap043@gmail.com,GET,/orders/me,11.146,200,ok,0,steady
1791233143.9858541,kiemthugialap082@gmail.com,GET,/concerts,7.466,200,ok,0,steady
1791233143.9864907,kiemthugialap052@gmail.com,GET,/orders/me,22.27,200,ok,0,steady
1791233143.9868662,kiemthugialap057@gmail.com,GET,/orders/me,19.446,200,ok,0,steady
1791233144.021951,kiemthugialap041@gmail.com,GET,/orders/me,7.357,200,ok,0,steady
1791233144.0234365,kiemthugialap071@gmail.com,GET,/orders/me,9.866,200,ok,0,steady
1791233144.0237434,kiemthugialap048@gmail.com,GET,/orders/me,8.316,200,ok,0,steady
1791233144.0265589,kiemthugialap085@gmail.com,GET,/orders/me,4.024,200,ok,0,steady
1791233144.026883,kiemthugialap015@gmail.com,GET,/orders/me,4.736,200,ok,0,steady
1791233144.0546434,kiemthugialap002@gmail.com,GET,/orders/me,7.911,200,ok,0,steady
1791233144.0556483,kiemthugialap021@gmail.com,GET,/orders/me,7.835,200,ok,0,steady
1791233144.0570002,kiemthugialap067@gmail.com,GET,/concerts?on_sale=true,2.189,200,ok,0,steady
1791233144.0848174,kiemthugialap083@gmail.com,GET,/concerts/{id},4.291,200,ok,0,steady
1791233144.1021893,kiemthugialap022@gmail.com,GET,/concerts,5.305,200,ok,0,steady
1791233144.1025972,kiemthugialap094@gmail.com,GET,/concerts?on_sale=true,4.569,200,ok,0,steady
1791233144.1210444,kiemthugialap090@gmail.com,GET,/concerts,4.799,200,ok,0,steady
1791233144.1214278,kiemthugialap092@gmail.com,GET,/concerts,7.217,200,ok,0,steady
1791233144.1225905,kiemthugialap038@gmail.com,GET,/orders/me,7.251,200,ok,0,steady
1791233144.1377418,kiemthugialap019@gmail.com,GET,/orders/me,6.193,200,ok,0,steady
1791233144.152399,kiemthugialap031@gmail.com,GET,/concerts/{id},4.346,200,ok,0,steady
1791233144.1720273,kiemthugialap064@gmail.com,GET,/concerts/{id},7.244,200,ok,0,steady
1791233144.1737027,kiemthugialap034@gmail.com,GET,/orders/me,7.794,200,ok,0,steady
1791233144.1746798,kiemthugialap061@gmail.com,GET,/orders/me,9.03,200,ok,0,steady
1791233144.1886451,kiemthugialap058@gmail.com,GET,/orders/me,8.282,200,ok,0,steady
1791233144.1925435,kiemthugialap001@gmail.com,GET,/orders/me,3.662,200,ok,0,steady
1791233144.1946697,kiemthugialap003@gmail.com,GET,/concerts,2.001,200,ok,0,steady
1791233144.2202766,kiemthugialap026@gmail.com,GET,/orders/me,5.256,200,ok,0,steady
1791233144.2234397,kiemthugialap076@gmail.com,GET,/orders/me,2.999,200,ok,0,steady
1791233144.2359376,kiemthugialap081@gmail.com,GET,/orders/me,4.475,200,ok,0,steady
1791233144.2384534,kiemthugialap087@gmail.com,GET,/concerts?on_sale=true,2.372,200,ok,0,steady
1791233144.2530253,kiemthugialap077@gmail.com,GET,/orders/me,5.046,200,ok,0,steady
1791233144.2884939,kiemthugialap088@gmail.com,GET,/orders/me,7.282,200,ok,0,steady
1791233144.3277693,kiemthugialap066@gmail.com,GET,/orders/me,11.696,200,ok,0,steady
1791233144.3292415,kiemthugialap036@gmail.com,GET,/orders/me,11.803,200,ok,0,steady
1791233144.3295517,kiemthugialap055@gmail.com,GET,/orders/me,14.967,200,ok,0,steady
1791233144.3298619,kiemthugialap006@gmail.com,GET,/orders/me,12.172,200,ok,0,steady
1791233144.330299,kiemthugialap070@gmail.com,GET,/orders/me,14.557,200,ok,0,steady
1791233144.3503397,kiemthugialap042@gmail.com,GET,/concerts,22.04,200,ok,0,steady
1791233144.3507342,kiemthugialap030@gmail.com,GET,/orders/me,22.804,200,ok,0,steady
1791233144.352192,kiemthugialap099@gmail.com,GET,/orders/me,21.757,200,ok,0,steady
1791233144.3533256,kiemthugialap017@gmail.com,GET,/concerts,5.039,200,ok,0,steady
1791233144.3867924,kiemthugialap009@gmail.com,GET,/orders/me,4.995,200,ok,0,steady
1791233144.454874,kiemthugialap005@gmail.com,GET,/concerts,22.57,200,ok,0,steady
1791233144.4553401,kiemthugialap014@gmail.com,GET,/concerts,23.782,200,ok,0,steady
1791233144.4573934,kiemthugialap065@gmail.com,GET,/orders/me,24.761,200,ok,0,steady
1791233144.4582233,kiemthugialap035@gmail.com,GET,/orders/me,9.774,200,ok,0,steady
1791233144.4586446,kiemthugialap100@gmail.com,GET,/orders/me,9.19,200,ok,0,steady
1791233144.4858158,kiemthugialap053@gmail.com,GET,/concerts?on_sale=true,3.899,200,ok,0,steady
1791233144.5197697,kiemthugialap018@gmail.com,GET,/orders/me,4.809,200,ok,0,steady
1791233144.5542943,kiemthugialap095@gmail.com,GET,/concerts?on_sale=true,5.8,200,ok,0,steady
1791233144.5552843,kiemthugialap008@gmail.com,GET,/orders/me,5.096,200,ok,0,steady
1791233144.5717666,kiemthugialap013@gmail.com,GET,/orders/me,6.531,200,ok,0,steady
1791233144.572213,kiemthugialap098@gmail.com,GET,/orders/me,5.535,200,ok,0,steady
1791233144.6082933,kiemthugialap037@gmail.com,GET,/orders/me,9.79,200,ok,0,steady
1791233144.6088607,kiemthugialap041@gmail.com,GET,/orders/me,9.476,200,ok,0,steady
1791233144.609191,kiemthugialap028@gmail.com,GET,/orders/me,8.554,200,ok,0,steady
1791233144.639245,kiemthugialap084@gmail.com,GET,/orders/me,7.501,200,ok,0,steady
1791233144.6683114,kiemthugialap032@gmail.com,GET,/concerts,3.665,200,ok,0,steady
1791233144.6865852,kiemthugialap046@gmail.com,GET,/concerts?on_sale=true,4.776,200,ok,0,steady
1791233144.7525911,kiemthugialap097@gmail.com,GET,/orders/me,4.574,200,ok,0,steady
1791233144.757577,kiemthugialap011@gmail.com,GET,/concerts,4.729,200,ok,0,steady
1791233144.7590313,kiemthugialap062@gmail.com,GET,/orders/me,5.888,200,ok,0,steady
1791233144.7593586,kiemthugialap025@gmail.com,GET,/orders/me,5.604,200,ok,0,steady
1791233144.7859807,kiemthugialap015@gmail.com,GET,/concerts,4.052,200,ok,0,steady
1791233144.8085322,kiemthugialap031@gmail.com,GET,/orders/me,7.863,200,ok,0,steady
1791233144.8093781,kiemthugialap052@gmail.com,GET,/orders/me,10.901,200,ok,0,steady
1791233144.8097098,kiemthugialap026@gmail.com,GET,/orders/me,10.101,200,ok,0,steady
1791233144.810001,kiemthugialap079@gmail.com,GET,/orders/me,10.766,200,ok,0,steady
1791233144.8508675,kiemthugialap051@gmail.com,GET,/concerts,4.081,200,ok,0,steady
1791233144.8570635,kiemthugialap069@gmail.com,GET,/orders/me,5.696,200,ok,0,steady
1791233144.8575587,kiemthugialap060@gmail.com,GET,/orders/me,6.547,200,ok,0,steady
1791233144.870912,kiemthugialap040@gmail.com,GET,/orders/me,5.507,200,ok,0,steady
1791233144.87553,kiemthugialap059@gmail.com,GET,/orders/me,4.342,200,ok,0,steady
1791233144.8873158,kiemthugialap010@gmail.com,GET,/orders/me,6.909,200,ok,0,steady
1791233144.921541,kiemthugialap073@gmail.com,GET,/orders/me,6.504,200,ok,0,steady
1791233144.9223886,kiemthugialap089@gmail.com,GET,/orders/me,5.982,200,ok,0,steady
1791233144.9243586,kiemthugialap081@gmail.com,GET,/orders/me,2.682,200,ok,0,steady
1791233144.93957,kiemthugialap024@gmail.com,GET,/concerts/{id},8.286,200,ok,0,steady
1791233144.9408443,kiemthugialap023@gmail.com,GET,/concerts?on_sale=true,8.423,200,ok,0,steady
1791233144.9415977,kiemthugialap094@gmail.com,GET,/orders/me,8.739,200,ok,0,steady
1791233144.943125,kiemthugialap044@gmail.com,GET,/concerts,3.344,200,ok,0,steady
1791233144.9697204,kiemthugialap068@gmail.com,GET,/orders/me,4.552,200,ok,0,steady
1791233144.9726923,kiemthugialap004@gmail.com,GET,/orders/me,2.837,200,ok,0,steady
1791233144.987747,kiemthugialap091@gmail.com,GET,/concerts/{id},4.853,200,ok,0,steady
1791233144.9887118,kiemthugialap080@gmail.com,GET,/orders/me,7.17,200,ok,0,steady
1791233145.0183287,kiemthugialap030@gmail.com,GET,/concerts?on_sale=true,4.776,200,ok,0,steady
1791233145.025243,kiemthugialap033@gmail.com,GET,/orders/me,6.692,200,ok,0,steady
1791233145.0264292,kiemthugialap045@gmail.com,GET,/orders/me,7.269,200,ok,0,steady
1791233145.0280144,kiemthugialap020@gmail.com,GET,/concerts/{id},2.549,200,ok,0,steady
1791233145.0524662,kiemthugialap065@gmail.com,GET,/concerts/{id},5.391,200,ok,0,steady
1791233145.0754056,kiemthugialap027@gmail.com,GET,/concerts?on_sale=true,11.697,200,ok,0,steady
1791233145.0767276,kiemthugialap049@gmail.com,GET,/orders/me,13.585,200,ok,0,steady
1791233145.0777519,kiemthugialap096@gmail.com,GET,/orders/me,13.182,200,ok,0,steady
1791233145.0808225,kiemthugialap074@gmail.com,GET,/orders/me,3.93,200,ok,0,steady
1791233145.1107924,kiemthugialap016@gmail.com,GET,/orders/me,11.349,200,ok,0,steady
1791233145.1120937,kiemthugialap056@gmail.com,GET,/orders/me,15.351,200,ok,0,steady
1791233145.112454,kiemthugialap088@gmail.com,GET,/orders/me,14.777,200,ok,0,steady
1791233145.116158,kiemthugialap043@gmail.com,GET,/orders/me,5.148,200,ok,0,steady
1791233145.1200447,kiemthugialap098@gmail.com,GET,/orders/me,3.709,200,ok,0,steady
1791233145.1527555,kiemthugialap082@gmail.com,GET,/concerts,5.459,200,ok,0,steady
1791233145.1609173,kiemthugialap055@gmail.com,GET,/orders/me,7.786,200,ok,0,steady
1791233145.16153,kiemthugialap029@gmail.com,GET,/orders/me,7.392,200,ok,0,steady
1791233145.1881251,kiemthugialap054@gmail.com,GET,/orders/me,7.41,200,ok,0,steady
1791233145.20386,kiemthugialap039@gmail.com,GET,/orders/me,6.245,200,ok,0,steady
1791233145.2523315,kiemthugialap021@gmail.com,GET,/concerts,4.026,200,ok,0,steady
1791233145.2703729,kiemthugialap075@gmail.com,GET,/orders/me,4.629,200,ok,0,steady
1791233145.2857845,kiemthugialap036@gmail.com,GET,/concerts/{id},3.834,200,ok,0,steady
1791233145.3048224,kiemthugialap058@gmail.com,GET,/orders/me,6.086,200,ok,0,steady
1791233145.3052726,kiemthugialap050@gmail.com,GET,/orders/me,8.0,200,ok,0,steady
1791233145.3712587,kiemthugialap035@gmail.com,GET,/orders/me,6.366,200,ok,0,steady
1791233145.4030347,kiemthugialap076@gmail.com,GET,/concerts,4.307,200,ok,0,steady
1791233145.4040728,kiemthugialap084@gmail.com,GET,/orders/me,6.356,200,ok,0,steady
1791233145.439784,kiemthugialap018@gmail.com,GET,/concerts/{id},6.322,200,ok,0,steady
1791233145.4412534,kiemthugialap071@gmail.com,GET,/orders/me,8.273,200,ok,0,steady
1791233145.4423091,kiemthugialap034@gmail.com,GET,/orders/me,10.317,200,ok,0,steady
1791233145.4436283,kiemthugialap047@gmail.com,GET,/concerts,2.226,200,ok,0,steady
1791233145.471621,kiemthugialap022@gmail.com,GET,/concerts,5.957,200,ok,0,steady
1791233145.4729133,kiemthugialap052@gmail.com,GET,/concerts,6.192,200,ok,0,steady
1791233145.474923,kiemthugialap099@gmail.com,GET,/concerts/{id},3.119,200,ok,0,steady
1791233145.5025983,kiemthugialap009@gmail.com,GET,/orders/me,5.398,200,ok,0,steady
1791233145.519639,kiemthugialap086@gmail.com,GET,/orders/me,4.959,200,ok,0,steady
1791233145.522495,kiemthugialap067@gmail.com,GET,/orders/me,2.711,200,ok,0,steady
1791233145.5352235,kiemthugialap057@gmail.com,GET,/concerts,4.019,200,ok,0,steady
1791233145.5531402,kiemthugialap005@gmail.com,GET,/orders/me,4.677,200,ok,0,steady
1791233145.5705693,kiemthugialap001@gmail.com,GET,/orders/me,5.646,200,ok,0,steady
1791233145.5729353,kiemthugialap063@gmail.com,GET,/concerts?on_sale=true,2.093,200,ok,0,steady
1791233145.5893245,kiemthugialap030@gmail.com,GET,/orders/me,6.958,200,ok,0,steady
1791233145.5904772,kiemthugialap094@gmail.com,GET,/orders/me,6.728,200,ok,0,steady
1791233145.5930839,kiemthugialap017@gmail.com,GET,/orders/me,3.574,200,ok,0,steady
1791233145.621144,kiemthugialap012@gmail.com,GET,/concerts,6.261,200,ok,0,steady
1791233145.6218994,kiemthugialap073@gmail.com,GET,/orders/me,8.07,200,ok,0,steady
1791233145.6224668,kiemthugialap059@gmail.com,GET,/orders/me,7.298,200,ok,0,steady
1791233145.6344733,kiemthugialap072@gmail.com,GET,/concerts,3.592,200,ok,0,steady
1791233145.7143452,kiemthugialap062@gmail.com,GET,/orders/me,26.051,200,ok,0,steady
1791233145.7150197,kiemthugialap061@gmail.com,GET,/orders/me,12.547,200,ok,0,steady
1791233145.7162874,kiemthugialap085@gmail.com,GET,/orders/me,14.39,200,ok,0,steady
1791233145.7176647,kiemthugialap028@gmail.com,GET,/orders/me,31.108,200,ok,0,steady
1791233145.718972,kiemthugialap069@gmail.com,GET,/orders/me,30.311,200,ok,0,steady
1791233145.7194295,kiemthugialap038@gmail.com,GET,/orders/me,31.56,200,ok,0,steady
1791233145.7457669,kiemthugialap095@gmail.com,GET,/orders/me,9.737,200,ok,0,steady
1791233145.7462199,kiemthugialap003@gmail.com,GET,/concerts?on_sale=true,9.178,200,ok,0,steady
1791233145.7476716,kiemthugialap002@gmail.com,GET,/orders/me,10.329,200,ok,0,steady
1791233145.7481563,kiemthugialap041@gmail.com,GET,/orders/me,9.811,200,ok,0,steady
1791233145.779547,kiemthugialap048@gmail.com,GET,/concerts,5.391,200,ok,0,steady
1791233145.780694,kiemthugialap078@gmail.com,GET,/orders/me,7.91,200,ok,0,steady
1791233145.8138924,kiemthugialap065@gmail.com,GET,/concerts?on_sale=true,7.195,200,ok,0,steady
1791233145.8151903,kiemthugialap097@gmail.com,GET,/orders/me,7.256,200,ok,0,steady
1791233145.845991,kiemthugialap004@gmail.com,GET,/orders/me,6.072,200,ok,0,steady
1791233145.846333,kiemthugialap008@gmail.com,GET,/orders/me,5.65,200,ok,0,steady
1791233145.8602026,kiemthugialap006@gmail.com,GET,/orders/me,4.044,200,ok,0,steady
1791233145.8812814,kiemthugialap026@gmail.com,GET,/orders/me,7.292,200,ok,0,steady
1791233145.8822982,kiemthugialap066@gmail.com,GET,/orders/me,7.366,200,ok,0,steady
1791233145.8826613,kiemthugialap093@gmail.com,GET,/orders/me,9.789,200,ok,0,steady
1791233145.8845901,kiemthugialap082@gmail.com,GET,/orders/me,3.124,200,ok,0,steady
1791233145.9109359,kiemthugialap007@gmail.com,GET,/orders/me,5.231,200,ok,0,steady
1791233145.9285126,kiemthugialap070@gmail.com,GET,/concerts/{id},5.558,200,ok,0,steady
1791233145.9294434,kiemthugialap081@gmail.com,GET,/concerts/{id},5.138,200,ok,0,steady
1791233145.9321733,kiemthugialap088@gmail.com,GET,/orders/me,3.492,200,ok,0,steady
1791233145.9482105,kiemthugialap092@gmail.com,GET,/orders/me,8.701,200,ok,0,steady
1791233145.9535542,kiemthugialap077@gmail.com,GET,/orders/me,5.013,200,ok,0,steady
1791233145.9565344,kiemthugialap056@gmail.com,GET,/concerts?on_sale=true,2.834,200,ok,0,steady
1791233145.9780123,kiemthugialap015@gmail.com,GET,/concerts/{id},5.119,200,ok,0,steady
1791233145.9790282,kiemthugialap090@gmail.com,GET,/orders/me,5.321,200,ok,0,steady
1791233145.9933786,kiemthugialap099@gmail.com,GET,/orders/me,4.269,200,ok,0,steady
1791233146.0330968,kiemthugialap087@gmail.com,GET,/orders/me,5.038,200,ok,0,steady
1791233146.036169,kiemthugialap064@gmail.com,GET,/orders/me,2.9,200,ok,0,steady
1791233146.0477147,kiemthugialap039@gmail.com,GET,/concerts,7.407,200,ok,0,steady
1791233146.0484593,kiemthugialap083@gmail.com,GET,/orders/me,8.803,200,ok,0,steady
1791233146.049037,kiemthugialap019@gmail.com,GET,/orders/me,8.288,200,ok,0,steady
1791233146.0964277,kiemthugialap022@gmail.com,GET,/orders/me,6.315,200,ok,0,steady
1791233146.166631,kiemthugialap021@gmail.com,GET,/orders/me,8.916,200,ok,0,steady
1791233146.167794,kiemthugialap094@gmail.com,GET,/concerts/{id},8.698,200,ok,0,steady
1791233146.1682303,kiemthugialap032@gmail.com,GET,/orders/me,11.83,200,ok,0,steady
1791233146.1702814,kiemthugialap014@gmail.com,GET,/orders/me,3.478,200,ok,0,steady
1791233146.2102637,kiemthugialap042@gmail.com,GET,/concerts?on_sale=true,18.292,200,ok,0,steady
1791233146.2116814,kiemthugialap045@gmail.com,GET,/orders/me,18.326,200,ok,0,steady
1791233146.212203,kiemthugialap044@gmail.com,GET,/orders/me,19.243,200,ok,0,steady
1791233146.215012,kiemthugialap011@gmail.com,GET,/orders/me,10.621,200,ok,0,steady
1791233146.2485242,kiemthugialap016@gmail.com,GET,/concerts/{id},8.414,200,ok,0,steady
1791233146.25076,kiemthugialap053@gmail.com,GET,/orders/me,11.498,200,ok,0,steady
1791233146.2544122,kiemthugialap049@gmail.com,GET,/concerts/{id},3.479,200,ok,0,steady
1791233146.2781963,kiemthugialap052@gmail.com,GET,/orders/me,5.806,200,ok,0,steady
1791233146.3104694,kiemthugialap091@gmail.com,GET,/concerts?on_sale=true,4.443,200,ok,0,steady
1791233146.328559,kiemthugialap058@gmail.com,GET,/orders/me,6.993,200,ok,0,steady
1791233146.3663087,kiemthugialap078@gmail.com,GET,/concerts/{id},8.737,200,ok,0,steady
1791233146.3686886,kiemthugialap033@gmail.com,GET,/orders/me,10.784,200,ok,0,steady
1791233146.3705041,kiemthugialap084@gmail.com,GET,/orders/me,12.234,200,ok,0,steady
1791233146.370909,kiemthugialap089@gmail.com,GET,/orders/me,14.125,200,ok,0,steady
1791233146.3773537,kiemthugialap069@gmail.com,GET,/orders/me,7.965,200,ok,0,steady
1791233146.3780499,kiemthugialap055@gmail.com,GET,/orders/me,9.198,200,ok,0,steady
1791233146.378545,kiemthugialap013@gmail.com,GET,/orders/me,7.505,200,ok,0,steady
1791233146.3948035,kiemthugialap059@gmail.com,GET,/orders/me,5.045,200,ok,0,steady
1791233146.4101403,kiemthugialap100@gmail.com,GET,/orders/me,4.469,200,ok,0,steady
1791233146.4268692,kiemthugialap025@gmail.com,GET,/orders/me,4.988,200,ok,0,steady
1791233146.4472647,kiemthugialap079@gmail.com,GET,/concerts?on_sale=true,6.224,200,ok,0,steady
1791233146.448701,kiemthugialap070@gmail.com,GET,/orders/me,8.685,200,ok,0,steady
1791233146.449527,kiemthugialap027@gmail.com,GET,/orders/me,7.889,200,ok,0,steady
1791233146.4498534,kiemthugialap051@gmail.com,GET,/orders/me,10.731,200,ok,0,steady
1791233146.4764132,kiemthugialap046@gmail.com,GET,/concerts,4.222,200,ok,0,steady
1791233146.4940572,kiemthugialap098@gmail.com,GET,/orders/me,4.94,200,ok,0,steady
1791233146.5119977,kiemthugialap095@gmail.com,GET,/orders/me,5.267,200,ok,0,steady
1791233146.5641289,kiemthugialap090@gmail.com,GET,/orders/me,6.664,200,ok,0,steady
1791233146.5656488,kiemthugialap043@gmail.com,GET,/orders/me,10.136,200,ok,0,steady
1791233146.5671852,kiemthugialap068@gmail.com,GET,/concerts,2.803,200,ok,0,steady
1791233146.5704482,kiemthugialap040@gmail.com,GET,/orders/me,3.117,200,ok,0,steady
1791233146.5784616,kiemthugialap008@gmail.com,GET,/orders/me,5.818,200,ok,0,steady
1791233146.5797446,kiemthugialap020@gmail.com,GET,/orders/me,6.354,200,ok,0,steady
1791233146.5811586,kiemthugialap031@gmail.com,GET,/concerts?on_sale=true,2.492,200,ok,0,steady
1791233146.5930786,kiemthugialap037@gmail.com,GET,/concerts?on_sale=true,4.356,200,ok,0,steady
1791233146.6480877,kiemthugialap015@gmail.com,GET,/orders/me,8.063,200,ok,0,steady
1791233146.6513581,kiemthugialap010@gmail.com,GET,/orders/me,8.858,200,ok,0,steady
1791233146.6519608,kiemthugialap060@gmail.com,GET,/orders/me,9.934,200,ok,0,steady
1791233146.6784112,kiemthugialap077@gmail.com,GET,/concerts,6.114,200,ok,0,steady
1791233146.6788468,kiemthugialap002@gmail.com,GET,/concerts/{id},5.863,200,ok,0,steady
1791233146.693959,kiemthugialap023@gmail.com,GET,/concerts/{id},3.906,200,ok,0,steady
1791233146.714495,kiemthugialap099@gmail.com,GET,/orders/me,7.846,200,ok,0,steady
1791233146.7633362,kiemthugialap096@gmail.com,GET,/orders/me,6.496,200,ok,0,steady
1791233146.779304,kiemthugialap029@gmail.com,GET,/concerts?on_sale=true,6.811,200,ok,0,steady
1791233146.780289,kiemthugialap030@gmail.com,GET,/orders/me,6.476,200,ok,0,steady
1791233146.783703,kiemthugialap048@gmail.com,GET,/orders/me,3.246,200,ok,0,steady
1791233146.793529,kiemthugialap092@gmail.com,GET,/concerts/{id},3.657,200,ok,0,steady
1791233146.827467,kiemthugialap086@gmail.com,GET,/orders/me,4.756,200,ok,0,steady
1791233146.8301497,kiemthugialap080@gmail.com,GET,/concerts/{id},2.483,200,ok,0,steady
1791233146.8612974,kiemthugialap076@gmail.com,GET,/orders/me,4.585,200,ok,0,steady
1791233146.864214,kiemthugialap067@gmail.com,GET,/orders/me,2.779,200,ok,0,steady
1791233146.8668935,kiemthugialap082@gmail.com,GET,/orders/me,2.555,200,ok,0,steady
1791233146.8968005,kiemthugialap032@gmail.com,GET,/orders/me,6.381,200,ok,0,steady
1791233146.8972147,kiemthugialap078@gmail.com,GET,/orders/me,6.1,200,ok,0,steady
1791233146.9138188,kiemthugialap054@gmail.com,GET,/orders/me,6.522,200,ok,0,steady
1791233146.914168,kiemthugialap075@gmail.com,GET,/orders/me,5.891,200,ok,0,steady
1791233146.9288087,kiemthugialap062@gmail.com,GET,/orders/me,4.809,200,ok,0,steady
1791233146.9311156,kiemthugialap024@gmail.com,GET,/concerts?on_sale=true,2.162,200,ok,0,steady
1791233146.93393,kiemthugialap019@gmail.com,GET,/orders/me,2.705,200,ok,0,steady
1791233146.9448051,kiemthugialap050@gmail.com,GET,/concerts/{id},3.459,200,ok,0,steady
1791233146.945134,kiemthugialap074@gmail.com,GET,/concerts?on_sale=true,4.577,200,ok,0,steady
1791233146.9614363,kiemthugialap065@gmail.com,GET,/orders/me,4.739,200,ok,0,steady
1791233146.9781911,kiemthugialap036@gmail.com,GET,/concerts/{id},3.874,200,ok,0,steady
1791233146.9790282,kiemthugialap001@gmail.com,GET,/concerts/{id},5.708,200,ok,0,steady
1791233146.9812543,kiemthugialap072@gmail.com,GET,/orders/me,2.93,200,ok,0,steady
1791233147.0127757,kiemthugialap041@gmail.com,GET,/orders/me,5.805,200,ok,0,steady
1791233147.028,kiemthugialap042@gmail.com,GET,/concerts,4.799,200,ok,0,steady
1791233147.0437279,kiemthugialap061@gmail.com,GET,/concerts/{id},3.815,200,ok,0,steady
1791233147.0606935,kiemthugialap038@gmail.com,GET,/orders/me,4.657,200,ok,0,steady
1791233147.1116352,kiemthugialap051@gmail.com,GET,/orders/me,4.939,200,ok,0,steady
1791233147.1283293,kiemthugialap025@gmail.com,GET,/orders/me,4.736,200,ok,0,steady
1791233147.1439395,kiemthugialap003@gmail.com,GET,/orders/me,4.473,200,ok,0,steady
1791233147.1468992,kiemthugialap085@gmail.com,GET,/orders/me,2.813,200,ok,0,steady
1791233147.1495924,kiemthugialap098@gmail.com,GET,/orders/me,2.587,200,ok,0,steady
1791233147.1844306,kiemthugialap066@gmail.com,GET,/concerts?on_sale=true,11.403,200,ok,0,steady
1791233147.1865866,kiemthugialap012@gmail.com,GET,/concerts?on_sale=true,11.71,200,ok,0,steady
1791233147.1869228,kiemthugialap016@gmail.com,GET,/orders/me,12.983,200,ok,0,steady
1791233147.187268,kiemthugialap015@gmail.com,GET,/orders/me,12.628,200,ok,0,steady
1791233147.1881719,kiemthugialap094@gmail.com,GET,/orders/me,13.846,200,ok,0,steady
1791233147.1933973,kiemthugialap021@gmail.com,GET,/concerts?on_sale=true,5.983,200,ok,0,steady
1791233147.1938558,kiemthugialap018@gmail.com,GET,/orders/me,9.132,200,ok,0,steady
1791233147.1941838,kiemthugialap063@gmail.com,GET,/orders/me,8.842,200,ok,0,steady
1791233147.1976082,kiemthugialap035@gmail.com,GET,/orders/me,3.295,200,ok,0,steady
1791233147.228475,kiemthugialap073@gmail.com,GET,/concerts/{id},6.793,200,ok,0,steady
1791233147.2296753,kiemthugialap026@gmail.com,GET,/orders/me,6.786,200,ok,0,steady
1791233147.232198,kiemthugialap071@gmail.com,GET,/orders/me,3.53,200,ok,0,steady
1791233147.2617009,kiemthugialap039@gmail.com,GET,/concerts?on_sale=true,6.651,200,ok,0,steady
1791233147.280252,kiemthugialap049@gmail.com,GET,/orders/me,6.722,200,ok,0,steady
1791233147.2806733,kiemthugialap093@gmail.com,GET,/orders/me,8.078,200,ok,0,steady
1791233147.3168933,kiemthugialap047@gmail.com,GET,/orders/me,10.297,200,ok,0,steady
1791233147.3173094,kiemthugialap091@gmail.com,GET,/orders/me,8.08,200,ok,0,steady
1791233147.317594,kiemthugialap037@gmail.com,GET,/orders/me,9.474,200,ok,0,steady
1791233147.3178577,kiemthugialap011@gmail.com,GET,/orders/me,10.111,200,ok,0,steady
1791233147.3464692,kiemthugialap009@gmail.com,GET,/orders/me,7.785,200,ok,0,steady
1791233147.3485541,kiemthugialap087@gmail.com,GET,/orders/me,8.903,200,ok,0,steady
1791233147.3522577,kiemthugialap017@gmail.com,GET,/orders/me,5.038,200,ok,0,steady
1791233147.352607,kiemthugialap057@gmail.com,GET,/orders/me,5.912,200,ok,0,steady
1791233147.3767867,kiemthugialap052@gmail.com,GET,/concerts?on_sale=true,4.307,200,ok,0,steady
1791233147.382204,kiemthugialap005@gmail.com,GET,/concerts?on_sale=true,4.246,200,ok,0,steady
1791233147.383289,kiemthugialap044@gmail.com,GET,/orders/me,6.239,200,ok,0,steady
1791233147.432558,kiemthugialap034@gmail.com,GET,/orders/me,8.995,200,ok,0,steady
1791233147.4629934,kiemthugialap097@gmail.com,GET,/concerts?on_sale=true,7.639,200,ok,0,steady
1791233147.464094,kiemthugialap067@gmail.com,GET,/orders/me,7.67,200,ok,0,steady
1791233147.4784987,kiemthugialap065@gmail.com,GET,/orders/me,6.792,200,ok,0,steady
1791233147.4833426,kiemthugialap083@gmail.com,GET,/concerts/{id},4.515,200,ok,0,steady
1791233147.510258,kiemthugialap058@gmail.com,GET,/orders/me,5.262,200,ok,0,steady
1791233147.527127,kiemthugialap056@gmail.com,GET,/orders/me,5.108,200,ok,0,steady
1791233147.543274,kiemthugialap081@gmail.com,GET,/orders/me,4.802,200,ok,0,steady
1791233147.6307194,kiemthugialap022@gmail.com,GET,/orders/me,8.484,200,ok,0,steady
1791233147.6314154,kiemthugialap055@gmail.com,GET,/orders/me,8.025,200,ok,0,steady
1791233147.6630306,kiemthugialap096@gmail.com,GET,/orders/me,7.812,200,ok,0,steady
1791233147.6642566,kiemthugialap014@gmail.com,GET,/orders/me,8.278,200,ok,0,steady
1791233147.6661139,kiemthugialap069@gmail.com,GET,/concerts/{id},2.874,200,ok,0,steady
1791233147.667854,kiemthugialap053@gmail.com,GET,/orders/me,3.462,200,ok,0,steady
1791233147.699432,kiemthugialap028@gmail.com,GET,/orders/me,7.201,200,ok,0,steady
1791233147.6998618,kiemthugialap025@gmail.com,GET,/orders/me,7.394,200,ok,0,steady
1791233147.700167,kiemthugialap036@gmail.com,GET,/orders/me,9.304,200,ok,0,steady
1791233147.7635653,kiemthugialap006@gmail.com,GET,/orders/me,5.818,200,ok,0,steady
1791233147.7640193,kiemthugialap012@gmail.com,GET,/orders/me,7.521,200,ok,0,steady
1791233147.777715,kiemthugialap075@gmail.com,GET,/concerts?on_sale=true,4.21,200,ok,0,steady
1791233147.796117,kiemthugialap088@gmail.com,GET,/orders/me,6.048,200,ok,0,steady
1791233147.7965138,kiemthugialap064@gmail.com,GET,/orders/me,5.399,200,ok,0,steady
1791233147.8124974,kiemthugialap008@gmail.com,GET,/concerts,4.618,200,ok,0,steady
1791233147.813821,kiemthugialap007@gmail.com,GET,/orders/me,6.76,200,ok,0,steady
1791233147.8318949,kiemthugialap026@gmail.com,GET,/orders/me,6.775,200,ok,0,steady
1791233147.832558,kiemthugialap004@gmail.com,GET,/orders/me,8.361,200,ok,0,steady
1791233147.8748283,kiemthugialap001@gmail.com,GET,/concerts?on_sale=true,16.578,200,ok,0,steady
1791233147.8778315,kiemthugialap002@gmail.com,GET,/orders/me,21.182,200,ok,0,steady
1791233147.879917,kiemthugialap024@gmail.com,GET,/orders/me,22.082,200,ok,0,steady
1791233147.883666,kiemthugialap090@gmail.com,GET,/orders/me,11.097,200,ok,0,steady
1791233147.8841062,kiemthugialap059@gmail.com,GET,/orders/me,9.147,200,ok,0,steady
1791233147.8852584,kiemthugialap043@gmail.com,GET,/orders/me,5.175,200,ok,0,steady
1791233147.9290538,kiemthugialap098@gmail.com,GET,/concerts,5.236,200,ok,0,steady
1791233147.9294095,kiemthugialap027@gmail.com,GET,/concerts,4.575,200,ok,0,steady
1791233147.9303432,kiemthugialap051@gmail.com,GET,/orders/me,7.716,200,ok,0,steady
1791233147.9453492,kiemthugialap094@gmail.com,GET,/orders/me,4.867,200,ok,0,steady
1791233147.9790862,kiemthugialap013@gmail.com,GET,/concerts,4.591,200,ok,0,steady
1791233147.9801657,kiemthugialap033@gmail.com,GET,/orders/me,6.864,200,ok,0,steady
1791233147.9826288,kiemthugialap019@gmail.com,GET,/orders/me,3.401,200,ok,0,steady
1791233147.9949207,kiemthugialap083@gmail.com,GET,/orders/me,4.904,200,ok,0,steady
1791233147.9975345,kiemthugialap061@gmail.com,GET,/concerts?on_sale=true,2.463,200,ok,0,steady
1791233148.0130675,kiemthugialap077@gmail.com,GET,/orders/me,5.505,200,ok,0,steady
1791233148.0135257,kiemthugialap003@gmail.com,GET,/orders/me,7.513,200,ok,0,steady
1791233148.0165112,kiemthugialap042@gmail.com,GET,/orders/me,2.872,200,ok,0,steady
1791233148.0442216,kiemthugialap082@gmail.com,GET,/orders/me,4.743,200,ok,0,steady
1791233148.0471184,kiemthugialap045@gmail.com,GET,/orders/me,2.765,200,ok,0,steady
1791233148.0613387,kiemthugialap010@gmail.com,GET,/concerts?on_sale=true,4.275,200,ok,0,steady
1791233148.1116595,kiemthugialap040@gmail.com,GET,/orders/me,5.494,200,ok,0,steady
1791233148.1302419,kiemthugialap089@gmail.com,GET,/concerts/{id},7.705,200,ok,0,steady
1791233148.1307592,kiemthugialap023@gmail.com,GET,/concerts?on_sale=true,7.167,200,ok,0,steady
1791233148.1310706,kiemthugialap017@gmail.com,GET,/concerts,6.62,200,ok,0,steady
1791233148.1346345,kiemthugialap041@gmail.com,GET,/orders/me,3.42,200,ok,0,steady
1791233148.164118,kiemthugialap086@gmail.com,GET,/concerts/{id},6.822,200,ok,0,steady
1791233148.1653373,kiemthugialap009@gmail.com,GET,/orders/me,9.542,200,ok,0,steady
1791233148.1656914,kiemthugialap080@gmail.com,GET,/orders/me,8.855,200,ok,0,steady
1791233148.1672916,kiemthugialap062@gmail.com,GET,/orders/me,2.989,200,ok,0,steady
1791233148.1979516,kiemthugialap050@gmail.com,GET,/concerts/{id},7.294,200,ok,0,steady
1791233148.199024,kiemthugialap100@gmail.com,GET,/concerts,5.811,200,ok,0,steady
1791233148.1994812,kiemthugialap048@gmail.com,GET,/orders/me,7.804,200,ok,0,steady
1791233148.201878,kiemthugialap038@gmail.com,GET,/orders/me,3.777,200,ok,0,steady
1791233148.2467515,kiemthugialap072@gmail.com,GET,/orders/me,6.886,200,ok,0,steady
1791233148.2471433,kiemthugialap084@gmail.com,GET,/orders/me,6.283,200,ok,0,steady
1791233148.2619848,kiemthugialap005@gmail.com,GET,/orders/me,5.026,200,ok,0,steady
1791233148.3121326,kiemthugialap031@gmail.com,GET,/orders/me,20.533,200,ok,0,steady
1791233148.3136106,kiemthugialap036@gmail.com,GET,/orders/me,23.135,200,ok,0,steady
1791233148.3161461,kiemthugialap060@gmail.com,GET,/orders/me,3.767,200,ok,0,steady
1791233148.3291361,kiemthugialap063@gmail.com,GET,/concerts,6.433,200,ok,0,steady
1791233148.33105,kiemthugialap047@gmail.com,GET,/concerts?on_sale=true,7.664,200,ok,0,steady
1791233148.334406,kiemthugialap057@gmail.com,GET,/concerts?on_sale=true,4.579,200,ok,0,steady
1791233148.3350706,kiemthugialap095@gmail.com,GET,/orders/me,5.704,200,ok,0,steady
1791233148.3372173,kiemthugialap079@gmail.com,GET,/concerts,2.01,200,ok,0,steady
1791233148.360836,kiemthugialap012@gmail.com,GET,/orders/me,5.435,200,ok,0,steady
1791233148.3777354,kiemthugialap070@gmail.com,GET,/orders/me,5.003,200,ok,0,steady
1791233148.3807883,kiemthugialap055@gmail.com,GET,/orders/me,2.914,200,ok,0,steady
1791233148.3838215,kiemthugialap014@gmail.com,GET,/concerts?on_sale=true,2.623,200,ok,0,steady
1791233148.38416,kiemthugialap032@gmail.com,GET,/concerts,3.263,200,ok,0,steady
1791233148.414175,kiemthugialap011@gmail.com,GET,/concerts/{id},6.293,200,ok,0,steady
1791233148.4148624,kiemthugialap020@gmail.com,GET,/concerts,8.009,200,ok,0,steady
1791233148.4160035,kiemthugialap073@gmail.com,GET,/orders/me,6.598,200,ok,0,steady
1791233148.4278965,kiemthugialap078@gmail.com,GET,/orders/me,4.7,200,ok,0,steady
1791233148.44617,kiemthugialap068@gmail.com,GET,/orders/me,6.43,200,ok,0,steady
1791233148.4466035,kiemthugialap071@gmail.com,GET,/orders/me,6.022,200,ok,0,steady
1791233148.450521,kiemthugialap085@gmail.com,GET,/orders/me,3.79,200,ok,0,steady
1791233148.4514909,kiemthugialap066@gmail.com,GET,/orders/me,4.167,200,ok,0,steady
1791233148.4542305,kiemthugialap094@gmail.com,GET,/orders/me,2.627,200,ok,0,steady
1791233148.4788058,kiemthugialap046@gmail.com,GET,/orders/me,5.83,200,ok,0,steady
1791233148.4792526,kiemthugialap007@gmail.com,GET,/orders/me,6.917,200,ok,0,steady
1791233148.514832,kiemthugialap037@gmail.com,GET,/concerts?on_sale=true,6.133,200,ok,0,steady
1791233148.5164537,kiemthugialap030@gmail.com,GET,/concerts,10.035,200,ok,0,steady
1791233148.5169728,kiemthugialap029@gmail.com,GET,/orders/me,8.726,200,ok,0,steady
1791233148.5473258,kiemthugialap076@gmail.com,GET,/orders/me,8.632,200,ok,0,steady
1791233148.5493603,kiemthugialap067@gmail.com,GET,/orders/me,11.289,200,ok,0,steady
1791233148.56032,kiemthugialap051@gmail.com,GET,/concerts?on_sale=true,5.836,200,ok,0,steady
1791233148.597273,kiemthugialap034@gmail.com,GET,/orders/me,8.149,200,ok,0,steady
1791233148.5977626,kiemthugialap081@gmail.com,GET,/orders/me,7.344,200,ok,0,steady
1791233148.6107445,kiemthugialap059@gmail.com,GET,/orders/me,6.115,200,ok,0,steady
1791233148.6172836,kiemthugialap099@gmail.com,GET,/orders/me,6.265,200,ok,0,steady
1791233148.618382,kiemthugialap090@gmail.com,GET,/orders/me,6.413,200,ok,0,steady
1791233148.6222155,kiemthugialap092@gmail.com,GET,/orders/me,4.726,200,ok,0,steady
1791233148.623747,kiemthugialap028@gmail.com,GET,/orders/me,5.09,200,ok,0,steady
1791233148.6942563,kiemthugialap074@gmail.com,GET,/orders/me,4.863,200,ok,0,steady
1791233148.7774658,kiemthugialap049@gmail.com,GET,/concerts,4.137,200,ok,0,steady
1791233148.7940934,kiemthugialap038@gmail.com,GET,/concerts?on_sale=true,3.902,200,ok,0,steady
1791233148.7963805,kiemthugialap069@gmail.com,GET,/concerts?on_sale=true,2.138,200,ok,0,steady
1791233148.8132288,kiemthugialap064@gmail.com,GET,/orders/me,5.041,200,ok,0,steady
1791233148.814226,kiemthugialap054@gmail.com,GET,/orders/me,7.904,200,ok,0,steady
1791233148.8155773,kiemthugialap096@gmail.com,GET,/concerts/{id},2.162,200,ok,0,steady
1791233148.8274395,kiemthugialap044@gmail.com,GET,/orders/me,4.476,200,ok,0,steady
1791233148.830371,kiemthugialap017@gmail.com,GET,/orders/me,2.794,200,ok,0,steady
1791233148.860172,kiemthugialap093@gmail.com,GET,/concerts,3.848,200,ok,0,steady
1791233148.898033,kiemthugialap091@gmail.com,GET,/concerts?on_sale=true,8.125,200,ok,0,steady
1791233148.899571,kiemthugialap018@gmail.com,GET,/orders/me,8.472,200,ok,0,steady
1791233148.8998709,kiemthugialap022@gmail.com,GET,/orders/me,8.342,200,ok,0,steady
1791233148.902511,kiemthugialap088@gmail.com,GET,/orders/me,4.287,200,ok,0,steady
1791233148.9292517,kiemthugialap052@gmail.com,GET,/concerts?on_sale=true,5.834,200,ok,0,steady
1791233148.930386,kiemthugialap045@gmail.com,GET,/orders/me,5.186,200,ok,0,steady
1791233148.9480493,kiemthugialap061@gmail.com,GET,/concerts,6.507,200,ok,0,steady
1791233148.9501357,kiemthugialap020@gmail.com,GET,/orders/me,8.286,200,ok,0,steady
1791233148.9504669,kiemthugialap082@gmail.com,GET,/orders/me,10.028,200,ok,0,steady
1791233148.994135,kiemthugialap070@gmail.com,GET,/concerts?on_sale=true,3.585,200,ok,0,steady
1791233149.0103564,kiemthugialap016@gmail.com,GET,/concerts,3.751,200,ok,0,steady
1791233149.0134857,kiemthugialap006@gmail.com,GET,/orders/me,2.954,200,ok,0,steady
1791233149.044533,kiemthugialap080@gmail.com,GET,/orders/me,5.523,200,ok,0,steady
1791233149.0492365,kiemthugialap083@gmail.com,GET,/orders/me,4.548,200,ok,0,steady
1791233149.049572,kiemthugialap084@gmail.com,GET,/orders/me,4.579,200,ok,0,steady
1791233149.079588,kiemthugialap039@gmail.com,GET,/concerts?on_sale=true,5.692,200,ok,0,steady
1791233149.0800648,kiemthugialap053@gmail.com,GET,/concerts,6.971,200,ok,0,steady
1791233149.0812342,kiemthugialap071@gmail.com,GET,/orders/me,6.993,200,ok,0,steady
1791233149.0834827,kiemthugialap002@gmail.com,GET,/orders/me,3.267,200,ok,0,steady
1791233149.0954974,kiemthugialap046@gmail.com,GET,/concerts,4.536,200,ok,0,steady
1791233149.0964262,kiemthugialap001@gmail.com,GET,/orders/me,6.542,200,ok,0,steady
1791233149.1178505,kiemthugialap009@gmail.com,GET,/concerts,11.072,200,ok,0,steady
1791233149.1187708,kiemthugialap021@gmail.com,GET,/concerts,10.74,200,ok,0,steady
1791233149.121553,kiemthugialap075@gmail.com,GET,/orders/me,11.308,200,ok,0,steady
1791233149.1219745,kiemthugialap087@gmail.com,GET,/orders/me,12.001,200,ok,0,steady
1791233149.1223876,kiemthugialap100@gmail.com,GET,/orders/me,14.024,200,ok,0,steady
1791233149.1227446,kiemthugialap079@gmail.com,GET,/orders/me,14.182,200,ok,0,steady
1791233149.1447897,kiemthugialap015@gmail.com,GET,/concerts?on_sale=true,5.758,200,ok,0,steady
1791233149.1456275,kiemthugialap031@gmail.com,GET,/orders/me,7.269,200,ok,0,steady
1791233149.1815152,kiemthugialap035@gmail.com,GET,/concerts,7.523,200,ok,0,steady
1791233149.1825495,kiemthugialap004@gmail.com,GET,/concerts,8.164,200,ok,0,steady
1791233149.1843846,kiemthugialap065@gmail.com,GET,/orders/me,11.151,200,ok,0,steady
1791233149.249173,kiemthugialap076@gmail.com,GET,/orders/me,8.444,200,ok,0,steady
1791233149.249861,kiemthugialap067@gmail.com,GET,/orders/me,10.151,200,ok,0,steady
1791233149.2600152,kiemthugialap073@gmail.com,GET,/orders/me,4.953,200,ok,0,steady
1791233149.34573,kiemthugialap041@gmail.com,GET,/orders/me,5.301,200,ok,0,steady
1791233149.3647714,kiemthugialap040@gmail.com,GET,/orders/me,7.456,200,ok,0,steady
1791233149.3659327,kiemthugialap057@gmail.com,GET,/orders/me,7.286,200,ok,0,steady
1791233149.3678522,kiemthugialap003@gmail.com,GET,/orders/me,2.892,200,ok,0,steady
1791233149.3707242,kiemthugialap056@gmail.com,GET,/orders/me,2.76,200,ok,0,steady
1791233149.3954256,kiemthugialap098@gmail.com,GET,/concerts,5.435,200,ok,0,steady
1791233149.3966994,kiemthugialap062@gmail.com,GET,/orders/me,7.658,200,ok,0,steady
1791233149.3989744,kiemthugialap085@gmail.com,GET,/orders/me,3.326,200,ok,0,steady
1791233149.4305663,kiemthugialap078@gmail.com,GET,/orders/me,7.449,200,ok,0,steady
1791233149.4310174,kiemthugialap058@gmail.com,GET,/orders/me,6.683,200,ok,0,steady
1791233149.4446728,kiemthugialap042@gmail.com,GET,/concerts/{id},4.035,200,ok,0,steady
1791233149.461968,kiemthugialap097@gmail.com,GET,/concerts/{id},3.536,200,ok,0,steady
1791233149.4632962,kiemthugialap037@gmail.com,GET,/orders/me,6.248,200,ok,0,steady
1791233149.4646273,kiemthugialap036@gmail.com,GET,/concerts/{id},2.53,200,ok,0,steady
1791233149.4958873,kiemthugialap025@gmail.com,GET,/concerts?on_sale=true,4.477,200,ok,0,steady
1791233149.4973266,kiemthugialap019@gmail.com,GET,/orders/me,6.883,200,ok,0,steady
1791233149.5015025,kiemthugialap027@gmail.com,GET,/orders/me,5.169,200,ok,0,steady
1791233149.501842,kiemthugialap024@gmail.com,GET,/orders/me,5.822,200,ok,0,steady
1791233149.5504024,kiemthugialap082@gmail.com,GET,/orders/me,9.967,200,ok,0,steady
1791233149.5508296,kiemthugialap030@gmail.com,GET,/orders/me,9.367,200,ok,0,steady
1791233149.5511353,kiemthugialap014@gmail.com,GET,/orders/me,8.394,200,ok,0,steady
1791233149.5626702,kiemthugialap032@gmail.com,GET,/orders/me,5.728,200,ok,0,steady
1791233149.5630553,kiemthugialap012@gmail.com,GET,/orders/me,6.926,200,ok,0,steady
1791233149.5966353,kiemthugialap010@gmail.com,GET,/concerts,6.129,200,ok,0,steady
1791233149.5979767,kiemthugialap090@gmail.com,GET,/orders/me,5.729,200,ok,0,steady
1791233149.6116498,kiemthugialap023@gmail.com,GET,/orders/me,5.638,200,ok,0,steady
1791233149.6783457,kiemthugialap089@gmail.com,GET,/orders/me,5.275,200,ok,0,steady
1791233149.6820476,kiemthugialap072@gmail.com,GET,/orders/me,3.545,200,ok,0,steady
1791233149.694578,kiemthugialap086@gmail.com,GET,/orders/me,5.337,200,ok,0,steady
1791233149.7112453,kiemthugialap043@gmail.com,GET,/concerts/{id},6.211,200,ok,0,steady
1791233149.7171793,kiemthugialap018@gmail.com,GET,/concerts,4.594,200,ok,0,steady
1791233149.7184722,kiemthugialap066@gmail.com,GET,/orders/me,6.971,200,ok,0,steady
1791233149.7268314,kiemthugialap026@gmail.com,GET,/orders/me,4.907,200,ok,0,steady
1791233149.7454414,kiemthugialap088@gmail.com,GET,/concerts,5.44,200,ok,0,steady
1791233149.7465131,kiemthugialap048@gmail.com,GET,/orders/me,7.69,200,ok,0,steady
1791233149.7491648,kiemthugialap006@gmail.com,GET,/orders/me,3.536,200,ok,0,steady
1791233149.7812886,kiemthugialap011@gmail.com,GET,/orders/me,9.327,200,ok,0,steady
1791233149.7818303,kiemthugialap087@gmail.com,GET,/orders/me,9.346,200,ok,0,steady
1791233149.7936883,kiemthugialap039@gmail.com,GET,/concerts,5.205,200,ok,0,steady
1791233149.8143194,kiemthugialap008@gmail.com,GET,/concerts/{id},8.499,200,ok,0,steady
1791233149.815336,kiemthugialap059@gmail.com,GET,/orders/me,8.372,200,ok,0,steady
1791233149.8445525,kiemthugialap033@gmail.com,GET,/orders/me,5.802,200,ok,0,steady
1791233149.87765,kiemthugialap095@gmail.com,GET,/orders/me,5.18,200,ok,0,steady
1791233149.893615,kiemthugialap044@gmail.com,GET,/orders/me,4.894,200,ok,0,steady
1791233149.9301047,kiemthugialap013@gmail.com,GET,/orders/me,6.846,200,ok,0,steady
1791233149.9313293,kiemthugialap007@gmail.com,GET,/orders/me,9.17,200,ok,0,steady
1791233149.9328008,kiemthugialap060@gmail.com,GET,/concerts?on_sale=true,2.494,200,ok,0,steady
1791233149.9446716,kiemthugialap091@gmail.com,GET,/orders/me,5.318,200,ok,0,steady
1791233149.948161,kiemthugialap063@gmail.com,GET,/orders/me,3.311,200,ok,0,steady
1791233149.950171,kiemthugialap041@gmail.com,GET,/concerts,1.885,200,ok,0,steady
1791233149.984111,kiemthugialap005@gmail.com,GET,/orders/me,9.333,200,ok,0,steady
1791233149.984544,kiemthugialap094@gmail.com,GET,/orders/me,10.124,200,ok,0,steady
1791233149.9848375,kiemthugialap017@gmail.com,GET,/orders/me,11.28,200,ok,0,steady
1791233149.9851058,kiemthugialap077@gmail.com,GET,/orders/me,10.1,200,ok,0,steady
1791233150.0615478,kiemthugialap050@gmail.com,GET,/orders/me,6.065,200,ok,0,steady
1791233150.1120455,kiemthugialap081@gmail.com,GET,/orders/me,5.271,200,ok,0,steady
1791233150.167926,kiemthugialap010@gmail.com,GET,/orders/me,9.909,200,ok,0,steady
1791233150.169081,kiemthugialap092@gmail.com,GET,/orders/me,9.947,200,ok,0,steady
1791233150.1693919,kiemthugialap100@gmail.com,GET,/orders/me,12.478,200,ok,0,steady
1791233150.1696754,kiemthugialap096@gmail.com,GET,/orders/me,12.07,200,ok,0,steady
1791233150.171154,kiemthugialap052@gmail.com,GET,/orders/me,3.028,200,ok,0,steady
1791233150.2010581,kiemthugialap047@gmail.com,GET,/orders/me,9.952,200,ok,0,steady
1791233150.2030404,kiemthugialap049@gmail.com,GET,/orders/me,14.184,200,ok,0,steady
1791233150.203385,kiemthugialap068@gmail.com,GET,/orders/me,13.622,200,ok,0,steady
1791233150.2056997,kiemthugialap046@gmail.com,GET,/concerts/{id},3.886,200,ok,0,steady
1791233150.206727,kiemthugialap055@gmail.com,GET,/orders/me,5.423,200,ok,0,steady
1791233150.2316895,kiemthugialap069@gmail.com,GET,/orders/me,8.793,200,ok,0,steady
1791233150.2321143,kiemthugialap030@gmail.com,GET,/orders/me,7.143,200,ok,0,steady
1791233150.2324092,kiemthugialap038@gmail.com,GET,/orders/me,8.299,200,ok,0,steady
1791233150.2618284,kiemthugialap073@gmail.com,GET,/orders/me,5.317,200,ok,0,steady
1791233150.3167274,kiemthugialap089@gmail.com,GET,/orders/me,43.129,200,ok,0,steady
1791233150.3189983,kiemthugialap064@gmail.com,GET,/orders/me,9.576,200,ok,0,steady
1791233150.3323317,kiemthugialap099@gmail.com,GET,/orders/me,57.71,200,ok,0,steady
1791233150.334462,kiemthugialap053@gmail.com,GET,/orders/me,25.921,200,ok,0,steady
1791233150.3354878,kiemthugialap074@gmail.com,GET,/orders/me,26.397,200,ok,0,steady
1791233150.3383477,kiemthugialap058@gmail.com,GET,/orders/me,3.701,200,ok,0,steady
1791233150.3470147,kiemthugialap062@gmail.com,GET,/orders/me,8.335,200,ok,0,steady
1791233150.3987987,kiemthugialap097@gmail.com,GET,/orders/me,9.385,200,ok,0,steady
1791233150.3992243,kiemthugialap078@gmail.com,GET,/orders/me,8.196,200,ok,0,steady
1791233150.3995225,kiemthugialap051@gmail.com,GET,/orders/me,8.893,200,ok,0,steady
1791233150.4107368,kiemthugialap033@gmail.com,GET,/orders/me,4.515,200,ok,0,steady
1791233150.4305959,kiemthugialap027@gmail.com,GET,/concerts?on_sale=true,5.705,200,ok,0,steady
1791233150.4323883,kiemthugialap022@gmail.com,GET,/orders/me,9.394,200,ok,0,steady
1791233150.4327877,kiemthugialap008@gmail.com,GET,/orders/me,8.816,200,ok,0,steady
1791233150.4771638,kiemthugialap054@gmail.com,GET,/concerts?on_sale=true,4.083,200,ok,0,steady
1791233150.5180223,kiemthugialap020@gmail.com,GET,/concerts,8.863,200,ok,0,steady
1791233150.518491,kiemthugialap032@gmail.com,GET,/concerts?on_sale=true,9.781,200,ok,0,steady
1791233150.5199294,kiemthugialap041@gmail.com,GET,/orders/me,11.605,200,ok,0,steady
1791233150.5210698,kiemthugialap095@gmail.com,GET,/orders/me,13.177,200,ok,0,steady
1791233150.5214303,kiemthugialap029@gmail.com,GET,/orders/me,14.857,200,ok,0,steady
1791233150.5240085,kiemthugialap034@gmail.com,GET,/orders/me,3.935,200,ok,0,steady
1791233150.5612407,kiemthugialap015@gmail.com,GET,/concerts/{id},4.787,200,ok,0,steady
1791233150.5623245,kiemthugialap028@gmail.com,GET,/orders/me,6.451,200,ok,0,steady
1791233150.577936,kiemthugialap075@gmail.com,GET,/orders/me,5.425,200,ok,0,steady
1791233150.5802772,kiemthugialap024@gmail.com,GET,/concerts/{id},2.176,200,ok,0,steady
1791233150.5942428,kiemthugialap084@gmail.com,GET,/orders/me,4.771,200,ok,0,steady
1791233150.6113713,kiemthugialap002@gmail.com,GET,/orders/me,5.025,200,ok,0,steady
1791233150.6452503,kiemthugialap083@gmail.com,GET,/concerts/{id},5.132,200,ok,0,steady
1791233150.6464925,kiemthugialap011@gmail.com,GET,/orders/me,4.677,200,ok,0,steady
1791233150.6622667,kiemthugialap071@gmail.com,GET,/orders/me,4.963,200,ok,0,steady
1791233150.698805,kiemthugialap025@gmail.com,GET,/orders/me,9.192,200,ok,0,steady
1791233150.6999881,kiemthugialap079@gmail.com,GET,/orders/me,9.634,200,ok,0,steady
1791233150.700299,kiemthugialap067@gmail.com,GET,/orders/me,8.705,200,ok,0,steady
1791233150.7019436,kiemthugialap096@gmail.com,GET,/orders/me,2.932,200,ok,0,steady
1791233150.7312243,kiemthugialap061@gmail.com,GET,/orders/me,6.372,200,ok,0,steady
1791233150.7325199,kiemthugialap057@gmail.com,GET,/orders/me,8.426,200,ok,0,steady
1791233150.734047,kiemthugialap093@gmail.com,GET,/concerts?on_sale=true,2.596,200,ok,0,steady
1791233150.7628646,kiemthugialap085@gmail.com,GET,/orders/me,4.958,200,ok,0,steady
1791233150.7633007,kiemthugialap016@gmail.com,GET,/orders/me,7.118,200,ok,0,steady
1791233150.8326185,kiemthugialap010@gmail.com,GET,/concerts?on_sale=true,8.147,200,ok,0,steady
1791233150.8343341,kiemthugialap076@gmail.com,GET,/orders/me,10.933,200,ok,0,steady
1791233150.8346887,kiemthugialap056@gmail.com,GET,/orders/me,8.684,200,ok,0,steady
1791233150.8375125,kiemthugialap030@gmail.com,GET,/concerts,4.304,200,ok,0,steady
1791233150.8388233,kiemthugialap088@gmail.com,GET,/orders/me,6.016,200,ok,0,steady
1791233150.8592312,kiemthugialap070@gmail.com,GET,/orders/me,21.565,200,ok,0,steady
1791233150.8602214,kiemthugialap059@gmail.com,GET,/orders/me,22.266,200,ok,0,steady
1791233150.8975987,kiemthugialap021@gmail.com,GET,/orders/me,8.844,200,ok,0,steady
1791233150.8981438,kiemthugialap099@gmail.com,GET,/orders/me,8.249,200,ok,0,steady
1791233150.9136136,kiemthugialap065@gmail.com,GET,/orders/me,7.17,200,ok,0,steady
1791233150.9147265,kiemthugialap081@gmail.com,GET,/orders/me,9.412,200,ok,0,steady
1791233150.91638,kiemthugialap045@gmail.com,GET,/concerts?on_sale=true,2.597,200,ok,0,steady
1791233150.9202728,kiemthugialap080@gmail.com,GET,/orders/me,3.732,200,ok,0,steady
1791233150.9782088,kiemthugialap097@gmail.com,GET,/concerts/{id},6.275,200,ok,0,steady
1791233150.9792194,kiemthugialap001@gmail.com,GET,/orders/me,6.488,200,ok,0,steady
1791233150.9937053,kiemthugialap098@gmail.com,GET,/orders/me,5.157,200,ok,0,steady
1791233150.9973335,kiemthugialap022@gmail.com,GET,/orders/me,3.396,200,ok,0,steady
1791233151.0306518,kiemthugialap023@gmail.com,GET,/concerts?on_sale=true,6.316,200,ok,0,steady
1791233151.0322466,kiemthugialap009@gmail.com,GET,/orders/me,10.078,200,ok,0,steady
1791233151.0346894,kiemthugialap031@gmail.com,GET,/orders/me,3.736,200,ok,0,steady
1791233151.0442595,kiemthugialap007@gmail.com,GET,/orders/me,4.711,200,ok,0,steady
1791233151.0609148,kiemthugialap013@gmail.com,GET,/orders/me,3.732,200,ok,0,steady
1791233151.0999427,kiemthugialap004@gmail.com,GET,/orders/me,7.157,200,ok,0,steady
1791233151.1009357,kiemthugialap062@gmail.com,GET,/orders/me,10.857,200,ok,0,steady
1791233151.101241,kiemthugialap058@gmail.com,GET,/orders/me,10.186,200,ok,0,steady
1791233151.1029508,kiemthugialap041@gmail.com,GET,/orders/me,2.824,200,ok,0,steady
1791233151.128312,kiemthugialap049@gmail.com,GET,/concerts/{id},4.894,200,ok,0,steady
1791233151.1296625,kiemthugialap029@gmail.com,GET,/orders/me,7.676,200,ok,0,steady
1791233151.1441624,kiemthugialap018@gmail.com,GET,/concerts/{id},4.983,200,ok,0,steady
1791233151.1451964,kiemthugialap078@gmail.com,GET,/concerts,5.556,200,ok,0,steady
1791233151.1487465,kiemthugialap035@gmail.com,GET,/orders/me,4.408,200,ok,0,steady
1791233151.1490898,kiemthugialap089@gmail.com,GET,/concerts?on_sale=true,3.719,200,ok,0,steady
1791233151.163153,kiemthugialap048@gmail.com,GET,/orders/me,6.927,200,ok,0,steady
1791233151.1970885,kiemthugialap003@gmail.com,GET,/concerts,5.976,200,ok,0,steady
1791233151.1975014,kiemthugialap086@gmail.com,GET,/concerts,5.901,200,ok,0,steady
1791233151.197781,kiemthugialap040@gmail.com,GET,/concerts,5.863,200,ok,0,steady
1791233151.2003398,kiemthugialap050@gmail.com,GET,/concerts?on_sale=true,2.449,200,ok,0,steady
1791233151.2112784,kiemthugialap051@gmail.com,GET,/orders/me,4.786,200,ok,0,steady
1791233151.214695,kiemthugialap073@gmail.com,GET,/orders/me,3.211,200,ok,0,steady
1791233151.2272308,kiemthugialap094@gmail.com,GET,/concerts?on_sale=true,4.595,200,ok,0,steady
1791233151.2605798,kiemthugialap055@gmail.com,GET,/concerts/{id},4.03,200,ok,0,steady
1791233151.3120873,kiemthugialap043@gmail.com,GET,/orders/me,4.697,200,ok,0,steady
1791233151.3125308,kiemthugialap034@gmail.com,GET,/orders/me,6.647,200,ok,0,steady
1791233151.3610916,kiemthugialap044@gmail.com,GET,/orders/me,4.693,200,ok,0,steady
1791233151.3641183,kiemthugialap033@gmail.com,GET,/orders/me,2.886,200,ok,0,steady
1791233151.38139,kiemthugialap066@gmail.com,GET,/orders/me,7.036,200,ok,0,steady
1791233151.4088435,kiemthugialap014@gmail.com,GET,/concerts/{id},26.465,200,ok,0,steady
1791233151.409865,kiemthugialap037@gmail.com,GET,/orders/me,36.882,200,ok,0,steady
1791233151.4129303,kiemthugialap032@gmail.com,GET,/orders/me,31.364,200,ok,0,steady
1791233151.4141045,kiemthugialap082@gmail.com,GET,/orders/me,7.749,200,ok,0,steady
1791233151.4272547,kiemthugialap042@gmail.com,GET,/concerts?on_sale=true,3.832,200,ok,0,steady
1791233151.4466205,kiemthugialap072@gmail.com,GET,/concerts/{id},5.085,200,ok,0,steady
1791233151.447958,kiemthugialap087@gmail.com,GET,/orders/me,7.422,200,ok,0,steady
1791233151.451495,kiemthugialap036@gmail.com,GET,/orders/me,3.405,200,ok,0,steady
1791233151.4618125,kiemthugialap071@gmail.com,GET,/orders/me,4.562,200,ok,0,steady
1791233151.4824905,kiemthugialap026@gmail.com,GET,/concerts/{id},8.769,200,ok,0,steady
1791233151.484167,kiemthugialap019@gmail.com,GET,/concerts?on_sale=true,8.639,200,ok,0,steady
1791233151.4870005,kiemthugialap021@gmail.com,GET,/orders/me,11.799,200,ok,0,steady
1791233151.4878352,kiemthugialap068@gmail.com,GET,/orders/me,13.055,200,ok,0,steady
1791233151.488923,kiemthugialap092@gmail.com,GET,/orders/me,6.191,200,ok,0,steady
1791233151.5287528,kiemthugialap012@gmail.com,GET,/concerts/{id},3.408,200,ok,0,steady
1791233151.529142,kiemthugialap090@gmail.com,GET,/concerts/{id},5.269,200,ok,0,steady
1791233151.5444074,kiemthugialap047@gmail.com,GET,/concerts/{id},4.438,200,ok,0,steady
1791233151.5634952,kiemthugialap096@gmail.com,GET,/orders/me,5.821,200,ok,0,steady
1791233151.563905,kiemthugialap088@gmail.com,GET,/orders/me,7.044,200,ok,0,steady
1791233151.5794075,kiemthugialap060@gmail.com,GET,/orders/me,5.576,200,ok,0,steady
1791233151.6288188,kiemthugialap053@gmail.com,GET,/concerts,4.797,200,ok,0,steady
1791233151.6298995,kiemthugialap023@gmail.com,GET,/orders/me,6.748,200,ok,0,steady
1791233151.6324039,kiemthugialap039@gmail.com,GET,/orders/me,3.432,200,ok,0,steady
1791233151.6452892,kiemthugialap038@gmail.com,GET,/concerts?on_sale=true,4.787,200,ok,0,steady
1791233151.646347,kiemthugialap046@gmail.com,GET,/orders/me,6.686,200,ok,0,steady
1791233151.663283,kiemthugialap079@gmail.com,GET,/concerts/{id},6.582,200,ok,0,steady
1791233151.6638646,kiemthugialap017@gmail.com,GET,/concerts/{id},5.342,200,ok,0,steady
1791233151.6652722,kiemthugialap006@gmail.com,GET,/orders/me,7.752,200,ok,0,steady
1791233151.6784465,kiemthugialap081@gmail.com,GET,/concerts?on_sale=true,4.521,200,ok,0,steady
1791233151.678914,kiemthugialap005@gmail.com,GET,/concerts,5.868,200,ok,0,steady
1791233151.7149074,kiemthugialap069@gmail.com,GET,/orders/me,6.003,200,ok,0,steady
1791233151.7154663,kiemthugialap067@gmail.com,GET,/orders/me,8.637,200,ok,0,steady
1791233151.71584,kiemthugialap045@gmail.com,GET,/orders/me,8.011,200,ok,0,steady
1791233151.7454395,kiemthugialap030@gmail.com,GET,/orders/me,5.524,200,ok,0,steady
1791233151.7670734,kiemthugialap015@gmail.com,GET,/orders/me,8.992,200,ok,0,steady
1791233151.7691092,kiemthugialap077@gmail.com,GET,/orders/me,12.424,200,ok,0,steady
1791233151.7727673,kiemthugialap083@gmail.com,GET,/orders/me,5.424,200,ok,0,steady
1791233151.7973151,kiemthugialap063@gmail.com,GET,/orders/me,6.672,200,ok,0,steady
1791233151.8340352,kiemthugialap024@gmail.com,GET,/concerts,8.964,200,ok,0,steady
1791233151.8359797,kiemthugialap008@gmail.com,GET,/orders/me,12.299,200,ok,0,steady
1791233151.8366108,kiemthugialap007@gmail.com,GET,/orders/me,10.945,200,ok,0,steady
1791233151.8393407,kiemthugialap034@gmail.com,GET,/orders/me,5.103,200,ok,0,steady
1791233151.8980277,kiemthugialap022@gmail.com,GET,/concerts,8.893,200,ok,0,steady
1791233151.8992827,kiemthugialap062@gmail.com,GET,/orders/me,9.093,200,ok,0,steady
1791233151.9110675,kiemthugialap020@gmail.com,GET,/orders/me,5.868,200,ok,0,steady
1791233151.9148245,kiemthugialap098@gmail.com,GET,/orders/me,3.572,200,ok,0,steady
1791233151.9525182,kiemthugialap093@gmail.com,GET,/concerts?on_sale=true,12.278,200,ok,0,steady
1791233151.9534805,kiemthugialap027@gmail.com,GET,/concerts,12.386,200,ok,0,steady
1791233151.956341,kiemthugialap028@gmail.com,GET,/orders/me,15.721,200,ok,0,steady
1791233151.9567306,kiemthugialap070@gmail.com,GET,/orders/me,17.853,200,ok,0,steady
1791233151.9571543,kiemthugialap091@gmail.com,GET,/orders/me,14.025,200,ok,0,steady
1791233151.9609904,kiemthugialap002@gmail.com,GET,/orders/me,8.29,200,ok,0,steady
1791233151.9990249,kiemthugialap059@gmail.com,GET,/orders/me,9.784,200,ok,0,steady
1791233152.0036948,kiemthugialap052@gmail.com,GET,/concerts/{id},4.345,200,ok,0,steady
1791233152.0461864,kiemthugialap100@gmail.com,GET,/orders/me,7.416,200,ok,0,steady
1791233152.0786812,kiemthugialap064@gmail.com,GET,/orders/me,6.624,200,ok,0,steady
1791233152.145767,kiemthugialap084@gmail.com,GET,/orders/me,6.836,200,ok,0,steady
1791233152.1603541,kiemthugialap010@gmail.com,GET,/orders/me,5.151,200,ok,0,steady
1791233152.1643865,kiemthugialap047@gmail.com,GET,/orders/me,3.86,200,ok,0,steady
1791233152.1822376,kiemthugialap074@gmail.com,GET,/orders/me,8.708,200,ok,0,steady
1791233152.1831234,kiemthugialap095@gmail.com,GET,/orders/me,10.838,200,ok,0,steady
1791233152.2141116,kiemthugialap061@gmail.com,GET,/orders/me,7.986,200,ok,0,steady
1791233152.2207305,kiemthugialap017@gmail.com,GET,/orders/me,6.333,200,ok,0,steady
1791233152.2443469,kiemthugialap054@gmail.com,GET,/concerts?on_sale=true,5.529,200,ok,0,steady
1791233152.2778566,kiemthugialap038@gmail.com,GET,/concerts/{id},4.711,200,ok,0,steady
1791233152.278818,kiemthugialap060@gmail.com,GET,/orders/me,6.561,200,ok,0,steady
1791233152.311817,kiemthugialap044@gmail.com,GET,/orders/me,6.591,200,ok,0,steady
1791233152.3467443,kiemthugialap006@gmail.com,GET,/orders/me,6.812,200,ok,0,steady
1791233152.3472216,kiemthugialap043@gmail.com,GET,/orders/me,8.073,200,ok,0,steady
1791233152.3781474,kiemthugialap094@gmail.com,GET,/concerts/{id},5.123,200,ok,0,steady
1791233152.3794744,kiemthugialap035@gmail.com,GET,/concerts/{id},7.28,200,ok,0,steady
1791233152.38216,kiemthugialap099@gmail.com,GET,/orders/me,3.787,200,ok,0,steady
1791233152.3989565,kiemthugialap029@gmail.com,GET,/concerts,9.438,200,ok,0,steady
1791233152.4011948,kiemthugialap066@gmail.com,GET,/concerts?on_sale=true,11.332,200,ok,0,steady
1791233152.4018354,kiemthugialap057@gmail.com,GET,/orders/me,13.372,200,ok,0,steady
1791233152.406519,kiemthugialap037@gmail.com,GET,/orders/me,7.266,200,ok,0,steady
1791233152.4071548,kiemthugialap004@gmail.com,GET,/orders/me,7.243,200,ok,0,steady
1791233152.4298706,kiemthugialap086@gmail.com,GET,/concerts?on_sale=true,6.718,200,ok,0,steady
1791233152.447602,kiemthugialap078@gmail.com,GET,/orders/me,8.884,200,ok,0,steady
1791233152.5105965,kiemthugialap065@gmail.com,GET,/orders/me,5.329,200,ok,0,steady
1791233152.5308516,kiemthugialap014@gmail.com,GET,/concerts/{id},6.37,200,ok,0,steady
1791233152.5313444,kiemthugialap015@gmail.com,GET,/concerts,7.174,200,ok,0,steady
1791233152.5327058,kiemthugialap076@gmail.com,GET,/orders/me,9.888,200,ok,0,steady
1791233152.5330637,kiemthugialap089@gmail.com,GET,/orders/me,9.264,200,ok,0,steady
1791233152.5660772,kiemthugialap025@gmail.com,GET,/concerts,10.632,200,ok,0,steady
1791233152.5678706,kiemthugialap075@gmail.com,GET,/orders/me,10.085,200,ok,0,steady
1791233152.5682378,kiemthugialap012@gmail.com,GET,/orders/me,11.819,200,ok,0,steady
1791233152.568561,kiemthugialap011@gmail.com,GET,/orders/me,11.153,200,ok,0,steady
1791233152.5969253,kiemthugialap022@gmail.com,GET,/concerts?on_sale=true,8.071,200,ok,0,steady
1791233152.614951,kiemthugialap033@gmail.com,GET,/orders/me,9.608,200,ok,0,steady
1791233152.6154308,kiemthugialap096@gmail.com,GET,/orders/me,9.184,200,ok,0,steady
1791233152.644704,kiemthugialap019@gmail.com,GET,/orders/me,5.21,200,ok,0,steady
1791233152.68347,kiemthugialap023@gmail.com,GET,/orders/me,11.93,200,ok,0,steady
1791233152.6862671,kiemthugialap085@gmail.com,GET,/orders/me,10.391,200,ok,0,steady
1791233152.6866868,kiemthugialap087@gmail.com,GET,/orders/me,14.092,200,ok,0,steady
1791233152.6872997,kiemthugialap073@gmail.com,GET,/orders/me,14.257,200,ok,0,steady
1791233152.6901326,kiemthugialap031@gmail.com,GET,/orders/me,6.502,200,ok,0,steady
1791233152.711623,kiemthugialap016@gmail.com,GET,/concerts?on_sale=true,6.227,200,ok,0,steady
1791233152.7124598,kiemthugialap051@gmail.com,GET,/orders/me,6.205,200,ok,0,steady
1791233152.7255442,kiemthugialap083@gmail.com,GET,/concerts/{id},3.695,200,ok,0,steady
1791233152.7440746,kiemthugialap092@gmail.com,GET,/orders/me,5.357,200,ok,0,steady
1791233152.7599566,kiemthugialap049@gmail.com,GET,/concerts?on_sale=true,4.488,200,ok,0,steady
1791233152.810251,kiemthugialap097@gmail.com,GET,/concerts,20.682,200,ok,0,steady
1791233152.813032,kiemthugialap018@gmail.com,GET,/orders/me,22.596,200,ok,0,steady
1791233152.8162537,kiemthugialap068@gmail.com,GET,/orders/me,10.545,200,ok,0,steady
1791233152.8166976,kiemthugialap056@gmail.com,GET,/orders/me,10.411,200,ok,0,steady
1791233152.8171632,kiemthugialap013@gmail.com,GET,/orders/me,6.778,200,ok,0,steady
1791233152.8478825,kiemthugialap069@gmail.com,GET,/orders/me,7.386,200,ok,0,steady
1791233152.85204,kiemthugialap071@gmail.com,GET,/orders/me,3.905,200,ok,0,steady
1791233152.8578532,kiemthugialap001@gmail.com,GET,/orders/me,5.626,200,ok,0,steady
1791233152.8585234,kiemthugialap062@gmail.com,GET,/orders/me,6.006,200,ok,0,steady
1791233152.883304,kiemthugialap088@gmail.com,GET,/orders/me,10.921,200,ok,0,steady
1791233152.8838143,kiemthugialap009@gmail.com,GET,/orders/me,10.626,200,ok,0,steady
1791233152.889505,kiemthugialap080@gmail.com,GET,/orders/me,5.5,200,ok,0,steady
1791233152.9137545,kiemthugialap041@gmail.com,GET,/concerts/{id},7.421,200,ok,0,steady
1791233152.9160845,kiemthugialap050@gmail.com,GET,/orders/me,9.027,200,ok,0,steady
1791233152.920685,kiemthugialap074@gmail.com,GET,/orders/me,6.692,200,ok,0,steady
1791233152.9505267,kiemthugialap055@gmail.com,GET,/orders/me,11.0,200,ok,0,steady
1791233152.9513526,kiemthugialap034@gmail.com,GET,/orders/me,10.926,200,ok,0,steady
1791233152.9517832,kiemthugialap040@gmail.com,GET,/orders/me,12.986,200,ok,0,steady
1791233152.9519966,kiemthugialap003@gmail.com,GET,/orders/me,11.95,200,ok,0,steady
1791233152.9575818,kiemthugialap030@gmail.com,GET,/orders/me,5.404,200,ok,0,steady
1791233152.9944892,kiemthugialap032@gmail.com,GET,/concerts/{id},5.267,200,ok,0,steady
1791233152.9957185,kiemthugialap079@gmail.com,GET,/orders/me,5.619,200,ok,0,steady
1791233152.9978235,kiemthugialap028@gmail.com,GET,/orders/me,3.193,200,ok,0,steady
1791233153.0287645,kiemthugialap048@gmail.com,GET,/concerts,6.712,200,ok,0,steady
1791233153.0291436,kiemthugialap084@gmail.com,GET,/concerts/{id},6.221,200,ok,0,steady
1791233153.0294275,kiemthugialap026@gmail.com,GET,/concerts?on_sale=true,5.829,200,ok,0,steady
1791233153.045697,kiemthugialap021@gmail.com,GET,/orders/me,7.112,200,ok,0,steady
1791233153.0462089,kiemthugialap095@gmail.com,GET,/orders/me,7.207,200,ok,0,steady
1791233153.062197,kiemthugialap042@gmail.com,GET,/concerts/{id},4.96,200,ok,0,steady
1791233153.0637946,kiemthugialap010@gmail.com,GET,/orders/me,7.479,200,ok,0,steady
1791233153.0641694,kiemthugialap063@gmail.com,GET,/orders/me,8.678,200,ok,0,steady
1791233153.0669827,kiemthugialap029@gmail.com,GET,/concerts?on_sale=true,2.67,200,ok,0,steady
1791233153.0778618,kiemthugialap011@gmail.com,GET,/orders/me,5.438,200,ok,0,steady
1791233153.0815794,kiemthugialap091@gmail.com,GET,/orders/me,3.516,200,ok,0,steady
1791233153.0946999,kiemthugialap020@gmail.com,GET,/concerts?on_sale=true,4.78,200,ok,0,steady
1791233153.0955024,kiemthugialap058@gmail.com,GET,/orders/me,6.408,200,ok,0,steady
1791233153.110899,kiemthugialap008@gmail.com,GET,/concerts/{id},4.115,200,ok,0,steady
1791233153.1112747,kiemthugialap036@gmail.com,GET,/concerts,5.243,200,ok,0,steady
1791233153.1260078,kiemthugialap002@gmail.com,GET,/concerts?on_sale=true,4.025,200,ok,0,steady
1791233153.1616895,kiemthugialap019@gmail.com,GET,/orders/me,6.002,200,ok,0,steady
1791233153.1690428,kiemthugialap059@gmail.com,GET,/orders/me,5.239,200,ok,0,steady
1791233153.178088,kiemthugialap037@gmail.com,GET,/orders/me,5.737,200,ok,0,steady
1791233153.1940994,kiemthugialap077@gmail.com,GET,/concerts,4.635,200,ok,0,steady
1791233153.1952124,kiemthugialap006@gmail.com,GET,/orders/me,7.022,200,ok,0,steady
1791233153.227711,kiemthugialap052@gmail.com,GET,/concerts,5.463,200,ok,0,steady
1791233153.2286563,kiemthugialap086@gmail.com,GET,/orders/me,5.595,200,ok,0,steady
1791233153.2646773,kiemthugialap099@gmail.com,GET,/orders/me,7.827,200,ok,0,steady
1791233153.265189,kiemthugialap027@gmail.com,GET,/orders/me,9.081,200,ok,0,steady
1791233153.2785494,kiemthugialap067@gmail.com,GET,/orders/me,6.12,200,ok,0,steady
1791233153.293688,kiemthugialap070@gmail.com,GET,/concerts,4.764,200,ok,0,steady
1791233153.314813,kiemthugialap090@gmail.com,GET,/concerts,8.767,200,ok,0,steady
1791233153.3167624,kiemthugialap060@gmail.com,GET,/orders/me,9.877,200,ok,0,steady
1791233153.3171372,kiemthugialap023@gmail.com,GET,/orders/me,9.938,200,ok,0,steady
1791233153.319231,kiemthugialap004@gmail.com,GET,/orders/me,4.226,200,ok,0,steady
1791233153.349605,kiemthugialap072@gmail.com,GET,/concerts?on_sale=true,9.114,200,ok,0,steady
1791233153.351875,kiemthugialap017@gmail.com,GET,/orders/me,12.625,200,ok,0,steady
1791233153.3522182,kiemthugialap033@gmail.com,GET,/orders/me,12.152,200,ok,0,steady
1791233153.3550575,kiemthugialap094@gmail.com,GET,/concerts/{id},4.539,200,ok,0,steady
1791233153.3580441,kiemthugialap039@gmail.com,GET,/orders/me,8.138,200,ok,0,steady
1791233153.3603942,kiemthugialap098@gmail.com,GET,/orders/me,8.011,200,ok,0,steady
1791233153.361746,kiemthugialap015@gmail.com,GET,/orders/me,6.52,200,ok,0,steady
1791233153.3640797,kiemthugialap046@gmail.com,GET,/orders/me,3.508,200,ok,0,steady
1791233153.3771992,kiemthugialap018@gmail.com,GET,/concerts,3.877,200,ok,0,steady
1791233153.3781576,kiemthugialap092@gmail.com,GET,/orders/me,5.757,200,ok,0,steady
1791233153.395003,kiemthugialap013@gmail.com,GET,/concerts?on_sale=true,5.071,200,ok,0,steady
1791233153.3980196,kiemthugialap089@gmail.com,GET,/concerts?on_sale=true,2.779,200,ok,0,steady
1791233153.4101412,kiemthugialap038@gmail.com,GET,/orders/me,4.831,200,ok,0,steady
1791233153.4286313,kiemthugialap082@gmail.com,GET,/orders/me,6.093,200,ok,0,steady
1791233153.4289722,kiemthugialap014@gmail.com,GET,/orders/me,5.434,200,ok,0,steady
1791233153.4653654,kiemthugialap061@gmail.com,GET,/orders/me,9.735,200,ok,0,steady
1791233153.4657822,kiemthugialap045@gmail.com,GET,/orders/me,9.17,200,ok,0,steady
1791233153.4660876,kiemthugialap081@gmail.com,GET,/orders/me,7.78,200,ok,0,steady
1791233153.4767742,kiemthugialap034@gmail.com,GET,/orders/me,4.728,200,ok,0,steady
1791233153.4802322,kiemthugialap053@gmail.com,GET,/orders/me,3.301,200,ok,0,steady
1791233153.512004,kiemthugialap005@gmail.com,GET,/concerts/{id},4.302,200,ok,0,steady
1791233153.5131342,kiemthugialap065@gmail.com,GET,/orders/me,6.368,200,ok,0,steady
1791233153.544813,kiemthugialap088@gmail.com,GET,/concerts,6.448,200,ok,0,steady
1791233153.5452464,kiemthugialap007@gmail.com,GET,/concerts/{id},5.454,200,ok,0,steady
1791233153.5966592,kiemthugialap003@gmail.com,GET,/orders/me,6.281,200,ok,0,steady
1791233153.5970664,kiemthugialap096@gmail.com,GET,/orders/me,6.042,200,ok,0,steady
1791233153.6291645,kiemthugialap097@gmail.com,GET,/orders/me,5.13,200,ok,0,steady
1791233153.6445425,kiemthugialap064@gmail.com,GET,/orders/me,4.978,200,ok,0,steady
1791233153.6606638,kiemthugialap022@gmail.com,GET,/concerts,3.988,200,ok,0,steady
1791233153.6958463,kiemthugialap076@gmail.com,GET,/orders/me,5.295,200,ok,0,steady
1791233153.7455976,kiemthugialap024@gmail.com,GET,/concerts,4.936,200,ok,0,steady
1791233153.7459571,kiemthugialap036@gmail.com,GET,/concerts,4.354,200,ok,0,steady
1791233153.778164,kiemthugialap028@gmail.com,GET,/orders/me,4.869,200,ok,0,steady
1791233153.7958148,kiemthugialap047@gmail.com,GET,/concerts?on_sale=true,5.485,200,ok,0,steady
1791233153.7971046,kiemthugialap050@gmail.com,GET,/orders/me,5.768,200,ok,0,steady
1791233153.7995605,kiemthugialap058@gmail.com,GET,/orders/me,3.612,200,ok,0,steady
1791233153.843353,kiemthugialap068@gmail.com,GET,/concerts,19.426,200,ok,0,steady
1791233153.8452861,kiemthugialap044@gmail.com,GET,/orders/me,19.538,200,ok,0,steady
1791233153.8458762,kiemthugialap093@gmail.com,GET,/orders/me,20.553,200,ok,0,steady
1791233153.8621995,kiemthugialap040@gmail.com,GET,/orders/me,6.192,200,ok,0,steady
1791233153.9145513,kiemthugialap025@gmail.com,GET,/orders/me,7.215,200,ok,0,steady
1791233153.9149601,kiemthugialap092@gmail.com,GET,/orders/me,6.788,200,ok,0,steady
1791233153.9650505,kiemthugialap063@gmail.com,GET,/concerts/{id},6.222,200,ok,0,steady
1791233153.9659948,kiemthugialap087@gmail.com,GET,/orders/me,8.692,200,ok,0,steady
1791233153.9665082,kiemthugialap067@gmail.com,GET,/orders/me,8.129,200,ok,0,steady
1791233153.9938946,kiemthugialap062@gmail.com,GET,/concerts?on_sale=true,4.381,200,ok,0,steady
1791233153.994433,kiemthugialap077@gmail.com,GET,/concerts,5.977,200,ok,0,steady
1791233153.9980457,kiemthugialap038@gmail.com,GET,/orders/me,3.5,200,ok,0,steady
1791233154.0268233,kiemthugialap075@gmail.com,GET,/concerts?on_sale=true,3.667,200,ok,0,steady
1791233154.0300226,kiemthugialap086@gmail.com,GET,/orders/me,3.038,200,ok,0,steady
1791233154.0458536,kiemthugialap100@gmail.com,GET,/orders/me,5.413,200,ok,0,steady
1791233154.082571,kiemthugialap017@gmail.com,GET,/orders/me,9.258,200,ok,0,steady
1791233154.082992,kiemthugialap098@gmail.com,GET,/concerts/{id},8.339,200,ok,0,steady
1791233154.0833375,kiemthugialap037@gmail.com,GET,/orders/me,9.003,200,ok,0,steady
1791233154.0836375,kiemthugialap012@gmail.com,GET,/orders/me,9.556,200,ok,0,steady
1791233154.0963228,kiemthugialap020@gmail.com,GET,/orders/me,6.874,200,ok,0,steady
1791233154.1162584,kiemthugialap091@gmail.com,GET,/orders/me,9.689,200,ok,0,steady
1791233154.1186366,kiemthugialap056@gmail.com,GET,/orders/me,10.667,200,ok,0,steady
1791233154.1189625,kiemthugialap031@gmail.com,GET,/orders/me,11.275,200,ok,0,steady
1791233154.1245823,kiemthugialap039@gmail.com,GET,/orders/me,8.066,200,ok,0,steady
1791233154.1250384,kiemthugialap057@gmail.com,GET,/concerts,7.627,200,ok,0,steady
1791233154.1255987,kiemthugialap066@gmail.com,GET,/orders/me,8.611,200,ok,0,steady
1791233154.1420429,kiemthugialap016@gmail.com,GET,/concerts,18.747,200,ok,0,steady
1791233154.1469016,kiemthugialap059@gmail.com,GET,/orders/me,24.022,200,ok,0,steady
1791233154.148025,kiemthugialap071@gmail.com,GET,/concerts,8.218,200,ok,0,steady
1791233154.1490188,kiemthugialap078@gmail.com,GET,/orders/me,23.274,200,ok,0,steady
1791233154.1495378,kiemthugialap055@gmail.com,GET,/orders/me,7.286,200,ok,0,steady
1791233154.1793544,kiemthugialap079@gmail.com,GET,/concerts?on_sale=true,5.185,200,ok,0,steady
1791233154.194528,kiemthugialap035@gmail.com,GET,/orders/me,4.967,200,ok,0,steady
1791233154.2156165,kiemthugialap054@gmail.com,GET,/concerts?on_sale=true,9.91,200,ok,0,steady
1791233154.2182639,kiemthugialap097@gmail.com,GET,/orders/me,10.558,200,ok,0,steady
1791233154.2187717,kiemthugialap095@gmail.com,GET,/orders/me,11.697,200,ok,0,steady
1791233154.228603,kiemthugialap073@gmail.com,GET,/concerts?on_sale=true,5.401,200,ok,0,steady
1791233154.2666616,kiemthugialap094@gmail.com,GET,/concerts/{id},9.902,200,ok,0,steady
1791233154.2677622,kiemthugialap043@gmail.com,GET,/concerts,8.041,200,ok,0,steady
1791233154.2690153,kiemthugialap032@gmail.com,GET,/orders/me,11.103,200,ok,0,steady
1791233154.2697513,kiemthugialap083@gmail.com,GET,/orders/me,9.509,200,ok,0,steady
1791233154.2700663,kiemthugialap006@gmail.com,GET,/orders/me,11.684,200,ok,0,steady
1791233154.294483,kiemthugialap070@gmail.com,GET,/concerts/{id},4.096,200,ok,0,steady
1791233154.3489025,kiemthugialap027@gmail.com,GET,/concerts/{id},7.436,200,ok,0,steady
1791233154.3520818,kiemthugialap053@gmail.com,GET,/orders/me,11.797,200,ok,0,steady
1791233154.3525014,kiemthugialap088@gmail.com,GET,/orders/me,10.23,200,ok,0,steady
1791233154.3526418,kiemthugialap029@gmail.com,GET,/orders/me,13.494,200,ok,0,steady
1791233154.3544602,kiemthugialap049@gmail.com,GET,/orders/me,5.362,200,ok,0,steady
1791233154.3780742,kiemthugialap069@gmail.com,GET,/concerts?on_sale=true,5.764,200,ok,0,steady
1791233154.3818693,kiemthugialap026@gmail.com,GET,/orders/me,3.626,200,ok,0,steady
1791233154.385782,kiemthugialap082@gmail.com,GET,/orders/me,3.762,200,ok,0,steady
1791233154.4183195,kiemthugialap085@gmail.com,GET,/concerts,11.249,200,ok,0,steady
1791233154.4206412,kiemthugialap048@gmail.com,GET,/orders/me,15.013,200,ok,0,steady
1791233154.4210567,kiemthugialap019@gmail.com,GET,/orders/me,13.624,200,ok,0,steady
1791233154.4254525,kiemthugialap028@gmail.com,GET,/orders/me,6.825,200,ok,0,steady
1791233154.4271715,kiemthugialap033@gmail.com,GET,/orders/me,7.928,200,ok,0,steady
1791233154.4305315,kiemthugialap084@gmail.com,GET,/concerts?on_sale=true,3.133,200,ok,0,steady
1791233154.4802525,kiemthugialap072@gmail.com,GET,/orders/me,6.827,200,ok,0,steady
1791233154.4807472,kiemthugialap099@gmail.com,GET,/orders/me,8.561,200,ok,0,steady
1791233154.4974296,kiemthugialap096@gmail.com,GET,/orders/me,8.489,200,ok,0,steady
1791233154.4980783,kiemthugialap064@gmail.com,GET,/orders/me,8.661,200,ok,0,steady
1791233154.4984999,kiemthugialap042@gmail.com,GET,/orders/me,8.759,200,ok,0,steady
1791233154.5283527,kiemthugialap051@gmail.com,GET,/orders/me,6.109,200,ok,0,steady
1791233154.5615587,kiemthugialap008@gmail.com,GET,/orders/me,5.166,200,ok,0,steady
1791233154.5811682,kiemthugialap023@gmail.com,GET,/concerts?on_sale=true,8.187,200,ok,0,steady
1791233154.5816202,kiemthugialap001@gmail.com,GET,/concerts,7.144,200,ok,0,steady
1791233154.5831032,kiemthugialap080@gmail.com,GET,/orders/me,9.067,200,ok,0,steady
1791233154.5834534,kiemthugialap010@gmail.com,GET,/orders/me,8.713,200,ok,0,steady
1791233154.5952709,kiemthugialap041@gmail.com,GET,/orders/me,5.805,200,ok,0,steady
1791233154.635054,kiemthugialap046@gmail.com,GET,/orders/me,10.243,200,ok,0,steady
1791233154.6354613,kiemthugialap036@gmail.com,GET,/orders/me,10.368,200,ok,0,steady
1791233154.635765,kiemthugialap052@gmail.com,GET,/orders/me,10.437,200,ok,0,steady
1791233154.6361766,kiemthugialap002@gmail.com,GET,/orders/me,12.609,200,ok,0,steady
1791233154.665834,kiemthugialap005@gmail.com,GET,/concerts,8.174,200,ok,0,steady
1791233154.6678724,kiemthugialap018@gmail.com,GET,/orders/me,10.563,200,ok,0,steady
1791233154.6682072,kiemthugialap025@gmail.com,GET,/orders/me,12.015,200,ok,0,steady
1791233154.6685061,kiemthugialap062@gmail.com,GET,/orders/me,9.661,200,ok,0,steady
1791233154.7665622,kiemthugialap015@gmail.com,GET,/orders/me,7.868,200,ok,0,steady
1791233154.767047,kiemthugialap034@gmail.com,GET,/orders/me,9.539,200,ok,0,steady
1791233154.7689018,kiemthugialap081@gmail.com,GET,/concerts,3.988,200,ok,0,steady
1791233154.793887,kiemthugialap004@gmail.com,GET,/orders/me,4.964,200,ok,0,steady
1791233154.7975733,kiemthugialap043@gmail.com,GET,/orders/me,3.525,200,ok,0,steady
1791233154.8701084,kiemthugialap056@gmail.com,GET,/concerts,10.435,200,ok,0,steady
1791233154.8716083,kiemthugialap045@gmail.com,GET,/orders/me,14.051,200,ok,0,steady
1791233154.8720784,kiemthugialap021@gmail.com,GET,/orders/me,14.853,200,ok,0,steady
1791233154.8741925,kiemthugialap074@gmail.com,GET,/orders/me,17.942,200,ok,0,steady
1791233154.8744445,kiemthugialap024@gmail.com,GET,/orders/me,16.465,200,ok,0,steady
1791233154.8779333,kiemthugialap009@gmail.com,GET,/orders/me,18.575,200,ok,0,steady
1791233154.8788779,kiemthugialap022@gmail.com,GET,/orders/me,19.797,200,ok,0,steady
1791233154.88005,kiemthugialap075@gmail.com,GET,/orders/me,9.728,200,ok,0,steady
1791233154.8936338,kiemthugialap047@gmail.com,GET,/concerts,4.819,200,ok,0,steady
1791233154.8967137,kiemthugialap030@gmail.com,GET,/concerts?on_sale=true,2.865,200,ok,0,steady
1791233154.943415,kiemthugialap019@gmail.com,GET,/concerts,4.372,200,ok,0,steady
1791233154.946595,kiemthugialap066@gmail.com,GET,/orders/me,3.043,200,ok,0,steady
1791233154.9612663,kiemthugialap003@gmail.com,GET,/orders/me,4.795,200,ok,0,steady
1791233154.9959707,kiemthugialap065@gmail.com,GET,/concerts,4.259,200,ok,0,steady
1791233154.9970226,kiemthugialap058@gmail.com,GET,/orders/me,6.359,200,ok,0,steady
1791233155.0116298,kiemthugialap011@gmail.com,GET,/concerts?on_sale=true,4.212,200,ok,0,steady
1791233155.0603719,kiemthugialap098@gmail.com,GET,/concerts?on_sale=true,19.792,200,ok,0,steady
1791233155.061671,kiemthugialap090@gmail.com,GET,/concerts?on_sale=true,20.338,200,ok,0,steady
1791233155.0620706,kiemthugialap063@gmail.com,GET,/concerts?on_sale=true,21.002,200,ok,0,steady
1791233155.065082,kiemthugialap012@gmail.com,GET,/orders/me,4.517,200,ok,0,steady
1791233155.076538,kiemthugialap087@gmail.com,GET,/concerts,3.163,200,ok,0,steady
1791233155.0824018,kiemthugialap006@gmail.com,GET,/orders/me,5.663,200,ok,0,steady
1791233155.0827587,kiemthugialap039@gmail.com,GET,/orders/me,5.313,200,ok,0,steady
1791233155.1104128,kiemthugialap085@gmail.com,GET,/concerts?on_sale=true,3.88,200,ok,0,steady
1791233155.1459706,kiemthugialap001@gmail.com,GET,/concerts,5.439,200,ok,0,steady
1791233155.1464992,kiemthugialap079@gmail.com,GET,/orders/me,4.795,200,ok,0,steady
1791233155.1650295,kiemthugialap072@gmail.com,GET,/concerts/{id},7.038,200,ok,0,steady
1791233155.1659167,kiemthugialap060@gmail.com,GET,/concerts?on_sale=true,7.658,200,ok,0,steady
1791233155.1668062,kiemthugialap061@gmail.com,GET,/orders/me,10.106,200,ok,0,steady
1791233155.167324,kiemthugialap057@gmail.com,GET,/orders/me,7.756,200,ok,0,steady
1791233155.1946952,kiemthugialap014@gmail.com,GET,/concerts/{id},20.415,200,ok,0,steady
1791233155.1962385,kiemthugialap089@gmail.com,GET,/orders/me,23.295,200,ok,0,steady
1791233155.1979218,kiemthugialap051@gmail.com,GET,/concerts/{id},2.975,200,ok,0,steady
1791233155.2013228,kiemthugialap023@gmail.com,GET,/orders/me,3.285,200,ok,0,steady
1791233155.2101893,kiemthugialap080@gmail.com,GET,/orders/me,4.369,200,ok,0,steady
1791233155.2270942,kiemthugialap092@gmail.com,GET,/orders/me,5.475,200,ok,0,steady
1791233155.2631876,kiemthugialap027@gmail.com,GET,/orders/me,5.957,200,ok,0,steady
1791233155.2635255,kiemthugialap013@gmail.com,GET,/orders/me,5.133,200,ok,0,steady
1791233155.2863722,kiemthugialap078@gmail.com,GET,/orders/me,12.069,200,ok,0,steady
1791233155.2878504,kiemthugialap076@gmail.com,GET,/orders/me,13.988,200,ok,0,steady
1791233155.2881932,kiemthugialap046@gmail.com,GET,/orders/me,15.214,200,ok,0,steady
1791233155.288493,kiemthugialap028@gmail.com,GET,/orders/me,12.781,200,ok,0,steady
1791233155.2908213,kiemthugialap020@gmail.com,GET,/orders/me,4.194,200,ok,0,steady
1791233155.3117654,kiemthugialap007@gmail.com,GET,/concerts,4.481,200,ok,0,steady
1791233155.3130274,kiemthugialap036@gmail.com,GET,/orders/me,6.747,200,ok,0,steady
1791233155.3153653,kiemthugialap059@gmail.com,GET,/orders/me,3.464,200,ok,0,steady
1791233155.3772948,kiemthugialap052@gmail.com,GET,/concerts,20.5,200,ok,0,steady
1791233155.3776467,kiemthugialap031@gmail.com,GET,/orders/me,37.727,200,ok,0,steady
1791233155.3799229,kiemthugialap053@gmail.com,GET,/orders/me,38.9,200,ok,0,steady
1791233155.3805845,kiemthugialap067@gmail.com,GET,/orders/me,22.677,200,ok,0,steady
1791233155.3817024,kiemthugialap040@gmail.com,GET,/orders/me,8.376,200,ok,0,steady
1791233155.4307725,kiemthugialap017@gmail.com,GET,/orders/me,7.141,200,ok,0,steady
1791233155.4512389,kiemthugialap037@gmail.com,GET,/orders/me,8.024,200,ok,0,steady
1791233155.4517698,kiemthugialap041@gmail.com,GET,/orders/me,9.506,200,ok,0,steady
1791233155.4523444,kiemthugialap082@gmail.com,GET,/orders/me,11.608,200,ok,0,steady
1791233155.4621208,kiemthugialap096@gmail.com,GET,/orders/me,5.438,200,ok,0,steady
1791233155.465307,kiemthugialap050@gmail.com,GET,/concerts?on_sale=true,2.968,200,ok,0,steady
1791233155.4957197,kiemthugialap025@gmail.com,GET,/orders/me,7.079,200,ok,0,steady
1791233155.5280657,kiemthugialap019@gmail.com,GET,/orders/me,5.824,200,ok,0,steady
1791233155.5310993,kiemthugialap058@gmail.com,GET,/concerts?on_sale=true,2.844,200,ok,0,steady
1791233155.581735,kiemthugialap055@gmail.com,GET,/orders/me,25.397,200,ok,0,steady
1791233155.5837007,kiemthugialap100@gmail.com,GET,/concerts/{id},26.842,200,ok,0,steady
1791233155.585111,kiemthugialap005@gmail.com,GET,/concerts/{id},25.656,200,ok,0,steady
1791233155.588708,kiemthugialap094@gmail.com,GET,/orders/me,33.071,200,ok,0,steady
1791233155.5920231,kiemthugialap038@gmail.com,GET,/orders/me,34.795,200,ok,0,steady
1791233155.5955858,kiemthugialap065@gmail.com,GET,/orders/me,23.246,200,ok,0,steady
1791233155.5960054,kiemthugialap004@gmail.com,GET,/orders/me,23.058,200,ok,0,steady
1791233155.5973845,kiemthugialap093@gmail.com,GET,/concerts,15.367,200,ok,0,steady
1791233155.5977988,kiemthugialap044@gmail.com,GET,/concerts?on_sale=true,13.923,200,ok,0,steady
1791233155.599259,kiemthugialap016@gmail.com,GET,/orders/me,13.96,200,ok,0,steady
1791233155.6275358,kiemthugialap021@gmail.com,GET,/orders/me,5.281,200,ok,0,steady
1791233155.6440554,kiemthugialap081@gmail.com,GET,/orders/me,4.77,200,ok,0,steady
1791233155.6789854,kiemthugialap098@gmail.com,GET,/concerts/{id},6.494,200,ok,0,steady
1791233155.680046,kiemthugialap079@gmail.com,GET,/orders/me,6.49,200,ok,0,steady
1791233155.68235,kiemthugialap071@gmail.com,GET,/orders/me,3.186,200,ok,0,steady
1791233155.6846027,kiemthugialap088@gmail.com,GET,/concerts?on_sale=true,2.129,200,ok,0,steady
1791233155.712516,kiemthugialap030@gmail.com,GET,/orders/me,7.001,200,ok,0,steady
1791233155.7619574,kiemthugialap083@gmail.com,GET,/orders/me,4.224,200,ok,0,steady
1791233155.7641544,kiemthugialap023@gmail.com,GET,/concerts?on_sale=true,2.054,200,ok,0,steady
1791233155.811923,kiemthugialap015@gmail.com,GET,/orders/me,20.789,200,ok,0,steady
1791233155.8122969,kiemthugialap026@gmail.com,GET,/orders/me,22.309,200,ok,0,steady
1791233155.8292034,kiemthugialap077@gmail.com,GET,/orders/me,5.529,200,ok,0,steady
1791233155.84783,kiemthugialap073@gmail.com,GET,/orders/me,6.073,200,ok,0,steady
1791233155.848229,kiemthugialap068@gmail.com,GET,/orders/me,7.588,200,ok,0,steady
1791233155.9053283,kiemthugialap035@gmail.com,GET,/orders/me,31.527,200,ok,0,steady
1791233155.9059184,kiemthugialap003@gmail.com,GET,/orders/me,29.676,200,ok,0,steady
1791233155.9075103,kiemthugialap086@gmail.com,GET,/orders/me,34.946,200,ok,0,steady
1791233155.908034,kiemthugialap011@gmail.com,GET,/orders/me,32.91,200,ok,0,steady
1791233155.9110122,kiemthugialap048@gmail.com,GET,/orders/me,20.473,200,ok,0,steady
1791233155.9126272,kiemthugialap014@gmail.com,GET,/orders/me,20.602,200,ok,0,steady
1791233155.9130387,kiemthugialap062@gmail.com,GET,/orders/me,21.373,200,ok,0,steady
1791233155.9134636,kiemthugialap084@gmail.com,GET,/orders/me,19.888,200,ok,0,steady
1791233155.9173062,kiemthugialap056@gmail.com,GET,/orders/me,6.131,200,ok,0,steady
1791233155.9185572,kiemthugialap070@gmail.com,GET,/orders/me,4.946,200,ok,0,steady
1791233155.9264274,kiemthugialap075@gmail.com,GET,/concerts,4.464,200,ok,0,steady
1791233155.9521844,kiemthugialap054@gmail.com,GET,/orders/me,13.479,200,ok,0,steady
1791233155.9532135,kiemthugialap053@gmail.com,GET,/orders/me,11.854,200,ok,0,steady
1791233155.9534,kiemthugialap099@gmail.com,GET,/concerts?on_sale=true,11.661,200,ok,0,steady
1791233155.953755,kiemthugialap045@gmail.com,GET,/orders/me,13.788,200,ok,0,steady
1791233155.9548728,kiemthugialap031@gmail.com,GET,/orders/me,12.03,200,ok,0,steady
1791233155.9579003,kiemthugialap039@gmail.com,GET,/orders/me,4.019,200,ok,0,steady
1791233155.9771974,kiemthugialap074@gmail.com,GET,/concerts?on_sale=true,5.22,200,ok,0,steady
1791233155.9780748,kiemthugialap033@gmail.com,GET,/orders/me,5.261,200,ok,0,steady
1791233156.063959,kiemthugialap010@gmail.com,GET,/concerts,5.54,200,ok,0,steady
1791233156.0653412,kiemthugialap067@gmail.com,GET,/orders/me,7.986,200,ok,0,steady
1791233156.0656931,kiemthugialap040@gmail.com,GET,/orders/me,6.356,200,ok,0,steady
1791233156.0824277,kiemthugialap091@gmail.com,GET,/orders/me,7.546,200,ok,0,steady
1791233156.083846,kiemthugialap013@gmail.com,GET,/orders/me,7.482,200,ok,0,steady
1791233156.087354,kiemthugialap002@gmail.com,GET,/orders/me,4.737,200,ok,0,steady
1791233156.087846,kiemthugialap047@gmail.com,GET,/orders/me,4.917,200,ok,0,steady
1791233156.0970607,kiemthugialap049@gmail.com,GET,/concerts/{id},6.328,200,ok,0,steady
1791233156.1041226,kiemthugialap064@gmail.com,GET,/orders/me,6.286,200,ok,0,steady
1791233156.1054773,kiemthugialap097@gmail.com,GET,/orders/me,8.178,200,ok,0,steady
1791233156.1093824,kiemthugialap089@gmail.com,GET,/orders/me,4.981,200,ok,0,steady
1791233156.1269493,kiemthugialap096@gmail.com,GET,/concerts,3.864,200,ok,0,steady
1791233156.147339,kiemthugialap095@gmail.com,GET,/orders/me,6.551,200,ok,0,steady
1791233156.1616848,kiemthugialap066@gmail.com,GET,/orders/me,5.271,200,ok,0,steady
1791233156.1766372,kiemthugialap072@gmail.com,GET,/concerts,4.382,200,ok,0,steady
1791233156.1945024,kiemthugialap022@gmail.com,GET,/orders/me,5.12,200,ok,0,steady
1791233156.2143614,kiemthugialap032@gmail.com,GET,/orders/me,5.964,200,ok,0,steady
1791233156.21477,kiemthugialap069@gmail.com,GET,/orders/me,7.463,200,ok,0,steady
1791233156.2453086,kiemthugialap001@gmail.com,GET,/orders/me,5.205,200,ok,0,steady
1791233156.247473,kiemthugialap092@gmail.com,GET,/concerts,2.029,200,ok,0,steady
1791233156.2634134,kiemthugialap036@gmail.com,GET,/concerts?on_sale=true,4.787,200,ok,0,steady
1791233156.2648606,kiemthugialap059@gmail.com,GET,/orders/me,5.672,200,ok,0,steady
1791233156.26522,kiemthugialap009@gmail.com,GET,/orders/me,8.493,200,ok,0,steady
1791233156.2775235,kiemthugialap061@gmail.com,GET,/orders/me,4.866,200,ok,0,steady
1791233156.2937376,kiemthugialap029@gmail.com,GET,/concerts,3.985,200,ok,0,steady
1791233156.3112092,kiemthugialap017@gmail.com,GET,/concerts/{id},3.802,200,ok,0,steady
1791233156.3461206,kiemthugialap043@gmail.com,GET,/concerts/{id},5.152,200,ok,0,steady
1791233156.347441,kiemthugialap060@gmail.com,GET,/orders/me,7.261,200,ok,0,steady
1791233156.3817015,kiemthugialap016@gmail.com,GET,/orders/me,6.912,200,ok,0,steady
1791233156.382213,kiemthugialap005@gmail.com,GET,/orders/me,9.352,200,ok,0,steady
1791233156.3963246,kiemthugialap008@gmail.com,GET,/orders/me,5.542,200,ok,0,steady
1791233156.4287753,kiemthugialap057@gmail.com,GET,/concerts,5.528,200,ok,0,steady
1791233156.4298253,kiemthugialap080@gmail.com,GET,/orders/me,4.81,200,ok,0,steady
1791233156.465222,kiemthugialap038@gmail.com,GET,/concerts,8.724,200,ok,0,steady
1791233156.4658756,kiemthugialap046@gmail.com,GET,/orders/me,8.349,200,ok,0,steady
1791233156.4664555,kiemthugialap050@gmail.com,GET,/orders/me,7.928,200,ok,0,steady
1791233156.495054,kiemthugialap042@gmail.com,GET,/orders/me,5.133,200,ok,0,steady
1791233156.5306656,kiemthugialap094@gmail.com,GET,/concerts?on_sale=true,5.664,200,ok,0,steady
1791233156.5319061,kiemthugialap090@gmail.com,GET,/orders/me,7.907,200,ok,0,steady
1791233156.533698,kiemthugialap098@gmail.com,GET,/concerts,2.841,200,ok,0,steady
1791233156.566101,kiemthugialap087@gmail.com,GET,/orders/me,7.595,200,ok,0,steady
1791233156.5667067,kiemthugialap100@gmail.com,GET,/orders/me,9.371,200,ok,0,steady
1791233156.6159499,kiemthugialap018@gmail.com,GET,/concerts/{id},5.958,200,ok,0,steady
1791233156.6185892,kiemthugialap033@gmail.com,GET,/orders/me,9.216,200,ok,0,steady
1791233156.6200664,kiemthugialap044@gmail.com,GET,/orders/me,12.268,200,ok,0,steady
1791233156.646299,kiemthugialap063@gmail.com,GET,/orders/me,6.193,200,ok,0,steady
1791233156.6784909,kiemthugialap034@gmail.com,GET,/orders/me,5.739,200,ok,0,steady
1791233156.6830218,kiemthugialap031@gmail.com,GET,/concerts/{id},4.294,200,ok,0,steady
1791233156.6850355,kiemthugialap088@gmail.com,GET,/orders/me,5.524,200,ok,0,steady
1791233156.6871862,kiemthugialap049@gmail.com,GET,/orders/me,3.997,200,ok,0,steady
1791233156.6956909,kiemthugialap065@gmail.com,GET,/orders/me,5.987,200,ok,0,steady
1791233156.7106164,kiemthugialap070@gmail.com,GET,/orders/me,14.66,200,ok,0,steady
1791233156.7110376,kiemthugialap024@gmail.com,GET,/orders/me,13.077,200,ok,0,steady
1791233156.7113354,kiemthugialap053@gmail.com,GET,/orders/me,14.448,200,ok,0,steady
1791233156.7116997,kiemthugialap091@gmail.com,GET,/concerts?on_sale=true,15.054,200,ok,0,steady
1791233156.7129002,kiemthugialap014@gmail.com,GET,/orders/me,16.506,200,ok,0,steady
1791233156.7189472,kiemthugialap007@gmail.com,GET,/orders/me,12.793,200,ok,0,steady
1791233156.720057,kiemthugialap019@gmail.com,GET,/orders/me,13.245,200,ok,0,steady
1791233156.7541578,kiemthugialap078@gmail.com,GET,/orders/me,12.153,200,ok,0,steady
1791233156.7606204,kiemthugialap026@gmail.com,GET,/orders/me,18.25,200,ok,0,steady
1791233156.7621026,kiemthugialap006@gmail.com,GET,/orders/me,21.21,200,ok,0,steady
1791233156.7814057,kiemthugialap011@gmail.com,GET,/orders/me,7.538,200,ok,0,steady
1791233156.8182425,kiemthugialap022@gmail.com,GET,/orders/me,11.548,200,ok,0,steady
1791233156.8187904,kiemthugialap096@gmail.com,GET,/orders/me,11.454,200,ok,0,steady
1791233156.849338,kiemthugialap025@gmail.com,GET,/orders/me,9.867,200,ok,0,steady
1791233156.8498182,kiemthugialap012@gmail.com,GET,/orders/me,9.227,200,ok,0,steady
1791233156.8501287,kiemthugialap081@gmail.com,GET,/orders/me,9.755,200,ok,0,steady
1791233156.8504293,kiemthugialap099@gmail.com,GET,/orders/me,10.298,200,ok,0,steady
1791233156.879343,kiemthugialap093@gmail.com,GET,/concerts,6.27,200,ok,0,steady
1791233156.8806753,kiemthugialap051@gmail.com,GET,/orders/me,6.695,200,ok,0,steady
1791233156.8828707,kiemthugialap059@gmail.com,GET,/orders/me,3.31,200,ok,0,steady
1791233156.8954608,kiemthugialap083@gmail.com,GET,/orders/me,5.619,200,ok,0,steady
1791233156.8965547,kiemthugialap082@gmail.com,GET,/orders/me,7.713,200,ok,0,steady
1791233156.8979266,kiemthugialap027@gmail.com,GET,/concerts?on_sale=true,2.289,200,ok,0,steady
1791233156.9296186,kiemthugialap085@gmail.com,GET,/orders/me,6.84,200,ok,0,steady
1791233156.9437075,kiemthugialap029@gmail.com,GET,/orders/me,4.784,200,ok,0,steady
1791233156.9815109,kiemthugialap050@gmail.com,GET,/concerts?on_sale=true,7.36,200,ok,0,steady
1791233156.9826953,kiemthugialap030@gmail.com,GET,/orders/me,9.554,200,ok,0,steady
1791233156.9851623,kiemthugialap043@gmail.com,GET,/orders/me,3.456,200,ok,0,steady
1791233156.9939208,kiemthugialap028@gmail.com,GET,/orders/me,5.0,200,ok,0,steady
1791233157.0119295,kiemthugialap052@gmail.com,GET,/orders/me,5.202,200,ok,0,steady
1791233157.046866,kiemthugialap064@gmail.com,GET,/orders/me,7.207,200,ok,0,steady
1791233157.0500145,kiemthugialap089@gmail.com,GET,/concerts?on_sale=true,2.895,200,ok,0,steady
1791233157.0533967,kiemthugialap072@gmail.com,GET,/orders/me,3.207,200,ok,0,steady
1791233157.0608253,kiemthugialap020@gmail.com,GET,/orders/me,4.562,200,ok,0,steady
1791233157.0961761,kiemthugialap009@gmail.com,GET,/orders/me,5.862,200,ok,0,steady
1791233157.0966246,kiemthugialap076@gmail.com,GET,/orders/me,7.668,200,ok,0,steady
1791233157.1292315,kiemthugialap056@gmail.com,GET,/concerts/{id},4.448,200,ok,0,steady
1791233157.1301837,kiemthugialap080@gmail.com,GET,/orders/me,6.761,200,ok,0,steady
1791233157.1453943,kiemthugialap092@gmail.com,GET,/orders/me,4.975,200,ok,0,steady
1791233157.1624997,kiemthugialap001@gmail.com,GET,/orders/me,4.406,200,ok,0,steady
1791233157.1777382,kiemthugialap086@gmail.com,GET,/concerts?on_sale=true,4.833,200,ok,0,steady
1791233157.1947665,kiemthugialap039@gmail.com,GET,/orders/me,5.267,200,ok,0,steady
1791233157.2460153,kiemthugialap077@gmail.com,GET,/orders/me,5.588,200,ok,0,steady
1791233157.2502606,kiemthugialap097@gmail.com,GET,/orders/me,4.017,200,ok,0,steady
1791233157.262413,kiemthugialap055@gmail.com,GET,/orders/me,4.703,200,ok,0,steady
1791233157.280412,kiemthugialap041@gmail.com,GET,/orders/me,5.897,200,ok,0,steady
1791233157.2813706,kiemthugialap049@gmail.com,GET,/orders/me,7.971,200,ok,0,steady
1791233157.282634,kiemthugialap068@gmail.com,GET,/concerts,2.089,200,ok,0,steady
1791233157.3113554,kiemthugialap024@gmail.com,GET,/concerts,4.072,200,ok,0,steady
1791233157.314476,kiemthugialap005@gmail.com,GET,/orders/me,2.978,200,ok,0,steady
1791233157.345501,kiemthugialap054@gmail.com,GET,/orders/me,5.05,200,ok,0,steady
1791233157.349282,kiemthugialap007@gmail.com,GET,/concerts,3.329,200,ok,0,steady
1791233157.3504763,kiemthugialap037@gmail.com,GET,/orders/me,4.839,200,ok,0,steady
1791233157.3808017,kiemthugialap048@gmail.com,GET,/concerts/{id},4.749,200,ok,0,steady
1791233157.3822336,kiemthugialap084@gmail.com,GET,/orders/me,7.286,200,ok,0,steady
1791233157.3826723,kiemthugialap033@gmail.com,GET,/orders/me,8.605,200,ok,0,steady
1791233157.3864858,kiemthugialap098@gmail.com,GET,/orders/me,3.684,200,ok,0,steady
1791233157.4120362,kiemthugialap061@gmail.com,GET,/concerts/{id},5.216,200,ok,0,steady
1791233157.412504,kiemthugialap079@gmail.com,GET,/concerts/{id},4.728,200,ok,0,steady
1791233157.4289517,kiemthugialap021@gmail.com,GET,/orders/me,5.036,200,ok,0,steady
1791233157.4458616,kiemthugialap004@gmail.com,GET,/concerts,4.264,200,ok,0,steady
1791233157.4621778,kiemthugialap025@gmail.com,GET,/orders/me,5.598,200,ok,0,steady
1791233157.4980667,kiemthugialap030@gmail.com,GET,/orders/me,7.194,200,ok,0,steady
1791233157.4990458,kiemthugialap071@gmail.com,GET,/orders/me,7.38,200,ok,0,steady
1791233157.5004332,kiemthugialap034@gmail.com,GET,/concerts?on_sale=true,2.189,200,ok,0,steady
1791233157.5033038,kiemthugialap022@gmail.com,GET,/orders/me,2.756,200,ok,0,steady
1791233157.515386,kiemthugialap044@gmail.com,GET,/concerts/{id},8.022,200,ok,0,steady
1791233157.5172594,kiemthugialap003@gmail.com,GET,/concerts?on_sale=true,10.743,200,ok,0,steady
1791233157.5200417,kiemthugialap053@gmail.com,GET,/concerts?on_sale=true,4.229,200,ok,0,steady
1791233157.5452557,kiemthugialap058@gmail.com,GET,/orders/me,5.395,200,ok,0,steady
1791233157.5788069,kiemthugialap095@gmail.com,GET,/orders/me,5.142,200,ok,0,steady
1791233157.5991986,kiemthugialap035@gmail.com,GET,/orders/me,8.708,200,ok,0,steady
1791233157.599613,kiemthugialap067@gmail.com,GET,/concerts,8.227,200,ok,0,steady
1791233157.5999014,kiemthugialap018@gmail.com,GET,/orders/me,8.284,200,ok,0,steady
1791233157.6008487,kiemthugialap023@gmail.com,GET,/orders/me,9.728,200,ok,0,steady
1791233157.646687,kiemthugialap026@gmail.com,GET,/orders/me,6.511,200,ok,0,steady
1791233157.6552017,kiemthugialap045@gmail.com,GET,/orders/me,8.264,200,ok,0,steady
1791233157.6562214,kiemthugialap069@gmail.com,GET,/orders/me,8.706,200,ok,0,steady
1791233157.656662,kiemthugialap082@gmail.com,GET,/orders/me,8.833,200,ok,0,steady
1791233157.6578653,kiemthugialap075@gmail.com,GET,/orders/me,8.992,200,ok,0,steady
1791233157.6825688,kiemthugialap013@gmail.com,GET,/concerts?on_sale=true,8.011,200,ok,0,steady
1791233157.6845057,kiemthugialap038@gmail.com,GET,/orders/me,11.801,200,ok,0,steady
1791233157.6855874,kiemthugialap015@gmail.com,GET,/orders/me,11.719,200,ok,0,steady
1791233157.6859195,kiemthugialap031@gmail.com,GET,/orders/me,10.998,200,ok,0,steady
1791233157.6870325,kiemthugialap076@gmail.com,GET,/concerts/{id},2.387,200,ok,0,steady
1791233157.746748,kiemthugialap043@gmail.com,GET,/orders/me,4.633,200,ok,0,steady
1791233157.7471156,kiemthugialap073@gmail.com,GET,/orders/me,6.732,200,ok,0,steady
1791233157.7618382,kiemthugialap066@gmail.com,GET,/orders/me,4.884,200,ok,0,steady
1791233157.7823784,kiemthugialap012@gmail.com,GET,/orders/me,9.757,200,ok,0,steady
1791233157.7839556,kiemthugialap056@gmail.com,GET,/orders/me,10.301,200,ok,0,steady
1791233157.7842634,kiemthugialap017@gmail.com,GET,/orders/me,10.109,200,ok,0,steady
1791233157.7871966,kiemthugialap077@gmail.com,GET,/orders/me,4.633,200,ok,0,steady
1791233157.7875125,kiemthugialap074@gmail.com,GET,/orders/me,4.578,200,ok,0,steady
1791233157.83066,kiemthugialap002@gmail.com,GET,/orders/me,8.373,200,ok,0,steady
1791233157.8311224,kiemthugialap068@gmail.com,GET,/orders/me,8.065,200,ok,0,steady
1791233157.847353,kiemthugialap020@gmail.com,GET,/orders/me,6.348,200,ok,0,steady
1791233157.8486505,kiemthugialap057@gmail.com,GET,/orders/me,8.59,200,ok,0,steady
1791233157.8511474,kiemthugialap006@gmail.com,GET,/orders/me,3.592,200,ok,0,steady
1791233157.8830876,kiemthugialap041@gmail.com,GET,/orders/me,9.875,200,ok,0,steady
1791233157.8836894,kiemthugialap010@gmail.com,GET,/orders/me,11.354,200,ok,0,steady
1791233157.8961377,kiemthugialap084@gmail.com,GET,/orders/me,7.166,200,ok,0,steady
1791233157.9138277,kiemthugialap062@gmail.com,GET,/orders/me,8.447,200,ok,0,steady
1791233157.9169908,kiemthugialap024@gmail.com,GET,/concerts?on_sale=true,2.913,200,ok,0,steady
1791233157.9287238,kiemthugialap100@gmail.com,GET,/orders/me,5.656,200,ok,0,steady
1791233157.9660554,kiemthugialap001@gmail.com,GET,/orders/me,10.209,200,ok,0,steady
1791233157.967456,kiemthugialap052@gmail.com,GET,/orders/me,10.974,200,ok,0,steady
1791233157.9678645,kiemthugialap047@gmail.com,GET,/orders/me,10.961,200,ok,0,steady
1791233157.9700968,kiemthugialap032@gmail.com,GET,/orders/me,3.834,200,ok,0,steady
1791233158.01201,kiemthugialap030@gmail.com,GET,/orders/me,6.585,200,ok,0,steady
1791233158.0129597,kiemthugialap040@gmail.com,GET,/orders/me,6.803,200,ok,0,steady
1791233158.0150871,kiemthugialap061@gmail.com,GET,/orders/me,2.91,200,ok,0,steady
1791233158.0274024,kiemthugialap046@gmail.com,GET,/orders/me,4.828,200,ok,0,steady
1791233158.0322635,kiemthugialap064@gmail.com,GET,/orders/me,4.631,200,ok,0,steady
1791233158.0780766,kiemthugialap051@gmail.com,GET,/concerts,5.151,200,ok,0,steady
1791233158.0784612,kiemthugialap014@gmail.com,GET,/concerts/{id},6.664,200,ok,0,steady
1791233158.0944939,kiemthugialap050@gmail.com,GET,/concerts/{id},4.479,200,ok,0,steady
1791233158.0948439,kiemthugialap044@gmail.com,GET,/orders/me,5.954,200,ok,0,steady
1791233158.128556,kiemthugialap016@gmail.com,GET,/orders/me,4.333,200,ok,0,steady
1791233158.1307552,kiemthugialap081@gmail.com,GET,/concerts/{id},2.054,200,ok,0,steady
1791233158.14528,kiemthugialap096@gmail.com,GET,/orders/me,5.884,200,ok,0,steady
1791233158.1620007,kiemthugialap060@gmail.com,GET,/orders/me,4.915,200,ok,0,steady
1791233158.1812985,kiemthugialap008@gmail.com,GET,/concerts,5.906,200,ok,0,steady
1791233158.1816828,kiemthugialap033@gmail.com,GET,/orders/me,7.818,200,ok,0,steady
1791233158.2114842,kiemthugialap090@gmail.com,GET,/concerts,5.343,200,ok,0,steady
1791233158.2125776,kiemthugialap071@gmail.com,GET,/orders/me,5.296,200,ok,0,steady
1791233158.228679,kiemthugialap088@gmail.com,GET,/concerts/{id},4.164,200,ok,0,steady
1791233158.2298486,kiemthugialap094@gmail.com,GET,/orders/me,6.318,200,ok,0,steady
1791233158.2322876,kiemthugialap036@gmail.com,GET,/orders/me,3.427,200,ok,0,steady
1791233158.2788987,kiemthugialap018@gmail.com,GET,/concerts/{id},4.613,200,ok,0,steady
1791233158.279237,kiemthugialap042@gmail.com,GET,/concerts/{id},6.267,200,ok,0,steady
1791233158.3133774,kiemthugialap025@gmail.com,GET,/orders/me,4.867,200,ok,0,steady
1791233158.314223,kiemthugialap021@gmail.com,GET,/orders/me,7.208,200,ok,0,steady
1791233158.3161876,kiemthugialap065@gmail.com,GET,/orders/me,2.673,200,ok,0,steady
1791233158.3457172,kiemthugialap083@gmail.com,GET,/orders/me,5.759,200,ok,0,steady
1791233158.361311,kiemthugialap013@gmail.com,GET,/orders/me,5.209,200,ok,0,steady
1791233158.3798044,kiemthugialap019@gmail.com,GET,/orders/me,5.803,200,ok,0,steady
1791233158.3821669,kiemthugialap059@gmail.com,GET,/concerts?on_sale=true,2.206,200,ok,0,steady
1791233158.4300556,kiemthugialap087@gmail.com,GET,/concerts/{id},6.085,200,ok,0,steady
1791233158.4318032,kiemthugialap045@gmail.com,GET,/orders/me,6.885,200,ok,0,steady
1791233158.433502,kiemthugialap006@gmail.com,GET,/orders/me,3.274,200,ok,0,steady
1791233158.4663653,kiemthugialap091@gmail.com,GET,/concerts?on_sale=true,8.35,200,ok,0,steady
1791233158.4667816,kiemthugialap056@gmail.com,GET,/concerts,10.031,200,ok,0,steady
1791233158.4670901,kiemthugialap066@gmail.com,GET,/concerts/{id},8.892,200,ok,0,steady
1791233158.4680789,kiemthugialap054@gmail.com,GET,/concerts/{id},10.631,200,ok,0,steady
1791233158.4684083,kiemthugialap009@gmail.com,GET,/orders/me,10.691,200,ok,0,steady
1791233158.4706101,kiemthugialap084@gmail.com,GET,/orders/me,3.393,200,ok,0,steady
1791233158.4764254,kiemthugialap048@gmail.com,GET,/orders/me,4.312,200,ok,0,steady
1791233158.481383,kiemthugialap080@gmail.com,GET,/orders/me,4.802,200,ok,0,steady
1791233158.4817705,kiemthugialap097@gmail.com,GET,/orders/me,4.837,200,ok,0,steady
1791233158.484628,kiemthugialap007@gmail.com,GET,/orders/me,2.745,200,ok,0,steady
1791233158.4867322,kiemthugialap063@gmail.com,GET,/concerts?on_sale=true,1.985,200,ok,0,steady
1791233158.5123405,kiemthugialap043@gmail.com,GET,/orders/me,4.961,200,ok,0,steady
1791233158.5600705,kiemthugialap010@gmail.com,GET,/orders/me,18.252,200,ok,0,steady
1791233158.5604968,kiemthugialap099@gmail.com,GET,/orders/me,19.906,200,ok,0,steady
1791233158.5641825,kiemthugialap027@gmail.com,GET,/orders/me,3.576,200,ok,0,steady
1791233158.595687,kiemthugialap078@gmail.com,GET,/orders/me,5.893,200,ok,0,steady
1791233158.6115463,kiemthugialap004@gmail.com,GET,/concerts/{id},5.347,200,ok,0,steady
1791233158.6125653,kiemthugialap070@gmail.com,GET,/orders/me,4.813,200,ok,0,steady
1791233158.6460738,kiemthugialap037@gmail.com,GET,/orders/me,4.703,200,ok,0,steady
1791233158.684161,kiemthugialap003@gmail.com,GET,/orders/me,8.541,200,ok,0,steady
1791233158.684715,kiemthugialap072@gmail.com,GET,/orders/me,10.589,200,ok,0,steady
1791233158.6850507,kiemthugialap029@gmail.com,GET,/orders/me,9.829,200,ok,0,steady
1791233158.7142062,kiemthugialap011@gmail.com,GET,/orders/me,5.523,200,ok,0,steady
1791233158.7146082,kiemthugialap093@gmail.com,GET,/orders/me,7.153,200,ok,0,steady
1791233158.7174997,kiemthugialap049@gmail.com,GET,/orders/me,2.786,200,ok,0,steady
1791233158.7451198,kiemthugialap017@gmail.com,GET,/orders/me,5.306,200,ok,0,steady
1791233158.7633333,kiemthugialap036@gmail.com,GET,/concerts?on_sale=true,6.978,200,ok,0,steady
1791233158.7647107,kiemthugialap098@gmail.com,GET,/concerts?on_sale=true,6.853,200,ok,0,steady
1791233158.7672627,kiemthugialap085@gmail.com,GET,/concerts/{id},3.712,200,ok,0,steady
1791233158.771211,kiemthugialap030@gmail.com,GET,/orders/me,3.788,200,ok,0,steady
1791233158.796596,kiemthugialap067@gmail.com,GET,/orders/me,5.895,200,ok,0,steady
1791233158.797625,kiemthugialap051@gmail.com,GET,/orders/me,8.108,200,ok,0,steady
1791233158.7996082,kiemthugialap015@gmail.com,GET,/orders/me,2.829,200,ok,0,steady
1791233158.8113751,kiemthugialap073@gmail.com,GET,/concerts?on_sale=true,4.439,200,ok,0,steady
1791233158.8626223,kiemthugialap025@gmail.com,GET,/concerts,3.981,200,ok,0,steady
1791233158.863899,kiemthugialap074@gmail.com,GET,/orders/me,6.248,200,ok,0,steady
1791233158.8972092,kiemthugialap005@gmail.com,GET,/orders/me,6.463,200,ok,0,steady
1791233158.8975718,kiemthugialap089@gmail.com,GET,/orders/me,5.873,200,ok,0,steady
1791233158.9124076,kiemthugialap002@gmail.com,GET,/orders/me,4.94,200,ok,0,steady
1791233158.9162712,kiemthugialap053@gmail.com,GET,/orders/me,3.654,200,ok,0,steady
1791233158.9200182,kiemthugialap028@gmail.com,GET,/orders/me,6.759,200,ok,0,steady
1791233158.9208786,kiemthugialap076@gmail.com,GET,/orders/me,4.458,200,ok,0,steady
1791233158.922496,kiemthugialap052@gmail.com,GET,/concerts,2.333,200,ok,0,steady
1791233158.944784,kiemthugialap039@gmail.com,GET,/concerts?on_sale=true,4.383,200,ok,0,steady
1791233158.945872,kiemthugialap014@gmail.com,GET,/orders/me,6.502,200,ok,0,steady
1791233158.9617403,kiemthugialap077@gmail.com,GET,/concerts,3.938,200,ok,0,steady
1791233158.9826124,kiemthugialap026@gmail.com,GET,/orders/me,8.177,200,ok,0,steady
1791233158.9884489,kiemthugialap079@gmail.com,GET,/orders/me,5.531,200,ok,0,steady
1791233159.011331,kiemthugialap069@gmail.com,GET,/orders/me,5.525,200,ok,0,steady
1791233159.01465,kiemthugialap061@gmail.com,GET,/concerts/{id},3.028,200,ok,0,steady
1791233159.0477633,kiemthugialap094@gmail.com,GET,/orders/me,8.586,200,ok,0,steady
1791233159.0496838,kiemthugialap100@gmail.com,GET,/concerts?on_sale=true,9.954,200,ok,0,steady
1791233159.0528378,kiemthugialap018@gmail.com,GET,/orders/me,4.772,200,ok,0,steady
1791233159.060669,kiemthugialap086@gmail.com,GET,/orders/me,5.165,200,ok,0,steady
1791233159.0790412,kiemthugialap006@gmail.com,GET,/concerts?on_sale=true,6.159,200,ok,0,steady
1791233159.0801237,kiemthugialap068@gmail.com,GET,/orders/me,6.304,200,ok,0,steady
1791233159.0947137,kiemthugialap058@gmail.com,GET,/orders/me,5.242,200,ok,0,steady
1791233159.1113641,kiemthugialap027@gmail.com,GET,/orders/me,5.387,200,ok,0,steady
1791233159.1466038,kiemthugialap092@gmail.com,GET,/orders/me,7.583,200,ok,0,steady
1791233159.1470835,kiemthugialap055@gmail.com,GET,/orders/me,7.135,200,ok,0,steady
1791233159.1820025,kiemthugialap095@gmail.com,GET,/concerts?on_sale=true,7.913,200,ok,0,steady
1791233159.1825159,kiemthugialap082@gmail.com,GET,/concerts,10.164,200,ok,0,steady
1791233159.2117028,kiemthugialap034@gmail.com,GET,/orders/me,7.609,200,ok,0,steady
1791233159.2136495,kiemthugialap022@gmail.com,GET,/orders/me,8.773,200,ok,0,steady
1791233159.2157602,kiemthugialap078@gmail.com,GET,/concerts,3.272,200,ok,0,steady
1791233159.2161176,kiemthugialap024@gmail.com,GET,/concerts,4.179,200,ok,0,steady
1791233159.2449198,kiemthugialap021@gmail.com,GET,/orders/me,4.709,200,ok,0,steady
1791233159.295903,kiemthugialap009@gmail.com,GET,/concerts?on_sale=true,4.252,200,ok,0,steady
1791233159.2969677,kiemthugialap062@gmail.com,GET,/orders/me,6.022,200,ok,0,steady
1791233159.3136227,kiemthugialap099@gmail.com,GET,/concerts/{id},6.586,200,ok,0,steady
1791233159.314051,kiemthugialap054@gmail.com,GET,/concerts/{id},6.697,200,ok,0,steady
1791233159.3149421,kiemthugialap020@gmail.com,GET,/orders/me,8.388,200,ok,0,steady
1791233159.3291652,kiemthugialap031@gmail.com,GET,/orders/me,6.359,200,ok,0,steady
1791233159.3332105,kiemthugialap081@gmail.com,GET,/orders/me,3.705,200,ok,0,steady
1791233159.3618913,kiemthugialap013@gmail.com,GET,/concerts,4.595,200,ok,0,steady
1791233159.3629403,kiemthugialap037@gmail.com,GET,/orders/me,7.154,200,ok,0,steady
1791233159.3793185,kiemthugialap093@gmail.com,GET,/orders/me,5.564,200,ok,0,steady
1791233159.446082,kiemthugialap088@gmail.com,GET,/orders/me,6.101,200,ok,0,steady
1791233159.4465501,kiemthugialap011@gmail.com,GET,/orders/me,7.721,200,ok,0,steady
1791233159.4792378,kiemthugialap096@gmail.com,GET,/orders/me,5.366,200,ok,0,steady
1791233159.4959035,kiemthugialap047@gmail.com,GET,/concerts?on_sale=true,5.042,200,ok,0,steady
1791233159.4970937,kiemthugialap048@gmail.com,GET,/orders/me,6.848,200,ok,0,steady
1791233159.4984844,kiemthugialap033@gmail.com,GET,/concerts,2.323,200,ok,0,steady
1791233159.512906,kiemthugialap087@gmail.com,GET,/orders/me,6.183,200,ok,0,steady
1791233159.5164561,kiemthugialap035@gmail.com,GET,/orders/me,3.345,200,ok,0,steady
1791233159.5323982,kiemthugialap032@gmail.com,GET,/orders/me,9.013,200,ok,0,steady
1791233159.5338223,kiemthugialap010@gmail.com,GET,/orders/me,11.226,200,ok,0,steady
1791233159.5341582,kiemthugialap050@gmail.com,GET,/orders/me,11.08,200,ok,0,steady
1791233159.536044,kiemthugialap070@gmail.com,GET,/orders/me,3.419,200,ok,0,steady
1791233159.5395758,kiemthugialap049@gmail.com,GET,/orders/me,3.37,200,ok,0,steady
1791233159.5698147,kiemthugialap098@gmail.com,GET,/concerts?on_sale=true,11.633,200,ok,0,steady
1791233159.570178,kiemthugialap097@gmail.com,GET,/concerts?on_sale=true,13.189,200,ok,0,steady
1791233159.5731661,kiemthugialap014@gmail.com,GET,/orders/me,14.786,200,ok,0,steady
1791233159.574597,kiemthugialap075@gmail.com,GET,/orders/me,15.996,200,ok,0,steady
1791233159.5749195,kiemthugialap046@gmail.com,GET,/orders/me,16.03,200,ok,0,steady
1791233159.575361,kiemthugialap083@gmail.com,GET,/orders/me,16.191,200,ok,0,steady
1791233159.5760667,kiemthugialap023@gmail.com,GET,/orders/me,18.229,200,ok,0,steady
1791233159.5949686,kiemthugialap094@gmail.com,GET,/orders/me,5.693,200,ok,0,steady
1791233159.6125445,kiemthugialap038@gmail.com,GET,/orders/me,4.277,200,ok,0,steady
1791233159.6492467,kiemthugialap001@gmail.com,GET,/concerts/{id},7.995,200,ok,0,steady
1791233159.6508608,kiemthugialap076@gmail.com,GET,/orders/me,11.029,200,ok,0,steady
1791233159.652326,kiemthugialap041@gmail.com,GET,/orders/me,11.682,200,ok,0,steady
1791233159.6565878,kiemthugialap019@gmail.com,GET,/orders/me,4.079,200,ok,0,steady
1791233159.6784086,kiemthugialap064@gmail.com,GET,/orders/me,5.066,200,ok,0,steady
1791233159.7124164,kiemthugialap039@gmail.com,GET,/orders/me,4.952,200,ok,0,steady
1791233159.7291515,kiemthugialap045@gmail.com,GET,/orders/me,4.838,200,ok,0,steady
1791233159.7323546,kiemthugialap022@gmail.com,GET,/orders/me,3.064,200,ok,0,steady
1791233159.7786686,kiemthugialap012@gmail.com,GET,/orders/me,5.108,200,ok,0,steady
1791233159.7817276,kiemthugialap079@gmail.com,GET,/orders/me,2.924,200,ok,0,steady
1791233159.8164651,kiemthugialap025@gmail.com,GET,/orders/me,7.184,200,ok,0,steady
1791233159.8169792,kiemthugialap004@gmail.com,GET,/orders/me,8.8,200,ok,0,steady
1791233159.8172917,kiemthugialap042@gmail.com,GET,/orders/me,10.016,200,ok,0,steady
1791233159.8462057,kiemthugialap056@gmail.com,GET,/concerts,6.695,200,ok,0,steady
1791233159.847717,kiemthugialap044@gmail.com,GET,/orders/me,6.64,200,ok,0,steady
1791233159.8480463,kiemthugialap057@gmail.com,GET,/orders/me,7.22,200,ok,0,steady
1791233159.8810983,kiemthugialap007@gmail.com,GET,/orders/me,7.508,200,ok,0,steady
1791233159.9243171,kiemthugialap006@gmail.com,GET,/concerts?on_sale=true,15.977,200,ok,0,steady
1791233159.9278781,kiemthugialap040@gmail.com,GET,/orders/me,19.887,200,ok,0,steady
1791233159.9284232,kiemthugialap090@gmail.com,GET,/orders/me,22.0,200,ok,0,steady
1791233159.92935,kiemthugialap059@gmail.com,GET,/orders/me,6.75,200,ok,0,steady
1791233159.961621,kiemthugialap060@gmail.com,GET,/orders/me,5.272,200,ok,0,steady
1791233159.981089,kiemthugialap065@gmail.com,GET,/orders/me,6.182,200,ok,0,steady
1791233159.9814801,kiemthugialap066@gmail.com,GET,/orders/me,7.714,200,ok,0,steady
1791233159.9927382,kiemthugialap016@gmail.com,GET,/concerts?on_sale=true,3.122,200,ok,0,steady
1791233160.0302033,kiemthugialap017@gmail.com,GET,/orders/me,6.661,200,ok,0,steady
1791233160.0340772,kiemthugialap068@gmail.com,GET,/orders/me,3.585,200,ok,0,steady
1791233160.0797281,kiemthugialap050@gmail.com,GET,/orders/me,6.925,200,ok,0,steady
1791233160.1160328,kiemthugialap008@gmail.com,GET,/orders/me,25.731,200,ok,0,steady
1791233160.1174905,kiemthugialap071@gmail.com,GET,/orders/me,28.472,200,ok,0,steady
1791233160.1233764,kiemthugialap027@gmail.com,GET,/orders/me,16.217,200,ok,0,steady
1791233160.1235776,kiemthugialap014@gmail.com,GET,/orders/me,14.903,200,ok,0,steady
1791233160.1240351,kiemthugialap096@gmail.com,GET,/orders/me,15.79,200,ok,0,steady
1791233160.1242454,kiemthugialap028@gmail.com,GET,/orders/me,15.272,200,ok,0,steady
1791233160.1269727,kiemthugialap088@gmail.com,GET,/orders/me,10.695,200,ok,0,steady
1791233160.1660175,kiemthugialap053@gmail.com,GET,/orders/me,7.485,200,ok,0,steady
1791233160.1664867,kiemthugialap058@gmail.com,GET,/orders/me,9.882,200,ok,0,steady
1791233160.1667898,kiemthugialap052@gmail.com,GET,/orders/me,9.335,200,ok,0,steady
1791233160.2120385,kiemthugialap047@gmail.com,GET,/concerts?on_sale=true,5.911,200,ok,0,steady
1791233160.263688,kiemthugialap084@gmail.com,GET,/orders/me,23.25,200,ok,0,steady
1791233160.264388,kiemthugialap032@gmail.com,GET,/orders/me,24.951,200,ok,0,steady
1791233160.2649288,kiemthugialap092@gmail.com,GET,/orders/me,9.031,200,ok,0,steady
1791233160.311707,kiemthugialap012@gmail.com,GET,/concerts?on_sale=true,5.606,200,ok,0,steady
1791233160.3172817,kiemthugialap041@gmail.com,GET,/orders/me,5.264,200,ok,0,steady
1791233160.3646858,kiemthugialap029@gmail.com,GET,/orders/me,23.96,200,ok,0,steady
1791233160.365207,kiemthugialap077@gmail.com,GET,/orders/me,25.938,200,ok,0,steady
1791233160.3655977,kiemthugialap080@gmail.com,GET,/orders/me,25.419,200,ok,0,steady
1791233160.3661869,kiemthugialap098@gmail.com,GET,/orders/me,10.74,200,ok,0,steady
1791233160.3947573,kiemthugialap083@gmail.com,GET,/concerts?on_sale=true,4.427,200,ok,0,steady
1791233160.3958006,kiemthugialap100@gmail.com,GET,/orders/me,6.622,200,ok,0,steady
1791233160.3987875,kiemthugialap093@gmail.com,GET,/orders/me,2.872,200,ok,0,steady
1791233160.4330661,kiemthugialap018@gmail.com,GET,/orders/me,8.945,200,ok,0,steady
1791233160.4340477,kiemthugialap043@gmail.com,GET,/concerts/{id},6.393,200,ok,0,steady
1791233160.4344606,kiemthugialap095@gmail.com,GET,/concerts/{id},8.914,200,ok,0,steady
1791233160.4346154,kiemthugialap026@gmail.com,GET,/orders/me,11.506,200,ok,0,steady
1791233160.4454288,kiemthugialap036@gmail.com,GET,/concerts,6.304,200,ok,0,steady
1791233160.4476345,kiemthugialap049@gmail.com,GET,/concerts/{id},6.725,200,ok,0,steady
1791233160.4482305,kiemthugialap087@gmail.com,GET,/orders/me,7.748,200,ok,0,steady
1791233160.450155,kiemthugialap091@gmail.com,GET,/orders/me,4.524,200,ok,0,steady
1791233160.4684014,kiemthugialap063@gmail.com,GET,/orders/me,10.327,200,ok,0,steady
1791233160.4699926,kiemthugialap009@gmail.com,GET,/orders/me,13.386,200,ok,0,steady
1791233160.4704013,kiemthugialap082@gmail.com,GET,/orders/me,14.777,200,ok,0,steady
1791233160.4723504,kiemthugialap069@gmail.com,GET,/concerts/{id},3.395,200,ok,0,steady
1791233160.4737272,kiemthugialap030@gmail.com,GET,/orders/me,5.126,200,ok,0,steady
1791233160.4948056,kiemthugialap003@gmail.com,GET,/orders/me,5.902,200,ok,0,steady
1791233160.5310037,kiemthugialap048@gmail.com,GET,/orders/me,6.352,200,ok,0,steady
1791233160.5314844,kiemthugialap072@gmail.com,GET,/orders/me,8.493,200,ok,0,steady
1791233160.5452678,kiemthugialap081@gmail.com,GET,/orders/me,5.346,200,ok,0,steady
1791233160.5791054,kiemthugialap085@gmail.com,GET,/concerts,4.271,200,ok,0,steady
1791233160.580672,kiemthugialap015@gmail.com,GET,/orders/me,6.678,200,ok,0,steady
1791233160.581899,kiemthugialap056@gmail.com,GET,/concerts/{id},2.664,200,ok,0,steady
1791233160.6119688,kiemthugialap025@gmail.com,GET,/concerts,4.88,200,ok,0,steady
1791233160.6129987,kiemthugialap073@gmail.com,GET,/orders/me,5.041,200,ok,0,steady
1791233160.6304598,kiemthugialap010@gmail.com,GET,/concerts/{id},5.058,200,ok,0,steady
1791233160.630815,kiemthugialap007@gmail.com,GET,/orders/me,6.539,200,ok,0,steady
1791233160.6457193,kiemthugialap068@gmail.com,GET,/orders/me,5.215,200,ok,0,steady
1791233160.6633215,kiemthugialap019@gmail.com,GET,/concerts,4.934,200,ok,0,steady
1791233160.663714,kiemthugialap066@gmail.com,GET,/concerts?on_sale=true,5.649,200,ok,0,steady
1791233160.6646614,kiemthugialap031@gmail.com,GET,/orders/me,7.522,200,ok,0,steady
1791233160.7294977,kiemthugialap045@gmail.com,GET,/concerts?on_sale=true,5.166,200,ok,0,steady
1791233160.7651317,kiemthugialap040@gmail.com,GET,/orders/me,8.021,200,ok,0,steady
1791233160.7667654,kiemthugialap089@gmail.com,GET,/orders/me,8.549,200,ok,0,steady
1791233160.7696612,kiemthugialap033@gmail.com,GET,/orders/me,4.296,200,ok,0,steady
1791233160.773936,kiemthugialap051@gmail.com,GET,/orders/me,4.149,200,ok,0,steady
1791233160.7953415,kiemthugialap067@gmail.com,GET,/orders/me,6.156,200,ok,0,steady
1791233160.7962148,kiemthugialap097@gmail.com,GET,/orders/me,6.382,200,ok,0,steady
1791233160.7975001,kiemthugialap001@gmail.com,GET,/concerts,2.015,200,ok,0,steady
1791233160.8342087,kiemthugialap079@gmail.com,GET,/concerts,10.437,200,ok,0,steady
1791233160.835827,kiemthugialap057@gmail.com,GET,/concerts/{id},9.13,200,ok,0,steady
1791233160.8361797,kiemthugialap005@gmail.com,GET,/concerts,11.377,200,ok,0,steady
1791233160.8379674,kiemthugialap074@gmail.com,GET,/orders/me,12.815,200,ok,0,steady
1791233160.839941,kiemthugialap038@gmail.com,GET,/orders/me,12.632,200,ok,0,steady
1791233160.8413775,kiemthugialap094@gmail.com,GET,/orders/me,14.964,200,ok,0,steady
1791233160.8440647,kiemthugialap086@gmail.com,GET,/concerts/{id},10.723,200,ok,0,steady
1791233160.8449295,kiemthugialap002@gmail.com,GET,/orders/me,11.928,200,ok,0,steady
1791233160.8463323,kiemthugialap055@gmail.com,GET,/orders/me,11.942,200,ok,0,steady
1791233160.8472362,kiemthugialap021@gmail.com,GET,/orders/me,11.997,200,ok,0,steady
1791233160.8628933,kiemthugialap014@gmail.com,GET,/orders/me,6.754,200,ok,0,steady
1791233160.86657,kiemthugialap037@gmail.com,GET,/orders/me,3.43,200,ok,0,steady
1791233160.879001,kiemthugialap061@gmail.com,GET,/orders/me,4.778,200,ok,0,steady
1791233160.881929,kiemthugialap004@gmail.com,GET,/orders/me,2.788,200,ok,0,steady
1791233160.9128203,kiemthugialap020@gmail.com,GET,/orders/me,5.525,200,ok,0,steady
1791233160.929623,kiemthugialap023@gmail.com,GET,/concerts,6.183,200,ok,0,steady
1791233160.930731,kiemthugialap011@gmail.com,GET,/orders/me,6.403,200,ok,0,steady
1791233160.9623575,kiemthugialap088@gmail.com,GET,/concerts?on_sale=true,4.923,200,ok,0,steady
1791233161.000368,kiemthugialap013@gmail.com,GET,/orders/me,10.842,200,ok,0,steady
1791233161.000832,kiemthugialap008@gmail.com,GET,/concerts/{id},8.904,200,ok,0,steady
1791233161.002334,kiemthugialap027@gmail.com,GET,/orders/me,11.801,200,ok,0,steady
1791233161.002701,kiemthugialap053@gmail.com,GET,/orders/me,11.297,200,ok,0,steady
1791233161.003099,kiemthugialap029@gmail.com,GET,/orders/me,12.083,200,ok,0,steady
1791233161.0312607,kiemthugialap070@gmail.com,GET,/concerts?on_sale=true,7.192,200,ok,0,steady
1791233161.0328293,kiemthugialap100@gmail.com,GET,/concerts/{id},9.625,200,ok,0,steady
1791233161.0337703,kiemthugialap084@gmail.com,GET,/orders/me,9.392,200,ok,0,steady
1791233161.0341053,kiemthugialap054@gmail.com,GET,/orders/me,8.202,200,ok,0,steady
1791233161.0361326,kiemthugialap034@gmail.com,GET,/orders/me,4.728,200,ok,0,steady
1791233161.0763812,kiemthugialap075@gmail.com,GET,/concerts/{id},19.957,200,ok,0,steady
1791233161.0777016,kiemthugialap062@gmail.com,GET,/orders/me,20.659,200,ok,0,steady
1791233161.0801272,kiemthugialap018@gmail.com,GET,/orders/me,3.551,200,ok,0,steady
1791233161.083006,kiemthugialap044@gmail.com,GET,/orders/me,2.759,200,ok,0,steady
1791233161.095091,kiemthugialap003@gmail.com,GET,/orders/me,4.922,200,ok,0,steady
1791233161.129442,kiemthugialap071@gmail.com,GET,/concerts?on_sale=true,5.218,200,ok,0,steady
1791233161.1305609,kiemthugialap006@gmail.com,GET,/orders/me,5.452,200,ok,0,steady
1791233161.13278,kiemthugialap058@gmail.com,GET,/orders/me,3.209,200,ok,0,steady
1791233161.1467733,kiemthugialap083@gmail.com,GET,/concerts,6.145,200,ok,0,steady
1791233161.1477797,kiemthugialap072@gmail.com,GET,/orders/me,6.246,200,ok,0,steady
1791233161.1634874,kiemthugialap046@gmail.com,GET,/orders/me,5.399,200,ok,0,steady
1791233161.1674657,kiemthugialap078@gmail.com,GET,/orders/me,3.734,200,ok,0,steady
1791233161.1708822,kiemthugialap052@gmail.com,GET,/orders/me,3.274,200,ok,0,steady
1791233161.1952715,kiemthugialap085@gmail.com,GET,/orders/me,6.335,200,ok,0,steady
1791233161.1992638,kiemthugialap024@gmail.com,GET,/orders/me,3.729,200,ok,0,steady
1791233161.2110634,kiemthugialap096@gmail.com,GET,/orders/me,4.568,200,ok,0,steady
1791233161.213957,kiemthugialap099@gmail.com,GET,/concerts?on_sale=true,2.694,200,ok,0,steady
1791233161.2172234,kiemthugialap049@gmail.com,GET,/orders/me,3.141,200,ok,0,steady
1791233161.2470572,kiemthugialap010@gmail.com,GET,/orders/me,6.018,200,ok,0,steady
1791233161.2798247,kiemthugialap033@gmail.com,GET,/concerts,4.797,200,ok,0,steady
1791233161.2806854,kiemthugialap095@gmail.com,GET,/orders/me,6.679,200,ok,0,steady
1791233161.2821212,kiemthugialap035@gmail.com,GET,/concerts,2.163,200,ok,0,steady
1791233161.2850037,kiemthugialap060@gmail.com,GET,/orders/me,2.763,200,ok,0,steady
1791233161.2878277,kiemthugialap076@gmail.com,GET,/orders/me,2.702,200,ok,0,steady
1791233161.3119798,kiemthugialap087@gmail.com,GET,/concerts?on_sale=true,5.414,200,ok,0,steady
1791233161.314185,kiemthugialap065@gmail.com,GET,/orders/me,8.474,200,ok,0,steady
1791233161.3192403,kiemthugialap012@gmail.com,GET,/orders/me,7.0,200,ok,0,steady
1791233161.3198643,kiemthugialap042@gmail.com,GET,/orders/me,6.966,200,ok,0,steady
1791233161.3208897,kiemthugialap059@gmail.com,GET,/orders/me,6.533,200,ok,0,steady
1791233161.3621771,kiemthugialap017@gmail.com,GET,/concerts?on_sale=true,5.443,200,ok,0,steady
1791233161.381717,kiemthugialap014@gmail.com,GET,/orders/me,8.976,200,ok,0,steady
1791233161.4159884,kiemthugialap009@gmail.com,GET,/concerts/{id},10.039,200,ok,0,steady
1791233161.416564,kiemthugialap090@gmail.com,GET,/orders/me,9.277,200,ok,0,steady
1791233161.417978,kiemthugialap080@gmail.com,GET,/orders/me,11.32,200,ok,0,steady
1791233161.4216297,kiemthugialap045@gmail.com,GET,/orders/me,3.512,200,ok,0,steady
1791233161.429016,kiemthugialap057@gmail.com,GET,/concerts?on_sale=true,6.75,200,ok,0,steady
1791233161.42968,kiemthugialap066@gmail.com,GET,/concerts/{id},7.908,200,ok,0,steady
1791233161.4458148,kiemthugialap028@gmail.com,GET,/orders/me,6.816,200,ok,0,steady
1791233161.4613419,kiemthugialap036@gmail.com,GET,/orders/me,5.55,200,ok,0,steady
1791233161.498629,kiemthugialap039@gmail.com,GET,/concerts?on_sale=true,6.428,200,ok,0,steady
1791233161.5001345,kiemthugialap047@gmail.com,GET,/orders/me,10.035,200,ok,0,steady
1791233161.5014966,kiemthugialap089@gmail.com,GET,/orders/me,10.795,200,ok,0,steady
1791233161.501915,kiemthugialap081@gmail.com,GET,/orders/me,12.828,200,ok,0,steady
1791233161.5044212,kiemthugialap077@gmail.com,GET,/concerts,4.09,200,ok,0,steady
1791233161.504899,kiemthugialap055@gmail.com,GET,/concerts/{id},2.865,200,ok,0,steady
1791233161.5132685,kiemthugialap016@gmail.com,GET,/orders/me,5.682,200,ok,0,steady
1791233161.5137153,kiemthugialap007@gmail.com,GET,/orders/me,6.982,200,ok,0,steady
1791233161.5461907,kiemthugialap019@gmail.com,GET,/orders/me,6.422,200,ok,0,steady
1791233161.5466802,kiemthugialap074@gmail.com,GET,/orders/me,7.661,200,ok,0,steady
1791233161.56038,kiemthugialap092@gmail.com,GET,/concerts,3.034,200,ok,0,steady
1791233161.6119535,kiemthugialap061@gmail.com,GET,/concerts/{id},4.412,200,ok,0,steady
1791233161.6289306,kiemthugialap064@gmail.com,GET,/orders/me,5.579,200,ok,0,steady
1791233161.632983,kiemthugialap098@gmail.com,GET,/orders/me,3.831,200,ok,0,steady
1791233161.6622918,kiemthugialap083@gmail.com,GET,/concerts,4.75,200,ok,0,steady
1791233161.6633618,kiemthugialap022@gmail.com,GET,/orders/me,7.177,200,ok,0,steady
1791233161.6960714,kiemthugialap015@gmail.com,GET,/orders/me,5.33,200,ok,0,steady
1791233161.7319252,kiemthugialap069@gmail.com,GET,/orders/me,6.446,200,ok,0,steady
1791233161.7323775,kiemthugialap020@gmail.com,GET,/orders/me,7.768,200,ok,0,steady
1791233161.7657702,kiemthugialap027@gmail.com,GET,/orders/me,5.991,200,ok,0,steady
1791233161.780509,kiemthugialap005@gmail.com,GET,/orders/me,6.536,200,ok,0,steady
1791233161.8311322,kiemthugialap060@gmail.com,GET,/orders/me,7.233,200,ok,0,steady
1791233161.8607771,kiemthugialap054@gmail.com,GET,/concerts/{id},4.866,200,ok,0,steady
1791233161.8807273,kiemthugialap050@gmail.com,GET,/orders/me,6.897,200,ok,0,steady
1791233161.8812044,kiemthugialap043@gmail.com,GET,/orders/me,8.322,200,ok,0,steady
1791233161.8974457,kiemthugialap062@gmail.com,GET,/orders/me,7.765,200,ok,0,steady
1791233161.9017687,kiemthugialap088@gmail.com,GET,/orders/me,4.035,200,ok,0,steady
1791233161.9480195,kiemthugialap052@gmail.com,GET,/orders/me,6.178,200,ok,0,steady
1791233161.9483788,kiemthugialap073@gmail.com,GET,/orders/me,7.713,200,ok,0,steady
1791233161.9643404,kiemthugialap091@gmail.com,GET,/orders/me,7.101,200,ok,0,steady
1791233161.964789,kiemthugialap071@gmail.com,GET,/orders/me,6.833,200,ok,0,steady
1791233161.9977965,kiemthugialap030@gmail.com,GET,/orders/me,6.442,200,ok,0,steady
1791233161.9987123,kiemthugialap032@gmail.com,GET,/orders/me,6.274,200,ok,0,steady
1791233162.0007524,kiemthugialap051@gmail.com,GET,/orders/me,2.833,200,ok,0,steady
1791233162.0322506,kiemthugialap041@gmail.com,GET,/concerts/{id},8.191,200,ok,0,steady
1791233162.0327117,kiemthugialap086@gmail.com,GET,/concerts/{id},7.548,200,ok,0,steady
1791233162.0336623,kiemthugialap095@gmail.com,GET,/orders/me,8.102,200,ok,0,steady
1791233162.0642407,kiemthugialap056@gmail.com,GET,/concerts?on_sale=true,7.437,200,ok,0,steady
1791233162.0653307,kiemthugialap008@gmail.com,GET,/orders/me,7.728,200,ok,0,steady
1791233162.0956278,kiemthugialap040@gmail.com,GET,/orders/me,4.965,200,ok,0,steady
1791233162.113622,kiemthugialap093@gmail.com,GET,/orders/me,5.042,200,ok,0,steady
1791233162.1309462,kiemthugialap035@gmail.com,GET,/orders/me,7.13,200,ok,0,steady
1791233162.1321416,kiemthugialap096@gmail.com,GET,/orders/me,6.996,200,ok,0,steady
1791233162.134184,kiemthugialap011@gmail.com,GET,/orders/me,3.05,200,ok,0,steady
1791233162.1452837,kiemthugialap031@gmail.com,GET,/orders/me,4.185,200,ok,0,steady
1791233162.1483574,kiemthugialap048@gmail.com,GET,/orders/me,2.916,200,ok,0,steady
1791233162.1632323,kiemthugialap029@gmail.com,GET,/orders/me,5.793,200,ok,0,steady
1791233162.1811695,kiemthugialap046@gmail.com,GET,/concerts?on_sale=true,5.528,200,ok,0,steady
1791233162.1820805,kiemthugialap016@gmail.com,GET,/orders/me,8.025,200,ok,0,steady
1791233162.195877,kiemthugialap063@gmail.com,GET,/concerts,5.868,200,ok,0,steady
1791233162.231865,kiemthugialap026@gmail.com,GET,/concerts?on_sale=true,7.857,200,ok,0,steady
1791233162.2335472,kiemthugialap006@gmail.com,GET,/orders/me,8.396,200,ok,0,steady
1791233162.2363007,kiemthugialap044@gmail.com,GET,/concerts/{id},3.885,200,ok,0,steady
1791233162.2374246,kiemthugialap078@gmail.com,GET,/orders/me,5.417,200,ok,0,steady
1791233162.2975624,kiemthugialap082@gmail.com,GET,/orders/me,8.091,200,ok,0,steady
1791233162.2991028,kiemthugialap024@gmail.com,GET,/orders/me,8.884,200,ok,0,steady
1791233162.3018677,kiemthugialap098@gmail.com,GET,/orders/me,4.056,200,ok,0,steady
1791233162.328048,kiemthugialap085@gmail.com,GET,/orders/me,4.779,200,ok,0,steady
1791233162.3459377,kiemthugialap079@gmail.com,GET,/concerts?on_sale=true,3.829,200,ok,0,steady
1791233162.3468773,kiemthugialap068@gmail.com,GET,/orders/me,6.592,200,ok,0,steady
1791233162.3836896,kiemthugialap004@gmail.com,GET,/orders/me,9.58,200,ok,0,steady
1791233162.3841593,kiemthugialap010@gmail.com,GET,/orders/me,7.989,200,ok,0,steady
1791233162.3844614,kiemthugialap049@gmail.com,GET,/orders/me,9.411,200,ok,0,steady
1791233162.3984325,kiemthugialap067@gmail.com,GET,/orders/me,7.528,200,ok,0,steady
1791233162.3989441,kiemthugialap100@gmail.com,GET,/orders/me,7.606,200,ok,0,steady
1791233162.3992622,kiemthugialap038@gmail.com,GET,/orders/me,7.638,200,ok,0,steady
1791233162.4318264,kiemthugialap055@gmail.com,GET,/orders/me,7.145,200,ok,0,steady
1791233162.4324675,kiemthugialap042@gmail.com,GET,/orders/me,8.923,200,ok,0,steady
1791233162.43277,kiemthugialap023@gmail.com,GET,/orders/me,8.406,200,ok,0,steady
1791233162.435966,kiemthugialap007@gmail.com,GET,/concerts,3.079,200,ok,0,steady
1791233162.436369,kiemthugialap097@gmail.com,GET,/concerts?on_sale=true,2.83,200,ok,0,steady
1791233162.4623063,kiemthugialap015@gmail.com,GET,/orders/me,4.765,200,ok,0,steady
1791233162.4816878,kiemthugialap001@gmail.com,GET,/orders/me,7.129,200,ok,0,steady
1791233162.4875612,kiemthugialap002@gmail.com,GET,/orders/me,5.604,200,ok,0,steady
1791233162.4925132,kiemthugialap070@gmail.com,GET,/orders/me,4.766,200,ok,0,steady
1791233162.5134728,kiemthugialap062@gmail.com,GET,/orders/me,7.019,200,ok,0,steady
1791233162.5516148,kiemthugialap077@gmail.com,GET,/orders/me,12.157,200,ok,0,steady
1791233162.5532966,kiemthugialap021@gmail.com,GET,/orders/me,11.111,200,ok,0,steady
1791233162.5537686,kiemthugialap075@gmail.com,GET,/orders/me,12.974,200,ok,0,steady
1791233162.555203,kiemthugialap072@gmail.com,GET,/orders/me,14.783,200,ok,0,steady
1791233162.5610018,kiemthugialap025@gmail.com,GET,/orders/me,9.092,200,ok,0,steady
1791233162.5622673,kiemthugialap039@gmail.com,GET,/orders/me,6.815,200,ok,0,steady
1791233162.6143768,kiemthugialap013@gmail.com,GET,/concerts/{id},7.692,200,ok,0,steady
1791233162.6161091,kiemthugialap087@gmail.com,GET,/orders/me,10.3,200,ok,0,steady
1791233162.616605,kiemthugialap019@gmail.com,GET,/orders/me,10.262,200,ok,0,steady
1791233162.6449199,kiemthugialap059@gmail.com,GET,/concerts?on_sale=true,4.733,200,ok,0,steady
1791233162.6458917,kiemthugialap037@gmail.com,GET,/orders/me,6.548,200,ok,0,steady
1791233162.6481392,kiemthugialap057@gmail.com,GET,/concerts/{id},2.129,200,ok,0,steady
1791233162.6816506,kiemthugialap031@gmail.com,GET,/orders/me,7.306,200,ok,0,steady
1791233162.6821535,kiemthugialap047@gmail.com,GET,/orders/me,9.384,200,ok,0,steady
1791233162.6824794,kiemthugialap028@gmail.com,GET,/orders/me,10.328,200,ok,0,steady
1791233162.695408,kiemthugialap008@gmail.com,GET,/concerts/{id},5.047,200,ok,0,steady
1791233162.6965828,kiemthugialap069@gmail.com,GET,/orders/me,7.272,200,ok,0,steady
1791233162.7164748,kiemthugialap074@gmail.com,GET,/orders/me,10.666,200,ok,0,steady
1791233162.71775,kiemthugialap066@gmail.com,GET,/orders/me,11.196,200,ok,0,steady
1791233162.7180731,kiemthugialap052@gmail.com,GET,/orders/me,10.138,200,ok,0,steady
1791233162.7191095,kiemthugialap099@gmail.com,GET,/concerts,2.418,200,ok,0,steady
1791233162.7214084,kiemthugialap094@gmail.com,GET,/orders/me,3.23,200,ok,0,steady
1791233162.7480383,kiemthugialap083@gmail.com,GET,/orders/me,7.646,200,ok,0,steady
1791233162.7484522,kiemthugialap018@gmail.com,GET,/orders/me,9.058,200,ok,0,steady
1791233162.7487667,kiemthugialap091@gmail.com,GET,/orders/me,7.785,200,ok,0,steady
1791233162.7931123,kiemthugialap017@gmail.com,GET,/orders/me,19.972,200,ok,0,steady
1791233162.7941003,kiemthugialap092@gmail.com,GET,/orders/me,20.019,200,ok,0,steady
1791233162.795452,kiemthugialap005@gmail.com,GET,/concerts?on_sale=true,2.186,200,ok,0,steady
1791233162.8284914,kiemthugialap044@gmail.com,GET,/orders/me,5.84,200,ok,0,steady
1791233162.8458788,kiemthugialap027@gmail.com,GET,/orders/me,4.847,200,ok,0,steady
1791233162.863939,kiemthugialap032@gmail.com,GET,/concerts?on_sale=true,5.672,200,ok,0,steady
1791233162.8642735,kiemthugialap003@gmail.com,GET,/concerts?on_sale=true,6.885,200,ok,0,steady
1791233162.8652236,kiemthugialap009@gmail.com,GET,/orders/me,5.588,200,ok,0,steady
1791233162.897128,kiemthugialap053@gmail.com,GET,/orders/me,5.754,200,ok,0,steady
1791233162.9137082,kiemthugialap089@gmail.com,GET,/orders/me,5.88,200,ok,0,steady
1791233162.9175515,kiemthugialap045@gmail.com,GET,/orders/me,3.693,200,ok,0,steady
1791233162.945111,kiemthugialap080@gmail.com,GET,/orders/me,6.279,200,ok,0,steady
1791233162.9649222,kiemthugialap084@gmail.com,GET,/orders/me,7.36,200,ok,0,steady
1791233162.9660604,kiemthugialap090@gmail.com,GET,/orders/me,10.026,200,ok,0,steady
1791233162.966399,kiemthugialap076@gmail.com,GET,/orders/me,9.385,200,ok,0,steady
1791233162.968019,kiemthugialap034@gmail.com,GET,/orders/me,2.901,200,ok,0,steady
1791233162.9955955,kiemthugialap042@gmail.com,GET,/concerts?on_sale=true,5.798,200,ok,0,steady
1791233162.9966078,kiemthugialap002@gmail.com,GET,/orders/me,5.834,200,ok,0,steady
1791233163.0128052,kiemthugialap058@gmail.com,GET,/orders/me,5.361,200,ok,0,steady
1791233163.0167892,kiemthugialap012@gmail.com,GET,/orders/me,3.755,200,ok,0,steady
1791233163.0467772,kiemthugialap049@gmail.com,GET,/orders/me,5.535,200,ok,0,steady
1791233163.0644767,kiemthugialap060@gmail.com,GET,/orders/me,6.641,200,ok,0,steady
1791233163.0954509,kiemthugialap064@gmail.com,GET,/orders/me,4.838,200,ok,0,steady
1791233163.0983884,kiemthugialap086@gmail.com,GET,/orders/me,2.781,200,ok,0,steady
1791233163.1295772,kiemthugialap014@gmail.com,GET,/orders/me,5.693,200,ok,0,steady
1791233163.1463976,kiemthugialap038@gmail.com,GET,/concerts/{id},5.36,200,ok,0,steady
1791233163.17961,kiemthugialap022@gmail.com,GET,/orders/me,6.075,200,ok,0,steady
1791233163.1930807,kiemthugialap065@gmail.com,GET,/concerts/{id},3.651,200,ok,0,steady
1791233163.2108314,kiemthugialap075@gmail.com,GET,/orders/me,5.146,200,ok,0,steady
1791233163.2639945,kiemthugialap033@gmail.com,GET,/orders/me,5.713,200,ok,0,steady
1791233163.281096,kiemthugialap036@gmail.com,GET,/orders/me,6.198,200,ok,0,steady
1791233163.2814534,kiemthugialap008@gmail.com,GET,/orders/me,7.497,200,ok,0,steady
1791233163.2959769,kiemthugialap079@gmail.com,GET,/orders/me,5.274,200,ok,0,steady
1791233163.3286908,kiemthugialap021@gmail.com,GET,/orders/me,5.174,200,ok,0,steady
1791233163.36503,kiemthugialap020@gmail.com,GET,/orders/me,8.384,200,ok,0,steady
1791233163.399411,kiemthugialap068@gmail.com,GET,/orders/me,7.333,200,ok,0,steady
1791233163.3998244,kiemthugialap054@gmail.com,GET,/orders/me,8.074,200,ok,0,steady
1791233163.4001105,kiemthugialap059@gmail.com,GET,/orders/me,9.538,200,ok,0,steady
1791233163.4308732,kiemthugialap044@gmail.com,GET,/concerts/{id},5.686,200,ok,0,steady
1791233163.4320886,kiemthugialap023@gmail.com,GET,/concerts,8.38,200,ok,0,steady
1791233163.432618,kiemthugialap010@gmail.com,GET,/orders/me,7.969,200,ok,0,steady
1791233163.4349675,kiemthugialap061@gmail.com,GET,/orders/me,3.888,200,ok,0,steady
1791233163.4379013,kiemthugialap081@gmail.com,GET,/orders/me,2.818,200,ok,0,steady
1791233163.461879,kiemthugialap048@gmail.com,GET,/concerts,3.83,200,ok,0,steady
1791233163.4627936,kiemthugialap039@gmail.com,GET,/concerts?on_sale=true,5.751,200,ok,0,steady
1791233163.4641793,kiemthugialap027@gmail.com,GET,/concerts/{id},2.174,200,ok,0,steady
1791233163.4811354,kiemthugialap006@gmail.com,GET,/orders/me,5.317,200,ok,0,steady
1791233163.4814959,kiemthugialap046@gmail.com,GET,/orders/me,6.795,200,ok,0,steady
1791233163.5123622,kiemthugialap025@gmail.com,GET,/concerts?on_sale=true,3.591,200,ok,0,steady
1791233163.5133154,kiemthugialap071@gmail.com,GET,/orders/me,5.783,200,ok,0,steady
1791233163.5518756,kiemthugialap067@gmail.com,GET,/orders/me,11.213,200,ok,0,steady
1791233163.5523353,kiemthugialap070@gmail.com,GET,/orders/me,11.046,200,ok,0,steady
1791233163.55264,kiemthugialap011@gmail.com,GET,/orders/me,12.609,200,ok,0,steady
1791233163.5531187,kiemthugialap082@gmail.com,GET,/orders/me,12.154,200,ok,0,steady
1791233163.5926375,kiemthugialap041@gmail.com,GET,/concerts,18.674,200,ok,0,steady
1791233163.5930493,kiemthugialap076@gmail.com,GET,/concerts?on_sale=true,18.168,200,ok,0,steady
1791233163.5973916,kiemthugialap026@gmail.com,GET,/orders/me,4.165,200,ok,0,steady
1791233163.6482592,kiemthugialap043@gmail.com,GET,/concerts/{id},5.897,200,ok,0,steady
1791233163.6497345,kiemthugialap078@gmail.com,GET,/concerts?on_sale=true,5.976,200,ok,0,steady
1791233163.6500611,kiemthugialap077@gmail.com,GET,/concerts/{id},8.738,200,ok,0,steady
1791233163.653879,kiemthugialap100@gmail.com,GET,/orders/me,5.473,200,ok,0,steady
1791233163.6542616,kiemthugialap084@gmail.com,GET,/orders/me,5.523,200,ok,0,steady
1791233163.6842158,kiemthugialap016@gmail.com,GET,/orders/me,10.941,200,ok,0,steady
1791233163.6847215,kiemthugialap095@gmail.com,GET,/orders/me,10.358,200,ok,0,steady
1791233163.685121,kiemthugialap030@gmail.com,GET,/orders/me,11.141,200,ok,0,steady
1791233163.728866,kiemthugialap092@gmail.com,GET,/concerts/{id},6.033,200,ok,0,steady
1791233163.7343247,kiemthugialap022@gmail.com,GET,/concerts?on_sale=true,5.183,200,ok,0,steady
1791233163.735853,kiemthugialap056@gmail.com,GET,/orders/me,5.732,200,ok,0,steady
1791233163.761144,kiemthugialap047@gmail.com,GET,/concerts/{id},5.113,200,ok,0,steady
1791233163.799317,kiemthugialap050@gmail.com,GET,/orders/me,8.928,200,ok,0,steady
1791233163.8008358,kiemthugialap085@gmail.com,GET,/orders/me,10.856,200,ok,0,steady
1791233163.8241694,kiemthugialap096@gmail.com,GET,/concerts?on_sale=true,24.602,200,ok,0,steady
1791233163.824648,kiemthugialap057@gmail.com,GET,/orders/me,35.331,200,ok,0,steady
1791233163.8294582,kiemthugialap040@gmail.com,GET,/orders/me,6.747,200,ok,0,steady
1791233163.8583415,kiemthugialap004@gmail.com,GET,/concerts,19.24,200,ok,0,steady
1791233163.8606894,kiemthugialap091@gmail.com,GET,/orders/me,21.179,200,ok,0,steady
1791233163.8615952,kiemthugialap099@gmail.com,GET,/concerts/{id},5.32,200,ok,0,steady
1791233163.863811,kiemthugialap087@gmail.com,GET,/orders/me,2.995,200,ok,0,steady
1791233163.8802714,kiemthugialap049@gmail.com,GET,/orders/me,5.001,200,ok,0,steady
1791233163.8806307,kiemthugialap088@gmail.com,GET,/orders/me,6.959,200,ok,0,steady
1791233163.9115674,kiemthugialap024@gmail.com,GET,/orders/me,5.033,200,ok,0,steady
1791233163.9156694,kiemthugialap072@gmail.com,GET,/concerts?on_sale=true,3.943,200,ok,0,steady
1791233163.9166675,kiemthugialap052@gmail.com,GET,/orders/me,4.611,200,ok,0,steady
1791233163.928247,kiemthugialap073@gmail.com,GET,/concerts?on_sale=true,4.386,200,ok,0,steady
1791233163.9474041,kiemthugialap002@gmail.com,GET,/orders/me,7.825,200,ok,0,steady
1791233163.9485576,kiemthugialap079@gmail.com,GET,/orders/me,7.977,200,ok,0,steady
1791233163.950615,kiemthugialap093@gmail.com,GET,/orders/me,3.019,200,ok,0,steady
1791233163.9597461,kiemthugialap069@gmail.com,GET,/concerts?on_sale=true,3.531,200,ok,0,steady
1791233163.9962466,kiemthugialap074@gmail.com,GET,/orders/me,5.569,200,ok,0,steady
1791233164.01062,kiemthugialap051@gmail.com,GET,/concerts,3.517,200,ok,0,steady
1791233164.0306084,kiemthugialap063@gmail.com,GET,/concerts/{id},6.771,200,ok,0,steady
1791233164.0409722,kiemthugialap029@gmail.com,GET,/orders/me,15.995,200,ok,0,steady
1791233164.0437987,kiemthugialap023@gmail.com,GET,/concerts/{id},4.436,200,ok,0,steady
1791233164.0441377,kiemthugialap021@gmail.com,GET,/concerts/{id},13.336,200,ok,0,steady
1791233164.0619385,kiemthugialap018@gmail.com,GET,/orders/me,5.565,200,ok,0,steady
1791233164.0644717,kiemthugialap015@gmail.com,GET,/concerts,2.383,200,ok,0,steady
1791233164.1135476,kiemthugialap059@gmail.com,GET,/concerts,4.726,200,ok,0,steady
1791233164.1147537,kiemthugialap008@gmail.com,GET,/orders/me,7.115,200,ok,0,steady
1791233164.1308622,kiemthugialap035@gmail.com,GET,/concerts/{id},6.471,200,ok,0,steady
1791233164.131689,kiemthugialap006@gmail.com,GET,/concerts/{id},6.168,200,ok,0,steady
1791233164.1319973,kiemthugialap083@gmail.com,GET,/concerts?on_sale=true,5.105,200,ok,0,steady
1791233164.1344311,kiemthugialap097@gmail.com,GET,/orders/me,3.437,200,ok,0,steady
1791233164.146017,kiemthugialap045@gmail.com,GET,/orders/me,5.491,200,ok,0,steady
1791233164.1497996,kiemthugialap013@gmail.com,GET,/orders/me,3.567,200,ok,0,steady
1791233164.160293,kiemthugialap044@gmail.com,GET,/orders/me,4.344,200,ok,0,steady
1791233164.163445,kiemthugialap034@gmail.com,GET,/orders/me,3.024,200,ok,0,steady
1791233164.1664507,kiemthugialap098@gmail.com,GET,/orders/me,2.886,200,ok,0,steady
1791233164.1806598,kiemthugialap041@gmail.com,GET,/orders/me,6.569,200,ok,0,steady
1791233164.1965108,kiemthugialap032@gmail.com,GET,/orders/me,5.203,200,ok,0,steady
1791233164.200357,kiemthugialap060@gmail.com,GET,/orders/me,3.637,200,ok,0,steady
1791233164.2316606,kiemthugialap001@gmail.com,GET,/concerts,5.834,200,ok,0,steady
1791233164.2333493,kiemthugialap017@gmail.com,GET,/orders/me,8.016,200,ok,0,steady
1791233164.2336886,kiemthugialap062@gmail.com,GET,/orders/me,9.318,200,ok,0,steady
1791233164.3147292,kiemthugialap066@gmail.com,GET,/orders/me,7.084,200,ok,0,steady
1791233164.315101,kiemthugialap065@gmail.com,GET,/orders/me,6.419,200,ok,0,steady
1791233164.3478017,kiemthugialap055@gmail.com,GET,/orders/me,6.644,200,ok,0,steady
1791233164.3506782,kiemthugialap092@gmail.com,GET,/orders/me,2.728,200,ok,0,steady
1791233164.3637028,kiemthugialap019@gmail.com,GET,/orders/me,5.866,200,ok,0,steady
1791233164.3681743,kiemthugialap084@gmail.com,GET,/orders/me,4.297,200,ok,0,steady
1791233164.3807225,kiemthugialap028@gmail.com,GET,/concerts?on_sale=true,7.252,200,ok,0,steady
1791233164.3814428,kiemthugialap037@gmail.com,GET,/orders/me,6.951,200,ok,0,steady
1791233164.3817692,kiemthugialap007@gmail.com,GET,/orders/me,6.46,200,ok,0,steady
1791233164.396673,kiemthugialap046@gmail.com,GET,/orders/me,5.738,200,ok,0,steady
1791233164.4019718,kiemthugialap050@gmail.com,GET,/orders/me,5.01,200,ok,0,steady
1791233164.4112628,kiemthugialap056@gmail.com,GET,/concerts?on_sale=true,3.23,200,ok,0,steady
1791233164.4475148,kiemthugialap031@gmail.com,GET,/concerts/{id},6.054,200,ok,0,steady
1791233164.4489448,kiemthugialap054@gmail.com,GET,/orders/me,6.971,200,ok,0,steady
1791233164.449309,kiemthugialap042@gmail.com,GET,/orders/me,8.745,200,ok,0,steady
1791233164.4651897,kiemthugialap014@gmail.com,GET,/concerts,7.768,200,ok,0,steady
1791233164.4665766,kiemthugialap012@gmail.com,GET,/orders/me,7.721,200,ok,0,steady
1791233164.5119278,kiemthugialap039@gmail.com,GET,/orders/me,4.816,200,ok,0,steady
1791233164.5293171,kiemthugialap010@gmail.com,GET,/concerts?on_sale=true,4.618,200,ok,0,steady
1791233164.532355,kiemthugialap053@gmail.com,GET,/orders/me,2.906,200,ok,0,steady
1791233164.534334,kiemthugialap020@gmail.com,GET,/concerts/{id},1.868,200,ok,0,steady
1791233164.564427,kiemthugialap067@gmail.com,GET,/orders/me,6.727,200,ok,0,steady
1791233164.5647907,kiemthugialap094@gmail.com,GET,/orders/me,6.177,200,ok,0,steady
1791233164.5954914,kiemthugialap078@gmail.com,GET,/orders/me,5.076,200,ok,0,steady
1791233164.6125524,kiemthugialap058@gmail.com,GET,/orders/me,4.962,200,ok,0,steady
1791233164.6518095,kiemthugialap073@gmail.com,GET,/orders/me,10.677,200,ok,0,steady
1791233164.6529589,kiemthugialap089@gmail.com,GET,/orders/me,10.572,200,ok,0,steady
1791233164.6532676,kiemthugialap075@gmail.com,GET,/orders/me,10.518,200,ok,0,steady
1791233164.6535456,kiemthugialap088@gmail.com,GET,/orders/me,10.484,200,ok,0,steady
1791233164.655185,kiemthugialap033@gmail.com,GET,/orders/me,3.178,200,ok,0,steady
1791233164.711819,kiemthugialap043@gmail.com,GET,/concerts,19.174,200,ok,0,steady
1791233164.713279,kiemthugialap074@gmail.com,GET,/orders/me,21.034,200,ok,0,steady
1791233164.714161,kiemthugialap064@gmail.com,GET,/orders/me,23.386,200,ok,0,steady
1791233164.7160563,kiemthugialap095@gmail.com,GET,/orders/me,4.008,200,ok,0,steady
1791233164.7270975,kiemthugialap005@gmail.com,GET,/concerts,3.595,200,ok,0,steady
1791233164.7470968,kiemthugialap090@gmail.com,GET,/orders/me,4.761,200,ok,0,steady
1791233164.748074,kiemthugialap077@gmail.com,GET,/orders/me,7.067,200,ok,0,steady
1791233164.7502546,kiemthugialap025@gmail.com,GET,/orders/me,3.025,200,ok,0,steady
1791233164.7530804,kiemthugialap063@gmail.com,GET,/orders/me,2.689,200,ok,0,steady
1791233164.8144875,kiemthugialap009@gmail.com,GET,/concerts?on_sale=true,5.137,200,ok,0,steady
1791233164.81488,kiemthugialap082@gmail.com,GET,/concerts,5.758,200,ok,0,steady
1791233164.815848,kiemthugialap024@gmail.com,GET,/orders/me,7.892,200,ok,0,steady
1791233164.8512025,kiemthugialap080@gmail.com,GET,/orders/me,10.728,200,ok,0,steady
1791233164.852672,kiemthugialap003@gmail.com,GET,/orders/me,10.969,200,ok,0,steady
1791233164.853119,kiemthugialap066@gmail.com,GET,/orders/me,11.056,200,ok,0,steady
1791233164.855496,kiemthugialap068@gmail.com,GET,/orders/me,4.027,200,ok,0,steady
1791233164.9102664,kiemthugialap030@gmail.com,GET,/concerts/{id},19.768,200,ok,0,steady
1791233164.9156194,kiemthugialap051@gmail.com,GET,/orders/me,26.177,200,ok,0,steady
1791233164.916985,kiemthugialap070@gmail.com,GET,/orders/me,10.831,200,ok,0,steady
1791233164.9294627,kiemthugialap004@gmail.com,GET,/concerts/{id},6.716,200,ok,0,steady
1791233164.9307463,kiemthugialap100@gmail.com,GET,/orders/me,6.334,200,ok,0,steady
1791233164.9608855,kiemthugialap038@gmail.com,GET,/orders/me,4.902,200,ok,0,steady
1791233164.966694,kiemthugialap016@gmail.com,GET,/orders/me,4.805,200,ok,0,steady
1791233164.9671326,kiemthugialap034@gmail.com,GET,/orders/me,6.085,200,ok,0,steady
1791233164.97801,kiemthugialap081@gmail.com,GET,/concerts?on_sale=true,5.226,200,ok,0,steady
1791233164.9784665,kiemthugialap057@gmail.com,GET,/concerts,4.772,200,ok,0,steady
1791233164.9934807,kiemthugialap015@gmail.com,GET,/orders/me,4.175,200,ok,0,steady
1791233165.0132885,kiemthugialap093@gmail.com,GET,/concerts/{id},7.543,200,ok,0,steady
1791233165.0146053,kiemthugialap046@gmail.com,GET,/orders/me,7.453,200,ok,0,steady
1791233165.015112,kiemthugialap011@gmail.com,GET,/orders/me,8.396,200,ok,0,steady
1791233165.027154,kiemthugialap014@gmail.com,GET,/orders/me,4.375,200,ok,0,steady
1791233165.04472,kiemthugialap036@gmail.com,GET,/orders/me,5.055,200,ok,0,steady
1791233165.0785484,kiemthugialap086@gmail.com,GET,/concerts/{id},4.186,200,ok,0,steady
1791233165.1301756,kiemthugialap099@gmail.com,GET,/orders/me,5.624,200,ok,0,steady
1791233165.1350603,kiemthugialap087@gmail.com,GET,/orders/me,4.632,200,ok,0,steady
1791233165.1616385,kiemthugialap022@gmail.com,GET,/concerts/{id},4.731,200,ok,0,steady
1791233165.1794827,kiemthugialap044@gmail.com,GET,/concerts,4.994,200,ok,0,steady
1791233165.1835852,kiemthugialap026@gmail.com,GET,/orders/me,3.916,200,ok,0,steady
1791233165.230236,kiemthugialap052@gmail.com,GET,/orders/me,7.507,200,ok,0,steady
1791233165.2359478,kiemthugialap018@gmail.com,GET,/orders/me,5.487,200,ok,0,steady
1791233165.236289,kiemthugialap042@gmail.com,GET,/orders/me,5.38,200,ok,0,steady
1791233165.3159907,kiemthugialap007@gmail.com,GET,/concerts/{id},8.379,200,ok,0,steady
1791233165.3164818,kiemthugialap041@gmail.com,GET,/concerts,8.065,200,ok,0,steady
1791233165.3168142,kiemthugialap017@gmail.com,GET,/concerts/{id},8.043,200,ok,0,steady
1791233165.3180935,kiemthugialap061@gmail.com,GET,/orders/me,7.751,200,ok,0,steady
1791233165.320288,kiemthugialap013@gmail.com,GET,/orders/me,3.361,200,ok,0,steady
1791233165.3303463,kiemthugialap072@gmail.com,GET,/orders/me,6.157,200,ok,0,steady
1791233165.334395,kiemthugialap035@gmail.com,GET,/orders/me,3.853,200,ok,0,steady
1791233165.3422601,kiemthugialap049@gmail.com,GET,/concerts,3.216,200,ok,0,steady
1791233165.362707,kiemthugialap089@gmail.com,GET,/concerts/{id},5.565,200,ok,0,steady
1791233165.3636854,kiemthugialap071@gmail.com,GET,/orders/me,5.596,200,ok,0,steady
1791233165.3999221,kiemthugialap053@gmail.com,GET,/orders/me,6.481,200,ok,0,steady
1791233165.4009933,kiemthugialap082@gmail.com,GET,/orders/me,8.688,200,ok,0,steady
1791233165.4013243,kiemthugialap079@gmail.com,GET,/orders/me,9.927,200,ok,0,steady
1791233165.4030044,kiemthugialap076@gmail.com,GET,/orders/me,2.901,200,ok,0,steady
1791233165.4314282,kiemthugialap048@gmail.com,GET,/concerts/{id},7.027,200,ok,0,steady
1791233165.432459,kiemthugialap003@gmail.com,GET,/orders/me,6.83,200,ok,0,steady
1791233165.482955,kiemthugialap001@gmail.com,GET,/concerts,7.199,200,ok,0,steady
1791233165.4848619,kiemthugialap027@gmail.com,GET,/orders/me,10.378,200,ok,0,steady
1791233165.4853396,kiemthugialap045@gmail.com,GET,/orders/me,9.931,200,ok,0,steady
1791233165.4856827,kiemthugialap075@gmail.com,GET,/orders/me,7.309,200,ok,0,steady
1791233165.493983,kiemthugialap091@gmail.com,GET,/orders/me,3.574,200,ok,0,steady
1791233165.5141146,kiemthugialap005@gmail.com,GET,/orders/me,7.441,200,ok,0,steady
1791233165.514701,kiemthugialap073@gmail.com,GET,/orders/me,6.835,200,ok,0,steady
1791233165.5287075,kiemthugialap097@gmail.com,GET,/concerts?on_sale=true,4.534,200,ok,0,steady
1791233165.5467992,kiemthugialap047@gmail.com,GET,/orders/me,6.674,200,ok,0,steady
1791233165.5640006,kiemthugialap096@gmail.com,GET,/orders/me,7.325,200,ok,0,steady
1791233165.5665145,kiemthugialap056@gmail.com,GET,/orders/me,10.792,200,ok,0,steady
1791233165.5918763,kiemthugialap029@gmail.com,GET,/concerts/{id},26.86,200,ok,0,steady
1791233165.5936759,kiemthugialap024@gmail.com,GET,/orders/me,29.03,200,ok,0,steady
1791233165.5940356,kiemthugialap039@gmail.com,GET,/orders/me,29.856,200,ok,0,steady
1791233165.6293495,kiemthugialap025@gmail.com,GET,/orders/me,6.363,200,ok,0,steady
1791233165.6810749,kiemthugialap069@gmail.com,GET,/orders/me,6.17,200,ok,0,steady
1791233165.6826577,kiemthugialap021@gmail.com,GET,/orders/me,8.732,200,ok,0,steady
1791233165.684657,kiemthugialap067@gmail.com,GET,/concerts/{id},3.37,200,ok,0,steady
1791233165.6855056,kiemthugialap008@gmail.com,GET,/concerts,3.833,200,ok,0,steady
1791233165.6875362,kiemthugialap023@gmail.com,GET,/orders/me,2.758,200,ok,0,steady
1791233165.6962006,kiemthugialap085@gmail.com,GET,/orders/me,6.151,200,ok,0,steady
1791233165.7117093,kiemthugialap092@gmail.com,GET,/concerts/{id},3.349,200,ok,0,steady
1791233165.7312717,kiemthugialap044@gmail.com,GET,/orders/me,6.708,200,ok,0,steady
1791233165.73168,kiemthugialap055@gmail.com,GET,/orders/me,5.934,200,ok,0,steady
1791233165.734457,kiemthugialap083@gmail.com,GET,/orders/me,2.673,200,ok,0,steady
1791233165.7943287,kiemthugialap040@gmail.com,GET,/concerts?on_sale=true,4.994,200,ok,0,steady
1791233165.7947865,kiemthugialap002@gmail.com,GET,/concerts,4.694,200,ok,0,steady
1791233165.812307,kiemthugialap094@gmail.com,GET,/orders/me,5.071,200,ok,0,steady
1791233165.8152738,kiemthugialap042@gmail.com,GET,/orders/me,2.809,200,ok,0,steady
1791233165.8287973,kiemthugialap098@gmail.com,GET,/orders/me,4.592,200,ok,0,steady
1791233165.8475125,kiemthugialap037@gmail.com,GET,/concerts/{id},6.563,200,ok,0,steady
1791233165.8492613,kiemthugialap014@gmail.com,GET,/orders/me,7.418,200,ok,0,steady
1791233165.8496747,kiemthugialap007@gmail.com,GET,/orders/me,6.667,200,ok,0,steady
1791233165.851512,kiemthugialap028@gmail.com,GET,/orders/me,3.875,200,ok,0,steady
1791233165.8612359,kiemthugialap030@gmail.com,GET,/orders/me,3.281,200,ok,0,steady
1791233165.8816056,kiemthugialap093@gmail.com,GET,/orders/me,5.602,200,ok,0,steady
1791233165.9134004,kiemthugialap012@gmail.com,GET,/concerts/{id},6.354,200,ok,0,steady
1791233165.9147072,kiemthugialap065@gmail.com,GET,/orders/me,6.861,200,ok,0,steady
1791233165.9281304,kiemthugialap051@gmail.com,GET,/concerts/{id},3.927,200,ok,0,steady
1791233165.945984,kiemthugialap050@gmail.com,GET,/orders/me,4.889,200,ok,0,steady
1791233165.9626777,kiemthugialap006@gmail.com,GET,/orders/me,4.807,200,ok,0,steady
1791233165.979971,kiemthugialap034@gmail.com,GET,/orders/me,5.699,200,ok,0,steady
1791233165.9973752,kiemthugialap068@gmail.com,GET,/concerts/{id},5.231,200,ok,0,steady
1791233165.9985523,kiemthugialap071@gmail.com,GET,/orders/me,7.137,200,ok,0,steady
1791233166.0136127,kiemthugialap020@gmail.com,GET,/concerts/{id},7.512,200,ok,0,steady
1791233166.014591,kiemthugialap059@gmail.com,GET,/orders/me,6.769,200,ok,0,steady
1791233166.0272348,kiemthugialap079@gmail.com,GET,/concerts/{id},4.4,200,ok,0,steady
1791233166.0311472,kiemthugialap033@gmail.com,GET,/orders/me,3.734,200,ok,0,steady
1791233166.036326,kiemthugialap088@gmail.com,GET,/concerts?on_sale=true,4.993,200,ok,0,steady
1791233166.0367432,kiemthugialap060@gmail.com,GET,/concerts,4.522,200,ok,0,steady
1791233166.0607123,kiemthugialap066@gmail.com,GET,/orders/me,4.624,200,ok,0,steady
1791233166.0789473,kiemthugialap019@gmail.com,GET,/orders/me,4.864,200,ok,0,steady
1791233166.1142008,kiemthugialap078@gmail.com,GET,/orders/me,6.782,200,ok,0,steady
1791233166.115663,kiemthugialap054@gmail.com,GET,/orders/me,9.006,200,ok,0,steady
1791233166.117226,kiemthugialap058@gmail.com,GET,/concerts,2.77,200,ok,0,steady
1791233166.1487744,kiemthugialap031@gmail.com,GET,/concerts/{id},8.322,200,ok,0,steady
1791233166.1510007,kiemthugialap047@gmail.com,GET,/orders/me,10.261,200,ok,0,steady
1791233166.1514194,kiemthugialap064@gmail.com,GET,/orders/me,11.597,200,ok,0,steady
1791233166.1526034,kiemthugialap086@gmail.com,GET,/concerts/{id},3.627,200,ok,0,steady
1791233166.204124,kiemthugialap095@gmail.com,GET,/orders/me,13.161,200,ok,0,steady
1791233166.2056465,kiemthugialap001@gmail.com,GET,/orders/me,14.331,200,ok,0,steady
1791233166.2059977,kiemthugialap062@gmail.com,GET,/orders/me,12.295,200,ok,0,steady
1791233166.2063372,kiemthugialap032@gmail.com,GET,/orders/me,16.035,200,ok,0,steady
1791233166.209109,kiemthugialap017@gmail.com,GET,/concerts?on_sale=true,4.678,200,ok,0,steady
1791233166.2274728,kiemthugialap022@gmail.com,GET,/orders/me,5.218,200,ok,0,steady
1791233166.2308636,kiemthugialap096@gmail.com,GET,/orders/me,3.233,200,ok,0,steady
1791233166.2428303,kiemthugialap090@gmail.com,GET,/concerts,3.577,200,ok,0,steady
1791233166.2807965,kiemthugialap044@gmail.com,GET,/concerts,6.065,200,ok,0,steady
1791233166.2822895,kiemthugialap087@gmail.com,GET,/orders/me,7.889,200,ok,0,steady
1791233166.282648,kiemthugialap074@gmail.com,GET,/orders/me,9.519,200,ok,0,steady
1791233166.3111322,kiemthugialap081@gmail.com,GET,/orders/me,5.045,200,ok,0,steady
1791233166.3142943,kiemthugialap084@gmail.com,GET,/orders/me,3.013,200,ok,0,steady
1791233166.3806396,kiemthugialap041@gmail.com,GET,/concerts,7.08,200,ok,0,steady
1791233166.3818822,kiemthugialap053@gmail.com,GET,/orders/me,9.047,200,ok,0,steady
1791233166.3823578,kiemthugialap073@gmail.com,GET,/orders/me,8.34,200,ok,0,steady
1791233166.3963804,kiemthugialap057@gmail.com,GET,/orders/me,6.565,200,ok,0,steady
1791233166.4131904,kiemthugialap045@gmail.com,GET,/orders/me,5.351,200,ok,0,steady
1791233166.4190543,kiemthugialap043@gmail.com,GET,/orders/me,5.666,200,ok,0,steady
1791233166.4195766,kiemthugialap010@gmail.com,GET,/concerts,5.603,200,ok,0,steady
1791233166.444581,kiemthugialap063@gmail.com,GET,/orders/me,5.241,200,ok,0,steady
1791233166.4802377,kiemthugialap076@gmail.com,GET,/concerts/{id},6.272,200,ok,0,steady
1791233166.4814303,kiemthugialap070@gmail.com,GET,/orders/me,6.389,200,ok,0,steady
1791233166.4946873,kiemthugialap065@gmail.com,GET,/concerts?on_sale=true,4.089,200,ok,0,steady
1791233166.514257,kiemthugialap039@gmail.com,GET,/concerts/{id},5.262,200,ok,0,steady
1791233166.5146132,kiemthugialap018@gmail.com,GET,/concerts/{id},4.501,200,ok,0,steady
1791233166.515792,kiemthugialap082@gmail.com,GET,/orders/me,7.91,200,ok,0,steady
1791233166.5476956,kiemthugialap007@gmail.com,GET,/orders/me,6.925,200,ok,0,steady
1791233166.5480757,kiemthugialap068@gmail.com,GET,/orders/me,5.982,200,ok,0,steady
1791233166.566056,kiemthugialap011@gmail.com,GET,/orders/me,7.693,200,ok,0,steady
1791233166.566464,kiemthugialap034@gmail.com,GET,/orders/me,9.24,200,ok,0,steady
1791233166.5667524,kiemthugialap038@gmail.com,GET,/orders/me,7.833,200,ok,0,steady
1791233166.5956705,kiemthugialap061@gmail.com,GET,/orders/me,5.02,200,ok,0,steady
1791233166.6148002,kiemthugialap004@gmail.com,GET,/orders/me,5.951,200,ok,0,steady
1791233166.6151474,kiemthugialap015@gmail.com,GET,/orders/me,7.334,200,ok,0,steady
1791233166.6611464,kiemthugialap014@gmail.com,GET,/concerts?on_sale=true,20.869,200,ok,0,steady
1791233166.665266,kiemthugialap055@gmail.com,GET,/orders/me,23.546,200,ok,0,steady
1791233166.6655917,kiemthugialap052@gmail.com,GET,/concerts,7.629,200,ok,0,steady
1791233166.6665459,kiemthugialap025@gmail.com,GET,/orders/me,9.799,200,ok,0,steady
1791233166.6670132,kiemthugialap028@gmail.com,GET,/orders/me,11.235,200,ok,0,steady
1791233166.7129388,kiemthugialap092@gmail.com,GET,/orders/me,4.969,200,ok,0,steady
1791233166.7183483,kiemthugialap048@gmail.com,GET,/orders/me,4.923,200,ok,0,steady
1791233166.7205658,kiemthugialap080@gmail.com,GET,/orders/me,7.453,200,ok,0,steady
1791233166.7245364,kiemthugialap077@gmail.com,GET,/orders/me,5.583,200,ok,0,steady
1791233166.72504,kiemthugialap032@gmail.com,GET,/orders/me,6.514,200,ok,0,steady
1791233166.7478015,kiemthugialap026@gmail.com,GET,/orders/me,6.306,200,ok,0,steady
1791233166.7497432,kiemthugialap016@gmail.com,GET,/orders/me,9.319,200,ok,0,steady
1791233166.7546177,kiemthugialap005@gmail.com,GET,/orders/me,6.187,200,ok,0,steady
1791233166.7549753,kiemthugialap009@gmail.com,GET,/orders/me,6.264,200,ok,0,steady
1791233166.755314,kiemthugialap046@gmail.com,GET,/orders/me,7.357,200,ok,0,steady
1791233166.778943,kiemthugialap096@gmail.com,GET,/orders/me,5.102,200,ok,0,steady
1791233166.783301,kiemthugialap100@gmail.com,GET,/orders/me,4.155,200,ok,0,steady
1791233166.7869234,kiemthugialap071@gmail.com,GET,/concerts/{id},3.481,200,ok,0,steady
1791233166.787997,kiemthugialap058@gmail.com,GET,/orders/me,4.237,200,ok,0,steady
1791233166.7964613,kiemthugialap036@gmail.com,GET,/orders/me,4.925,200,ok,0,steady
1791233166.7996774,kiemthugialap027@gmail.com,GET,/orders/me,3.052,200,ok,0,steady
1791233166.8135238,kiemthugialap089@gmail.com,GET,/orders/me,6.24,200,ok,0,steady
1791233166.8279564,kiemthugialap064@gmail.com,GET,/concerts/{id},4.151,200,ok,0,steady
1791233166.8310616,kiemthugialap050@gmail.com,GET,/orders/me,2.968,200,ok,0,steady
1791233166.8330758,kiemthugialap086@gmail.com,GET,/concerts/{id},1.902,200,ok,0,steady
1791233166.8449345,kiemthugialap019@gmail.com,GET,/concerts?on_sale=true,4.322,200,ok,0,steady
1791233166.912805,kiemthugialap085@gmail.com,GET,/orders/me,5.482,200,ok,0,steady
1791233166.96737,kiemthugialap072@gmail.com,GET,/orders/me,8.939,200,ok,0,steady
1791233166.9679906,kiemthugialap099@gmail.com,GET,/orders/me,6.367,200,ok,0,steady
1791233166.9709475,kiemthugialap033@gmail.com,GET,/concerts,2.796,200,ok,0,steady
1791233166.997038,kiemthugialap094@gmail.com,GET,/concerts,7.621,200,ok,0,steady
1791233166.9984336,kiemthugialap067@gmail.com,GET,/orders/me,7.69,200,ok,0,steady
1791233166.9988012,kiemthugialap035@gmail.com,GET,/orders/me,7.552,200,ok,0,steady
1791233167.0800784,kiemthugialap097@gmail.com,GET,/orders/me,5.31,200,ok,0,steady
1791233167.1314838,kiemthugialap069@gmail.com,GET,/concerts,6.095,200,ok,0,steady
1791233167.1318653,kiemthugialap023@gmail.com,GET,/concerts/{id},7.543,200,ok,0,steady
1791233167.1329584,kiemthugialap017@gmail.com,GET,/orders/me,6.255,200,ok,0,steady
1791233167.1621897,kiemthugialap047@gmail.com,GET,/orders/me,5.294,200,ok,0,steady
1791233167.215896,kiemthugialap020@gmail.com,GET,/concerts,7.843,200,ok,0,steady
1791233167.2176597,kiemthugialap093@gmail.com,GET,/orders/me,11.697,200,ok,0,steady
1791233167.218106,kiemthugialap098@gmail.com,GET,/orders/me,11.147,200,ok,0,steady
1791233167.2186866,kiemthugialap074@gmail.com,GET,/orders/me,10.057,200,ok,0,steady
1791233167.2215378,kiemthugialap029@gmail.com,GET,/orders/me,5.366,200,ok,0,steady
1791233167.250935,kiemthugialap049@gmail.com,GET,/orders/me,9.418,200,ok,0,steady
1791233167.2530117,kiemthugialap013@gmail.com,GET,/orders/me,11.936,200,ok,0,steady
1791233167.2534754,kiemthugialap045@gmail.com,GET,/orders/me,13.002,200,ok,0,steady
1791233167.257843,kiemthugialap063@gmail.com,GET,/orders/me,6.614,200,ok,0,steady
1791233167.258464,kiemthugialap044@gmail.com,GET,/orders/me,6.631,200,ok,0,steady
1791233167.28491,kiemthugialap002@gmail.com,GET,/concerts,10.919,200,ok,0,steady
1791233167.2870495,kiemthugialap075@gmail.com,GET,/orders/me,11.896,200,ok,0,steady
1791233167.287582,kiemthugialap087@gmail.com,GET,/orders/me,12.935,200,ok,0,steady
1791233167.2956555,kiemthugialap056@gmail.com,GET,/orders/me,7.864,200,ok,0,steady
1791233167.2962298,kiemthugialap051@gmail.com,GET,/orders/me,10.996,200,ok,0,steady
1791233167.3128228,kiemthugialap066@gmail.com,GET,/orders/me,6.545,200,ok,0,steady
1791233167.3295202,kiemthugialap031@gmail.com,GET,/orders/me,6.365,200,ok,0,steady
1791233167.346674,kiemthugialap091@gmail.com,GET,/orders/me,7.062,200,ok,0,steady
1791233167.3471386,kiemthugialap053@gmail.com,GET,/orders/me,6.554,200,ok,0,steady
1791233167.350488,kiemthugialap060@gmail.com,GET,/orders/me,3.205,200,ok,0,steady
1791233167.3611956,kiemthugialap055@gmail.com,GET,/orders/me,5.068,200,ok,0,steady
1791233167.3779845,kiemthugialap070@gmail.com,GET,/orders/me,4.887,200,ok,0,steady
1791233167.3947706,kiemthugialap024@gmail.com,GET,/concerts/{id},5.093,200,ok,0,steady
1791233167.396252,kiemthugialap041@gmail.com,GET,/orders/me,5.677,200,ok,0,steady
1791233167.4002354,kiemthugialap006@gmail.com,GET,/orders/me,4.978,200,ok,0,steady
1791233167.4005783,kiemthugialap026@gmail.com,GET,/orders/me,5.682,200,ok,0,steady
1791233167.4273088,kiemthugialap003@gmail.com,GET,/concerts?on_sale=true,3.937,200,ok,0,steady
1791233167.4449558,kiemthugialap005@gmail.com,GET,/concerts?on_sale=true,4.101,200,ok,0,steady
1791233167.46354,kiemthugialap021@gmail.com,GET,/concerts/{id},5.878,200,ok,0,steady
1791233167.4645967,kiemthugialap028@gmail.com,GET,/orders/me,5.758,200,ok,0,steady
1791233167.4660003,kiemthugialap037@gmail.com,GET,/concerts,2.325,200,ok,0,steady
1791233167.4988866,kiemthugialap081@gmail.com,GET,/orders/me,8.074,200,ok,0,steady
1791233167.499489,kiemthugialap030@gmail.com,GET,/orders/me,7.39,200,ok,0,steady
1791233167.529396,kiemthugialap004@gmail.com,GET,/concerts,6.13,200,ok,0,steady
1791233167.5297866,kiemthugialap054@gmail.com,GET,/concerts/{id},5.333,200,ok,0,steady
1791233167.5779686,kiemthugialap077@gmail.com,GET,/orders/me,19.093,200,ok,0,steady
1791233167.5783672,kiemthugialap012@gmail.com,GET,/orders/me,19.759,200,ok,0,steady
1791233167.5786452,kiemthugialap057@gmail.com,GET,/orders/me,20.771,200,ok,0,steady
1791233167.5942905,kiemthugialap007@gmail.com,GET,/concerts,4.239,200,ok,0,steady
1791233167.6125646,kiemthugialap083@gmail.com,GET,/orders/me,5.089,200,ok,0,steady
1791233167.6155167,kiemthugialap088@gmail.com,GET,/orders/me,2.807,200,ok,0,steady
1791233167.632438,kiemthugialap096@gmail.com,GET,/orders/me,7.389,200,ok,0,steady
1791233167.6329138,kiemthugialap008@gmail.com,GET,/orders/me,8.69,200,ok,0,steady
1791233167.6457007,kiemthugialap062@gmail.com,GET,/orders/me,4.638,200,ok,0,steady
1791233167.6629379,kiemthugialap079@gmail.com,GET,/orders/me,5.014,200,ok,0,steady
1791233167.6977582,kiemthugialap065@gmail.com,GET,/orders/me,7.164,200,ok,0,steady
1791233167.700318,kiemthugialap043@gmail.com,GET,/orders/me,9.155,200,ok,0,steady
1791233167.7006505,kiemthugialap050@gmail.com,GET,/concerts/{id},2.677,200,ok,0,steady
1791233167.7302206,kiemthugialap027@gmail.com,GET,/concerts,5.126,200,ok,0,steady
1791233167.7317488,kiemthugialap069@gmail.com,GET,/orders/me,7.721,200,ok,0,steady
1791233167.785867,kiemthugialap042@gmail.com,GET,/concerts?on_sale=true,9.248,200,ok,0,steady
1791233167.7887924,kiemthugialap040@gmail.com,GET,/orders/me,14.318,200,ok,0,steady
1791233167.7891462,kiemthugialap001@gmail.com,GET,/orders/me,12.865,200,ok,0,steady
1791233167.7894342,kiemthugialap018@gmail.com,GET,/orders/me,13.787,200,ok,0,steady
1791233167.7900207,kiemthugialap078@gmail.com,GET,/orders/me,14.015,200,ok,0,steady
1791233167.7904193,kiemthugialap010@gmail.com,GET,/orders/me,11.733,200,ok,0,steady
1791233167.813145,kiemthugialap084@gmail.com,GET,/concerts,4.117,200,ok,0,steady
1791233167.8141217,kiemthugialap056@gmail.com,GET,/orders/me,6.803,200,ok,0,steady
1791233167.862345,kiemthugialap061@gmail.com,GET,/orders/me,4.729,200,ok,0,steady
1791233167.8957138,kiemthugialap072@gmail.com,GET,/concerts,5.088,200,ok,0,steady
1791233167.900266,kiemthugialap068@gmail.com,GET,/orders/me,4.321,200,ok,0,steady
1791233167.9048083,kiemthugialap045@gmail.com,GET,/orders/me,4.389,200,ok,0,steady
1791233167.9052176,kiemthugialap034@gmail.com,GET,/orders/me,4.234,200,ok,0,steady
1791233167.9587996,kiemthugialap076@gmail.com,GET,/orders/me,34.538,200,ok,0,steady
1791233167.9596841,kiemthugialap024@gmail.com,GET,/orders/me,34.412,200,ok,0,steady
1791233167.9631603,kiemthugialap086@gmail.com,GET,/orders/me,21.74,200,ok,0,steady
1791233167.9635992,kiemthugialap058@gmail.com,GET,/orders/me,23.289,200,ok,0,steady
1791233167.982123,kiemthugialap011@gmail.com,GET,/concerts,5.954,200,ok,0,steady
1791233167.9831553,kiemthugialap092@gmail.com,GET,/orders/me,8.746,200,ok,0,steady
1791233167.9836664,kiemthugialap066@gmail.com,GET,/orders/me,7.036,200,ok,0,steady
1791233167.9855611,kiemthugialap059@gmail.com,GET,/orders/me,3.267,200,ok,0,steady
1791233167.9884608,kiemthugialap074@gmail.com,GET,/orders/me,2.78,200,ok,0,steady
1791233168.0141022,kiemthugialap022@gmail.com,GET,/concerts/{id},4.895,200,ok,0,steady
1791233168.0158477,kiemthugialap039@gmail.com,GET,/orders/me,9.186,200,ok,0,steady
1791233168.0162597,kiemthugialap015@gmail.com,GET,/orders/me,8.461,200,ok,0,steady
1791233168.0440745,kiemthugialap036@gmail.com,GET,/concerts/{id},3.714,200,ok,0,steady
1791233168.061251,kiemthugialap064@gmail.com,GET,/concerts,4.048,200,ok,0,steady
1791233168.0811265,kiemthugialap005@gmail.com,GET,/orders/me,5.519,200,ok,0,steady
1791233168.0814753,kiemthugialap090@gmail.com,GET,/orders/me,7.221,200,ok,0,steady
1791233168.0963318,kiemthugialap035@gmail.com,GET,/orders/me,4.821,200,ok,0,steady
1791233168.1316442,kiemthugialap004@gmail.com,GET,/orders/me,5.811,200,ok,0,steady
1791233168.1320505,kiemthugialap099@gmail.com,GET,/orders/me,6.772,200,ok,0,steady
1791233168.1470423,kiemthugialap014@gmail.com,GET,/concerts/{id},5.97,200,ok,0,steady
1791233168.1474006,kiemthugialap075@gmail.com,GET,/concerts?on_sale=true,5.307,200,ok,0,steady
1791233168.1778467,kiemthugialap095@gmail.com,GET,/concerts/{id},4.094,200,ok,0,steady
1791233168.1812654,kiemthugialap073@gmail.com,GET,/concerts?on_sale=true,3.198,200,ok,0,steady
1791233168.1962223,kiemthugialap025@gmail.com,GET,/orders/me,5.089,200,ok,0,steady
1791233168.2471702,kiemthugialap029@gmail.com,GET,/concerts?on_sale=true,4.904,200,ok,0,steady
1791233168.2482915,kiemthugialap038@gmail.com,GET,/orders/me,7.045,200,ok,0,steady
1791233168.297434,kiemthugialap071@gmail.com,GET,/orders/me,6.349,200,ok,0,steady
1791233168.2984922,kiemthugialap026@gmail.com,GET,/orders/me,6.419,200,ok,0,steady
1791233168.3005388,kiemthugialap085@gmail.com,GET,/orders/me,2.911,200,ok,0,steady
1791233168.3134334,kiemthugialap080@gmail.com,GET,/orders/me,5.841,200,ok,0,steady
1791233168.3363793,kiemthugialap040@gmail.com,GET,/concerts/{id},10.947,200,ok,0,steady
1791233168.3368828,kiemthugialap052@gmail.com,GET,/concerts/{id},10.794,200,ok,0,steady
1791233168.337805,kiemthugialap056@gmail.com,GET,/orders/me,12.043,200,ok,0,steady
1791233168.3381407,kiemthugialap017@gmail.com,GET,/orders/me,13.797,200,ok,0,steady
1791233168.338708,kiemthugialap093@gmail.com,GET,/orders/me,12.097,200,ok,0,steady
1791233168.3963203,kiemthugialap003@gmail.com,GET,/concerts?on_sale=true,22.985,200,ok,0,steady
1791233168.3988454,kiemthugialap082@gmail.com,GET,/orders/me,24.624,200,ok,0,steady
1791233168.399508,kiemthugialap027@gmail.com,GET,/concerts,9.423,200,ok,0,steady
1791233168.4007592,kiemthugialap010@gmail.com,GET,/orders/me,9.695,200,ok,0,steady
1791233168.4315643,kiemthugialap078@gmail.com,GET,/orders/me,7.814,200,ok,0,steady
1791233168.4321723,kiemthugialap054@gmail.com,GET,/orders/me,9.29,200,ok,0,steady
1791233168.4356096,kiemthugialap030@gmail.com,GET,/concerts/{id},3.3,200,ok,0,steady
1791233168.4677713,kiemthugialap009@gmail.com,GET,/concerts/{id},9.837,200,ok,0,steady
1791233168.4705224,kiemthugialap048@gmail.com,GET,/orders/me,12.927,200,ok,0,steady
1791233168.4714549,kiemthugialap067@gmail.com,GET,/orders/me,13.242,200,ok,0,steady
1791233168.4719026,kiemthugialap057@gmail.com,GET,/orders/me,15.803,200,ok,0,steady
1791233168.472525,kiemthugialap033@gmail.com,GET,/orders/me,15.137,200,ok,0,steady
1791233168.4800973,kiemthugialap008@gmail.com,GET,/orders/me,5.821,200,ok,0,steady
1791233168.4985473,kiemthugialap089@gmail.com,GET,/orders/me,9.083,200,ok,0,steady
1791233168.5119972,kiemthugialap059@gmail.com,GET,/concerts,4.434,200,ok,0,steady
1791233168.5129876,kiemthugialap016@gmail.com,GET,/orders/me,6.173,200,ok,0,steady
1791233168.5288692,kiemthugialap047@gmail.com,GET,/concerts?on_sale=true,5.881,200,ok,0,steady
1791233168.530045,kiemthugialap100@gmail.com,GET,/orders/me,7.559,200,ok,0,steady
1791233168.547066,kiemthugialap013@gmail.com,GET,/concerts/{id},7.492,200,ok,0,steady
1791233168.547551,kiemthugialap037@gmail.com,GET,/concerts,7.02,200,ok,0,steady
1791233168.581221,kiemthugialap081@gmail.com,GET,/concerts?on_sale=true,6.672,200,ok,0,steady
1791233168.5829754,kiemthugialap087@gmail.com,GET,/orders/me,9.822,200,ok,0,steady
1791233168.5841925,kiemthugialap094@gmail.com,GET,/orders/me,10.078,200,ok,0,steady
1791233168.5863228,kiemthugialap019@gmail.com,GET,/concerts,4.817,200,ok,0,steady
1791233168.5868099,kiemthugialap064@gmail.com,GET,/concerts?on_sale=true,3.666,200,ok,0,steady
1791233168.6127071,kiemthugialap049@gmail.com,GET,/orders/me,6.544,200,ok,0,steady
1791233168.6472435,kiemthugialap024@gmail.com,GET,/concerts,6.381,200,ok,0,steady
1791233168.6475997,kiemthugialap046@gmail.com,GET,/orders/me,5.498,200,ok,0,steady
1791233168.6627688,kiemthugialap069@gmail.com,GET,/orders/me,4.491,200,ok,0,steady
1791233168.7151,kiemthugialap006@gmail.com,GET,/concerts,5.988,200,ok,0,steady
1791233168.7160518,kiemthugialap039@gmail.com,GET,/orders/me,5.703,200,ok,0,steady
1791233168.718517,kiemthugialap097@gmail.com,GET,/concerts,3.265,200,ok,0,steady
1791233168.718969,kiemthugialap032@gmail.com,GET,/concerts/{id},2.782,200,ok,0,steady
1791233168.7288146,kiemthugialap063@gmail.com,GET,/concerts,3.881,200,ok,0,steady
1791233168.7333748,kiemthugialap066@gmail.com,GET,/orders/me,4.36,200,ok,0,steady
1791233168.7469566,kiemthugialap091@gmail.com,GET,/orders/me,6.536,200,ok,0,steady
1791233168.7629275,kiemthugialap002@gmail.com,GET,/concerts?on_sale=true,4.799,200,ok,0,steady
1791233168.7640884,kiemthugialap051@gmail.com,GET,/orders/me,6.98,200,ok,0,steady
1791233168.766581,kiemthugialap020@gmail.com,GET,/orders/me,3.463,200,ok,0,steady
1791233168.7960591,kiemthugialap005@gmail.com,GET,/concerts,4.616,200,ok,0,steady
1791233168.8136644,kiemthugialap074@gmail.com,GET,/orders/me,5.528,200,ok,0,steady
1791233168.8451068,kiemthugialap034@gmail.com,GET,/orders/me,5.034,200,ok,0,steady
1791233168.8479397,kiemthugialap086@gmail.com,GET,/orders/me,2.694,200,ok,0,steady
1791233168.9136364,kiemthugialap062@gmail.com,GET,/orders/me,4.661,200,ok,0,steady
1791233168.931011,kiemthugialap001@gmail.com,GET,/orders/me,6.07,200,ok,0,steady
1791233168.9649699,kiemthugialap088@gmail.com,GET,/concerts,7.451,200,ok,0,steady
1791233168.96619,kiemthugialap027@gmail.com,GET,/orders/me,7.522,200,ok,0,steady
1791233168.968897,kiemthugialap026@gmail.com,GET,/orders/me,3.734,200,ok,0,steady
1791233168.9985034,kiemthugialap023@gmail.com,GET,/orders/me,7.527,200,ok,0,steady
1791233168.9992914,kiemthugialap055@gmail.com,GET,/orders/me,7.251,200,ok,0,steady
1791233169.0003223,kiemthugialap077@gmail.com,GET,/orders/me,7.249,200,ok,0,steady
1791233169.0016901,kiemthugialap068@gmail.com,GET,/concerts?on_sale=true,2.234,200,ok,0,steady
1791233169.0319173,kiemthugialap073@gmail.com,GET,/orders/me,7.204,200,ok,0,steady
1791233169.0360029,kiemthugialap061@gmail.com,GET,/orders/me,3.857,200,ok,0,steady
1791233169.0447845,kiemthugialap044@gmail.com,GET,/orders/me,4.65,200,ok,0,steady
1791233169.0481708,kiemthugialap060@gmail.com,GET,/orders/me,3.153,200,ok,0,steady
1791233169.0823352,kiemthugialap016@gmail.com,GET,/orders/me,6.595,200,ok,0,steady
1791233169.082759,kiemthugialap040@gmail.com,GET,/orders/me,7.291,200,ok,0,steady
1791233169.0830786,kiemthugialap042@gmail.com,GET,/orders/me,8.755,200,ok,0,steady
1791233169.128894,kiemthugialap065@gmail.com,GET,/concerts/{id},4.825,200,ok,0,steady
1791233169.1468384,kiemthugialap090@gmail.com,GET,/orders/me,5.553,200,ok,0,steady
1791233169.1627858,kiemthugialap031@gmail.com,GET,/orders/me,4.727,200,ok,0,steady
1791233169.1975894,kiemthugialap010@gmail.com,GET,/orders/me,6.107,200,ok,0,steady
1791233169.198539,kiemthugialap070@gmail.com,GET,/orders/me,6.463,200,ok,0,steady
1791233169.2113948,kiemthugialap098@gmail.com,GET,/concerts,5.204,200,ok,0,steady
1791233169.2150154,kiemthugialap079@gmail.com,GET,/concerts/{id},4.589,200,ok,0,steady
1791233169.2162163,kiemthugialap035@gmail.com,GET,/orders/me,7.105,200,ok,0,steady
1791233169.26227,kiemthugialap059@gmail.com,GET,/orders/me,5.012,200,ok,0,steady
1791233169.2665758,kiemthugialap097@gmail.com,GET,/concerts,3.397,200,ok,0,steady
1791233169.267448,kiemthugialap050@gmail.com,GET,/orders/me,5.029,200,ok,0,steady
1791233169.2693934,kiemthugialap071@gmail.com,GET,/orders/me,2.685,200,ok,0,steady
1791233169.3138127,kiemthugialap021@gmail.com,GET,/orders/me,5.369,200,ok,0,steady
1791233169.3169885,kiemthugialap081@gmail.com,GET,/orders/me,3.034,200,ok,0,steady
1791233169.3283036,kiemthugialap083@gmail.com,GET,/orders/me,4.396,200,ok,0,steady
1791233169.331659,kiemthugialap067@gmail.com,GET,/orders/me,3.199,200,ok,0,steady
1791233169.3664763,kiemthugialap086@gmail.com,GET,/orders/me,7.377,200,ok,0,steady
1791233169.3669133,kiemthugialap014@gmail.com,GET,/orders/me,8.162,200,ok,0,steady
1791233169.3672104,kiemthugialap053@gmail.com,GET,/orders/me,9.366,200,ok,0,steady
1791233169.3796184,kiemthugialap034@gmail.com,GET,/orders/me,5.411,200,ok,0,steady
1791233169.379994,kiemthugialap041@gmail.com,GET,/orders/me,6.515,200,ok,0,steady
1791233169.429098,kiemthugialap007@gmail.com,GET,/concerts,5.252,200,ok,0,steady
1791233169.4299555,kiemthugialap012@gmail.com,GET,/concerts?on_sale=true,5.209,200,ok,0,steady
1791233169.4312174,kiemthugialap057@gmail.com,GET,/concerts?on_sale=true,1.992,200,ok,0,steady
1791233169.446952,kiemthugialap096@gmail.com,GET,/concerts/{id},5.44,200,ok,0,steady
1791233169.4517255,kiemthugialap022@gmail.com,GET,/orders/me,4.577,200,ok,0,steady
1791233169.4615307,kiemthugialap028@gmail.com,GET,/concerts?on_sale=true,3.939,200,ok,0,steady
1791233169.5276062,kiemthugialap089@gmail.com,GET,/concerts/{id},19.96,200,ok,0,steady
1791233169.5332851,kiemthugialap005@gmail.com,GET,/orders/me,23.941,200,ok,0,steady
1791233169.5337634,kiemthugialap078@gmail.com,GET,/concerts/{id},9.767,200,ok,0,steady
1791233169.5341334,kiemthugialap038@gmail.com,GET,/concerts/{id},9.395,200,ok,0,steady
1791233169.5352545,kiemthugialap085@gmail.com,GET,/orders/me,10.137,200,ok,0,steady
1791233169.5696585,kiemthugialap039@gmail.com,GET,/concerts/{id},11.129,200,ok,0,steady
1791233169.5716517,kiemthugialap020@gmail.com,GET,/concerts?on_sale=true,14.071,200,ok,0,steady
1791233169.5722091,kiemthugialap018@gmail.com,GET,/concerts,12.723,200,ok,0,steady
1791233169.5751007,kiemthugialap027@gmail.com,GET,/orders/me,16.034,200,ok,0,steady
1791233169.5800061,kiemthugialap029@gmail.com,GET,/concerts,7.578,200,ok,0,steady
1791233169.5812023,kiemthugialap095@gmail.com,GET,/orders/me,11.268,200,ok,0,steady
1791233169.5996928,kiemthugialap019@gmail.com,GET,/orders/me,7.499,200,ok,0,steady
1791233169.6010354,kiemthugialap043@gmail.com,GET,/orders/me,9.563,200,ok,0,steady
1791233169.6045141,kiemthugialap092@gmail.com,GET,/orders/me,4.591,200,ok,0,steady
1791233169.6055598,kiemthugialap072@gmail.com,GET,/orders/me,4.368,200,ok,0,steady
1791233169.647941,kiemthugialap003@gmail.com,GET,/concerts/{id},7.117,200,ok,0,steady
1791233169.6498234,kiemthugialap036@gmail.com,GET,/orders/me,9.753,200,ok,0,steady
1791233169.6502333,kiemthugialap099@gmail.com,GET,/orders/me,9.113,200,ok,0,steady
1791233169.652775,kiemthugialap076@gmail.com,GET,/concerts?on_sale=true,4.612,200,ok,0,steady
1791233169.653976,kiemthugialap045@gmail.com,GET,/orders/me,5.266,200,ok,0,steady
1791233169.696988,kiemthugialap046@gmail.com,GET,/orders/me,5.772,200,ok,0,steady
1791233169.6974573,kiemthugialap030@gmail.com,GET,/orders/me,7.604,200,ok,0,steady
1791233169.745316,kiemthugialap055@gmail.com,GET,/orders/me,5.492,200,ok,0,steady
1791233169.7804675,kiemthugialap013@gmail.com,GET,/concerts/{id},5.885,200,ok,0,steady
1791233169.7808301,kiemthugialap061@gmail.com,GET,/concerts?on_sale=true,7.181,200,ok,0,steady
1791233169.78185,kiemthugialap042@gmail.com,GET,/orders/me,6.856,200,ok,0,steady
1791233169.7961168,kiemthugialap084@gmail.com,GET,/concerts/{id},5.898,200,ok,0,steady
1791233169.7972171,kiemthugialap017@gmail.com,GET,/orders/me,5.501,200,ok,0,steady
1791233169.8336549,kiemthugialap058@gmail.com,GET,/orders/me,8.126,200,ok,0,steady
1791233169.8340707,kiemthugialap093@gmail.com,GET,/orders/me,8.171,200,ok,0,steady
1791233169.8343637,kiemthugialap087@gmail.com,GET,/orders/me,9.778,200,ok,0,steady
1791233169.862545,kiemthugialap054@gmail.com,GET,/orders/me,5.251,200,ok,0,steady
1791233169.8808897,kiemthugialap011@gmail.com,GET,/orders/me,6.417,200,ok,0,steady
1791233169.9112382,kiemthugialap047@gmail.com,GET,/orders/me,4.952,200,ok,0,steady
1791233169.913845,kiemthugialap026@gmail.com,GET,/concerts,2.372,200,ok,0,steady
1791233169.9508228,kiemthugialap015@gmail.com,GET,/concerts/{id},10.26,200,ok,0,steady
1791233169.9524817,kiemthugialap012@gmail.com,GET,/concerts,10.941,200,ok,0,steady
1791233169.9528728,kiemthugialap025@gmail.com,GET,/orders/me,10.878,200,ok,0,steady
1791233169.953269,kiemthugialap069@gmail.com,GET,/orders/me,9.877,200,ok,0,steady
1791233169.9560058,kiemthugialap059@gmail.com,GET,/orders/me,4.465,200,ok,0,steady
1791233169.9844973,kiemthugialap056@gmail.com,GET,/orders/me,9.167,200,ok,0,steady
1791233169.9851062,kiemthugialap075@gmail.com,GET,/orders/me,10.255,200,ok,0,steady
1791233169.9855092,kiemthugialap010@gmail.com,GET,/orders/me,12.125,200,ok,0,steady
1791233169.9858906,kiemthugialap063@gmail.com,GET,/orders/me,9.388,200,ok,0,steady
1791233170.0215387,kiemthugialap088@gmail.com,GET,/orders/me,10.328,200,ok,0,steady
1791233170.0221589,kiemthugialap080@gmail.com,GET,/orders/me,13.339,200,ok,0,steady
1791233170.0225356,kiemthugialap066@gmail.com,GET,/orders/me,12.72,200,ok,0,steady
1791233170.022874,kiemthugialap048@gmail.com,GET,/orders/me,12.658,200,ok,0,steady
1791233170.0451195,kiemthugialap052@gmail.com,GET,/orders/me,4.73,200,ok,0,steady
1791233170.0650718,kiemthugialap049@gmail.com,GET,/orders/me,6.567,200,ok,0,steady
1791233170.0697906,kiemthugialap050@gmail.com,GET,/orders/me,4.464,200,ok,0,steady
1791233170.0964494,kiemthugialap034@gmail.com,GET,/orders/me,5.298,200,ok,0,steady
1791233170.0996192,kiemthugialap068@gmail.com,GET,/concerts/{id},2.975,200,ok,0,steady
1791233170.1115167,kiemthugialap004@gmail.com,GET,/orders/me,4.801,200,ok,0,steady
1791233170.114592,kiemthugialap033@gmail.com,GET,/concerts,2.855,200,ok,0,steady
1791233170.165071,kiemthugialap037@gmail.com,GET,/orders/me,7.604,200,ok,0,steady
1791233170.1806662,kiemthugialap077@gmail.com,GET,/orders/me,6.66,200,ok,0,steady
1791233170.2138286,kiemthugialap024@gmail.com,GET,/concerts/{id},6.376,200,ok,0,steady
1791233170.214282,kiemthugialap064@gmail.com,GET,/orders/me,5.28,200,ok,0,steady
1791233170.2292638,kiemthugialap082@gmail.com,GET,/orders/me,5.008,200,ok,0,steady
1791233170.2458227,kiemthugialap006@gmail.com,GET,/orders/me,4.96,200,ok,0,steady
1791233170.2797122,kiemthugialap014@gmail.com,GET,/orders/me,4.936,200,ok,0,steady
1791233170.2822568,kiemthugialap067@gmail.com,GET,/concerts/{id},2.368,200,ok,0,steady
1791233170.314549,kiemthugialap009@gmail.com,GET,/concerts,5.46,200,ok,0,steady
1791233170.3155854,kiemthugialap070@gmail.com,GET,/orders/me,7.527,200,ok,0,steady
1791233170.3190167,kiemthugialap039@gmail.com,GET,/orders/me,3.293,200,ok,0,steady
1791233170.3296595,kiemthugialap051@gmail.com,GET,/orders/me,5.965,200,ok,0,steady
1791233170.3331382,kiemthugialap016@gmail.com,GET,/orders/me,3.301,200,ok,0,steady
1791233170.3621619,kiemthugialap007@gmail.com,GET,/concerts,3.682,200,ok,0,steady
1791233170.3793895,kiemthugialap020@gmail.com,GET,/concerts,4.124,200,ok,0,steady
1791233170.3806007,kiemthugialap008@gmail.com,GET,/orders/me,6.376,200,ok,0,steady
1791233170.385449,kiemthugialap094@gmail.com,GET,/orders/me,5.646,200,ok,0,steady
1791233170.3860767,kiemthugialap074@gmail.com,GET,/concerts/{id},5.369,200,ok,0,steady
1791233170.38639,kiemthugialap100@gmail.com,GET,/orders/me,6.874,200,ok,0,steady
1791233170.3939157,kiemthugialap040@gmail.com,GET,/concerts/{id},3.671,200,ok,0,steady
1791233170.4305477,kiemthugialap011@gmail.com,GET,/orders/me,5.54,200,ok,0,steady
1791233170.430897,kiemthugialap013@gmail.com,GET,/orders/me,6.775,200,ok,0,steady
1791233170.4620206,kiemthugialap099@gmail.com,GET,/orders/me,4.942,200,ok,0,steady
1791233170.4670308,kiemthugialap038@gmail.com,GET,/orders/me,4.843,200,ok,0,steady
1791233170.4673953,kiemthugialap092@gmail.com,GET,/orders/me,4.91,200,ok,0,steady
1791233170.4984856,kiemthugialap027@gmail.com,GET,/orders/me,7.224,200,ok,0,steady
1791233170.4989514,kiemthugialap071@gmail.com,GET,/orders/me,6.738,200,ok,0,steady
1791233170.5299754,kiemthugialap073@gmail.com,GET,/concerts/{id},6.863,200,ok,0,steady
1791233170.5311635,kiemthugialap023@gmail.com,GET,/orders/me,6.846,200,ok,0,steady
1791233170.5457184,kiemthugialap017@gmail.com,GET,/orders/me,5.752,200,ok,0,steady
1791233170.5620744,kiemthugialap010@gmail.com,GET,/orders/me,4.729,200,ok,0,steady
1791233170.5954194,kiemthugialap002@gmail.com,GET,/concerts,4.137,200,ok,0,steady
1791233170.5978193,kiemthugialap091@gmail.com,GET,/concerts/{id},2.252,200,ok,0,steady
1791233170.6133702,kiemthugialap083@gmail.com,GET,/orders/me,4.82,200,ok,0,steady
1791233170.6506739,kiemthugialap062@gmail.com,GET,/concerts?on_sale=true,7.338,200,ok,0,steady
1791233170.651874,kiemthugialap032@gmail.com,GET,/orders/me,10.431,200,ok,0,steady
1791233170.6522508,kiemthugialap097@gmail.com,GET,/orders/me,9.339,200,ok,0,steady
1791233170.653138,kiemthugialap048@gmail.com,GET,/orders/me,10.644,200,ok,0,steady
1791233170.655391,kiemthugialap003@gmail.com,GET,/concerts,2.992,200,ok,0,steady
1791233170.6563747,kiemthugialap076@gmail.com,GET,/orders/me,5.474,200,ok,0,steady
1791233170.6789494,kiemthugialap066@gmail.com,GET,/orders/me,4.971,200,ok,0,steady
1791233170.683128,kiemthugialap050@gmail.com,GET,/orders/me,4.046,200,ok,0,steady
1791233170.716545,kiemthugialap060@gmail.com,GET,/orders/me,9.233,200,ok,0,steady
1791233170.7178078,kiemthugialap072@gmail.com,GET,/orders/me,8.447,200,ok,0,steady
1791233170.7201402,kiemthugialap033@gmail.com,GET,/orders/me,3.379,200,ok,0,steady
1791233170.7532074,kiemthugialap085@gmail.com,GET,/orders/me,13.64,200,ok,0,steady
1791233170.7547863,kiemthugialap075@gmail.com,GET,/orders/me,13.648,200,ok,0,steady
1791233170.7620075,kiemthugialap053@gmail.com,GET,/concerts,10.636,200,ok,0,steady
1791233170.7625172,kiemthugialap037@gmail.com,GET,/concerts,11.915,200,ok,0,steady
1791233170.7639186,kiemthugialap004@gmail.com,GET,/orders/me,12.152,200,ok,0,steady
1791233170.7666242,kiemthugialap022@gmail.com,GET,/concerts?on_sale=true,3.945,200,ok,0,steady
1791233170.7784104,kiemthugialap079@gmail.com,GET,/orders/me,5.704,200,ok,0,steady
1791233170.7964761,kiemthugialap044@gmail.com,GET,/orders/me,5.609,200,ok,0,steady
1791233170.828678,kiemthugialap031@gmail.com,GET,/orders/me,5.253,200,ok,0,steady
1791233170.861575,kiemthugialap018@gmail.com,GET,/orders/me,5.341,200,ok,0,steady
1791233170.8809369,kiemthugialap001@gmail.com,GET,/orders/me,7.877,200,ok,0,steady
1791233170.882337,kiemthugialap059@gmail.com,GET,/orders/me,8.752,200,ok,0,steady
1791233170.8846908,kiemthugialap043@gmail.com,GET,/orders/me,3.537,200,ok,0,steady
1791233170.8947284,kiemthugialap090@gmail.com,GET,/orders/me,4.834,200,ok,0,steady
1791233170.9477952,kiemthugialap061@gmail.com,GET,/orders/me,5.379,200,ok,0,steady
1791233170.948182,kiemthugialap026@gmail.com,GET,/orders/me,6.877,200,ok,0,steady
1791233170.9649775,kiemthugialap025@gmail.com,GET,/concerts,6.415,200,ok,0,steady
1791233170.965425,kiemthugialap035@gmail.com,GET,/concerts/{id},7.753,200,ok,0,steady
1791233170.9666648,kiemthugialap100@gmail.com,GET,/orders/me,7.848,200,ok,0,steady
1791233170.995499,kiemthugialap028@gmail.com,GET,/orders/me,5.292,200,ok,0,steady
1791233171.0110474,kiemthugialap095@gmail.com,GET,/concerts,4.276,200,ok,0,steady
1791233171.0283487,kiemthugialap093@gmail.com,GET,/concerts/{id},4.493,200,ok,0,steady
1791233171.0668566,kiemthugialap021@gmail.com,GET,/orders/me,7.977,200,ok,0,steady
1791233171.067462,kiemthugialap094@gmail.com,GET,/orders/me,10.206,200,ok,0,steady
1791233171.0677795,kiemthugialap036@gmail.com,GET,/orders/me,9.376,200,ok,0,steady
1791233171.0956779,kiemthugialap065@gmail.com,GET,/orders/me,5.212,200,ok,0,steady
1791233171.1295395,kiemthugialap098@gmail.com,GET,/orders/me,5.277,200,ok,0,steady
1791233171.164919,kiemthugialap086@gmail.com,GET,/orders/me,5.784,200,ok,0,steady
1791233171.1653395,kiemthugialap078@gmail.com,GET,/orders/me,7.327,200,ok,0,steady
1791233171.1975157,kiemthugialap080@gmail.com,GET,/concerts?on_sale=true,6.244,200,ok,0,steady
1791233171.198718,kiemthugialap048@gmail.com,GET,/orders/me,8.835,200,ok,0,steady
1791233171.2008553,kiemthugialap030@gmail.com,GET,/concerts/{id},3.136,200,ok,0,steady
1791233171.226695,kiemthugialap057@gmail.com,GET,/concerts,4.049,200,ok,0,steady
1791233171.2306542,kiemthugialap099@gmail.com,GET,/concerts,3.275,200,ok,0,steady
1791233171.2315004,kiemthugialap042@gmail.com,GET,/orders/me,4.669,200,ok,0,steady
1791233171.2326841,kiemthugialap010@gmail.com,GET,/concerts,1.916,200,ok,0,steady
1791233171.2452269,kiemthugialap041@gmail.com,GET,/concerts/{id},4.082,200,ok,0,steady
1791233171.260774,kiemthugialap046@gmail.com,GET,/concerts,3.86,200,ok,0,steady
1791233171.2793093,kiemthugialap081@gmail.com,GET,/concerts?on_sale=true,3.822,200,ok,0,steady
1791233171.2802908,kiemthugialap054@gmail.com,GET,/orders/me,6.376,200,ok,0,steady
1791233171.2965508,kiemthugialap006@gmail.com,GET,/orders/me,5.952,200,ok,0,steady
1791233171.3105464,kiemthugialap004@gmail.com,GET,/concerts?on_sale=true,4.139,200,ok,0,steady
1791233171.328736,kiemthugialap087@gmail.com,GET,/orders/me,5.076,200,ok,0,steady
1791233171.344016,kiemthugialap069@gmail.com,GET,/orders/me,4.406,200,ok,0,steady
1791233171.3813386,kiemthugialap005@gmail.com,GET,/orders/me,23.859,200,ok,0,steady
1791233171.382618,kiemthugialap084@gmail.com,GET,/orders/me,23.894,200,ok,0,steady
1791233171.382986,kiemthugialap024@gmail.com,GET,/concerts,6.613,200,ok,0,steady
1791233171.3837242,kiemthugialap022@gmail.com,GET,/orders/me,8.536,200,ok,0,steady
1791233171.4121487,kiemthugialap091@gmail.com,GET,/orders/me,30.549,200,ok,0,steady
1791233171.4136763,kiemthugialap089@gmail.com,GET,/concerts/{id},5.751,200,ok,0,steady
1791233171.4336522,kiemthugialap096@gmail.com,GET,/concerts?on_sale=true,9.404,200,ok,0,steady
1791233171.436192,kiemthugialap033@gmail.com,GET,/orders/me,10.922,200,ok,0,steady
1791233171.4371724,kiemthugialap064@gmail.com,GET,/orders/me,10.097,200,ok,0,steady
1791233171.4391592,kiemthugialap015@gmail.com,GET,/concerts?on_sale=true,4.561,200,ok,0,steady
1791233171.4404178,kiemthugialap045@gmail.com,GET,/orders/me,6.527,200,ok,0,steady
1791233171.4789464,kiemthugialap097@gmail.com,GET,/concerts,20.661,200,ok,0,steady
1791233171.4808135,kiemthugialap073@gmail.com,GET,/orders/me,22.953,200,ok,0,steady
1791233171.481347,kiemthugialap066@gmail.com,GET,/concerts/{id},6.714,200,ok,0,steady
1791233171.481719,kiemthugialap062@gmail.com,GET,/orders/me,25.037,200,ok,0,steady
1791233171.5120358,kiemthugialap013@gmail.com,GET,/concerts/{id},4.187,200,ok,0,steady
1791233171.533437,kiemthugialap060@gmail.com,GET,/concerts,7.933,200,ok,0,steady
1791233171.5343187,kiemthugialap029@gmail.com,GET,/orders/me,10.155,200,ok,0,steady
1791233171.5347235,kiemthugialap019@gmail.com,GET,/orders/me,8.821,200,ok,0,steady
1791233171.5357294,kiemthugialap067@gmail.com,GET,/orders/me,8.519,200,ok,0,steady
1791233171.5452158,kiemthugialap055@gmail.com,GET,/orders/me,4.981,200,ok,0,steady
1791233171.566982,kiemthugialap040@gmail.com,GET,/orders/me,7.773,200,ok,0,steady
1791233171.567362,kiemthugialap083@gmail.com,GET,/orders/me,7.81,200,ok,0,steady
1791233171.5676687,kiemthugialap075@gmail.com,GET,/orders/me,9.587,200,ok,0,steady
1791233171.5791552,kiemthugialap092@gmail.com,GET,/concerts?on_sale=true,4.428,200,ok,0,steady
1791233171.5948064,kiemthugialap056@gmail.com,GET,/concerts,4.088,200,ok,0,steady
1791233171.6307187,kiemthugialap027@gmail.com,GET,/orders/me,5.465,200,ok,0,steady
1791233171.634176,kiemthugialap034@gmail.com,GET,/orders/me,3.251,200,ok,0,steady
1791233171.6641767,kiemthugialap077@gmail.com,GET,/concerts,5.257,200,ok,0,steady
1791233171.665352,kiemthugialap001@gmail.com,GET,/concerts,7.636,200,ok,0,steady
1791233171.666396,kiemthugialap007@gmail.com,GET,/orders/me,6.991,200,ok,0,steady
1791233171.6682382,kiemthugialap063@gmail.com,GET,/orders/me,3.862,200,ok,0,steady
1791233171.7298903,kiemthugialap011@gmail.com,GET,/orders/me,5.265,200,ok,0,steady
1791233171.7465851,kiemthugialap088@gmail.com,GET,/orders/me,5.297,200,ok,0,steady
1791233171.7635064,kiemthugialap076@gmail.com,GET,/concerts?on_sale=true,6.104,200,ok,0,steady
1791233171.7639923,kiemthugialap047@gmail.com,GET,/concerts?on_sale=true,5.271,200,ok,0,steady
1791233171.7954874,kiemthugialap054@gmail.com,GET,/concerts/{id},4.829,200,ok,0,steady
1791233171.8139834,kiemthugialap058@gmail.com,GET,/orders/me,6.589,200,ok,0,steady
1791233171.8602035,kiemthugialap072@gmail.com,GET,/concerts?on_sale=true,17.641,200,ok,0,steady
1791233171.8615713,kiemthugialap008@gmail.com,GET,/orders/me,20.039,200,ok,0,steady
1791233171.8658226,kiemthugialap095@gmail.com,GET,/orders/me,5.399,200,ok,0,steady
1791233171.8977718,kiemthugialap050@gmail.com,GET,/concerts,7.992,200,ok,0,steady
1791233171.8993695,kiemthugialap086@gmail.com,GET,/orders/me,8.558,200,ok,0,steady
1791233171.899839,kiemthugialap012@gmail.com,GET,/orders/me,7.562,200,ok,0,steady
1791233171.9326997,kiemthugialap004@gmail.com,GET,/orders/me,10.112,200,ok,0,steady
1791233171.937541,kiemthugialap049@gmail.com,GET,/orders/me,4.561,200,ok,0,steady
1791233171.963452,kiemthugialap074@gmail.com,GET,/concerts,6.553,200,ok,0,steady
1791233171.9646032,kiemthugialap023@gmail.com,GET,/orders/me,6.671,200,ok,0,steady
1791233171.9792926,kiemthugialap039@gmail.com,GET,/orders/me,5.861,200,ok,0,steady
1791233171.9961734,kiemthugialap045@gmail.com,GET,/orders/me,6.482,200,ok,0,steady
1791233172.0004475,kiemthugialap099@gmail.com,GET,/orders/me,4.092,200,ok,0,steady
1791233172.028812,kiemthugialap002@gmail.com,GET,/orders/me,4.832,200,ok,0,steady
1791233172.0311656,kiemthugialap068@gmail.com,GET,/concerts?on_sale=true,2.201,200,ok,0,steady
1791233172.036092,kiemthugialap025@gmail.com,GET,/orders/me,4.284,200,ok,0,steady
1791233172.036458,kiemthugialap052@gmail.com,GET,/orders/me,5.169,200,ok,0,steady
1791233172.1143563,kiemthugialap096@gmail.com,GET,/orders/me,6.805,200,ok,0,steady
1791233172.1166143,kiemthugialap009@gmail.com,GET,/concerts,2.093,200,ok,0,steady
1791233172.129796,kiemthugialap067@gmail.com,GET,/orders/me,6.19,200,ok,0,steady
1791233172.161091,kiemthugialap019@gmail.com,GET,/concerts?on_sale=true,20.873,200,ok,0,steady
1791233172.1641285,kiemthugialap051@gmail.com,GET,/concerts,8.065,200,ok,0,steady
1791233172.166235,kiemthugialap066@gmail.com,GET,/orders/me,25.358,200,ok,0,steady
1791233172.1676002,kiemthugialap093@gmail.com,GET,/concerts,10.036,200,ok,0,steady
1791233172.168017,kiemthugialap043@gmail.com,GET,/concerts?on_sale=true,10.048,200,ok,0,steady
1791233172.1947107,kiemthugialap057@gmail.com,GET,/orders/me,37.609,200,ok,0,steady
1791233172.1971912,kiemthugialap024@gmail.com,GET,/orders/me,32.938,200,ok,0,steady
1791233172.2019725,kiemthugialap014@gmail.com,GET,/concerts?on_sale=true,10.03,200,ok,0,steady
1791233172.203373,kiemthugialap090@gmail.com,GET,/orders/me,11.021,200,ok,0,steady
1791233172.204203,kiemthugialap016@gmail.com,GET,/orders/me,14.261,200,ok,0,steady
1791233172.2046149,kiemthugialap082@gmail.com,GET,/orders/me,13.149,200,ok,0,steady
1791233172.2142382,kiemthugialap044@gmail.com,GET,/orders/me,5.71,200,ok,0,steady
1791233172.2174778,kiemthugialap029@gmail.com,GET,/orders/me,3.066,200,ok,0,steady
1791233172.2297146,kiemthugialap017@gmail.com,GET,/orders/me,5.634,200,ok,0,steady
1791233172.2333505,kiemthugialap038@gmail.com,GET,/orders/me,3.449,200,ok,0,steady
1791233172.2449756,kiemthugialap037@gmail.com,GET,/orders/me,4.354,200,ok,0,steady
1791233172.2481298,kiemthugialap079@gmail.com,GET,/concerts?on_sale=true,2.719,200,ok,0,steady
1791233172.248551,kiemthugialap070@gmail.com,GET,/concerts,3.445,200,ok,0,steady
1791233172.278759,kiemthugialap100@gmail.com,GET,/orders/me,5.568,200,ok,0,steady
1791233172.294369,kiemthugialap053@gmail.com,GET,/orders/me,5.598,200,ok,0,steady
1791233172.3306286,kiemthugialap073@gmail.com,GET,/concerts?on_sale=true,5.843,200,ok,0,steady
1791233172.3310528,kiemthugialap087@gmail.com,GET,/concerts/{id},7.47,200,ok,0,steady
1791233172.344146,kiemthugialap032@gmail.com,GET,/orders/me,4.578,200,ok,0,steady
1791233172.361915,kiemthugialap060@gmail.com,GET,/orders/me,5.304,200,ok,0,steady
1791233172.3979502,kiemthugialap020@gmail.com,GET,/orders/me,7.122,200,ok,0,steady
1791233172.4044235,kiemthugialap001@gmail.com,GET,/orders/me,5.527,200,ok,0,steady
1791233172.4048233,kiemthugialap061@gmail.com,GET,/orders/me,6.72,200,ok,0,steady
1791233172.4117339,kiemthugialap036@gmail.com,GET,/orders/me,5.119,200,ok,0,steady
1791233172.4168484,kiemthugialap071@gmail.com,GET,/orders/me,4.942,200,ok,0,steady
1791233172.4172366,kiemthugialap003@gmail.com,GET,/orders/me,4.932,200,ok,0,steady
1791233172.448801,kiemthugialap011@gmail.com,GET,/concerts?on_sale=true,7.05,200,ok,0,steady
1791233172.4503584,kiemthugialap034@gmail.com,GET,/orders/me,7.59,200,ok,0,steady
1791233172.4534225,kiemthugialap047@gmail.com,GET,/orders/me,4.418,200,ok,0,steady
1791233172.480818,kiemthugialap094@gmail.com,GET,/orders/me,6.314,200,ok,0,steady
1791233172.4855478,kiemthugialap065@gmail.com,GET,/orders/me,4.537,200,ok,0,steady
1791233172.4894936,kiemthugialap064@gmail.com,GET,/orders/me,3.772,200,ok,0,steady
1791233172.5130298,kiemthugialap080@gmail.com,GET,/orders/me,6.141,200,ok,0,steady
1791233172.5162396,kiemthugialap022@gmail.com,GET,/concerts,2.947,200,ok,0,steady
1791233172.5198197,kiemthugialap078@gmail.com,GET,/orders/me,3.428,200,ok,0,steady
1791233172.5219789,kiemthugialap055@gmail.com,GET,/concerts?on_sale=true,1.999,200,ok,0,steady
1791233172.527483,kiemthugialap028@gmail.com,GET,/orders/me,4.317,200,ok,0,steady
1791233172.5632656,kiemthugialap010@gmail.com,GET,/orders/me,5.75,200,ok,0,steady
1791233172.5670388,kiemthugialap025@gmail.com,GET,/orders/me,3.587,200,ok,0,steady
1791233172.5702436,kiemthugialap072@gmail.com,GET,/orders/me,3.068,200,ok,0,steady
1791233172.5939176,kiemthugialap031@gmail.com,GET,/concerts/{id},4.419,200,ok,0,steady
1791233172.6145954,kiemthugialap041@gmail.com,GET,/orders/me,7.238,200,ok,0,steady
1791233172.6150186,kiemthugialap054@gmail.com,GET,/orders/me,6.39,200,ok,0,steady
1791233172.6440246,kiemthugialap026@gmail.com,GET,/concerts,3.202,200,ok,0,steady
1791233172.662599,kiemthugialap018@gmail.com,GET,/concerts,5.292,200,ok,0,steady
1791233172.6635177,kiemthugialap015@gmail.com,GET,/orders/me,4.638,200,ok,0,steady
1791233172.696792,kiemthugialap076@gmail.com,GET,/concerts/{id},5.552,200,ok,0,steady
1791233172.6978865,kiemthugialap085@gmail.com,GET,/orders/me,5.852,200,ok,0,steady
1791233172.7124677,kiemthugialap059@gmail.com,GET,/orders/me,4.903,200,ok,0,steady
1791233172.7164955,kiemthugialap090@gmail.com,GET,/orders/me,3.873,200,ok,0,steady
1791233172.7291827,kiemthugialap098@gmail.com,GET,/orders/me,4.588,200,ok,0,steady
1791233172.7441323,kiemthugialap046@gmail.com,GET,/concerts/{id},3.931,200,ok,0,steady
1791233172.7640123,kiemthugialap035@gmail.com,GET,/concerts?on_sale=true,6.99,200,ok,0,steady
1791233172.7648675,kiemthugialap005@gmail.com,GET,/orders/me,6.644,200,ok,0,steady
1791233172.7802432,kiemthugialap048@gmail.com,GET,/concerts?on_sale=true,4.665,200,ok,0,steady
1791233172.7806711,kiemthugialap014@gmail.com,GET,/concerts?on_sale=true,7.406,200,ok,0,steady
1791233172.7813637,kiemthugialap023@gmail.com,GET,/orders/me,7.047,200,ok,0,steady
1791233172.8144262,kiemthugialap013@gmail.com,GET,/concerts,5.729,200,ok,0,steady
1791233172.8158631,kiemthugialap021@gmail.com,GET,/orders/me,7.586,200,ok,0,steady
1791233172.816191,kiemthugialap030@gmail.com,GET,/orders/me,9.158,200,ok,0,steady
1791233172.830557,kiemthugialap006@gmail.com,GET,/orders/me,6.37,200,ok,0,steady
1791233172.8700745,kiemthugialap069@gmail.com,GET,/concerts?on_sale=true,9.214,200,ok,0,steady
1791233172.870873,kiemthugialap009@gmail.com,GET,/orders/me,13.171,200,ok,0,steady
1791233172.871197,kiemthugialap049@gmail.com,GET,/concerts,10.079,200,ok,0,steady
1791233172.8716342,kiemthugialap042@gmail.com,GET,/orders/me,12.777,200,ok,0,steady
1791233172.914954,kiemthugialap081@gmail.com,GET,/orders/me,6.541,200,ok,0,steady
1791233172.915418,kiemthugialap091@gmail.com,GET,/orders/me,8.129,200,ok,0,steady
1791233172.9293013,kiemthugialap066@gmail.com,GET,/orders/me,5.328,200,ok,0,steady
1791233172.9624927,kiemthugialap086@gmail.com,GET,/orders/me,5.511,200,ok,0,steady
1791233172.9754744,kiemthugialap068@gmail.com,GET,/concerts,5.609,200,ok,0,steady
1791233172.9771254,kiemthugialap084@gmail.com,GET,/orders/me,7.725,200,ok,0,steady
1791233172.97825,kiemthugialap033@gmail.com,GET,/concerts/{id},3.798,200,ok,0,steady
1791233173.031242,kiemthugialap058@gmail.com,GET,/orders/me,7.163,200,ok,0,steady
1791233173.0611124,kiemthugialap044@gmail.com,GET,/concerts?on_sale=true,4.56,200,ok,0,steady
1791233173.0780792,kiemthugialap099@gmail.com,GET,/concerts,3.791,200,ok,0,steady
1791233173.096132,kiemthugialap056@gmail.com,GET,/orders/me,6.619,200,ok,0,steady
1791233173.1349094,kiemthugialap016@gmail.com,GET,/concerts/{id},8.572,200,ok,0,steady
1791233173.135505,kiemthugialap064@gmail.com,GET,/orders/me,10.33,200,ok,0,steady
1791233173.136636,kiemthugialap040@gmail.com,GET,/orders/me,10.668,200,ok,0,steady
1791233173.1670203,kiemthugialap024@gmail.com,GET,/orders/me,10.706,200,ok,0,steady
1791233173.175009,kiemthugialap089@gmail.com,GET,/concerts/{id},7.646,200,ok,0,steady
1791233173.1840422,kiemthugialap057@gmail.com,GET,/orders/me,15.936,200,ok,0,steady
1791233173.1847,kiemthugialap097@gmail.com,GET,/orders/me,15.434,200,ok,0,steady
1791233173.185068,kiemthugialap019@gmail.com,GET,/concerts,8.915,200,ok,0,steady
1791233173.186345,kiemthugialap088@gmail.com,GET,/orders/me,11.131,200,ok,0,steady
1791233173.2139697,kiemthugialap037@gmail.com,GET,/orders/me,6.59,200,ok,0,steady
1791233173.2144256,kiemthugialap075@gmail.com,GET,/orders/me,8.691,200,ok,0,steady
1791233173.229137,kiemthugialap029@gmail.com,GET,/concerts,6.106,200,ok,0,steady
1791233173.2303796,kiemthugialap008@gmail.com,GET,/orders/me,6.872,200,ok,0,steady
1791233173.2326918,kiemthugialap027@gmail.com,GET,/orders/me,3.344,200,ok,0,steady
1791233173.2621772,kiemthugialap050@gmail.com,GET,/orders/me,5.794,200,ok,0,steady
1791233173.297603,kiemthugialap073@gmail.com,GET,/concerts,5.63,200,ok,0,steady
1791233173.298007,kiemthugialap071@gmail.com,GET,/concerts/{id},6.461,200,ok,0,steady
1791233173.299075,kiemthugialap083@gmail.com,GET,/orders/me,8.492,200,ok,0,steady
1791233173.3620558,kiemthugialap092@gmail.com,GET,/concerts?on_sale=true,19.627,200,ok,0,steady
1791233173.3637056,kiemthugialap096@gmail.com,GET,/orders/me,22.333,200,ok,0,steady
1791233173.4167852,kiemthugialap079@gmail.com,GET,/concerts?on_sale=true,8.428,200,ok,0,steady
1791233173.4184887,kiemthugialap052@gmail.com,GET,/concerts?on_sale=true,9.43,200,ok,0,steady
1791233173.4189222,kiemthugialap090@gmail.com,GET,/concerts?on_sale=true,8.683,200,ok,0,steady
1791233173.4190996,kiemthugialap011@gmail.com,GET,/concerts/{id},11.186,200,ok,0,steady
1791233173.4195716,kiemthugialap041@gmail.com,GET,/concerts/{id},10.861,200,ok,0,steady
1791233173.4201286,kiemthugialap074@gmail.com,GET,/orders/me,12.915,200,ok,0,steady
1791233173.4456844,kiemthugialap046@gmail.com,GET,/concerts?on_sale=true,4.777,200,ok,0,steady
1791233173.4623327,kiemthugialap059@gmail.com,GET,/concerts/{id},5.346,200,ok,0,steady
1791233173.4634364,kiemthugialap062@gmail.com,GET,/orders/me,5.69,200,ok,0,steady
1791233173.4977043,kiemthugialap055@gmail.com,GET,/orders/me,23.013,200,ok,0,steady
1791233173.4982815,kiemthugialap093@gmail.com,GET,/concerts/{id},21.881,200,ok,0,steady
1791233173.4991543,kiemthugialap087@gmail.com,GET,/concerts/{id},25.54,200,ok,0,steady
1791233173.5002842,kiemthugialap051@gmail.com,GET,/orders/me,25.301,200,ok,0,steady
1791233173.5012944,kiemthugialap077@gmail.com,GET,/orders/me,10.549,200,ok,0,steady
1791233173.5050566,kiemthugialap014@gmail.com,GET,/concerts,3.496,200,ok,0,steady
1791233173.506031,kiemthugialap003@gmail.com,GET,/concerts/{id},3.474,200,ok,0,steady
1791233173.5125668,kiemthugialap010@gmail.com,GET,/concerts,4.756,200,ok,0,steady
1791233173.5135016,kiemthugialap021@gmail.com,GET,/orders/me,5.288,200,ok,0,steady
1791233173.5818512,kiemthugialap068@gmail.com,GET,/concerts,7.699,200,ok,0,steady
1791233173.583622,kiemthugialap069@gmail.com,GET,/orders/me,9.088,200,ok,0,steady
1791233173.584231,kiemthugialap078@gmail.com,GET,/orders/me,10.856,200,ok,0,steady
1791233173.6130555,kiemthugialap012@gmail.com,GET,/concerts,5.426,200,ok,0,steady
1791233173.628487,kiemthugialap007@gmail.com,GET,/orders/me,4.738,200,ok,0,steady
1791233173.6443958,kiemthugialap063@gmail.com,GET,/orders/me,4.898,200,ok,0,steady
1791233173.6637526,kiemthugialap066@gmail.com,GET,/concerts,6.43,200,ok,0,steady
1791233173.6649747,kiemthugialap004@gmail.com,GET,/orders/me,8.486,200,ok,0,steady
1791233173.7119384,kiemthugialap095@gmail.com,GET,/concerts/{id},5.288,200,ok,0,steady
1791233173.713076,kiemthugialap017@gmail.com,GET,/orders/me,5.706,200,ok,0,steady
1791233173.714537,kiemthugialap034@gmail.com,GET,/concerts,2.456,200,ok,0,steady
1791233173.7303922,kiemthugialap067@gmail.com,GET,/orders/me,6.274,200,ok,0,steady
1791233173.7651687,kiemthugialap018@gmail.com,GET,/orders/me,6.736,200,ok,0,steady
1791233173.76559,kiemthugialap042@gmail.com,GET,/orders/me,6.127,200,ok,0,steady
1791233173.8457305,kiemthugialap082@gmail.com,GET,/orders/me,4.69,200,ok,0,steady
1791233173.8644044,kiemthugialap060@gmail.com,GET,/concerts,6.92,200,ok,0,steady
1791233173.8660898,kiemthugialap038@gmail.com,GET,/orders/me,7.727,200,ok,0,steady
1791233173.8665044,kiemthugialap032@gmail.com,GET,/orders/me,7.838,200,ok,0,steady
1791233173.8677084,kiemthugialap039@gmail.com,GET,/concerts/{id},3.147,200,ok,0,steady
1791233173.8795698,kiemthugialap053@gmail.com,GET,/concerts?on_sale=true,3.695,200,ok,0,steady
1791233173.8805652,kiemthugialap045@gmail.com,GET,/orders/me,5.762,200,ok,0,steady
1791233173.9140031,kiemthugialap028@gmail.com,GET,/orders/me,5.934,200,ok,0,steady
1791233173.9298592,kiemthugialap008@gmail.com,GET,/orders/me,4.662,200,ok,0,steady
1791233173.9645925,kiemthugialap013@gmail.com,GET,/orders/me,6.652,200,ok,0,steady
1791233173.965856,kiemthugialap080@gmail.com,GET,/orders/me,8.909,200,ok,0,steady
1791233173.9672296,kiemthugialap006@gmail.com,GET,/concerts?on_sale=true,2.404,200,ok,0,steady
1791233173.9803658,kiemthugialap047@gmail.com,GET,/concerts?on_sale=true,5.396,200,ok,0,steady
1791233173.9807644,kiemthugialap002@gmail.com,GET,/orders/me,6.476,200,ok,0,steady
1791233174.015872,kiemthugialap027@gmail.com,GET,/orders/me,7.415,200,ok,0,steady
1791233174.0174563,kiemthugialap070@gmail.com,GET,/orders/me,10.741,200,ok,0,steady
1791233174.0201561,kiemthugialap083@gmail.com,GET,/orders/me,3.989,200,ok,0,steady
1791233174.0228224,kiemthugialap023@gmail.com,GET,/orders/me,2.555,200,ok,0,steady
1791233174.0516179,kiemthugialap059@gmail.com,GET,/orders/me,11.743,200,ok,0,steady
1791233174.0521421,kiemthugialap065@gmail.com,GET,/orders/me,9.926,200,ok,0,steady
1791233174.0524693,kiemthugialap051@gmail.com,GET,/orders/me,11.803,200,ok,0,steady
1791233174.0527735,kiemthugialap058@gmail.com,GET,/orders/me,11.738,200,ok,0,steady
1791233174.060577,kiemthugialap010@gmail.com,GET,/orders/me,4.345,200,ok,0,steady
1791233174.0785751,kiemthugialap073@gmail.com,GET,/orders/me,4.823,200,ok,0,steady
1791233174.0970397,kiemthugialap084@gmail.com,GET,/orders/me,6.065,200,ok,0,steady
1791233174.0973842,kiemthugialap061@gmail.com,GET,/orders/me,7.475,200,ok,0,steady
1791233174.1145613,kiemthugialap031@gmail.com,GET,/concerts/{id},5.833,200,ok,0,steady
1791233174.1159787,kiemthugialap100@gmail.com,GET,/orders/me,8.422,200,ok,0,steady
1791233174.116954,kiemthugialap054@gmail.com,GET,/orders/me,7.948,200,ok,0,steady
1791233174.1189559,kiemthugialap030@gmail.com,GET,/orders/me,2.843,200,ok,0,steady
1791233174.1216297,kiemthugialap029@gmail.com,GET,/orders/me,2.557,200,ok,0,steady
1791233174.1289823,kiemthugialap043@gmail.com,GET,/orders/me,4.422,200,ok,0,steady
1791233174.1321855,kiemthugialap098@gmail.com,GET,/orders/me,3.034,200,ok,0,steady
1791233174.1463313,kiemthugialap094@gmail.com,GET,/concerts?on_sale=true,5.188,200,ok,0,steady
1791233174.1472225,kiemthugialap096@gmail.com,GET,/concerts?on_sale=true,5.351,200,ok,0,steady
1791233174.1493597,kiemthugialap020@gmail.com,GET,/orders/me,2.861,200,ok,0,steady
1791233174.1613057,kiemthugialap024@gmail.com,GET,/concerts?on_sale=true,3.697,200,ok,0,steady
1791233174.2148533,kiemthugialap056@gmail.com,GET,/orders/me,7.588,200,ok,0,steady
1791233174.2810588,kiemthugialap091@gmail.com,GET,/orders/me,7.382,200,ok,0,steady
1791233174.2968829,kiemthugialap009@gmail.com,GET,/orders/me,6.525,200,ok,0,steady
1791233174.3125458,kiemthugialap077@gmail.com,GET,/orders/me,5.946,200,ok,0,steady
1791233174.3314333,kiemthugialap087@gmail.com,GET,/concerts,7.913,200,ok,0,steady
1791233174.331986,kiemthugialap089@gmail.com,GET,/concerts,7.425,200,ok,0,steady
1791233174.347508,kiemthugialap001@gmail.com,GET,/orders/me,7.828,200,ok,0,steady
1791233174.3801553,kiemthugialap085@gmail.com,GET,/orders/me,5.745,200,ok,0,steady
1791233174.3811224,kiemthugialap066@gmail.com,GET,/orders/me,7.704,200,ok,0,steady
1791233174.3825843,kiemthugialap035@gmail.com,GET,/concerts/{id},2.286,200,ok,0,steady
1791233174.4146202,kiemthugialap036@gmail.com,GET,/orders/me,8.848,200,ok,0,steady
1791233174.415113,kiemthugialap076@gmail.com,GET,/orders/me,8.436,200,ok,0,steady
1791233174.4154313,kiemthugialap022@gmail.com,GET,/orders/me,9.098,200,ok,0,steady
1791233174.4188867,kiemthugialap072@gmail.com,GET,/orders/me,3.318,200,ok,0,steady
1791233174.424221,kiemthugialap081@gmail.com,GET,/orders/me,5.212,200,ok,0,steady
1791233174.448429,kiemthugialap003@gmail.com,GET,/concerts,6.983,200,ok,0,steady
1791233174.4490354,kiemthugialap075@gmail.com,GET,/orders/me,8.666,200,ok,0,steady
1791233174.449754,kiemthugialap078@gmail.com,GET,/orders/me,7.95,200,ok,0,steady
1791233174.464081,kiemthugialap012@gmail.com,GET,/orders/me,5.828,200,ok,0,steady
1791233174.4677782,kiemthugialap025@gmail.com,GET,/orders/me,3.516,200,ok,0,steady
1791233174.4707663,kiemthugialap011@gmail.com,GET,/orders/me,2.861,200,ok,0,steady
1791233174.5305076,kiemthugialap088@gmail.com,GET,/orders/me,6.31,200,ok,0,steady
1791233174.5655165,kiemthugialap027@gmail.com,GET,/concerts?on_sale=true,7.163,200,ok,0,steady
1791233174.5664058,kiemthugialap052@gmail.com,GET,/orders/me,7.095,200,ok,0,steady
1791233174.5778155,kiemthugialap015@gmail.com,GET,/concerts/{id},3.361,200,ok,0,steady
1791233174.5814137,kiemthugialap062@gmail.com,GET,/orders/me,3.454,200,ok,0,steady
1791233174.5958302,kiemthugialap099@gmail.com,GET,/orders/me,4.633,200,ok,0,steady
1791233174.6135108,kiemthugialap086@gmail.com,GET,/concerts,5.705,200,ok,0,steady
1791233174.6147006,kiemthugialap048@gmail.com,GET,/orders/me,5.359,200,ok,0,steady
1791233174.616957,kiemthugialap038@gmail.com,GET,/orders/me,3.314,200,ok,0,steady
1791233174.6549833,kiemthugialap046@gmail.com,GET,/concerts/{id},13.249,200,ok,0,steady
1791233174.6567023,kiemthugialap055@gmail.com,GET,/concerts,12.873,200,ok,0,steady
1791233174.6589835,kiemthugialap026@gmail.com,GET,/orders/me,15.788,200,ok,0,steady
1791233174.6618648,kiemthugialap040@gmail.com,GET,/orders/me,18.976,200,ok,0,steady
1791233174.6622732,kiemthugialap071@gmail.com,GET,/orders/me,17.157,200,ok,0,steady
1791233174.6624596,kiemthugialap064@gmail.com,GET,/orders/me,19.0,200,ok,0,steady
1791233174.6628172,kiemthugialap016@gmail.com,GET,/orders/me,12.625,200,ok,0,steady
1791233174.69705,kiemthugialap049@gmail.com,GET,/orders/me,6.493,200,ok,0,steady
1791233174.6974633,kiemthugialap057@gmail.com,GET,/orders/me,6.272,200,ok,0,steady
1791233174.7479744,kiemthugialap041@gmail.com,GET,/orders/me,6.755,200,ok,0,steady
1791233174.7512436,kiemthugialap005@gmail.com,GET,/orders/me,3.062,200,ok,0,steady
1791233174.7958286,kiemthugialap031@gmail.com,GET,/orders/me,4.724,200,ok,0,steady
1791233174.798724,kiemthugialap037@gmail.com,GET,/orders/me,2.762,200,ok,0,steady
1791233174.8145287,kiemthugialap044@gmail.com,GET,/orders/me,5.978,200,ok,0,steady
1791233174.8156228,kiemthugialap024@gmail.com,GET,/orders/me,7.865,200,ok,0,steady
1791233174.8170607,kiemthugialap084@gmail.com,GET,/concerts?on_sale=true,2.337,200,ok,0,steady
1791233174.829153,kiemthugialap030@gmail.com,GET,/orders/me,5.055,200,ok,0,steady
1791233174.8653607,kiemthugialap018@gmail.com,GET,/orders/me,7.584,200,ok,0,steady
1791233174.8658562,kiemthugialap079@gmail.com,GET,/orders/me,6.993,200,ok,0,steady
1791233174.8785248,kiemthugialap021@gmail.com,GET,/concerts/{id},4.016,200,ok,0,steady
1791233174.8848236,kiemthugialap095@gmail.com,GET,/orders/me,5.472,200,ok,0,steady
1791233174.8859928,kiemthugialap008@gmail.com,GET,/orders/me,7.315,200,ok,0,steady
1791233174.8873749,kiemthugialap090@gmail.com,GET,/concerts/{id},2.359,200,ok,0,steady
1791233174.9141858,kiemthugialap074@gmail.com,GET,/orders/me,6.735,200,ok,0,steady
1791233174.9146416,kiemthugialap060@gmail.com,GET,/orders/me,8.255,200,ok,0,steady
1791233174.930738,kiemthugialap033@gmail.com,GET,/concerts/{id},5.373,200,ok,0,steady
1791233174.9322057,kiemthugialap032@gmail.com,GET,/orders/me,8.335,200,ok,0,steady
1791233174.9326591,kiemthugialap097@gmail.com,GET,/orders/me,7.708,200,ok,0,steady
1791233174.9447277,kiemthugialap091@gmail.com,GET,/concerts/{id},4.049,200,ok,0,steady
1791233174.9485419,kiemthugialap080@gmail.com,GET,/orders/me,3.619,200,ok,0,steady
1791233174.962925,kiemthugialap007@gmail.com,GET,/orders/me,5.062,200,ok,0,steady
1791233175.0091026,kiemthugialap053@gmail.com,GET,/orders/me,17.16,200,ok,0,steady
1791233175.0095372,kiemthugialap082@gmail.com,GET,/orders/me,16.636,200,ok,0,steady
1791233175.1020067,kiemthugialap019@gmail.com,GET,/concerts,9.109,200,ok,0,steady
1791233175.1033647,kiemthugialap035@gmail.com,GET,/orders/me,10.277,200,ok,0,steady
1791233175.1037087,kiemthugialap063@gmail.com,GET,/orders/me,10.363,200,ok,0,steady
1791233175.1038404,kiemthugialap050@gmail.com,GET,/orders/me,11.997,200,ok,0,steady
1791233175.1138868,kiemthugialap014@gmail.com,GET,/orders/me,5.656,200,ok,0,steady
1791233175.1629906,kiemthugialap098@gmail.com,GET,/orders/me,5.348,200,ok,0,steady
1791233175.1650362,kiemthugialap092@gmail.com,GET,/concerts/{id},1.908,200,ok,0,steady
1791233175.2113516,kiemthugialap069@gmail.com,GET,/orders/me,35.15,200,ok,0,steady
1791233175.2119288,kiemthugialap017@gmail.com,GET,/orders/me,37.056,200,ok,0,steady
1791233175.2128031,kiemthugialap065@gmail.com,GET,/orders/me,37.043,200,ok,0,steady
1791233175.2186093,kiemthugialap100@gmail.com,GET,/concerts?on_sale=true,11.064,200,ok,0,steady
1791233175.2200654,kiemthugialap013@gmail.com,GET,/orders/me,14.096,200,ok,0,steady
1791233175.2209928,kiemthugialap093@gmail.com,GET,/orders/me,12.654,200,ok,0,steady
1791233175.221382,kiemthugialap028@gmail.com,GET,/orders/me,12.618,200,ok,0,steady
1791233175.2226467,kiemthugialap011@gmail.com,GET,/concerts,3.837,200,ok,0,steady
1791233175.2452097,kiemthugialap045@gmail.com,GET,/concerts/{id},4.448,200,ok,0,steady
1791233175.2463477,kiemthugialap034@gmail.com,GET,/orders/me,6.201,200,ok,0,steady
1791233175.2787397,kiemthugialap023@gmail.com,GET,/orders/me,4.84,200,ok,0,steady
1791233175.2997756,kiemthugialap022@gmail.com,GET,/orders/me,9.293,200,ok,0,steady
1791233175.3009784,kiemthugialap027@gmail.com,GET,/orders/me,10.034,200,ok,0,steady
1791233175.301354,kiemthugialap070@gmail.com,GET,/orders/me,11.524,200,ok,0,steady
1791233175.302735,kiemthugialap036@gmail.com,GET,/concerts?on_sale=true,2.787,200,ok,0,steady
1791233175.3608117,kiemthugialap056@gmail.com,GET,/concerts,4.29,200,ok,0,steady
1791233175.3646436,kiemthugialap096@gmail.com,GET,/orders/me,3.663,200,ok,0,steady
1791233175.3681734,kiemthugialap054@gmail.com,GET,/orders/me,3.391,200,ok,0,steady
1791233175.3958454,kiemthugialap029@gmail.com,GET,/concerts?on_sale=true,22.456,200,ok,0,steady
1791233175.399467,kiemthugialap068@gmail.com,GET,/concerts/{id},8.571,200,ok,0,steady
1791233175.3999853,kiemthugialap071@gmail.com,GET,/orders/me,27.119,200,ok,0,steady
1791233175.4016085,kiemthugialap039@gmail.com,GET,/orders/me,11.782,200,ok,0,steady
1791233175.4019656,kiemthugialap004@gmail.com,GET,/orders/me,11.435,200,ok,0,steady
1791233175.4449735,kiemthugialap046@gmail.com,GET,/concerts?on_sale=true,20.525,200,ok,0,steady
1791233175.44721,kiemthugialap061@gmail.com,GET,/concerts?on_sale=true,21.974,200,ok,0,steady
1791233175.4490583,kiemthugialap006@gmail.com,GET,/orders/me,26.273,200,ok,0,steady
1791233175.4499614,kiemthugialap058@gmail.com,GET,/orders/me,23.681,200,ok,0,steady
1791233175.45106,kiemthugialap089@gmail.com,GET,/orders/me,11.388,200,ok,0,steady
1791233175.4951928,kiemthugialap088@gmail.com,GET,/orders/me,5.489,200,ok,0,steady
1791233175.511185,kiemthugialap059@gmail.com,GET,/concerts/{id},4.571,200,ok,0,steady
1791233175.5452762,kiemthugialap094@gmail.com,GET,/concerts?on_sale=true,4.25,200,ok,0,steady
1791233175.614705,kiemthugialap002@gmail.com,GET,/concerts,7.161,200,ok,0,steady
1791233175.6161537,kiemthugialap042@gmail.com,GET,/orders/me,9.4,200,ok,0,steady
1791233175.6165388,kiemthugialap075@gmail.com,GET,/orders/me,8.17,200,ok,0,steady
1791233175.6451418,kiemthugialap037@gmail.com,GET,/concerts?on_sale=true,4.913,200,ok,0,steady
1791233175.6466103,kiemthugialap091@gmail.com,GET,/orders/me,6.984,200,ok,0,steady
1791233175.6492078,kiemthugialap021@gmail.com,GET,/orders/me,3.919,200,ok,0,steady
1791233175.6799605,kiemthugialap067@gmail.com,GET,/orders/me,6.52,200,ok,0,steady
1791233175.680302,kiemthugialap010@gmail.com,GET,/orders/me,5.796,200,ok,0,steady
1791233175.6928332,kiemthugialap066@gmail.com,GET,/concerts/{id},3.35,200,ok,0,steady
1791233175.710969,kiemthugialap040@gmail.com,GET,/concerts,4.846,200,ok,0,steady
1791233175.7119753,kiemthugialap018@gmail.com,GET,/orders/me,5.01,200,ok,0,steady
1791233175.7635734,kiemthugialap099@gmail.com,GET,/orders/me,6.138,200,ok,0,steady
1791233175.7668133,kiemthugialap086@gmail.com,GET,/orders/me,3.089,200,ok,0,steady
1791233175.8124177,kiemthugialap035@gmail.com,GET,/concerts/{id},5.721,200,ok,0,steady
1791233175.829556,kiemthugialap048@gmail.com,GET,/concerts,4.838,200,ok,0,steady
1791233175.830633,kiemthugialap076@gmail.com,GET,/orders/me,6.798,200,ok,0,steady
1791233175.8626618,kiemthugialap020@gmail.com,GET,/concerts?on_sale=true,4.902,200,ok,0,steady
1791233175.8662207,kiemthugialap026@gmail.com,GET,/orders/me,9.89,200,ok,0,steady
1791233175.8669574,kiemthugialap065@gmail.com,GET,/orders/me,8.828,200,ok,0,steady
1791233175.8799636,kiemthugialap055@gmail.com,GET,/concerts?on_sale=true,4.965,200,ok,0,steady
1791233175.8819504,kiemthugialap023@gmail.com,GET,/orders/me,7.673,200,ok,0,steady
1791233175.8825634,kiemthugialap078@gmail.com,GET,/orders/me,9.142,200,ok,0,steady
1791233175.8836813,kiemthugialap047@gmail.com,GET,/concerts,3.574,200,ok,0,steady
1791233175.8975644,kiemthugialap069@gmail.com,GET,/concerts?on_sale=true,5.546,200,ok,0,steady
1791233175.8979902,kiemthugialap049@gmail.com,GET,/concerts?on_sale=true,6.998,200,ok,0,steady
1791233175.8982794,kiemthugialap060@gmail.com,GET,/concerts,6.599,200,ok,0,steady
1791233175.9292285,kiemthugialap044@gmail.com,GET,/concerts/{id},3.83,200,ok,0,steady
1791233175.9296055,kiemthugialap083@gmail.com,GET,/concerts,4.835,200,ok,0,steady
1791233175.9470358,kiemthugialap003@gmail.com,GET,/orders/me,5.744,200,ok,0,steady
1791233175.9510307,kiemthugialap051@gmail.com,GET,/orders/me,3.827,200,ok,0,steady
1791233175.9547045,kiemthugialap012@gmail.com,GET,/concerts?on_sale=true,3.489,200,ok,0,steady
1791233176.0093467,kiemthugialap029@gmail.com,GET,/concerts?on_sale=true,36.237,200,ok,0,steady
1791233176.0097618,kiemthugialap071@gmail.com,GET,/concerts/{id},32.645,200,ok,0,steady
1791233176.017312,kiemthugialap085@gmail.com,GET,/orders/me,41.313,200,ok,0,steady
1791233176.017874,kiemthugialap057@gmail.com,GET,/orders/me,41.151,200,ok,0,steady
1791233176.0193138,kiemthugialap043@gmail.com,GET,/concerts,11.716,200,ok,0,steady
1791233176.0211325,kiemthugialap017@gmail.com,GET,/orders/me,31.002,200,ok,0,steady
1791233176.0213258,kiemthugialap070@gmail.com,GET,/orders/me,31.913,200,ok,0,steady
1791233176.0223134,kiemthugialap025@gmail.com,GET,/orders/me,16.018,200,ok,0,steady
1791233176.0228083,kiemthugialap073@gmail.com,GET,/orders/me,15.594,200,ok,0,steady
1791233176.025814,kiemthugialap052@gmail.com,GET,/concerts?on_sale=true,9.465,200,ok,0,steady
1791233176.0276709,kiemthugialap009@gmail.com,GET,/orders/me,8.916,200,ok,0,steady
1791233176.0294309,kiemthugialap032@gmail.com,GET,/orders/me,5.352,200,ok,0,steady
1791233176.0328305,kiemthugialap001@gmail.com,GET,/orders/me,3.241,200,ok,0,steady
1791233176.0641549,kiemthugialap079@gmail.com,GET,/orders/me,7.553,200,ok,0,steady
1791233176.064512,kiemthugialap005@gmail.com,GET,/orders/me,6.889,200,ok,0,steady
1791233176.0947015,kiemthugialap041@gmail.com,GET,/orders/me,4.952,200,ok,0,steady
1791233176.1097925,kiemthugialap089@gmail.com,GET,/concerts,3.431,200,ok,0,steady
1791233176.128087,kiemthugialap033@gmail.com,GET,/orders/me,5.048,200,ok,0,steady
1791233176.1443682,kiemthugialap087@gmail.com,GET,/orders/me,4.711,200,ok,0,steady
1791233176.160966,kiemthugialap028@gmail.com,GET,/concerts/{id},4.514,200,ok,0,steady
1791233176.196531,kiemthugialap038@gmail.com,GET,/orders/me,4.902,200,ok,0,steady
1791233176.2128391,kiemthugialap039@gmail.com,GET,/orders/me,5.91,200,ok,0,steady
1791233176.2135599,kiemthugialap053@gmail.com,GET,/orders/me,5.621,200,ok,0,steady
1791233176.2288702,kiemthugialap007@gmail.com,GET,/orders/me,3.73,200,ok,0,steady
1791233176.2320251,kiemthugialap013@gmail.com,GET,/orders/me,3.027,200,ok,0,steady
1791233176.2446358,kiemthugialap040@gmail.com,GET,/orders/me,3.902,200,ok,0,steady
1791233176.2628858,kiemthugialap021@gmail.com,GET,/orders/me,4.784,200,ok,0,steady
1791233176.2659743,kiemthugialap077@gmail.com,GET,/orders/me,2.945,200,ok,0,steady
1791233176.2990482,kiemthugialap019@gmail.com,GET,/orders/me,8.021,200,ok,0,steady
1791233176.2995293,kiemthugialap058@gmail.com,GET,/orders/me,7.393,200,ok,0,steady
1791233176.3307068,kiemthugialap031@gmail.com,GET,/orders/me,6.115,200,ok,0,steady
1791233176.3310707,kiemthugialap072@gmail.com,GET,/orders/me,5.727,200,ok,0,steady
1791233176.347001,kiemthugialap092@gmail.com,GET,/orders/me,4.254,200,ok,0,steady
1791233176.349561,kiemthugialap016@gmail.com,GET,/concerts/{id},2.334,200,ok,0,steady
1791233176.38138,kiemthugialap062@gmail.com,GET,/orders/me,6.593,200,ok,0,steady
1791233176.3819375,kiemthugialap084@gmail.com,GET,/orders/me,6.135,200,ok,0,steady
1791233176.396505,kiemthugialap081@gmail.com,GET,/orders/me,5.038,200,ok,0,steady
1791233176.463913,kiemthugialap080@gmail.com,GET,/concerts/{id},4.571,200,ok,0,steady
1791233176.4649553,kiemthugialap015@gmail.com,GET,/orders/me,6.462,200,ok,0,steady
1791233176.4798026,kiemthugialap026@gmail.com,GET,/orders/me,4.64,200,ok,0,steady
1791233176.5154335,kiemthugialap063@gmail.com,GET,/concerts,5.99,200,ok,0,steady
1791233176.515875,kiemthugialap045@gmail.com,GET,/concerts/{id},7.49,200,ok,0,steady
1791233176.564894,kiemthugialap046@gmail.com,GET,/concerts?on_sale=true,7.69,200,ok,0,steady
1791233176.5668192,kiemthugialap017@gmail.com,GET,/orders/me,8.595,200,ok,0,steady
1791233176.5820096,kiemthugialap014@gmail.com,GET,/orders/me,7.624,200,ok,0,steady
1791233176.5866923,kiemthugialap024@gmail.com,GET,/concerts,4.402,200,ok,0,steady
1791233176.6117625,kiemthugialap022@gmail.com,GET,/concerts?on_sale=true,28.392,200,ok,0,steady
1791233176.6131244,kiemthugialap004@gmail.com,GET,/orders/me,29.386,200,ok,0,steady
1791233176.6178048,kiemthugialap064@gmail.com,GET,/orders/me,26.298,200,ok,0,steady
1791233176.6190608,kiemthugialap044@gmail.com,GET,/orders/me,7.038,200,ok,0,steady
1791233176.6245155,kiemthugialap075@gmail.com,GET,/orders/me,5.198,200,ok,0,steady
1791233176.628772,kiemthugialap006@gmail.com,GET,/orders/me,5.932,200,ok,0,steady
1791233176.6469488,kiemthugialap005@gmail.com,GET,/concerts?on_sale=true,6.304,200,ok,0,steady
1791233176.647914,kiemthugialap093@gmail.com,GET,/orders/me,8.039,200,ok,0,steady
1791233176.677077,kiemthugialap050@gmail.com,GET,/concerts/{id},3.909,200,ok,0,steady
1791233176.6947405,kiemthugialap033@gmail.com,GET,/orders/me,5.225,200,ok,0,steady
1791233176.6972818,kiemthugialap035@gmail.com,GET,/concerts?on_sale=true,2.37,200,ok,0,steady
1791233176.7137175,kiemthugialap074@gmail.com,GET,/orders/me,7.233,200,ok,0,steady
1791233176.7173443,kiemthugialap025@gmail.com,GET,/concerts,3.29,200,ok,0,steady
1791233176.7231743,kiemthugialap030@gmail.com,GET,/concerts/{id},5.664,200,ok,0,steady
1791233176.7268023,kiemthugialap047@gmail.com,GET,/concerts/{id},6.678,200,ok,0,steady
1791233176.7272534,kiemthugialap008@gmail.com,GET,/concerts/{id},7.544,200,ok,0,steady
1791233176.727599,kiemthugialap038@gmail.com,GET,/concerts?on_sale=true,7.19,200,ok,0,steady
1791233176.7452412,kiemthugialap054@gmail.com,GET,/concerts?on_sale=true,5.303,200,ok,0,steady
1791233176.7461426,kiemthugialap037@gmail.com,GET,/orders/me,5.025,200,ok,0,steady
1791233176.7636986,kiemthugialap090@gmail.com,GET,/orders/me,7.023,200,ok,0,steady
1791233176.7646601,kiemthugialap042@gmail.com,GET,/orders/me,6.772,200,ok,0,steady
1791233176.7659614,kiemthugialap067@gmail.com,GET,/concerts/{id},2.111,200,ok,0,steady
1791233176.8129716,kiemthugialap100@gmail.com,GET,/concerts/{id},6.235,200,ok,0,steady
1791233176.814304,kiemthugialap096@gmail.com,GET,/orders/me,6.464,200,ok,0,steady
1791233176.8162115,kiemthugialap082@gmail.com,GET,/concerts,3.096,200,ok,0,steady
1791233176.8275697,kiemthugialap065@gmail.com,GET,/concerts?on_sale=true,4.347,200,ok,0,steady
1791233176.8683622,kiemthugialap055@gmail.com,GET,/concerts,7.829,200,ok,0,steady
1791233176.8693194,kiemthugialap097@gmail.com,GET,/orders/me,11.222,200,ok,0,steady
1791233176.8696654,kiemthugialap091@gmail.com,GET,/orders/me,10.802,200,ok,0,steady
1791233176.8703716,kiemthugialap052@gmail.com,GET,/orders/me,11.17,200,ok,0,steady
1791233176.8716362,kiemthugialap095@gmail.com,GET,/concerts?on_sale=true,3.1,200,ok,0,steady
1791233176.9302785,kiemthugialap001@gmail.com,GET,/orders/me,5.559,200,ok,0,steady
1791233176.9806082,kiemthugialap056@gmail.com,GET,/concerts,5.572,200,ok,0,steady
1791233176.9817421,kiemthugialap057@gmail.com,GET,/orders/me,5.72,200,ok,0,steady
1791233176.9834452,kiemthugialap060@gmail.com,GET,/concerts?on_sale=true,2.683,200,ok,0,steady
1791233176.986372,kiemthugialap068@gmail.com,GET,/orders/me,2.809,200,ok,0,steady
1791233176.9941907,kiemthugialap007@gmail.com,GET,/concerts?on_sale=true,3.918,200,ok,0,steady
1791233177.0315683,kiemthugialap011@gmail.com,GET,/concerts/{id},7.897,200,ok,0,steady
1791233177.0331895,kiemthugialap098@gmail.com,GET,/orders/me,6.813,200,ok,0,steady
1791233177.0336566,kiemthugialap016@gmail.com,GET,/orders/me,8.595,200,ok,0,steady
1791233177.047192,kiemthugialap061@gmail.com,GET,/orders/me,7.181,200,ok,0,steady
1791233177.047614,kiemthugialap036@gmail.com,GET,/orders/me,6.94,200,ok,0,steady
1791233177.06647,kiemthugialap059@gmail.com,GET,/orders/me,9.742,200,ok,0,steady
1791233177.067023,kiemthugialap099@gmail.com,GET,/orders/me,9.559,200,ok,0,steady
1791233177.067493,kiemthugialap069@gmail.com,GET,/orders/me,9.385,200,ok,0,steady
1791233177.078273,kiemthugialap073@gmail.com,GET,/orders/me,4.657,200,ok,0,steady
1791233177.0991435,kiemthugialap058@gmail.com,GET,/orders/me,8.216,200,ok,0,steady
1791233177.0997045,kiemthugialap023@gmail.com,GET,/concerts/{id},8.019,200,ok,0,steady
1791233177.1003144,kiemthugialap080@gmail.com,GET,/orders/me,8.248,200,ok,0,steady
1791233177.1306798,kiemthugialap088@gmail.com,GET,/concerts,6.986,200,ok,0,steady
1791233177.1311657,kiemthugialap009@gmail.com,GET,/concerts/{id},6.984,200,ok,0,steady
1791233177.1319604,kiemthugialap034@gmail.com,GET,/orders/me,7.463,200,ok,0,steady
1791233177.1464486,kiemthugialap013@gmail.com,GET,/orders/me,5.134,200,ok,0,steady
1791233177.1494982,kiemthugialap084@gmail.com,GET,/orders/me,2.878,200,ok,0,steady
1791233177.1842005,kiemthugialap024@gmail.com,GET,/concerts/{id},7.11,200,ok,0,steady
1791233177.1847694,kiemthugialap010@gmail.com,GET,/orders/me,9.371,200,ok,0,steady
1791233177.1852713,kiemthugialap032@gmail.com,GET,/orders/me,10.987,200,ok,0,steady
1791233177.229325,kiemthugialap004@gmail.com,GET,/orders/me,5.781,200,ok,0,steady
1791233177.2298002,kiemthugialap070@gmail.com,GET,/orders/me,7.14,200,ok,0,steady
1791233177.2458944,kiemthugialap027@gmail.com,GET,/concerts/{id},7.972,200,ok,0,steady
1791233177.247015,kiemthugialap092@gmail.com,GET,/orders/me,8.645,200,ok,0,steady
1791233177.2969255,kiemthugialap025@gmail.com,GET,/orders/me,6.878,200,ok,0,steady
1791233177.2973673,kiemthugialap053@gmail.com,GET,/orders/me,6.718,200,ok,0,steady
1791233177.3097477,kiemthugialap076@gmail.com,GET,/concerts?on_sale=true,3.271,200,ok,0,steady
1791233177.327935,kiemthugialap071@gmail.com,GET,/orders/me,4.793,200,ok,0,steady
1791233177.3303373,kiemthugialap094@gmail.com,GET,/concerts/{id},2.194,200,ok,0,steady
1791233177.3624089,kiemthugialap081@gmail.com,GET,/orders/me,5.644,200,ok,0,steady
1791233177.362888,kiemthugialap054@gmail.com,GET,/orders/me,6.684,200,ok,0,steady
1791233177.3770092,kiemthugialap062@gmail.com,GET,/orders/me,4.172,200,ok,0,steady
1791233177.4122448,kiemthugialap020@gmail.com,GET,/orders/me,5.572,200,ok,0,steady
1791233177.4173267,kiemthugialap044@gmail.com,GET,/orders/me,4.586,200,ok,0,steady
1791233177.4177415,kiemthugialap046@gmail.com,GET,/orders/me,5.353,200,ok,0,steady
1791233177.4280198,kiemthugialap064@gmail.com,GET,/concerts/{id},3.187,200,ok,0,steady
1791233177.4448922,kiemthugialap028@gmail.com,GET,/orders/me,4.855,200,ok,0,steady
1791233177.4652908,kiemthugialap063@gmail.com,GET,/concerts/{id},8.616,200,ok,0,steady
1791233177.4676974,kiemthugialap048@gmail.com,GET,/orders/me,9.014,200,ok,0,steady
1791233177.4691896,kiemthugialap040@gmail.com,GET,/orders/me,10.124,200,ok,0,steady
1791233177.511696,kiemthugialap018@gmail.com,GET,/concerts?on_sale=true,3.871,200,ok,0,steady
1791233177.5314078,kiemthugialap002@gmail.com,GET,/concerts/{id},6.667,200,ok,0,steady
1791233177.5333962,kiemthugialap051@gmail.com,GET,/orders/me,7.129,200,ok,0,steady
1791233177.5337555,kiemthugialap089@gmail.com,GET,/orders/me,7.932,200,ok,0,steady
1791233177.5347712,kiemthugialap047@gmail.com,GET,/concerts?on_sale=true,3.226,200,ok,0,steady
1791233177.5457437,kiemthugialap015@gmail.com,GET,/concerts/{id},3.952,200,ok,0,steady
1791233177.5461266,kiemthugialap014@gmail.com,GET,/concerts,3.867,200,ok,0,steady
1791233177.5968652,kiemthugialap026@gmail.com,GET,/concerts?on_sale=true,5.45,200,ok,0,steady
1791233177.5979526,kiemthugialap083@gmail.com,GET,/orders/me,5.55,200,ok,0,steady
1791233177.6003735,kiemthugialap097@gmail.com,GET,/orders/me,3.355,200,ok,0,steady
1791233177.6033044,kiemthugialap066@gmail.com,GET,/orders/me,2.808,200,ok,0,steady
1791233177.6313345,kiemthugialap022@gmail.com,GET,/concerts?on_sale=true,6.459,200,ok,0,steady
1791233177.6320214,kiemthugialap099@gmail.com,GET,/concerts,5.833,200,ok,0,steady
1791233177.6335251,kiemthugialap008@gmail.com,GET,/orders/me,7.691,200,ok,0,steady
1791233177.6338797,kiemthugialap091@gmail.com,GET,/orders/me,10.012,200,ok,0,steady
1791233177.6463306,kiemthugialap036@gmail.com,GET,/orders/me,5.186,200,ok,0,steady
1791233177.6651883,kiemthugialap085@gmail.com,GET,/orders/me,7.29,200,ok,0,steady
1791233177.666489,kiemthugialap058@gmail.com,GET,/orders/me,7.752,200,ok,0,steady
1791233177.6698682,kiemthugialap021@gmail.com,GET,/orders/me,4.458,200,ok,0,steady
1791233177.6708696,kiemthugialap041@gmail.com,GET,/concerts,4.236,200,ok,0,steady
1791233177.672795,kiemthugialap090@gmail.com,GET,/concerts/{id},2.768,200,ok,0,steady
1791233177.6760755,kiemthugialap007@gmail.com,GET,/orders/me,5.03,200,ok,0,steady
1791233177.6810331,kiemthugialap049@gmail.com,GET,/concerts/{id},7.179,200,ok,0,steady
1791233177.6825297,kiemthugialap057@gmail.com,GET,/orders/me,7.784,200,ok,0,steady
1791233177.7151723,kiemthugialap075@gmail.com,GET,/concerts,6.344,200,ok,0,steady
1791233177.7164974,kiemthugialap078@gmail.com,GET,/orders/me,9.615,200,ok,0,steady
1791233177.728958,kiemthugialap096@gmail.com,GET,/concerts?on_sale=true,4.231,200,ok,0,steady
1791233177.745259,kiemthugialap065@gmail.com,GET,/concerts/{id},4.645,200,ok,0,steady
1791233177.7858255,kiemthugialap003@gmail.com,GET,/concerts,11.295,200,ok,0,steady
1791233177.7873952,kiemthugialap029@gmail.com,GET,/orders/me,10.152,200,ok,0,steady
1791233177.7881281,kiemthugialap019@gmail.com,GET,/orders/me,13.108,200,ok,0,steady
1791233177.788616,kiemthugialap086@gmail.com,GET,/orders/me,15.382,200,ok,0,steady
1791233177.8345232,kiemthugialap012@gmail.com,GET,/concerts?on_sale=true,9.989,200,ok,0,steady
1791233177.8364687,kiemthugialap098@gmail.com,GET,/orders/me,11.62,200,ok,0,steady
1791233177.8377385,kiemthugialap079@gmail.com,GET,/orders/me,14.254,200,ok,0,steady
1791233177.838042,kiemthugialap037@gmail.com,GET,/orders/me,13.865,200,ok,0,steady
1791233177.839826,kiemthugialap087@gmail.com,GET,/orders/me,3.188,200,ok,0,steady
1791233177.8954258,kiemthugialap071@gmail.com,GET,/orders/me,5.24,200,ok,0,steady
1791233177.928632,kiemthugialap082@gmail.com,GET,/orders/me,5.205,200,ok,0,steady
1791233177.9957564,kiemthugialap025@gmail.com,GET,/concerts,20.51,200,ok,0,steady
1791233177.9965487,kiemthugialap043@gmail.com,GET,/concerts/{id},20.016,200,ok,0,steady
1791233177.9980817,kiemthugialap077@gmail.com,GET,/orders/me,21.819,200,ok,0,steady
1791233177.9984355,kiemthugialap010@gmail.com,GET,/orders/me,20.582,200,ok,0,steady
1791233178.0308185,kiemthugialap046@gmail.com,GET,/orders/me,5.774,200,ok,0,steady
1791233178.064615,kiemthugialap045@gmail.com,GET,/orders/me,6.139,200,ok,0,steady
1791233178.0970259,kiemthugialap039@gmail.com,GET,/orders/me,7.592,200,ok,0,steady
1791233178.1011307,kiemthugialap006@gmail.com,GET,/orders/me,3.85,200,ok,0,steady
1791233178.126851,kiemthugialap015@gmail.com,GET,/concerts,4.204,200,ok,0,steady
1791233178.130758,kiemthugialap052@gmail.com,GET,/concerts?on_sale=true,3.586,200,ok,0,steady
1791233178.1793563,kiemthugialap038@gmail.com,GET,/orders/me,6.32,200,ok,0,steady
1791233178.2113624,kiemthugialap034@gmail.com,GET,/orders/me,5.067,200,ok,0,steady
1791233178.228153,kiemthugialap033@gmail.com,GET,/orders/me,4.992,200,ok,0,steady
1791233178.2499125,kiemthugialap072@gmail.com,GET,/orders/me,8.952,200,ok,0,steady
1791233178.2505908,kiemthugialap055@gmail.com,GET,/orders/me,10.797,200,ok,0,steady
1791233178.2511578,kiemthugialap031@gmail.com,GET,/orders/me,7.968,200,ok,0,steady
1791233178.263261,kiemthugialap005@gmail.com,GET,/orders/me,6.551,200,ok,0,steady
1791233178.267381,kiemthugialap100@gmail.com,GET,/orders/me,3.849,200,ok,0,steady
1791233178.2700896,kiemthugialap061@gmail.com,GET,/orders/me,2.581,200,ok,0,steady
1791233178.297265,kiemthugialap084@gmail.com,GET,/concerts?on_sale=true,6.357,200,ok,0,steady
1791233178.2986348,kiemthugialap096@gmail.com,GET,/orders/me,8.61,200,ok,0,steady
1791233178.2993684,kiemthugialap047@gmail.com,GET,/orders/me,8.181,200,ok,0,steady
1791233178.3287344,kiemthugialap092@gmail.com,GET,/orders/me,4.962,200,ok,0,steady
1791233178.3321319,kiemthugialap091@gmail.com,GET,/concerts?on_sale=true,3.139,200,ok,0,steady
1791233178.3721414,kiemthugialap023@gmail.com,GET,/concerts?on_sale=true,12.701,200,ok,0,steady
1791233178.37264,kiemthugialap024@gmail.com,GET,/concerts/{id},12.275,200,ok,0,steady
1791233178.3751497,kiemthugialap097@gmail.com,GET,/concerts?on_sale=true,13.065,200,ok,0,steady
1791233178.3769712,kiemthugialap013@gmail.com,GET,/orders/me,16.999,200,ok,0,steady
1791233178.3775156,kiemthugialap042@gmail.com,GET,/orders/me,18.682,200,ok,0,steady
1791233178.37805,kiemthugialap074@gmail.com,GET,/orders/me,20.136,200,ok,0,steady
1791233178.3820972,kiemthugialap016@gmail.com,GET,/orders/me,3.929,200,ok,0,steady
1791233178.395072,kiemthugialap093@gmail.com,GET,/concerts,4.127,200,ok,0,steady
1791233178.4442706,kiemthugialap035@gmail.com,GET,/concerts?on_sale=true,3.329,200,ok,0,steady
1791233178.4636312,kiemthugialap007@gmail.com,GET,/concerts/{id},6.646,200,ok,0,steady
1791233178.4647496,kiemthugialap099@gmail.com,GET,/orders/me,6.637,200,ok,0,steady
1791233178.4677703,kiemthugialap080@gmail.com,GET,/orders/me,3.966,200,ok,0,steady
1791233178.4952624,kiemthugialap066@gmail.com,GET,/concerts?on_sale=true,4.034,200,ok,0,steady
1791233178.5125265,kiemthugialap025@gmail.com,GET,/concerts?on_sale=true,4.391,200,ok,0,steady
1791233178.5530581,kiemthugialap085@gmail.com,GET,/concerts?on_sale=true,9.844,200,ok,0,steady
1791233178.5554495,kiemthugialap060@gmail.com,GET,/orders/me,10.61,200,ok,0,steady
1791233178.55583,kiemthugialap057@gmail.com,GET,/concerts,12.999,200,ok,0,steady
1791233178.5561714,kiemthugialap004@gmail.com,GET,/orders/me,14.408,200,ok,0,steady
1791233178.5565038,kiemthugialap030@gmail.com,GET,/orders/me,13.951,200,ok,0,steady
1791233178.561795,kiemthugialap017@gmail.com,GET,/orders/me,5.15,200,ok,0,steady
1791233178.5794442,kiemthugialap067@gmail.com,GET,/concerts,5.242,200,ok,0,steady
1791233178.5846312,kiemthugialap027@gmail.com,GET,/orders/me,5.007,200,ok,0,steady
1791233178.5946357,kiemthugialap063@gmail.com,GET,/orders/me,4.019,200,ok,0,steady
1791233178.6123855,kiemthugialap070@gmail.com,GET,/concerts?on_sale=true,4.888,200,ok,0,steady
1791233178.6127622,kiemthugialap056@gmail.com,GET,/concerts?on_sale=true,4.316,200,ok,0,steady
1791233178.6525695,kiemthugialap065@gmail.com,GET,/concerts?on_sale=true,8.906,200,ok,0,steady
1791233178.6530313,kiemthugialap058@gmail.com,GET,/concerts/{id},10.988,200,ok,0,steady
1791233178.6543078,kiemthugialap050@gmail.com,GET,/concerts,8.903,200,ok,0,steady
1791233178.6551561,kiemthugialap032@gmail.com,GET,/orders/me,11.815,200,ok,0,steady
1791233178.655497,kiemthugialap075@gmail.com,GET,/orders/me,12.478,200,ok,0,steady
1791233178.6557806,kiemthugialap094@gmail.com,GET,/orders/me,10.863,200,ok,0,steady
1791233178.682057,kiemthugialap089@gmail.com,GET,/orders/me,7.623,200,ok,0,steady
1791233178.682513,kiemthugialap095@gmail.com,GET,/orders/me,7.186,200,ok,0,steady
1791233178.6971052,kiemthugialap011@gmail.com,GET,/orders/me,5.144,200,ok,0,steady
1791233178.7156222,kiemthugialap041@gmail.com,GET,/concerts,6.362,200,ok,0,steady
1791233178.7171583,kiemthugialap073@gmail.com,GET,/orders/me,7.2,200,ok,0,steady
1791233178.7179005,kiemthugialap078@gmail.com,GET,/orders/me,7.708,200,ok,0,steady
1791233178.7197618,kiemthugialap053@gmail.com,GET,/orders/me,3.968,200,ok,0,steady
1791233178.7224548,kiemthugialap062@gmail.com,GET,/orders/me,2.575,200,ok,0,steady
1791233178.78103,kiemthugialap054@gmail.com,GET,/concerts?on_sale=true,5.786,200,ok,0,steady
1791233178.78219,kiemthugialap020@gmail.com,GET,/orders/me,8.099,200,ok,0,steady
1791233178.800663,kiemthugialap052@gmail.com,GET,/concerts/{id},7.784,200,ok,0,steady
1791233178.8011947,kiemthugialap088@gmail.com,GET,/orders/me,9.686,200,ok,0,steady
1791233178.8018832,kiemthugialap068@gmail.com,GET,/orders/me,11.487,200,ok,0,steady
1791233178.8025897,kiemthugialap002@gmail.com,GET,/orders/me,10.124,200,ok,0,steady
1791233178.8315525,kiemthugialap047@gmail.com,GET,/orders/me,7.933,200,ok,0,steady
1791233178.832955,kiemthugialap046@gmail.com,GET,/orders/me,8.217,200,ok,0,steady
1791233178.8369522,kiemthugialap084@gmail.com,GET,/concerts?on_sale=true,3.853,200,ok,0,steady
1791233178.8373616,kiemthugialap029@gmail.com,GET,/orders/me,5.592,200,ok,0,steady
1791233178.8393939,kiemthugialap061@gmail.com,GET,/orders/me,4.278,200,ok,0,steady
1791233178.8440292,kiemthugialap036@gmail.com,GET,/concerts/{id},4.458,200,ok,0,steady
1791233178.848329,kiemthugialap015@gmail.com,GET,/orders/me,3.959,200,ok,0,steady
1791233178.8507538,kiemthugialap001@gmail.com,GET,/concerts/{id},2.254,200,ok,0,steady
1791233178.8981233,kiemthugialap024@gmail.com,GET,/orders/me,8.059,200,ok,0,steady
1791233178.9162824,kiemthugialap028@gmail.com,GET,/orders/me,9.01,200,ok,0,steady
1791233178.9167614,kiemthugialap083@gmail.com,GET,/orders/me,9.225,200,ok,0,steady
1791233178.9171383,kiemthugialap069@gmail.com,GET,/orders/me,10.432,200,ok,0,steady
1791233178.9809315,kiemthugialap059@gmail.com,GET,/concerts,7.419,200,ok,0,steady
1791233178.9875724,kiemthugialap014@gmail.com,GET,/orders/me,6.243,200,ok,0,steady
1791233179.0313594,kiemthugialap048@gmail.com,GET,/orders/me,7.043,200,ok,0,steady
1791233179.0347798,kiemthugialap081@gmail.com,GET,/concerts/{id},3.121,200,ok,0,steady
1791233179.061994,kiemthugialap009@gmail.com,GET,/orders/me,5.118,200,ok,0,steady
1791233179.1131737,kiemthugialap098@gmail.com,GET,/orders/me,5.94,200,ok,0,steady
1791233179.114123,kiemthugialap016@gmail.com,GET,/orders/me,7.854,200,ok,0,steady
1791233179.1162345,kiemthugialap044@gmail.com,GET,/orders/me,2.913,200,ok,0,steady
1791233179.1268733,kiemthugialap082@gmail.com,GET,/orders/me,4.013,200,ok,0,steady
1791233179.181627,kiemthugialap021@gmail.com,GET,/concerts,7.923,200,ok,0,steady
1791233179.1836295,kiemthugialap060@gmail.com,GET,/orders/me,9.0,200,ok,0,steady
1791233179.1874232,kiemthugialap076@gmail.com,GET,/orders/me,5.012,200,ok,0,steady
1791233179.1883302,kiemthugialap012@gmail.com,GET,/orders/me,6.49,200,ok,0,steady
1791233179.1939435,kiemthugialap006@gmail.com,GET,/orders/me,6.262,200,ok,0,steady
1791233179.1947737,kiemthugialap064@gmail.com,GET,/concerts,6.307,200,ok,0,steady
1791233179.228773,kiemthugialap022@gmail.com,GET,/orders/me,6.324,200,ok,0,steady
1791233179.2675583,kiemthugialap066@gmail.com,GET,/orders/me,10.329,200,ok,0,steady
1791233179.2692556,kiemthugialap087@gmail.com,GET,/orders/me,10.739,200,ok,0,steady
1791233179.2728722,kiemthugialap018@gmail.com,GET,/orders/me,5.049,200,ok,0,steady
1791233179.2780876,kiemthugialap004@gmail.com,GET,/orders/me,4.194,200,ok,0,steady
1791233179.2947724,kiemthugialap094@gmail.com,GET,/orders/me,4.674,200,ok,0,steady
1791233179.3122764,kiemthugialap091@gmail.com,GET,/orders/me,4.041,200,ok,0,steady
1791233179.3457005,kiemthugialap045@gmail.com,GET,/concerts,4.861,200,ok,0,steady
1791233179.3460786,kiemthugialap030@gmail.com,GET,/concerts,4.02,200,ok,0,steady
1791233179.378931,kiemthugialap037@gmail.com,GET,/orders/me,4.743,200,ok,0,steady
1791233179.3956633,kiemthugialap074@gmail.com,GET,/concerts,4.328,200,ok,0,steady
1791233179.3983064,kiemthugialap047@gmail.com,GET,/concerts/{id},2.403,200,ok,0,steady
1791233179.430442,kiemthugialap026@gmail.com,GET,/orders/me,4.936,200,ok,0,steady
1791233179.445864,kiemthugialap051@gmail.com,GET,/orders/me,5.197,200,ok,0,steady
1791233179.4632907,kiemthugialap057@gmail.com,GET,/concerts,5.054,200,ok,0,steady
1791233179.4643223,kiemthugialap040@gmail.com,GET,/orders/me,4.956,200,ok,0,steady
1791233179.481019,kiemthugialap001@gmail.com,GET,/concerts?on_sale=true,5.12,200,ok,0,steady
1791233179.481501,kiemthugialap090@gmail.com,GET,/orders/me,6.642,200,ok,0,steady
1791233179.4968486,kiemthugialap049@gmail.com,GET,/orders/me,5.048,200,ok,0,steady
1791233179.5128047,kiemthugialap097@gmail.com,GET,/concerts,4.563,200,ok,0,steady
1791233179.5168195,kiemthugialap013@gmail.com,GET,/concerts,3.33,200,ok,0,steady
1791233179.5178783,kiemthugialap080@gmail.com,GET,/orders/me,4.94,200,ok,0,steady
1791233179.5292895,kiemthugialap003@gmail.com,GET,/concerts?on_sale=true,3.923,200,ok,0,steady
1791233179.5466368,kiemthugialap038@gmail.com,GET,/orders/me,4.24,200,ok,0,steady
1791233179.5630991,kiemthugialap043@gmail.com,GET,/orders/me,4.755,200,ok,0,steady
1791233179.6308346,kiemthugialap078@gmail.com,GET,/orders/me,5.985,200,ok,0,steady
1791233179.635883,kiemthugialap072@gmail.com,GET,/concerts/{id},4.865,200,ok,0,steady
1791233179.63808,kiemthugialap008@gmail.com,GET,/orders/me,6.4,200,ok,0,steady
1791233179.6385567,kiemthugialap079@gmail.com,GET,/concerts?on_sale=true,6.227,200,ok,0,steady
1791233179.6641364,kiemthugialap068@gmail.com,GET,/concerts,6.181,200,ok,0,steady
1791233179.6752963,kiemthugialap050@gmail.com,GET,/orders/me,18.382,200,ok,0,steady
1791233179.6757839,kiemthugialap086@gmail.com,GET,/orders/me,16.88,200,ok,0,steady
1791233179.677752,kiemthugialap014@gmail.com,GET,/concerts?on_sale=true,4.396,200,ok,0,steady
1791233179.6964583,kiemthugialap019@gmail.com,GET,/orders/me,5.421,200,ok,0,steady
1791233179.7117517,kiemthugialap027@gmail.com,GET,/concerts,3.511,200,ok,0,steady
1791233179.7142015,kiemthugialap095@gmail.com,GET,/orders/me,4.803,200,ok,0,steady
1791233179.748264,kiemthugialap023@gmail.com,GET,/concerts,6.07,200,ok,0,steady
1791233179.749372,kiemthugialap085@gmail.com,GET,/concerts/{id},7.677,200,ok,0,steady
1791233179.7506845,kiemthugialap062@gmail.com,GET,/orders/me,8.735,200,ok,0,steady
1791233179.7511916,kiemthugialap071@gmail.com,GET,/orders/me,10.465,200,ok,0,steady
1791233179.7530296,kiemthugialap100@gmail.com,GET,/orders/me,4.59,200,ok,0,steady
1791233179.7816026,kiemthugialap083@gmail.com,GET,/orders/me,5.027,200,ok,0,steady
1791233179.7820272,kiemthugialap063@gmail.com,GET,/orders/me,6.867,200,ok,0,steady
1791233179.8298726,kiemthugialap010@gmail.com,GET,/concerts/{id},4.049,200,ok,0,steady
1791233179.830269,kiemthugialap046@gmail.com,GET,/concerts/{id},5.695,200,ok,0,steady
1791233179.8472912,kiemthugialap064@gmail.com,GET,/orders/me,6.399,200,ok,0,steady
1791233179.8798487,kiemthugialap098@gmail.com,GET,/orders/me,5.484,200,ok,0,steady
1791233179.9335556,kiemthugialap034@gmail.com,GET,/concerts/{id},8.017,200,ok,0,steady
1791233179.9339573,kiemthugialap028@gmail.com,GET,/concerts/{id},5.782,200,ok,0,steady
1791233179.9357,kiemthugialap004@gmail.com,GET,/orders/me,9.305,200,ok,0,steady
1791233179.936074,kiemthugialap073@gmail.com,GET,/orders/me,9.375,200,ok,0,steady
1791233179.9455423,kiemthugialap024@gmail.com,GET,/orders/me,4.71,200,ok,0,steady
1791233179.962042,kiemthugialap031@gmail.com,GET,/orders/me,4.581,200,ok,0,steady
1791233179.9839675,kiemthugialap055@gmail.com,GET,/concerts,9.381,200,ok,0,steady
1791233179.985697,kiemthugialap067@gmail.com,GET,/orders/me,9.505,200,ok,0,steady
1791233179.9861608,kiemthugialap077@gmail.com,GET,/orders/me,10.376,200,ok,0,steady
1791233180.0317693,kiemthugialap093@gmail.com,GET,/concerts?on_sale=true,8.499,200,ok,0,steady
1791233180.033012,kiemthugialap033@gmail.com,GET,/orders/me,8.524,200,ok,0,steady
1791233180.0447176,kiemthugialap039@gmail.com,GET,/concerts,5.009,200,ok,0,steady
1791233180.0469193,kiemthugialap059@gmail.com,GET,/concerts,5.548,200,ok,0,steady
1791233180.0631273,kiemthugialap009@gmail.com,GET,/orders/me,6.682,200,ok,0,steady
1791233180.0807881,kiemthugialap092@gmail.com,GET,/concerts,6.167,200,ok,0,steady
1791233180.1121483,kiemthugialap042@gmail.com,GET,/orders/me,21.361,200,ok,0,steady
1791233180.1135507,kiemthugialap070@gmail.com,GET,/orders/me,23.476,200,ok,0,steady
1791233180.1164718,kiemthugialap053@gmail.com,GET,/orders/me,4.066,200,ok,0,steady
1791233180.1189346,kiemthugialap005@gmail.com,GET,/concerts?on_sale=true,2.321,200,ok,0,steady
1791233180.146825,kiemthugialap041@gmail.com,GET,/orders/me,6.832,200,ok,0,steady
1791233180.1966894,kiemthugialap096@gmail.com,GET,/orders/me,6.636,200,ok,0,steady
1791233180.1971717,kiemthugialap084@gmail.com,GET,/orders/me,6.451,200,ok,0,steady
1791233180.2277105,kiemthugialap026@gmail.com,GET,/concerts,4.51,200,ok,0,steady
1791233180.2502043,kiemthugialap011@gmail.com,GET,/orders/me,8.131,200,ok,0,steady
1791233180.2519605,kiemthugialap052@gmail.com,GET,/concerts,10.391,200,ok,0,steady
1791233180.2522924,kiemthugialap095@gmail.com,GET,/orders/me,8.963,200,ok,0,steady
1791233180.252655,kiemthugialap017@gmail.com,GET,/orders/me,12.037,200,ok,0,steady
1791233180.2551508,kiemthugialap075@gmail.com,GET,/concerts?on_sale=true,4.726,200,ok,0,steady
1791233180.2555184,kiemthugialap020@gmail.com,GET,/orders/me,4.635,200,ok,0,steady
1791233180.2824354,kiemthugialap032@gmail.com,GET,/orders/me,7.873,200,ok,0,steady
1791233180.2828727,kiemthugialap007@gmail.com,GET,/orders/me,7.125,200,ok,0,steady
1791233180.300402,kiemthugialap006@gmail.com,GET,/orders/me,8.772,200,ok,0,steady
1791233180.301769,kiemthugialap065@gmail.com,GET,/orders/me,9.756,200,ok,0,steady
1791233180.3022294,kiemthugialap060@gmail.com,GET,/orders/me,11.512,200,ok,0,steady
1791233180.3050911,kiemthugialap099@gmail.com,GET,/orders/me,4.468,200,ok,0,steady
1791233180.3061304,kiemthugialap025@gmail.com,GET,/concerts?on_sale=true,3.748,200,ok,0,steady
1791233180.3088381,kiemthugialap100@gmail.com,GET,/orders/me,3.553,200,ok,0,steady
1791233180.3487978,kiemthugialap002@gmail.com,GET,/orders/me,6.009,200,ok,0,steady
1791233180.349439,kiemthugialap068@gmail.com,GET,/orders/me,8.16,200,ok,0,steady
1791233180.366717,kiemthugialap001@gmail.com,GET,/orders/me,8.091,200,ok,0,steady
1791233180.3671918,kiemthugialap083@gmail.com,GET,/orders/me,9.871,200,ok,0,steady
1791233180.3993988,kiemthugialap035@gmail.com,GET,/orders/me,9.635,200,ok,0,steady
1791233180.3999324,kiemthugialap063@gmail.com,GET,/orders/me,8.447,200,ok,0,steady
1791233180.4050384,kiemthugialap023@gmail.com,GET,/orders/me,4.943,200,ok,0,steady
1791233180.4121237,kiemthugialap089@gmail.com,GET,/orders/me,6.834,200,ok,0,steady
1791233180.4615302,kiemthugialap056@gmail.com,GET,/orders/me,5.411,200,ok,0,steady
1791233180.479739,kiemthugialap016@gmail.com,GET,/concerts/{id},6.113,200,ok,0,steady
1791233180.4807098,kiemthugialap037@gmail.com,GET,/orders/me,5.218,200,ok,0,steady
1791233180.4979062,kiemthugialap047@gmail.com,GET,/orders/me,7.437,200,ok,0,steady
1791233180.4982944,kiemthugialap021@gmail.com,GET,/orders/me,8.303,200,ok,0,steady
1791233180.4985728,kiemthugialap054@gmail.com,GET,/orders/me,7.857,200,ok,0,steady
1791233180.5284414,kiemthugialap081@gmail.com,GET,/orders/me,4.928,200,ok,0,steady
1791233180.5463321,kiemthugialap015@gmail.com,GET,/orders/me,5.81,200,ok,0,steady
1791233180.5469906,kiemthugialap048@gmail.com,GET,/orders/me,7.095,200,ok,0,steady
1791233180.5661807,kiemthugialap050@gmail.com,GET,/orders/me,8.134,200,ok,0,steady
1791233180.567314,kiemthugialap058@gmail.com,GET,/orders/me,9.768,200,ok,0,steady
1791233180.5676343,kiemthugialap029@gmail.com,GET,/orders/me,10.98,200,ok,0,steady
1791233180.5685902,kiemthugialap012@gmail.com,GET,/concerts/{id},2.218,200,ok,0,steady
1791233180.611618,kiemthugialap064@gmail.com,GET,/orders/me,4.782,200,ok,0,steady
1791233180.6479557,kiemthugialap097@gmail.com,GET,/orders/me,6.967,200,ok,0,steady
1791233180.6483965,kiemthugialap044@gmail.com,GET,/orders/me,7.81,200,ok,0,steady
1791233180.6486936,kiemthugialap094@gmail.com,GET,/orders/me,8.773,200,ok,0,steady
1791233180.6795104,kiemthugialap003@gmail.com,GET,/orders/me,4.852,200,ok,0,steady
1791233180.6978424,kiemthugialap008@gmail.com,GET,/concerts?on_sale=true,6.107,200,ok,0,steady
1791233180.6987174,kiemthugialap036@gmail.com,GET,/orders/me,8.439,200,ok,0,steady
1791233180.6992455,kiemthugialap046@gmail.com,GET,/orders/me,6.881,200,ok,0,steady
1791233180.711211,kiemthugialap082@gmail.com,GET,/concerts?on_sale=true,4.026,200,ok,0,steady
1791233180.7420864,kiemthugialap049@gmail.com,GET,/concerts?on_sale=true,18.827,200,ok,0,steady
1791233180.7437034,kiemthugialap053@gmail.com,GET,/orders/me,19.099,200,ok,0,steady
1791233180.781241,kiemthugialap071@gmail.com,GET,/orders/me,7.805,200,ok,0,steady
1791233180.7826922,kiemthugialap067@gmail.com,GET,/orders/me,8.454,200,ok,0,steady
1791233180.7842944,kiemthugialap088@gmail.com,GET,/concerts,2.819,200,ok,0,steady
1791233180.7990103,kiemthugialap069@gmail.com,GET,/orders/me,9.5,200,ok,0,steady
1791233180.8032804,kiemthugialap040@gmail.com,GET,/orders/me,4.059,200,ok,0,steady
1791233180.8117204,kiemthugialap061@gmail.com,GET,/orders/me,4.582,200,ok,0,steady
1791233180.8626804,kiemthugialap043@gmail.com,GET,/concerts,4.374,200,ok,0,steady
1791233180.8638039,kiemthugialap032@gmail.com,GET,/orders/me,6.709,200,ok,0,steady
1791233180.8786676,kiemthugialap031@gmail.com,GET,/concerts/{id},4.73,200,ok,0,steady
1791233180.9151661,kiemthugialap077@gmail.com,GET,/orders/me,6.717,200,ok,0,steady
1791233180.9155726,kiemthugialap014@gmail.com,GET,/orders/me,5.956,200,ok,0,steady
1791233180.9479716,kiemthugialap087@gmail.com,GET,/concerts?on_sale=true,5.804,200,ok,0,steady
1791233180.9489403,kiemthugialap018@gmail.com,GET,/orders/me,5.979,200,ok,0,steady
1791233180.9801366,kiemthugialap010@gmail.com,GET,/concerts,5.658,200,ok,0,steady
1791233180.9811358,kiemthugialap078@gmail.com,GET,/orders/me,4.762,200,ok,0,steady
1791233180.9826224,kiemthugialap060@gmail.com,GET,/concerts,2.309,200,ok,0,steady
1791233180.9985313,kiemthugialap009@gmail.com,GET,/orders/me,7.154,200,ok,0,steady
1791233180.9989674,kiemthugialap065@gmail.com,GET,/orders/me,6.724,200,ok,0,steady
1791233181.013993,kiemthugialap004@gmail.com,GET,/concerts,6.173,200,ok,0,steady
1791233181.0150743,kiemthugialap016@gmail.com,GET,/orders/me,5.966,200,ok,0,steady
1791233181.0174682,kiemthugialap028@gmail.com,GET,/orders/me,3.239,200,ok,0,steady
1791233181.020257,kiemthugialap045@gmail.com,GET,/orders/me,2.67,200,ok,0,steady
1791233181.045811,kiemthugialap022@gmail.com,GET,/orders/me,4.611,200,ok,0,steady
1791233181.048191,kiemthugialap066@gmail.com,GET,/concerts,2.233,200,ok,0,steady
1791233181.0647836,kiemthugialap021@gmail.com,GET,/orders/me,5.671,200,ok,0,steady
1791233181.0973735,kiemthugialap012@gmail.com,GET,/orders/me,5.378,200,ok,0,steady
1791233181.1149604,kiemthugialap062@gmail.com,GET,/orders/me,5.471,200,ok,0,steady
1791233181.1288092,kiemthugialap020@gmail.com,GET,/concerts/{id},3.79,200,ok,0,steady
1791233181.1526542,kiemthugialap076@gmail.com,GET,/orders/me,9.894,200,ok,0,steady
1791233181.1533957,kiemthugialap091@gmail.com,GET,/orders/me,11.644,200,ok,0,steady
1791233181.1538944,kiemthugialap027@gmail.com,GET,/orders/me,10.818,200,ok,0,steady
1791233181.1671352,kiemthugialap057@gmail.com,GET,/orders/me,9.199,200,ok,0,steady
1791233181.1684778,kiemthugialap019@gmail.com,GET,/orders/me,8.897,200,ok,0,steady
1791233181.1688306,kiemthugialap097@gmail.com,GET,/orders/me,9.57,200,ok,0,steady
1791233181.1831625,kiemthugialap075@gmail.com,GET,/orders/me,8.008,200,ok,0,steady
1791233181.200342,kiemthugialap079@gmail.com,GET,/orders/me,9.653,200,ok,0,steady
1791233181.2046325,kiemthugialap090@gmail.com,GET,/concerts/{id},3.68,200,ok,0,steady
1791233181.205012,kiemthugialap056@gmail.com,GET,/concerts/{id},4.507,200,ok,0,steady
1791233181.225662,kiemthugialap094@gmail.com,GET,/orders/me,4.956,200,ok,0,steady
1791233181.2301416,kiemthugialap007@gmail.com,GET,/concerts/{id},4.004,200,ok,0,steady
1791233181.2737036,kiemthugialap083@gmail.com,GET,/concerts,14.689,200,ok,0,steady
1791233181.2766733,kiemthugialap085@gmail.com,GET,/concerts/{id},18.544,200,ok,0,steady
1791233181.2774506,kiemthugialap086@gmail.com,GET,/concerts,17.7,200,ok,0,steady
1791233181.281617,kiemthugialap041@gmail.com,GET,/orders/me,24.187,200,ok,0,steady
1791233181.285031,kiemthugialap044@gmail.com,GET,/orders/me,26.418,200,ok,0,steady
1791233181.2855442,kiemthugialap099@gmail.com,GET,/orders/me,27.216,200,ok,0,steady
1791233181.285999,kiemthugialap070@gmail.com,GET,/orders/me,26.639,200,ok,0,steady
1791233181.2871187,kiemthugialap030@gmail.com,GET,/concerts/{id},13.127,200,ok,0,steady
1791233181.2899113,kiemthugialap013@gmail.com,GET,/orders/me,15.169,200,ok,0,steady
1791233181.2915277,kiemthugialap051@gmail.com,GET,/orders/me,7.611,200,ok,0,steady
1791233181.3141458,kiemthugialap074@gmail.com,GET,/concerts?on_sale=true,6.413,200,ok,0,steady
1791233181.3149679,kiemthugialap026@gmail.com,GET,/orders/me,7.976,200,ok,0,steady
1791233181.3460004,kiemthugialap082@gmail.com,GET,/orders/me,5.815,200,ok,0,steady
1791233181.3508897,kiemthugialap038@gmail.com,GET,/orders/me,4.624,200,ok,0,steady
1791233181.3806198,kiemthugialap015@gmail.com,GET,/concerts/{id},6.528,200,ok,0,steady
1791233181.3986015,kiemthugialap080@gmail.com,GET,/concerts?on_sale=true,8.06,200,ok,0,steady
1791233181.3997138,kiemthugialap063@gmail.com,GET,/orders/me,8.241,200,ok,0,steady
1791233181.4457588,kiemthugialap073@gmail.com,GET,/orders/me,5.59,200,ok,0,steady
1791233181.512781,kiemthugialap046@gmail.com,GET,/orders/me,4.34,200,ok,0,steady
1791233181.5303173,kiemthugialap072@gmail.com,GET,/concerts?on_sale=true,4.872,200,ok,0,steady
1791233181.5311558,kiemthugialap092@gmail.com,GET,/concerts?on_sale=true,4.781,200,ok,0,steady
1791233181.5323071,kiemthugialap016@gmail.com,GET,/concerts?on_sale=true,1.859,200,ok,0,steady
1791233181.5465043,kiemthugialap042@gmail.com,GET,/orders/me,4.719,200,ok,0,steady
1791233181.5648255,kiemthugialap017@gmail.com,GET,/orders/me,5.546,200,ok,0,steady
1791233181.5652406,kiemthugialap059@gmail.com,GET,/orders/me,6.735,200,ok,0,steady
1791233181.6313396,kiemthugialap098@gmail.com,GET,/concerts,6.008,200,ok,0,steady
1791233181.6317854,kiemthugialap058@gmail.com,GET,/concerts?on_sale=true,7.24,200,ok,0,steady
1791233181.6639209,kiemthugialap023@gmail.com,GET,/concerts/{id},6.528,200,ok,0,steady
1791233181.6658435,kiemthugialap060@gmail.com,GET,/orders/me,7.353,200,ok,0,steady
1791233181.6710541,kiemthugialap010@gmail.com,GET,/orders/me,6.958,200,ok,0,steady
1791233181.6713624,kiemthugialap055@gmail.com,GET,/orders/me,6.66,200,ok,0,steady
1791233181.671637,kiemthugialap034@gmail.com,GET,/orders/me,7.207,200,ok,0,steady
1791233181.672521,kiemthugialap049@gmail.com,GET,/concerts?on_sale=true,2.135,200,ok,0,steady
1791233181.695175,kiemthugialap037@gmail.com,GET,/orders/me,5.061,200,ok,0,steady
1791233181.7788787,kiemthugialap057@gmail.com,GET,/concerts/{id},3.834,200,ok,0,steady
1791233181.7818837,kiemthugialap025@gmail.com,GET,/orders/me,2.873,200,ok,0,steady
1791233181.7996807,kiemthugialap024@gmail.com,GET,/orders/me,5.307,200,ok,0,steady
1791233181.8311927,kiemthugialap011@gmail.com,GET,/concerts,6.437,200,ok,0,steady
1791233181.832112,kiemthugialap001@gmail.com,GET,/orders/me,6.299,200,ok,0,steady
1791233181.846281,kiemthugialap064@gmail.com,GET,/concerts,5.798,200,ok,0,steady
1791233181.8475437,kiemthugialap093@gmail.com,GET,/concerts?on_sale=true,5.494,200,ok,0,steady
1791233181.8505566,kiemthugialap100@gmail.com,GET,/orders/me,4.03,200,ok,0,steady
1791233181.8789997,kiemthugialap002@gmail.com,GET,/orders/me,5.299,200,ok,0,steady
1791233181.898693,kiemthugialap078@gmail.com,GET,/concerts/{id},7.063,200,ok,0,steady
1791233181.9000802,kiemthugialap015@gmail.com,GET,/orders/me,7.216,200,ok,0,steady
1791233181.9004164,kiemthugialap068@gmail.com,GET,/orders/me,7.99,200,ok,0,steady
1791233181.9305174,kiemthugialap050@gmail.com,GET,/orders/me,5.378,200,ok,0,steady
1791233181.9341662,kiemthugialap033@gmail.com,GET,/orders/me,3.49,200,ok,0,steady
1791233181.9638774,kiemthugialap089@gmail.com,GET,/orders/me,5.081,200,ok,0,steady
1791233181.967515,kiemthugialap006@gmail.com,GET,/concerts?on_sale=true,2.976,200,ok,0,steady
1791233181.9679701,kiemthugialap079@gmail.com,GET,/orders/me,3.962,200,ok,0,steady
1791233182.0190496,kiemthugialap066@gmail.com,GET,/orders/me,9.475,200,ok,0,steady
1791233182.0204403,kiemthugialap014@gmail.com,GET,/orders/me,11.898,200,ok,0,steady
1791233182.020855,kiemthugialap097@gmail.com,GET,/orders/me,10.838,200,ok,0,steady
1791233182.0227864,kiemthugialap095@gmail.com,GET,/orders/me,3.441,200,ok,0,steady
1791233182.0283773,kiemthugialap085@gmail.com,GET,/orders/me,5.045,200,ok,0,steady
1791233182.0317254,kiemthugialap094@gmail.com,GET,/concerts?on_sale=true,3.025,200,ok,0,steady
1791233182.0464072,kiemthugialap007@gmail.com,GET,/concerts?on_sale=true,4.758,200,ok,0,steady
1791233182.046826,kiemthugialap039@gmail.com,GET,/orders/me,6.793,200,ok,0,steady
1791233182.0667963,kiemthugialap036@gmail.com,GET,/orders/me,7.66,200,ok,0,steady
1791233182.0682116,kiemthugialap005@gmail.com,GET,/orders/me,9.664,200,ok,0,steady
1791233182.0685117,kiemthugialap054@gmail.com,GET,/orders/me,10.908,200,ok,0,steady
1791233182.071319,kiemthugialap051@gmail.com,GET,/orders/me,4.357,200,ok,0,steady
1791233182.0717087,kiemthugialap047@gmail.com,GET,/orders/me,4.43,200,ok,0,steady
1791233182.0994265,kiemthugialap012@gmail.com,GET,/orders/me,8.285,200,ok,0,steady
1791233182.100629,kiemthugialap084@gmail.com,GET,/orders/me,7.685,200,ok,0,steady
1791233182.1046574,kiemthugialap020@gmail.com,GET,/orders/me,5.046,200,ok,0,steady
1791233182.1051455,kiemthugialap067@gmail.com,GET,/orders/me,4.397,200,ok,0,steady
1791233182.1487126,kiemthugialap035@gmail.com,GET,/orders/me,5.845,200,ok,0,steady
1791233182.1491055,kiemthugialap081@gmail.com,GET,/orders/me,7.348,200,ok,0,steady
1791233182.1940062,kiemthugialap018@gmail.com,GET,/concerts?on_sale=true,19.599,200,ok,0,steady
1791233182.19623,kiemthugialap052@gmail.com,GET,/concerts?on_sale=true,20.434,200,ok,0,steady
1791233182.1977963,kiemthugialap048@gmail.com,GET,/orders/me,22.37,200,ok,0,steady
1791233182.2024333,kiemthugialap071@gmail.com,GET,/concerts,11.121,200,ok,0,steady
1791233182.2030625,kiemthugialap096@gmail.com,GET,/orders/me,10.578,200,ok,0,steady
1791233182.215195,kiemthugialap098@gmail.com,GET,/concerts/{id},7.149,200,ok,0,steady
1791233182.216652,kiemthugialap004@gmail.com,GET,/orders/me,6.894,200,ok,0,steady
1791233182.2169867,kiemthugialap046@gmail.com,GET,/orders/me,8.294,200,ok,0,steady
1791233182.2299776,kiemthugialap009@gmail.com,GET,/orders/me,5.516,200,ok,0,steady
1791233182.2506397,kiemthugialap053@gmail.com,GET,/orders/me,6.499,200,ok,0,steady
1791233182.2513256,kiemthugialap076@gmail.com,GET,/orders/me,8.781,200,ok,0,steady
1791233182.3166013,kiemthugialap031@gmail.com,GET,/concerts,5.622,200,ok,0,steady
1791233182.3340213,kiemthugialap037@gmail.com,GET,/orders/me,5.793,200,ok,0,steady
1791233182.338162,kiemthugialap044@gmail.com,GET,/orders/me,3.889,200,ok,0,steady
1791233182.354117,kiemthugialap043@gmail.com,GET,/orders/me,7.954,200,ok,0,steady
1791233182.3546035,kiemthugialap029@gmail.com,GET,/orders/me,7.136,200,ok,0,steady
1791233182.3549185,kiemthugialap028@gmail.com,GET,/orders/me,7.19,200,ok,0,steady
1791233182.386135,kiemthugialap022@gmail.com,GET,/concerts?on_sale=true,7.572,200,ok,0,steady
1791233182.3871498,kiemthugialap080@gmail.com,GET,/orders/me,7.376,200,ok,0,steady
1791233182.4167578,kiemthugialap008@gmail.com,GET,/concerts?on_sale=true,4.905,200,ok,0,steady
1791233182.4359784,kiemthugialap069@gmail.com,GET,/orders/me,7.894,200,ok,0,steady
1791233182.4412243,kiemthugialap082@gmail.com,GET,/orders/me,5.009,200,ok,0,steady
1791233182.482801,kiemthugialap055@gmail.com,GET,/concerts,5.032,200,ok,0,steady
1791233182.4857082,kiemthugialap088@gmail.com,GET,/orders/me,8.542,200,ok,0,steady
1791233182.5009906,kiemthugialap099@gmail.com,GET,/orders/me,4.703,200,ok,0,steady
1791233182.5047133,kiemthugialap056@gmail.com,GET,/orders/me,3.533,200,ok,0,steady
1791233182.508221,kiemthugialap070@gmail.com,GET,/orders/me,3.356,200,ok,0,steady
1791233182.5193436,kiemthugialap040@gmail.com,GET,/concerts?on_sale=true,4.477,200,ok,0,steady
1791233182.5204124,kiemthugialap038@gmail.com,GET,/orders/me,6.069,200,ok,0,steady
1791233182.5597436,kiemthugialap061@gmail.com,GET,/concerts,6.151,200,ok,0,steady
1791233182.5609992,kiemthugialap014@gmail.com,GET,/orders/me,8.358,200,ok,0,steady
1791233182.5649326,kiemthugialap002@gmail.com,GET,/orders/me,4.979,200,ok,0,steady
1791233182.5661945,kiemthugialap078@gmail.com,GET,/orders/me,5.066,200,ok,0,steady
1791233182.5926325,kiemthugialap026@gmail.com,GET,/orders/me,5.556,200,ok,0,steady
1791233182.607986,kiemthugialap003@gmail.com,GET,/orders/me,3.674,200,ok,0,steady
1791233182.6272879,kiemthugialap045@gmail.com,GET,/orders/me,5.758,200,ok,0,steady
1791233182.6286778,kiemthugialap077@gmail.com,GET,/orders/me,7.978,200,ok,0,steady
1791233182.63092,kiemthugialap017@gmail.com,GET,/orders/me,3.408,200,ok,0,steady
1791233182.6425624,kiemthugialap067@gmail.com,GET,/orders/me,5.007,200,ok,0,steady
1791233182.6581028,kiemthugialap033@gmail.com,GET,/concerts/{id},3.733,200,ok,0,steady
1791233182.6770732,kiemthugialap073@gmail.com,GET,/orders/me,5.85,200,ok,0,steady
1791233182.680969,kiemthugialap035@gmail.com,GET,/orders/me,3.714,200,ok,0,steady
1791233182.6891673,kiemthugialap011@gmail.com,GET,/orders/me,7.942,200,ok,0,steady
1791233182.690905,kiemthugialap090@gmail.com,GET,/orders/me,7.621,200,ok,0,steady
1791233182.6922665,kiemthugialap065@gmail.com,GET,/orders/me,5.709,200,ok,0,steady
1791233182.695314,kiemthugialap015@gmail.com,GET,/orders/me,2.89,200,ok,0,steady
1791233182.709298,kiemthugialap034@gmail.com,GET,/orders/me,4.765,200,ok,0,steady
1791233182.725706,kiemthugialap075@gmail.com,GET,/concerts?on_sale=true,5.381,200,ok,0,steady
1791233182.7266061,kiemthugialap032@gmail.com,GET,/orders/me,5.658,200,ok,0,steady
1791233182.7737765,kiemthugialap010@gmail.com,GET,/concerts,4.372,200,ok,0,steady
1791233182.811268,kiemthugialap068@gmail.com,GET,/concerts?on_sale=true,5.836,200,ok,0,steady
1791233182.812337,kiemthugialap053@gmail.com,GET,/orders/me,8.035,200,ok,0,steady
1791233182.8434904,kiemthugialap085@gmail.com,GET,/concerts?on_sale=true,4.698,200,ok,0,steady
1791233182.8444188,kiemthugialap074@gmail.com,GET,/orders/me,6.622,200,ok,0,steady
1791233182.8786273,kiemthugialap084@gmail.com,GET,/concerts,4.889,200,ok,0,steady
1791233182.8801925,kiemthugialap083@gmail.com,GET,/orders/me,8.478,200,ok,0,steady
1791233182.8805249,kiemthugialap021@gmail.com,GET,/orders/me,7.129,200,ok,0,steady
1791233182.9308102,kiemthugialap028@gmail.com,GET,/orders/me,10.835,200,ok,0,steady
1791233182.9312901,kiemthugialap087@gmail.com,GET,/orders/me,12.551,200,ok,0,steady
1791233182.9317136,kiemthugialap051@gmail.com,GET,/orders/me,12.249,200,ok,0,steady
1791233182.9365158,kiemthugialap030@gmail.com,GET,/concerts,4.214,200,ok,0,steady
1791233182.9382162,kiemthugialap063@gmail.com,GET,/orders/me,6.364,200,ok,0,steady
1791233182.9406922,kiemthugialap020@gmail.com,GET,/orders/me,4.937,200,ok,0,steady
1791233182.957211,kiemthugialap043@gmail.com,GET,/orders/me,4.398,200,ok,0,steady
1791233182.9742372,kiemthugialap066@gmail.com,GET,/orders/me,4.982,200,ok,0,steady
1791233182.9771738,kiemthugialap091@gmail.com,GET,/orders/me,2.81,200,ok,0,steady
1791233183.0275338,kiemthugialap060@gmail.com,GET,/concerts,5.389,200,ok,0,steady
1791233183.0280387,kiemthugialap062@gmail.com,GET,/concerts?on_sale=true,7.221,200,ok,0,steady
1791233183.0435798,kiemthugialap056@gmail.com,GET,/orders/me,6.091,200,ok,0,steady
1791233183.063536,kiemthugialap018@gmail.com,GET,/orders/me,8.096,200,ok,0,steady
1791233183.0651684,kiemthugialap027@gmail.com,GET,/orders/me,8.693,200,ok,0,steady
1791233183.065489,kiemthugialap071@gmail.com,GET,/orders/me,11.157,200,ok,0,steady
1791233183.0683985,kiemthugialap059@gmail.com,GET,/orders/me,4.245,200,ok,0,steady
1791233183.0687418,kiemthugialap049@gmail.com,GET,/orders/me,5.011,200,ok,0,steady
1791233183.095477,kiemthugialap061@gmail.com,GET,/orders/me,7.427,200,ok,0,steady
1791233183.0958982,kiemthugialap023@gmail.com,GET,/orders/me,7.622,200,ok,0,steady
1791233183.096223,kiemthugialap013@gmail.com,GET,/orders/me,9.231,200,ok,0,steady
1791233183.1104357,kiemthugialap019@gmail.com,GET,/orders/me,6.319,200,ok,0,steady
1791233183.1260068,kiemthugialap037@gmail.com,GET,/orders/me,6.479,200,ok,0,steady
1791233183.1288984,kiemthugialap016@gmail.com,GET,/concerts,2.651,200,ok,0,steady
1791233183.1612105,kiemthugialap045@gmail.com,GET,/orders/me,8.327,200,ok,0,steady
1791233183.1627107,kiemthugialap012@gmail.com,GET,/orders/me,8.885,200,ok,0,steady
1791233183.1642222,kiemthugialap041@gmail.com,GET,/concerts?on_sale=true,2.785,200,ok,0,steady
1791233183.1671278,kiemthugialap072@gmail.com,GET,/orders/me,2.786,200,ok,0,steady
1791233183.1945462,kiemthugialap003@gmail.com,GET,/concerts/{id},8.361,200,ok,0,steady
1791233183.1957312,kiemthugialap038@gmail.com,GET,/orders/me,8.329,200,ok,0,steady
1791233183.19795,kiemthugialap047@gmail.com,GET,/orders/me,3.188,200,ok,0,steady
1791233183.2252462,kiemthugialap039@gmail.com,GET,/orders/me,7.025,200,ok,0,steady
1791233183.2299826,kiemthugialap086@gmail.com,GET,/concerts,3.805,200,ok,0,steady
1791233183.231185,kiemthugialap036@gmail.com,GET,/orders/me,5.706,200,ok,0,steady
1791233183.2342463,kiemthugialap001@gmail.com,GET,/orders/me,4.112,200,ok,0,steady
1791233183.234596,kiemthugialap058@gmail.com,GET,/concerts,3.288,200,ok,0,steady
1791233183.241466,kiemthugialap025@gmail.com,GET,/orders/me,4.025,200,ok,0,steady
1791233183.2734253,kiemthugialap054@gmail.com,GET,/concerts?on_sale=true,4.115,200,ok,0,steady
1791233183.2760682,kiemthugialap024@gmail.com,GET,/concerts/{id},2.487,200,ok,0,steady
1791233183.3093162,kiemthugialap011@gmail.com,GET,/orders/me,6.222,200,ok,0,steady
1791233183.3097355,kiemthugialap015@gmail.com,GET,/orders/me,5.853,200,ok,0,steady
1791233183.3258426,kiemthugialap070@gmail.com,GET,/orders/me,6.6,200,ok,0,steady
1791233183.3782427,kiemthugialap008@gmail.com,GET,/concerts?on_sale=true,5.424,200,ok,0,steady
1791233183.381369,kiemthugialap067@gmail.com,GET,/orders/me,9.343,200,ok,0,steady
1791233183.3834884,kiemthugialap089@gmail.com,GET,/concerts,5.06,200,ok,0,steady
1791233183.3856874,kiemthugialap092@gmail.com,GET,/orders/me,4.164,200,ok,0,steady
1791233183.4265444,kiemthugialap032@gmail.com,GET,/orders/me,6.264,200,ok,0,steady
1791233183.4270804,kiemthugialap094@gmail.com,GET,/orders/me,5.3,200,ok,0,steady
1791233183.459826,kiemthugialap069@gmail.com,GET,/orders/me,5.382,200,ok,0,steady
1791233183.4937665,kiemthugialap078@gmail.com,GET,/concerts/{id},4.666,200,ok,0,steady
1791233183.4942296,kiemthugialap079@gmail.com,GET,/concerts/{id},5.837,200,ok,0,steady
1791233183.5080397,kiemthugialap043@gmail.com,GET,/orders/me,4.512,200,ok,0,steady
1791233183.5108104,kiemthugialap006@gmail.com,GET,/orders/me,2.622,200,ok,0,steady
1791233183.5128105,kiemthugialap053@gmail.com,GET,/concerts,1.887,200,ok,0,steady
1791233183.5458677,kiemthugialap063@gmail.com,GET,/orders/me,8.832,200,ok,0,steady
1791233183.5512588,kiemthugialap042@gmail.com,GET,/orders/me,5.08,200,ok,0,steady
1791233183.593907,kiemthugialap050@gmail.com,GET,/orders/me,22.703,200,ok,0,steady
1791233183.59449,kiemthugialap057@gmail.com,GET,/orders/me,24.884,200,ok,0,steady
1791233183.5948188,kiemthugialap064@gmail.com,GET,/orders/me,24.644,200,ok,0,steady
1791233183.625529,kiemthugialap085@gmail.com,GET,/orders/me,5.596,200,ok,0,steady
1791233183.6286309,kiemthugialap046@gmail.com,GET,/concerts,2.921,200,ok,0,steady
1791233183.6602619,kiemthugialap093@gmail.com,GET,/orders/me,6.328,200,ok,0,steady
1791233183.662785,kiemthugialap044@gmail.com,GET,/concerts/{id},2.314,200,ok,0,steady
1791233183.691812,kiemthugialap002@gmail.com,GET,/orders/me,5.562,200,ok,0,steady
1791233183.6950355,kiemthugialap034@gmail.com,GET,/orders/me,3.076,200,ok,0,steady
1791233183.7254002,kiemthugialap048@gmail.com,GET,/orders/me,4.689,200,ok,0,steady
1791233183.725746,kiemthugialap095@gmail.com,GET,/orders/me,6.554,200,ok,0,steady
1791233183.7409708,kiemthugialap056@gmail.com,GET,/concerts?on_sale=true,4.71,200,ok,0,steady
1791233183.7474875,kiemthugialap087@gmail.com,GET,/orders/me,5.745,200,ok,0,steady
1791233183.747883,kiemthugialap049@gmail.com,GET,/orders/me,6.772,200,ok,0,steady
1791233183.7507913,kiemthugialap022@gmail.com,GET,/orders/me,2.796,200,ok,0,steady
1791233183.7832596,kiemthugialap090@gmail.com,GET,/concerts,10.674,200,ok,0,steady
1791233183.7852118,kiemthugialap076@gmail.com,GET,/concerts?on_sale=true,15.819,200,ok,0,steady
1791233183.7855253,kiemthugialap088@gmail.com,GET,/orders/me,15.212,200,ok,0,steady
1791233183.786011,kiemthugialap098@gmail.com,GET,/orders/me,16.019,200,ok,0,steady
1791233183.7870371,kiemthugialap100@gmail.com,GET,/orders/me,15.547,200,ok,0,steady
1791233183.7938588,kiemthugialap001@gmail.com,GET,/orders/me,10.306,200,ok,0,steady
1791233183.7946095,kiemthugialap010@gmail.com,GET,/concerts?on_sale=true,7.391,200,ok,0,steady
1791233183.7950883,kiemthugialap021@gmail.com,GET,/orders/me,10.89,200,ok,0,steady
1791233183.8074517,kiemthugialap071@gmail.com,GET,/orders/me,4.722,200,ok,0,steady
1791233183.8251638,kiemthugialap045@gmail.com,GET,/concerts?on_sale=true,5.525,200,ok,0,steady
1791233183.8261347,kiemthugialap005@gmail.com,GET,/orders/me,5.748,200,ok,0,steady
1791233183.8581142,kiemthugialap070@gmail.com,GET,/orders/me,4.841,200,ok,0,steady
1791233183.8739314,kiemthugialap041@gmail.com,GET,/concerts,3.979,200,ok,0,steady
1791233183.874952,kiemthugialap061@gmail.com,GET,/orders/me,5.751,200,ok,0,steady
1791233183.8905504,kiemthugialap008@gmail.com,GET,/concerts,3.544,200,ok,0,steady
1791233183.9093642,kiemthugialap066@gmail.com,GET,/concerts,5.467,200,ok,0,steady
1791233183.9097219,kiemthugialap038@gmail.com,GET,/concerts/{id},4.769,200,ok,0,steady
1791233183.9117796,kiemthugialap097@gmail.com,GET,/orders/me,5.981,200,ok,0,steady
1791233183.9610405,kiemthugialap055@gmail.com,GET,/orders/me,6.397,200,ok,0,steady
1791233183.9613752,kiemthugialap007@gmail.com,GET,/orders/me,5.862,200,ok,0,steady
1791233184.00981,kiemthugialap081@gmail.com,GET,/orders/me,5.897,200,ok,0,steady
1791233184.026169,kiemthugialap052@gmail.com,GET,/orders/me,4.601,200,ok,0,steady
1791233184.02914,kiemthugialap033@gmail.com,GET,/orders/me,2.829,200,ok,0,steady
1791233184.0317879,kiemthugialap077@gmail.com,GET,/orders/me,2.529,200,ok,0,steady
1791233184.0621796,kiemthugialap029@gmail.com,GET,/concerts/{id},7.669,200,ok,0,steady
1791233184.063312,kiemthugialap024@gmail.com,GET,/concerts,7.376,200,ok,0,steady
1791233184.0641992,kiemthugialap004@gmail.com,GET,/orders/me,8.678,200,ok,0,steady
1791233184.0671763,kiemthugialap068@gmail.com,GET,/concerts,2.802,200,ok,0,steady
1791233184.0675817,kiemthugialap026@gmail.com,GET,/orders/me,5.24,200,ok,0,steady
1791233184.0742435,kiemthugialap074@gmail.com,GET,/orders/me,3.634,200,ok,0,steady
1791233184.0911932,kiemthugialap009@gmail.com,GET,/concerts,3.948,200,ok,0,steady
1791233184.1112802,kiemthugialap073@gmail.com,GET,/orders/me,7.841,200,ok,0,steady
1791233184.111729,kiemthugialap051@gmail.com,GET,/orders/me,7.649,200,ok,0,steady
1791233184.159529,kiemthugialap031@gmail.com,GET,/concerts/{id},4.285,200,ok,0,steady
1791233184.1604636,kiemthugialap096@gmail.com,GET,/orders/me,6.052,200,ok,0,steady
1791233184.1788476,kiemthugialap025@gmail.com,GET,/orders/me,6.946,200,ok,0,steady
1791233184.1802695,kiemthugialap083@gmail.com,GET,/orders/me,7.786,200,ok,0,steady
1791233184.182838,kiemthugialap040@gmail.com,GET,/orders/me,3.762,200,ok,0,steady
1791233184.2593622,kiemthugialap017@gmail.com,GET,/concerts,4.987,200,ok,0,steady
1791233184.2603776,kiemthugialap084@gmail.com,GET,/orders/me,4.538,200,ok,0,steady
1791233184.2772613,kiemthugialap091@gmail.com,GET,/concerts?on_sale=true,5.716,200,ok,0,steady
1791233184.277679,kiemthugialap023@gmail.com,GET,/orders/me,5.169,200,ok,0,steady
1791233184.3303998,kiemthugialap036@gmail.com,GET,/orders/me,8.147,200,ok,0,steady
1791233184.3317742,kiemthugialap065@gmail.com,GET,/orders/me,10.524,200,ok,0,steady
1791233184.3320894,kiemthugialap053@gmail.com,GET,/orders/me,9.537,200,ok,0,steady
1791233184.3337321,kiemthugialap094@gmail.com,GET,/orders/me,3.087,200,ok,0,steady
1791233184.3788188,kiemthugialap090@gmail.com,GET,/orders/me,5.908,200,ok,0,steady
1791233184.3803134,kiemthugialap080@gmail.com,GET,/orders/me,9.317,200,ok,0,steady
1791233184.3806853,kiemthugialap015@gmail.com,GET,/orders/me,8.597,200,ok,0,steady
1791233184.3844478,kiemthugialap044@gmail.com,GET,/orders/me,5.093,200,ok,0,steady
1791233184.3852599,kiemthugialap027@gmail.com,GET,/orders/me,6.3,200,ok,0,steady
1791233184.3862007,kiemthugialap035@gmail.com,GET,/orders/me,5.377,200,ok,0,steady
1791233184.4106207,kiemthugialap099@gmail.com,GET,/orders/me,5.858,200,ok,0,steady
1791233184.4128046,kiemthugialap082@gmail.com,GET,/orders/me,9.101,200,ok,0,steady
1791233184.4175885,kiemthugialap049@gmail.com,GET,/orders/me,6.066,200,ok,0,steady
1791233184.4178965,kiemthugialap039@gmail.com,GET,/orders/me,7.082,200,ok,0,steady
1791233184.4181674,kiemthugialap018@gmail.com,GET,/orders/me,6.932,200,ok,0,steady
1791233184.4403892,kiemthugialap078@gmail.com,GET,/concerts/{id},4.802,200,ok,0,steady
1791233184.479027,kiemthugialap075@gmail.com,GET,/orders/me,6.85,200,ok,0,steady
1791233184.4794238,kiemthugialap013@gmail.com,GET,/orders/me,7.04,200,ok,0,steady
1791233184.479726,kiemthugialap014@gmail.com,GET,/orders/me,8.433,200,ok,0,steady
1791233184.4938772,kiemthugialap032@gmail.com,GET,/orders/me,5.527,200,ok,0,steady
1791233184.4949172,kiemthugialap012@gmail.com,GET,/orders/me,7.654,200,ok,0,steady
1791233184.4969163,kiemthugialap003@gmail.com,GET,/orders/me,2.859,200,ok,0,steady
1791233184.5072963,kiemthugialap021@gmail.com,GET,/concerts,3.175,200,ok,0,steady
1791233184.5589416,kiemthugialap062@gmail.com,GET,/orders/me,4.833,200,ok,0,steady
1791233184.56102,kiemthugialap059@gmail.com,GET,/concerts/{id},1.94,200,ok,0,steady
1791233184.5935407,kiemthugialap054@gmail.com,GET,/concerts?on_sale=true,4.81,200,ok,0,steady
1791233184.5945637,kiemthugialap060@gmail.com,GET,/orders/me,5.327,200,ok,0,steady
1791233184.6258054,kiemthugialap047@gmail.com,GET,/orders/me,4.959,200,ok,0,steady
1791233184.628694,kiemthugialap055@gmail.com,GET,/concerts?on_sale=true,2.733,200,ok,0,steady
1791233184.642382,kiemthugialap016@gmail.com,GET,/concerts/{id},4.745,200,ok,0,steady
1791233184.6458197,kiemthugialap030@gmail.com,GET,/orders/me,3.29,200,ok,0,steady
1791233184.6600106,kiemthugialap020@gmail.com,GET,/orders/me,6.677,200,ok,0,steady
1791233184.6616015,kiemthugialap074@gmail.com,GET,/orders/me,7.815,200,ok,0,steady
1791233184.6943629,kiemthugialap002@gmail.com,GET,/concerts/{id},6.495,200,ok,0,steady
1791233184.7215185,kiemthugialap086@gmail.com,GET,/orders/me,34.938,200,ok,0,steady
1791233184.7245438,kiemthugialap034@gmail.com,GET,/concerts/{id},21.972,200,ok,0,steady
1791233184.7602227,kiemthugialap067@gmail.com,GET,/orders/me,7.064,200,ok,0,steady
1791233184.7649076,kiemthugialap042@gmail.com,GET,/orders/me,4.397,200,ok,0,steady
1791233184.7782347,kiemthugialap058@gmail.com,GET,/concerts,5.832,200,ok,0,steady
1791233184.7788038,kiemthugialap001@gmail.com,GET,/concerts?on_sale=true,8.018,200,ok,0,steady
1791233184.7921593,kiemthugialap051@gmail.com,GET,/concerts/{id},5.937,200,ok,0,steady
1791233184.8275266,kiemthugialap028@gmail.com,GET,/concerts,6.741,200,ok,0,steady
1791233184.8286848,kiemthugialap005@gmail.com,GET,/orders/me,8.968,200,ok,0,steady
1791233184.8412035,kiemthugialap097@gmail.com,GET,/orders/me,5.248,200,ok,0,steady
1791233184.862908,kiemthugialap007@gmail.com,GET,/orders/me,9.091,200,ok,0,steady
1791233184.8646843,kiemthugialap046@gmail.com,GET,/orders/me,10.285,200,ok,0,steady
1791233184.8659582,kiemthugialap096@gmail.com,GET,/orders/me,13.041,200,ok,0,steady
1791233184.8688438,kiemthugialap100@gmail.com,GET,/concerts,4.001,200,ok,0,steady
1791233184.871042,kiemthugialap071@gmail.com,GET,/orders/me,4.894,200,ok,0,steady
1791233184.9091067,kiemthugialap009@gmail.com,GET,/concerts,5.481,200,ok,0,steady
1791233184.9124074,kiemthugialap023@gmail.com,GET,/orders/me,3.157,200,ok,0,steady
1791233184.9245143,kiemthugialap079@gmail.com,GET,/orders/me,5.015,200,ok,0,steady
1791233184.958825,kiemthugialap043@gmail.com,GET,/orders/me,5.486,200,ok,0,steady
1791233184.9597251,kiemthugialap093@gmail.com,GET,/orders/me,7.013,200,ok,0,steady
1791233184.9622874,kiemthugialap037@gmail.com,GET,/orders/me,3.304,200,ok,0,steady
1791233184.9922657,kiemthugialap098@gmail.com,GET,/concerts/{id},4.849,200,ok,0,steady
1791233184.9927163,kiemthugialap056@gmail.com,GET,/concerts?on_sale=true,6.632,200,ok,0,steady
1791233184.996416,kiemthugialap019@gmail.com,GET,/orders/me,3.571,200,ok,0,steady
1791233185.024061,kiemthugialap035@gmail.com,GET,/orders/me,4.866,200,ok,0,steady
1791233185.02815,kiemthugialap095@gmail.com,GET,/orders/me,3.809,200,ok,0,steady
1791233185.043001,kiemthugialap076@gmail.com,GET,/concerts,5.9,200,ok,0,steady
1791233185.0440018,kiemthugialap011@gmail.com,GET,/orders/me,8.077,200,ok,0,steady
1791233185.0571606,kiemthugialap081@gmail.com,GET,/orders/me,4.336,200,ok,0,steady
1791233185.0746052,kiemthugialap072@gmail.com,GET,/orders/me,5.012,200,ok,0,steady
1791233185.078319,kiemthugialap050@gmail.com,GET,/orders/me,3.539,200,ok,0,steady
1791233185.0818253,kiemthugialap018@gmail.com,GET,/orders/me,3.312,200,ok,0,steady
1791233185.0926332,kiemthugialap029@gmail.com,GET,/orders/me,6.275,200,ok,0,steady
1791233185.093103,kiemthugialap025@gmail.com,GET,/orders/me,5.511,200,ok,0,steady
1791233185.1064873,kiemthugialap066@gmail.com,GET,/concerts/{id},3.225,200,ok,0,steady
1791233185.124669,kiemthugialap036@gmail.com,GET,/concerts,5.103,200,ok,0,steady
1791233185.12567,kiemthugialap031@gmail.com,GET,/orders/me,5.111,200,ok,0,steady
1791233185.1599538,kiemthugialap092@gmail.com,GET,/orders/me,5.779,200,ok,0,steady
1791233185.1979043,kiemthugialap087@gmail.com,GET,/concerts,8.752,200,ok,0,steady
1791233185.2002974,kiemthugialap053@gmail.com,GET,/orders/me,10.9,200,ok,0,steady
1791233185.2006729,kiemthugialap014@gmail.com,GET,/orders/me,10.966,200,ok,0,steady
1791233185.2012343,kiemthugialap026@gmail.com,GET,/orders/me,11.196,200,ok,0,steady
1791233185.201532,kiemthugialap089@gmail.com,GET,/orders/me,13.266,200,ok,0,steady
1791233185.2260756,kiemthugialap024@gmail.com,GET,/concerts?on_sale=true,5.653,200,ok,0,steady
1791233185.2269394,kiemthugialap077@gmail.com,GET,/orders/me,7.962,200,ok,0,steady
1791233185.2426891,kiemthugialap048@gmail.com,GET,/orders/me,5.056,200,ok,0,steady
1791233185.275422,kiemthugialap083@gmail.com,GET,/concerts/{id},4.977,200,ok,0,steady
1791233185.280402,kiemthugialap038@gmail.com,GET,/orders/me,4.671,200,ok,0,steady
1791233185.2855062,kiemthugialap065@gmail.com,GET,/orders/me,4.557,200,ok,0,steady
1791233185.2866466,kiemthugialap085@gmail.com,GET,/orders/me,6.058,200,ok,0,steady
1791233185.2902434,kiemthugialap045@gmail.com,GET,/orders/me,4.546,200,ok,0,steady
1791233185.3091042,kiemthugialap069@gmail.com,GET,/orders/me,5.149,200,ok,0,steady
1791233185.3255155,kiemthugialap088@gmail.com,GET,/orders/me,4.568,200,ok,0,steady
1791233185.3433883,kiemthugialap074@gmail.com,GET,/concerts/{id},5.009,200,ok,0,steady
1791233185.343798,kiemthugialap063@gmail.com,GET,/concerts/{id},4.375,200,ok,0,steady
1791233185.3618834,kiemthugialap070@gmail.com,GET,/orders/me,6.385,200,ok,0,steady
1791233185.3623238,kiemthugialap061@gmail.com,GET,/orders/me,5.673,200,ok,0,steady
1791233185.394885,kiemthugialap064@gmail.com,GET,/concerts?on_sale=true,4.932,200,ok,0,steady
1791233185.3964133,kiemthugialap100@gmail.com,GET,/orders/me,8.622,200,ok,0,steady
1791233185.3968973,kiemthugialap006@gmail.com,GET,/orders/me,8.232,200,ok,0,steady
1791233185.4261682,kiemthugialap097@gmail.com,GET,/orders/me,5.166,200,ok,0,steady
1791233185.427087,kiemthugialap057@gmail.com,GET,/orders/me,7.253,200,ok,0,steady
1791233185.428985,kiemthugialap051@gmail.com,GET,/orders/me,2.67,200,ok,0,steady
1791233185.4423246,kiemthugialap073@gmail.com,GET,/orders/me,5.607,200,ok,0,steady
1791233185.4792705,kiemthugialap012@gmail.com,GET,/orders/me,7.229,200,ok,0,steady
1791233185.4797282,kiemthugialap022@gmail.com,GET,/orders/me,8.931,200,ok,0,steady
1791233185.480028,kiemthugialap005@gmail.com,GET,/orders/me,7.637,200,ok,0,steady
1791233185.5934982,kiemthugialap090@gmail.com,GET,/orders/me,5.554,200,ok,0,steady
1791233185.6083858,kiemthugialap023@gmail.com,GET,/concerts?on_sale=true,3.979,200,ok,0,steady
1791233185.6114247,kiemthugialap039@gmail.com,GET,/orders/me,2.895,200,ok,0,steady
1791233185.6424315,kiemthugialap009@gmail.com,GET,/concerts/{id},3.518,200,ok,0,steady
1791233185.6591234,kiemthugialap034@gmail.com,GET,/concerts?on_sale=true,4.616,200,ok,0,steady
1791233185.7112157,kiemthugialap080@gmail.com,GET,/concerts?on_sale=true,5.724,200,ok,0,steady
1791233185.7129648,kiemthugialap052@gmail.com,GET,/orders/me,8.421,200,ok,0,steady
1791233185.717338,kiemthugialap008@gmail.com,GET,/orders/me,5.629,200,ok,0,steady
1791233185.718248,kiemthugialap010@gmail.com,GET,/orders/me,6.878,200,ok,0,steady
1791233185.7203386,kiemthugialap030@gmail.com,GET,/orders/me,2.858,200,ok,0,steady
1791233185.761472,kiemthugialap054@gmail.com,GET,/concerts?on_sale=true,8.313,200,ok,0,steady
1791233185.7632518,kiemthugialap026@gmail.com,GET,/orders/me,8.54,200,ok,0,steady
1791233185.7640128,kiemthugialap015@gmail.com,GET,/orders/me,9.706,200,ok,0,steady
1791233185.766213,kiemthugialap036@gmail.com,GET,/concerts?on_sale=true,4.526,200,ok,0,steady
1791233185.7676544,kiemthugialap020@gmail.com,GET,/orders/me,5.467,200,ok,0,steady
1791233185.769542,kiemthugialap033@gmail.com,GET,/orders/me,3.218,200,ok,0,steady
1791233185.7917287,kiemthugialap094@gmail.com,GET,/concerts/{id},4.658,200,ok,0,steady
1791233185.7921355,kiemthugialap062@gmail.com,GET,/concerts/{id},3.725,200,ok,0,steady
1791233185.8077805,kiemthugialap040@gmail.com,GET,/concerts/{id},3.837,200,ok,0,steady
1791233185.826771,kiemthugialap083@gmail.com,GET,/concerts/{id},5.538,200,ok,0,steady
1791233185.8274827,kiemthugialap041@gmail.com,GET,/orders/me,5.236,200,ok,0,steady
1791233185.831962,kiemthugialap050@gmail.com,GET,/orders/me,4.31,200,ok,0,steady
1791233185.8328166,kiemthugialap066@gmail.com,GET,/orders/me,4.614,200,ok,0,steady
1791233185.8340013,kiemthugialap042@gmail.com,GET,/concerts/{id},1.916,200,ok,0,steady
1791233185.8371403,kiemthugialap082@gmail.com,GET,/orders/me,2.997,200,ok,0,steady
1791233185.8417819,kiemthugialap092@gmail.com,GET,/concerts/{id},4.398,200,ok,0,steady
1791233185.877177,kiemthugialap061@gmail.com,GET,/orders/me,7.261,200,ok,0,steady
1791233185.8802643,kiemthugialap004@gmail.com,GET,/concerts?on_sale=true,2.881,200,ok,0,steady
1791233185.892576,kiemthugialap017@gmail.com,GET,/orders/me,6.114,200,ok,0,steady
1791233185.896836,kiemthugialap027@gmail.com,GET,/orders/me,4.021,200,ok,0,steady
1791233185.9085944,kiemthugialap007@gmail.com,GET,/orders/me,5.185,200,ok,0,steady
1791233185.912632,kiemthugialap011@gmail.com,GET,/orders/me,3.791,200,ok,0,steady
1791233185.925109,kiemthugialap068@gmail.com,GET,/concerts/{id},5.891,200,ok,0,steady
1791233185.9305365,kiemthugialap072@gmail.com,GET,/orders/me,5.147,200,ok,0,steady
1791233185.948725,kiemthugialap053@gmail.com,GET,/concerts,10.329,200,ok,0,steady
1791233185.9495692,kiemthugialap093@gmail.com,GET,/orders/me,13.587,200,ok,0,steady
1791233185.9499547,kiemthugialap067@gmail.com,GET,/orders/me,12.453,200,ok,0,steady
1791233185.958535,kiemthugialap060@gmail.com,GET,/orders/me,5.853,200,ok,0,steady
1791233185.9617906,kiemthugialap089@gmail.com,GET,/concerts,3.065,200,ok,0,steady
1791233185.9745638,kiemthugialap014@gmail.com,GET,/orders/me,5.182,200,ok,0,steady
1791233185.9793441,kiemthugialap013@gmail.com,GET,/orders/me,4.49,200,ok,0,steady
1791233185.9926734,kiemthugialap005@gmail.com,GET,/concerts/{id},5.925,200,ok,0,steady
1791233185.9941807,kiemthugialap075@gmail.com,GET,/orders/me,6.597,200,ok,0,steady
1791233185.994566,kiemthugialap099@gmail.com,GET,/orders/me,8.349,200,ok,0,steady
1791233186.008351,kiemthugialap091@gmail.com,GET,/orders/me,5.387,200,ok,0,steady
1791233186.025343,kiemthugialap084@gmail.com,GET,/orders/me,5.511,200,ok,0,steady
1791233186.0404603,kiemthugialap065@gmail.com,GET,/orders/me,4.126,200,ok,0,steady
1791233186.0572038,kiemthugialap049@gmail.com,GET,/orders/me,5.18,200,ok,0,steady
1791233186.0614772,kiemthugialap028@gmail.com,GET,/orders/me,4.048,200,ok,0,steady
1791233186.0952182,kiemthugialap001@gmail.com,GET,/concerts/{id},4.625,200,ok,0,steady
1791233186.0970926,kiemthugialap021@gmail.com,GET,/concerts?on_sale=true,8.633,200,ok,0,steady
1791233186.097617,kiemthugialap056@gmail.com,GET,/orders/me,10.433,200,ok,0,steady
1791233186.1438882,kiemthugialap032@gmail.com,GET,/orders/me,5.71,200,ok,0,steady
1791233186.1657941,kiemthugialap031@gmail.com,GET,/orders/me,9.075,200,ok,0,steady
1791233186.1662803,kiemthugialap044@gmail.com,GET,/orders/me,10.134,200,ok,0,steady
1791233186.166722,kiemthugialap037@gmail.com,GET,/concerts/{id},12.104,200,ok,0,steady
1791233186.2259536,kiemthugialap078@gmail.com,GET,/orders/me,6.963,200,ok,0,steady
1791233186.2587273,kiemthugialap019@gmail.com,GET,/concerts/{id},4.639,200,ok,0,steady
1791233186.2610343,kiemthugialap085@gmail.com,GET,/concerts?on_sale=true,2.166,200,ok,0,steady
1791233186.2901766,kiemthugialap046@gmail.com,GET,/concerts?on_sale=true,3.962,200,ok,0,steady
1791233186.324381,kiemthugialap094@gmail.com,GET,/concerts,3.951,200,ok,0,steady
1791233186.3276515,kiemthugialap043@gmail.com,GET,/orders/me,3.109,200,ok,0,steady
1791233186.3303733,kiemthugialap086@gmail.com,GET,/orders/me,2.608,200,ok,0,steady
1791233186.3349173,kiemthugialap098@gmail.com,GET,/orders/me,4.423,200,ok,0,steady
1791233186.3768272,kiemthugialap058@gmail.com,GET,/concerts?on_sale=true,5.089,200,ok,0,steady
1791233186.3773835,kiemthugialap100@gmail.com,GET,/concerts,6.575,200,ok,0,steady
1791233186.3823156,kiemthugialap079@gmail.com,GET,/orders/me,4.75,200,ok,0,steady
1791233186.409503,kiemthugialap082@gmail.com,GET,/orders/me,4.872,200,ok,0,steady
1791233186.4129398,kiemthugialap038@gmail.com,GET,/orders/me,3.243,200,ok,0,steady
1791233186.4455652,kiemthugialap039@gmail.com,GET,/orders/me,6.676,200,ok,0,steady
1791233186.4460096,kiemthugialap008@gmail.com,GET,/orders/me,7.541,200,ok,0,steady
1791233186.446371,kiemthugialap024@gmail.com,GET,/orders/me,9.155,200,ok,0,steady
1791233186.4583066,kiemthugialap029@gmail.com,GET,/concerts/{id},4.544,200,ok,0,steady
1791233186.4622343,kiemthugialap055@gmail.com,GET,/orders/me,3.726,200,ok,0,steady
1791233186.476897,kiemthugialap016@gmail.com,GET,/concerts?on_sale=true,6.765,200,ok,0,steady
1791233186.4782581,kiemthugialap088@gmail.com,GET,/orders/me,7.271,200,ok,0,steady
1791233186.4786172,kiemthugialap003@gmail.com,GET,/orders/me,6.769,200,ok,0,steady
1791233186.491905,kiemthugialap059@gmail.com,GET,/concerts?on_sale=true,4.105,200,ok,0,steady
1791233186.5093613,kiemthugialap047@gmail.com,GET,/orders/me,4.69,200,ok,0,steady
1791233186.5614955,kiemthugialap002@gmail.com,GET,/concerts/{id},6.504,200,ok,0,steady
1791233186.5624337,kiemthugialap073@gmail.com,GET,/orders/me,6.561,200,ok,0,steady
1791233186.5759444,kiemthugialap050@gmail.com,GET,/concerts,4.595,200,ok,0,steady
1791233186.6114333,kiemthugialap045@gmail.com,GET,/orders/me,6.32,200,ok,0,steady
1791233186.6127915,kiemthugialap025@gmail.com,GET,/orders/me,9.338,200,ok,0,steady
1791233186.6148696,kiemthugialap035@gmail.com,GET,/concerts?on_sale=true,3.194,200,ok,0,steady
1791233186.6163256,kiemthugialap087@gmail.com,GET,/concerts/{id},3.376,200,ok,0,steady
1791233186.6190033,kiemthugialap053@gmail.com,GET,/orders/me,2.569,200,ok,0,steady
1791233186.642813,kiemthugialap071@gmail.com,GET,/orders/me,6.525,200,ok,0,steady
1791233186.6459866,kiemthugialap042@gmail.com,GET,/orders/me,2.996,200,ok,0,steady
1791233186.6756961,kiemthugialap070@gmail.com,GET,/orders/me,5.39,200,ok,0,steady
1791233186.677976,kiemthugialap097@gmail.com,GET,/concerts?on_sale=true,2.136,200,ok,0,steady
1791233186.7260747,kiemthugialap018@gmail.com,GET,/orders/me,5.05,200,ok,0,steady
1791233186.7780733,kiemthugialap040@gmail.com,GET,/orders/me,6.738,200,ok,0,steady
1791233186.7784736,kiemthugialap096@gmail.com,GET,/orders/me,6.288,200,ok,0,steady
1791233186.811157,kiemthugialap077@gmail.com,GET,/orders/me,5.975,200,ok,0,steady
1791233186.841402,kiemthugialap094@gmail.com,GET,/concerts?on_sale=true,4.818,200,ok,0,steady
1791233186.908973,kiemthugialap051@gmail.com,GET,/concerts?on_sale=true,4.876,200,ok,0,steady
1791233186.9284008,kiemthugialap014@gmail.com,GET,/orders/me,5.451,200,ok,0,steady
1791233186.928771,kiemthugialap098@gmail.com,GET,/orders/me,6.492,200,ok,0,steady
1791233186.9786336,kiemthugialap095@gmail.com,GET,/orders/me,7.956,200,ok,0,steady
1791233186.9790492,kiemthugialap081@gmail.com,GET,/orders/me,6.735,200,ok,0,steady
1791233186.9793315,kiemthugialap074@gmail.com,GET,/orders/me,7.859,200,ok,0,steady
1791233186.9912727,kiemthugialap062@gmail.com,GET,/concerts/{id},4.079,200,ok,0,steady
1791233187.0266743,kiemthugialap022@gmail.com,GET,/concerts,7.908,200,ok,0,steady
1791233187.0290306,kiemthugialap076@gmail.com,GET,/orders/me,9.581,200,ok,0,steady
1791233187.0563004,kiemthugialap036@gmail.com,GET,/orders/me,28.699,200,ok,0,steady
1791233187.0582135,kiemthugialap006@gmail.com,GET,/orders/me,31.225,200,ok,0,steady
1791233187.0599585,kiemthugialap080@gmail.com,GET,/orders/me,30.727,200,ok,0,steady
1791233187.065425,kiemthugialap048@gmail.com,GET,/orders/me,5.181,200,ok,0,steady
1791233187.1106083,kiemthugialap056@gmail.com,GET,/orders/me,6.548,200,ok,0,steady
1791233187.1118813,kiemthugialap069@gmail.com,GET,/orders/me,9.067,200,ok,0,steady
1791233187.11375,kiemthugialap057@gmail.com,GET,/concerts/{id},2.851,200,ok,0,steady
1791233187.142851,kiemthugialap088@gmail.com,GET,/orders/me,6.454,200,ok,0,steady
1791233187.1765878,kiemthugialap025@gmail.com,GET,/orders/me,7.034,200,ok,0,steady
1791233187.1808577,kiemthugialap007@gmail.com,GET,/orders/me,4.014,200,ok,0,steady
1791233187.210946,kiemthugialap013@gmail.com,GET,/orders/me,8.388,200,ok,0,steady
1791233187.2114618,kiemthugialap063@gmail.com,GET,/orders/me,9.713,200,ok,0,steady
1791233187.2226436,kiemthugialap085@gmail.com,GET,/concerts?on_sale=true,4.063,200,ok,0,steady
1791233187.2429924,kiemthugialap033@gmail.com,GET,/concerts,5.423,200,ok,0,steady
1791233187.2440972,kiemthugialap005@gmail.com,GET,/orders/me,5.855,200,ok,0,steady
1791233187.2476077,kiemthugialap064@gmail.com,GET,/orders/me,3.352,200,ok,0,steady
1791233187.2814255,kiemthugialap054@gmail.com,GET,/concerts/{id},8.76,200,ok,0,steady
1791233187.2825117,kiemthugialap041@gmail.com,GET,/concerts,8.431,200,ok,0,steady
1791233187.2828276,kiemthugialap079@gmail.com,GET,/concerts,9.968,200,ok,0,steady
1791233187.2843091,kiemthugialap084@gmail.com,GET,/orders/me,14.158,200,ok,0,steady
1791233187.284902,kiemthugialap100@gmail.com,GET,/orders/me,13.624,200,ok,0,steady
1791233187.2874725,kiemthugialap034@gmail.com,GET,/orders/me,5.868,200,ok,0,steady
1791233187.2925298,kiemthugialap012@gmail.com,GET,/orders/me,6.454,200,ok,0,steady
1791233187.292915,kiemthugialap052@gmail.com,GET,/concerts,5.303,200,ok,0,steady
1791233187.2932496,kiemthugialap061@gmail.com,GET,/orders/me,6.619,200,ok,0,steady
1791233187.3286357,kiemthugialap055@gmail.com,GET,/orders/me,6.916,200,ok,0,steady
1791233187.3297791,kiemthugialap026@gmail.com,GET,/orders/me,9.291,200,ok,0,steady
1791233187.3318293,kiemthugialap010@gmail.com,GET,/orders/me,3.007,200,ok,0,steady
1791233187.3579705,kiemthugialap089@gmail.com,GET,/concerts,4.222,200,ok,0,steady
1791233187.3612905,kiemthugialap090@gmail.com,GET,/orders/me,3.144,200,ok,0,steady
1791233187.363348,kiemthugialap003@gmail.com,GET,/concerts/{id},1.939,200,ok,0,steady
1791233187.375191,kiemthugialap018@gmail.com,GET,/orders/me,4.535,200,ok,0,steady
1791233187.377659,kiemthugialap015@gmail.com,GET,/concerts?on_sale=true,2.308,200,ok,0,steady
1791233187.380694,kiemthugialap020@gmail.com,GET,/orders/me,2.925,200,ok,0,steady
1791233187.3925955,kiemthugialap066@gmail.com,GET,/orders/me,4.545,200,ok,0,steady
1791233187.3957705,kiemthugialap009@gmail.com,GET,/orders/me,3.029,200,ok,0,steady
1791233187.3979568,kiemthugialap070@gmail.com,GET,/concerts/{id},2.07,200,ok,0,steady
1791233187.4261763,kiemthugialap001@gmail.com,GET,/orders/me,4.744,200,ok,0,steady
1791233187.458738,kiemthugialap093@gmail.com,GET,/concerts?on_sale=true,3.953,200,ok,0,steady
1791233187.4771833,kiemthugialap098@gmail.com,GET,/orders/me,5.999,200,ok,0,steady
1791233187.5422761,kiemthugialap017@gmail.com,GET,/orders/me,5.884,200,ok,0,steady
1791233187.560642,kiemthugialap078@gmail.com,GET,/orders/me,6.511,200,ok,0,steady
1791233187.5610518,kiemthugialap060@gmail.com,GET,/orders/me,5.16,200,ok,0,steady
1791233187.5936174,kiemthugialap030@gmail.com,GET,/orders/me,5.583,200,ok,0,steady
1791233187.6273816,kiemthugialap074@gmail.com,GET,/concerts/{id},6.095,200,ok,0,steady
1791233187.6290429,kiemthugialap023@gmail.com,GET,/orders/me,8.637,200,ok,0,steady
1791233187.6294243,kiemthugialap068@gmail.com,GET,/orders/me,7.712,200,ok,0,steady
1791233187.642168,kiemthugialap092@gmail.com,GET,/orders/me,5.331,200,ok,0,steady
1791233187.658464,kiemthugialap082@gmail.com,GET,/orders/me,5.103,200,ok,0,steady
1791233187.6786962,kiemthugialap039@gmail.com,GET,/orders/me,7.213,200,ok,0,steady
1791233187.6791296,kiemthugialap029@gmail.com,GET,/orders/me,6.743,200,ok,0,steady
1791233187.7111306,kiemthugialap083@gmail.com,GET,/concerts/{id},5.309,200,ok,0,steady
1791233187.7124279,kiemthugialap004@gmail.com,GET,/orders/me,7.552,200,ok,0,steady
1791233187.7146742,kiemthugialap011@gmail.com,GET,/orders/me,3.374,200,ok,0,steady
1791233187.744232,kiemthugialap067@gmail.com,GET,/concerts?on_sale=true,5.67,200,ok,0,steady
1791233187.7446597,kiemthugialap046@gmail.com,GET,/concerts?on_sale=true,5.709,200,ok,0,steady
1791233187.7455606,kiemthugialap058@gmail.com,GET,/orders/me,8.131,200,ok,0,steady
1791233187.757727,kiemthugialap072@gmail.com,GET,/concerts/{id},4.238,200,ok,0,steady
1791233187.780079,kiemthugialap065@gmail.com,GET,/orders/me,9.082,200,ok,0,steady
1791233187.7804983,kiemthugialap091@gmail.com,GET,/orders/me,10.432,200,ok,0,steady
1791233187.7807863,kiemthugialap096@gmail.com,GET,/orders/me,8.087,200,ok,0,steady
1791233187.781083,kiemthugialap044@gmail.com,GET,/orders/me,9.776,200,ok,0,steady
1791233187.7912035,kiemthugialap019@gmail.com,GET,/orders/me,4.526,200,ok,0,steady
1791233187.7939563,kiemthugialap031@gmail.com,GET,/concerts/{id},2.554,200,ok,0,steady
1791233187.7970018,kiemthugialap027@gmail.com,GET,/orders/me,2.916,200,ok,0,steady
1791233187.8250802,kiemthugialap033@gmail.com,GET,/concerts/{id},3.852,200,ok,0,steady
1791233187.8274012,kiemthugialap049@gmail.com,GET,/concerts?on_sale=true,2.175,200,ok,0,steady
1791233187.8426878,kiemthugialap024@gmail.com,GET,/orders/me,5.278,200,ok,0,steady
1791233187.859583,kiemthugialap021@gmail.com,GET,/orders/me,4.342,200,ok,0,steady
1791233187.8626359,kiemthugialap061@gmail.com,GET,/orders/me,2.916,200,ok,0,steady
1791233187.8932178,kiemthugialap053@gmail.com,GET,/concerts?on_sale=true,5.779,200,ok,0,steady
1791233187.8944492,kiemthugialap037@gmail.com,GET,/orders/me,5.189,200,ok,0,steady
1791233187.9099572,kiemthugialap099@gmail.com,GET,/concerts/{id},4.389,200,ok,0,steady
1791233187.9132442,kiemthugialap009@gmail.com,GET,/concerts/{id},3.037,200,ok,0,steady
1791233187.9157157,kiemthugialap003@gmail.com,GET,/concerts/{id},2.328,200,ok,0,steady
1791233187.9603019,kiemthugialap075@gmail.com,GET,/concerts?on_sale=true,5.273,200,ok,0,steady
1791233187.9635081,kiemthugialap043@gmail.com,GET,/orders/me,4.652,200,ok,0,steady
1791233187.9638326,kiemthugialap089@gmail.com,GET,/orders/me,7.457,200,ok,0,steady
1791233187.9920201,kiemthugialap035@gmail.com,GET,/concerts?on_sale=true,4.426,200,ok,0,steady
1791233188.0255623,kiemthugialap064@gmail.com,GET,/orders/me,4.678,200,ok,0,steady
1791233188.0632682,kiemthugialap042@gmail.com,GET,/orders/me,8.618,200,ok,0,steady
1791233188.0648477,kiemthugialap097@gmail.com,GET,/orders/me,8.899,200,ok,0,steady
1791233188.0651536,kiemthugialap002@gmail.com,GET,/orders/me,9.581,200,ok,0,steady
1791233188.067921,kiemthugialap028@gmail.com,GET,/orders/me,4.441,200,ok,0,steady
1791233188.0682673,kiemthugialap056@gmail.com,GET,/orders/me,4.398,200,ok,0,steady
1791233188.0938401,kiemthugialap047@gmail.com,GET,/concerts/{id},5.666,200,ok,0,steady
1791233188.0944564,kiemthugialap032@gmail.com,GET,/concerts?on_sale=true,6.674,200,ok,0,steady
1791233188.0952017,kiemthugialap060@gmail.com,GET,/orders/me,8.497,200,ok,0,steady
1791233188.1256204,kiemthugialap069@gmail.com,GET,/orders/me,5.267,200,ok,0,steady
1791233188.142277,kiemthugialap076@gmail.com,GET,/orders/me,16.458,200,ok,0,steady
1791233188.1428864,kiemthugialap038@gmail.com,GET,/orders/me,16.327,200,ok,0,steady
1791233188.1434906,kiemthugialap045@gmail.com,GET,/orders/me,7.68,200,ok,0,steady
1791233188.1606176,kiemthugialap062@gmail.com,GET,/concerts/{id},4.976,200,ok,0,steady
1791233188.1616688,kiemthugialap014@gmail.com,GET,/orders/me,7.203,200,ok,0,steady
1791233188.1632743,kiemthugialap080@gmail.com,GET,/concerts,2.424,200,ok,0,steady
1791233188.1779284,kiemthugialap059@gmail.com,GET,/concerts?on_sale=true,6.965,200,ok,0,steady
1791233188.180341,kiemthugialap016@gmail.com,GET,/orders/me,10.478,200,ok,0,steady
1791233188.1840727,kiemthugialap073@gmail.com,GET,/orders/me,5.178,200,ok,0,steady
1791233188.1850328,kiemthugialap093@gmail.com,GET,/orders/me,6.821,200,ok,0,steady
1791233188.1880543,kiemthugialap012@gmail.com,GET,/orders/me,3.807,200,ok,0,steady
1791233188.2120075,kiemthugialap071@gmail.com,GET,/concerts/{id},7.026,200,ok,0,steady
1791233188.2131994,kiemthugialap020@gmail.com,GET,/concerts,8.656,200,ok,0,steady
1791233188.2137504,kiemthugialap040@gmail.com,GET,/orders/me,9.882,200,ok,0,steady
1791233188.2149801,kiemthugialap026@gmail.com,GET,/concerts,2.78,200,ok,0,steady
1791233188.241613,kiemthugialap006@gmail.com,GET,/orders/me,5.402,200,ok,0,steady
1791233188.2453322,kiemthugialap087@gmail.com,GET,/orders/me,3.547,200,ok,0,steady
1791233188.2582495,kiemthugialap088@gmail.com,GET,/orders/me,5.361,200,ok,0,steady
1791233188.2757065,kiemthugialap072@gmail.com,GET,/orders/me,6.07,200,ok,0,steady
1791233188.32594,kiemthugialap086@gmail.com,GET,/orders/me,5.628,200,ok,0,steady
1791233188.3408227,kiemthugialap046@gmail.com,GET,/orders/me,4.999,200,ok,0,steady
1791233188.3458612,kiemthugialap055@gmail.com,GET,/orders/me,4.834,200,ok,0,steady
1791233188.3510082,kiemthugialap051@gmail.com,GET,/orders/me,4.89,200,ok,0,steady
1791233188.3581462,kiemthugialap041@gmail.com,GET,/concerts?on_sale=true,6.24,200,ok,0,steady
1791233188.35914,kiemthugialap008@gmail.com,GET,/orders/me,7.867,200,ok,0,steady
1791233188.3770905,kiemthugialap082@gmail.com,GET,/orders/me,8.177,200,ok,0,steady
1791233188.3789508,kiemthugialap010@gmail.com,GET,/orders/me,9.273,200,ok,0,steady
1791233188.381724,kiemthugialap018@gmail.com,GET,/concerts,4.422,200,ok,0,steady
1791233188.382375,kiemthugialap094@gmail.com,GET,/orders/me,4.609,200,ok,0,steady
1791233188.4089217,kiemthugialap050@gmail.com,GET,/concerts?on_sale=true,4.593,200,ok,0,steady
1791233188.409987,kiemthugialap084@gmail.com,GET,/orders/me,6.912,200,ok,0,steady
1791233188.4124918,kiemthugialap079@gmail.com,GET,/orders/me,3.427,200,ok,0,steady
1791233188.458922,kiemthugialap054@gmail.com,GET,/orders/me,4.593,200,ok,0,steady
1791233188.4774685,kiemthugialap019@gmail.com,GET,/concerts?on_sale=true,6.466,200,ok,0,steady
1791233188.4780433,kiemthugialap052@gmail.com,GET,/orders/me,5.496,200,ok,0,steady
1791233188.4924052,kiemthugialap044@gmail.com,GET,/orders/me,4.457,200,ok,0,steady
1791233188.494643,kiemthugialap022@gmail.com,GET,/concerts,2.08,200,ok,0,steady
1791233188.55862,kiemthugialap063@gmail.com,GET,/orders/me,19.693,200,ok,0,steady
1791233188.5591707,kiemthugialap009@gmail.com,GET,/orders/me,21.19,200,ok,0,steady
1791233188.610479,kiemthugialap057@gmail.com,GET,/orders/me,7.452,200,ok,0,steady
1791233188.611702,kiemthugialap048@gmail.com,GET,/orders/me,7.608,200,ok,0,steady
1791233188.6137688,kiemthugialap025@gmail.com,GET,/orders/me,3.08,200,ok,0,steady
1791233188.6243455,kiemthugialap043@gmail.com,GET,/orders/me,4.173,200,ok,0,steady
1791233188.641789,kiemthugialap036@gmail.com,GET,/concerts/{id},4.72,200,ok,0,steady
1791233188.6598728,kiemthugialap033@gmail.com,GET,/orders/me,5.892,200,ok,0,steady
1791233188.6751022,kiemthugialap013@gmail.com,GET,/concerts/{id},3.736,200,ok,0,steady
1791233188.7146583,kiemthugialap038@gmail.com,GET,/concerts,6.268,200,ok,0,steady
1791233188.7152503,kiemthugialap070@gmail.com,GET,/orders/me,8.77,200,ok,0,steady
1791233188.7155905,kiemthugialap015@gmail.com,GET,/orders/me,9.913,200,ok,0,steady
1791233188.741635,kiemthugialap077@gmail.com,GET,/orders/me,5.385,200,ok,0,steady
1791233188.7457914,kiemthugialap090@gmail.com,GET,/orders/me,3.903,200,ok,0,steady
1791233188.7912683,kiemthugialap085@gmail.com,GET,/concerts/{id},21.356,200,ok,0,steady
1791233188.7933664,kiemthugialap023@gmail.com,GET,/concerts?on_sale=true,21.755,200,ok,0,steady
1791233188.7944565,kiemthugialap029@gmail.com,GET,/orders/me,21.331,200,ok,0,steady
1791233188.796591,kiemthugialap062@gmail.com,GET,/orders/me,10.107,200,ok,0,steady
1791233188.7969046,kiemthugialap045@gmail.com,GET,/orders/me,9.73,200,ok,0,steady
1791233188.798002,kiemthugialap002@gmail.com,GET,/orders/me,6.541,200,ok,0,steady
1791233188.8069153,kiemthugialap030@gmail.com,GET,/concerts?on_sale=true,3.878,200,ok,0,steady
1791233188.830457,kiemthugialap017@gmail.com,GET,/concerts/{id},10.476,200,ok,0,steady
1791233188.8309238,kiemthugialap027@gmail.com,GET,/concerts/{id},9.548,200,ok,0,steady
1791233188.8323555,kiemthugialap081@gmail.com,GET,/orders/me,11.347,200,ok,0,steady
1791233188.8328273,kiemthugialap020@gmail.com,GET,/orders/me,11.207,200,ok,0,steady
1791233188.8579183,kiemthugialap097@gmail.com,GET,/concerts,3.908,200,ok,0,steady
1791233188.862611,kiemthugialap095@gmail.com,GET,/concerts/{id},3.946,200,ok,0,steady
1791233188.8631005,kiemthugialap100@gmail.com,GET,/orders/me,5.027,200,ok,0,steady
1791233188.8940098,kiemthugialap021@gmail.com,GET,/concerts?on_sale=true,4.649,200,ok,0,steady
1791233188.8953905,kiemthugialap067@gmail.com,GET,/orders/me,7.899,200,ok,0,steady
1791233188.8958266,kiemthugialap046@gmail.com,GET,/orders/me,7.55,200,ok,0,steady
1791233188.9237504,kiemthugialap003@gmail.com,GET,/concerts/{id},3.77,200,ok,0,steady
1791233188.9632728,kiemthugialap007@gmail.com,GET,/orders/me,8.377,200,ok,0,steady
1791233188.9647107,kiemthugialap012@gmail.com,GET,/orders/me,8.097,200,ok,0,steady
1791233188.968069,kiemthugialap042@gmail.com,GET,/orders/me,4.558,200,ok,0,steady
1791233189.0008068,kiemthugialap073@gmail.com,GET,/concerts,12.405,200,ok,0,steady
1791233189.0013053,kiemthugialap079@gmail.com,GET,/orders/me,12.151,200,ok,0,steady
1791233189.0017312,kiemthugialap018@gmail.com,GET,/orders/me,12.975,200,ok,0,steady
1791233189.0021627,kiemthugialap034@gmail.com,GET,/orders/me,14.769,200,ok,0,steady
1791233189.0038633,kiemthugialap005@gmail.com,GET,/orders/me,3.942,200,ok,0,steady
1791233189.04517,kiemthugialap049@gmail.com,GET,/concerts/{id},4.395,200,ok,0,steady
1791233189.0464597,kiemthugialap041@gmail.com,GET,/orders/me,8.341,200,ok,0,steady
1791233189.0469708,kiemthugialap088@gmail.com,GET,/orders/me,7.53,200,ok,0,steady
1791233189.0756185,kiemthugialap066@gmail.com,GET,/concerts,4.031,200,ok,0,steady
1791233189.0945113,kiemthugialap083@gmail.com,GET,/concerts?on_sale=true,6.342,200,ok,0,steady
1791233189.0962057,kiemthugialap068@gmail.com,GET,/orders/me,6.911,200,ok,0,steady
1791233189.0967011,kiemthugialap028@gmail.com,GET,/orders/me,7.679,200,ok,0,steady
1791233189.1274781,kiemthugialap009@gmail.com,GET,/orders/me,6.817,200,ok,0,steady
1791233189.127876,kiemthugialap053@gmail.com,GET,/orders/me,6.12,200,ok,0,steady
1791233189.1456838,kiemthugialap026@gmail.com,GET,/orders/me,5.991,200,ok,0,steady
1791233189.1463149,kiemthugialap004@gmail.com,GET,/orders/me,8.55,200,ok,0,steady
1791233189.1468127,kiemthugialap001@gmail.com,GET,/orders/me,8.126,200,ok,0,steady
1791233189.1770809,kiemthugialap098@gmail.com,GET,/concerts,5.768,200,ok,0,steady
1791233189.2228942,kiemthugialap011@gmail.com,GET,/orders/me,18.625,200,ok,0,steady
1791233189.223284,kiemthugialap060@gmail.com,GET,/orders/me,20.297,200,ok,0,steady
1791233189.2597215,kiemthugialap061@gmail.com,GET,/orders/me,4.712,200,ok,0,steady
1791233189.2974358,kiemthugialap016@gmail.com,GET,/orders/me,7.007,200,ok,0,steady
1791233189.2981358,kiemthugialap006@gmail.com,GET,/concerts?on_sale=true,10.245,200,ok,0,steady
1791233189.29919,kiemthugialap037@gmail.com,GET,/orders/me,10.108,200,ok,0,steady
1791233189.3032231,kiemthugialap085@gmail.com,GET,/concerts/{id},3.439,200,ok,0,steady
1791233189.3052864,kiemthugialap039@gmail.com,GET,/orders/me,5.937,200,ok,0,steady
1791233189.3086357,kiemthugialap031@gmail.com,GET,/concerts?on_sale=true,3.179,200,ok,0,steady
1791233189.344768,kiemthugialap069@gmail.com,GET,/orders/me,7.622,200,ok,0,steady
1791233189.360054,kiemthugialap096@gmail.com,GET,/orders/me,5.711,200,ok,0,steady
1791233189.412298,kiemthugialap058@gmail.com,GET,/orders/me,8.679,200,ok,0,steady
1791233189.4417267,kiemthugialap040@gmail.com,GET,/concerts?on_sale=true,5.35,200,ok,0,steady
1791233189.459193,kiemthugialap044@gmail.com,GET,/orders/me,5.888,200,ok,0,steady
1791233189.476257,kiemthugialap093@gmail.com,GET,/concerts/{id},5.869,200,ok,0,steady
1791233189.4778738,kiemthugialap052@gmail.com,GET,/orders/me,8.272,200,ok,0,steady
1791233189.4800904,kiemthugialap064@gmail.com,GET,/orders/me,3.624,200,ok,0,steady
1791233189.525934,kiemthugialap078@gmail.com,GET,/concerts,5.988,200,ok,0,steady
1791233189.5271134,kiemthugialap092@gmail.com,GET,/orders/me,6.069,200,ok,0,steady
1791233189.5410159,kiemthugialap012@gmail.com,GET,/orders/me,5.072,200,ok,0,steady
1791233189.545147,kiemthugialap091@gmail.com,GET,/orders/me,3.898,200,ok,0,steady
1791233189.5763283,kiemthugialap074@gmail.com,GET,/orders/me,6.216,200,ok,0,steady
1791233189.5767272,kiemthugialap054@gmail.com,GET,/orders/me,5.055,200,ok,0,steady
1791233189.5925095,kiemthugialap014@gmail.com,GET,/orders/me,5.012,200,ok,0,steady
1791233189.628152,kiemthugialap019@gmail.com,GET,/orders/me,7.181,200,ok,0,steady
1791233189.6356006,kiemthugialap047@gmail.com,GET,/orders/me,7.182,200,ok,0,steady
1791233189.6366136,kiemthugialap090@gmail.com,GET,/orders/me,7.707,200,ok,0,steady
1791233189.6382585,kiemthugialap065@gmail.com,GET,/concerts,2.485,200,ok,0,steady
1791233189.659359,kiemthugialap010@gmail.com,GET,/concerts?on_sale=true,5.04,200,ok,0,steady
1791233189.6603708,kiemthugialap075@gmail.com,GET,/orders/me,6.827,200,ok,0,steady
1791233189.6752274,kiemthugialap043@gmail.com,GET,/orders/me,4.677,200,ok,0,steady
1791233189.7427635,kiemthugialap022@gmail.com,GET,/orders/me,4.924,200,ok,0,steady
1791233189.7453742,kiemthugialap081@gmail.com,GET,/concerts/{id},2.445,200,ok,0,steady
1791233189.7606215,kiemthugialap024@gmail.com,GET,/orders/me,6.361,200,ok,0,steady
1791233189.7803009,kiemthugialap068@gmail.com,GET,/concerts/{id},9.712,200,ok,0,steady
1791233189.7815318,kiemthugialap015@gmail.com,GET,/orders/me,9.986,200,ok,0,steady
1791233189.7818625,kiemthugialap029@gmail.com,GET,/orders/me,12.319,200,ok,0,steady
1791233189.7823904,kiemthugialap018@gmail.com,GET,/orders/me,11.286,200,ok,0,steady
1791233189.785043,kiemthugialap063@gmail.com,GET,/orders/me,4.55,200,ok,0,steady
1791233189.7861323,kiemthugialap077@gmail.com,GET,/concerts?on_sale=true,3.605,200,ok,0,steady
1791233189.7904966,kiemthugialap038@gmail.com,GET,/orders/me,5.301,200,ok,0,steady
1791233189.791348,kiemthugialap087@gmail.com,GET,/orders/me,5.043,200,ok,0,steady
1791233189.8246732,kiemthugialap008@gmail.com,GET,/concerts,4.727,200,ok,0,steady
1791233189.8458195,kiemthugialap094@gmail.com,GET,/concerts/{id},7.075,200,ok,0,steady
1791233189.8480902,kiemthugialap021@gmail.com,GET,/orders/me,11.842,200,ok,0,steady
1791233189.8486068,kiemthugialap034@gmail.com,GET,/orders/me,9.29,200,ok,0,steady
1791233189.8490715,kiemthugialap076@gmail.com,GET,/orders/me,11.633,200,ok,0,steady
1791233189.8819695,kiemthugialap071@gmail.com,GET,/orders/me,10.332,200,ok,0,steady
1791233189.8825624,kiemthugialap049@gmail.com,GET,/orders/me,11.532,200,ok,0,steady
1791233189.8829067,kiemthugialap089@gmail.com,GET,/orders/me,11.009,200,ok,0,steady
1791233189.9103754,kiemthugialap070@gmail.com,GET,/orders/me,6.619,200,ok,0,steady
1791233189.9116566,kiemthugialap072@gmail.com,GET,/orders/me,6.805,200,ok,0,steady
1791233189.914871,kiemthugialap099@gmail.com,GET,/orders/me,4.353,200,ok,0,steady
1791233189.9157255,kiemthugialap095@gmail.com,GET,/orders/me,4.911,200,ok,0,steady
1791233189.9169657,kiemthugialap059@gmail.com,GET,/concerts,1.963,200,ok,0,steady
1791233189.96325,kiemthugialap020@gmail.com,GET,/concerts?on_sale=true,8.339,200,ok,0,steady
1791233189.964128,kiemthugialap032@gmail.com,GET,/orders/me,26.688,200,ok,0,steady
1791233189.9644582,kiemthugialap086@gmail.com,GET,/concerts,8.818,200,ok,0,steady
1791233189.965198,kiemthugialap035@gmail.com,GET,/orders/me,28.859,200,ok,0,steady
1791233189.978375,kiemthugialap056@gmail.com,GET,/orders/me,5.841,200,ok,0,steady
1791233189.97926,kiemthugialap046@gmail.com,GET,/orders/me,5.959,200,ok,0,steady
1791233189.98061,kiemthugialap005@gmail.com,GET,/concerts,2.108,200,ok,0,steady
1791233190.0104837,kiemthugialap057@gmail.com,GET,/concerts,5.411,200,ok,0,steady
1791233190.0115366,kiemthugialap002@gmail.com,GET,/orders/me,5.59,200,ok,0,steady
1791233190.0645075,kiemthugialap058@gmail.com,GET,/concerts?on_sale=true,9.109,200,ok,0,steady
1791233190.0659673,kiemthugialap050@gmail.com,GET,/orders/me,10.083,200,ok,0,steady
1791233190.0670397,kiemthugialap004@gmail.com,GET,/orders/me,12.754,200,ok,0,steady
1791233190.0942264,kiemthugialap096@gmail.com,GET,/orders/me,6.696,200,ok,0,steady
1791233190.0946932,kiemthugialap007@gmail.com,GET,/orders/me,6.13,200,ok,0,steady
1791233190.11135,kiemthugialap023@gmail.com,GET,/concerts,5.218,200,ok,0,steady
1791233190.1124382,kiemthugialap091@gmail.com,GET,/orders/me,7.229,200,ok,0,steady
1791233190.1147346,kiemthugialap080@gmail.com,GET,/orders/me,3.175,200,ok,0,steady
1791233190.1474469,kiemthugialap060@gmail.com,GET,/orders/me,10.171,200,ok,0,steady
1791233190.147945,kiemthugialap009@gmail.com,GET,/orders/me,9.356,200,ok,0,steady
1791233190.1482465,kiemthugialap062@gmail.com,GET,/orders/me,9.251,200,ok,0,steady
1791233190.2410858,kiemthugialap017@gmail.com,GET,/concerts/{id},20.218,200,ok,0,steady
1791233190.2461135,kiemthugialap001@gmail.com,GET,/orders/me,23.312,200,ok,0,steady
1791233190.247013,kiemthugialap028@gmail.com,GET,/concerts?on_sale=true,8.263,200,ok,0,steady
1791233190.2473645,kiemthugialap084@gmail.com,GET,/orders/me,24.904,200,ok,0,steady
1791233190.2487795,kiemthugialap027@gmail.com,GET,/orders/me,10.989,200,ok,0,steady
1791233190.2491775,kiemthugialap031@gmail.com,GET,/orders/me,10.797,200,ok,0,steady
1791233190.2565193,kiemthugialap085@gmail.com,GET,/orders/me,3.899,200,ok,0,steady
1791233190.2927122,kiemthugialap030@gmail.com,GET,/orders/me,4.937,200,ok,0,steady
1791233190.2990866,kiemthugialap053@gmail.com,GET,/concerts/{id},3.356,200,ok,0,steady
1791233190.3463418,kiemthugialap003@gmail.com,GET,/concerts,8.858,200,ok,0,steady
1791233190.3483136,kiemthugialap025@gmail.com,GET,/orders/me,9.927,200,ok,0,steady
1791233190.3486986,kiemthugialap055@gmail.com,GET,/orders/me,8.703,200,ok,0,steady
1791233190.3492475,kiemthugialap051@gmail.com,GET,/orders/me,10.493,200,ok,0,steady
1791233190.3522856,kiemthugialap082@gmail.com,GET,/orders/me,4.752,200,ok,0,steady
1791233190.3944829,kiemthugialap039@gmail.com,GET,/concerts?on_sale=true,6.133,200,ok,0,steady
1791233190.3955164,kiemthugialap068@gmail.com,GET,/orders/me,8.189,200,ok,0,steady
1791233190.4267437,kiemthugialap037@gmail.com,GET,/orders/me,5.586,200,ok,0,steady
1791233190.444819,kiemthugialap092@gmail.com,GET,/orders/me,5.596,200,ok,0,steady
1791233190.4452744,kiemthugialap045@gmail.com,GET,/orders/me,7.17,200,ok,0,steady
1791233190.461373,kiemthugialap042@gmail.com,GET,/orders/me,5.503,200,ok,0,steady
1791233190.4618115,kiemthugialap008@gmail.com,GET,/orders/me,7.037,200,ok,0,steady
1791233190.4997087,kiemthugialap013@gmail.com,GET,/orders/me,12.3,200,ok,0,steady
1791233190.5003827,kiemthugialap010@gmail.com,GET,/orders/me,11.972,200,ok,0,steady
1791233190.502405,kiemthugialap019@gmail.com,GET,/orders/me,13.567,200,ok,0,steady
1791233190.5423703,kiemthugialap044@gmail.com,GET,/orders/me,6.13,200,ok,0,steady
1791233190.546319,kiemthugialap067@gmail.com,GET,/orders/me,3.707,200,ok,0,steady
1791233190.5939915,kiemthugialap083@gmail.com,GET,/orders/me,7.572,200,ok,0,steady
1791233190.6303663,kiemthugialap038@gmail.com,GET,/orders/me,25.577,200,ok,0,steady
1791233190.6328323,kiemthugialap059@gmail.com,GET,/orders/me,29.939,200,ok,0,steady
1791233190.6331863,kiemthugialap007@gmail.com,GET,/concerts,12.687,200,ok,0,steady
1791233190.6335173,kiemthugialap016@gmail.com,GET,/concerts,12.667,200,ok,0,steady
1791233190.633866,kiemthugialap048@gmail.com,GET,/orders/me,14.255,200,ok,0,steady
1791233190.6394274,kiemthugialap033@gmail.com,GET,/concerts?on_sale=true,8.784,200,ok,0,steady
1791233190.6440217,kiemthugialap073@gmail.com,GET,/orders/me,12.524,200,ok,0,steady
1791233190.6457784,kiemthugialap100@gmail.com,GET,/orders/me,11.784,200,ok,0,steady
1791233190.6459963,kiemthugialap036@gmail.com,GET,/orders/me,14.827,200,ok,0,steady
1791233190.6476924,kiemthugialap095@gmail.com,GET,/orders/me,9.712,200,ok,0,steady
1791233190.661338,kiemthugialap078@gmail.com,GET,/concerts/{id},7.676,200,ok,0,steady
1791233190.66303,kiemthugialap071@gmail.com,GET,/orders/me,7.927,200,ok,0,steady
1791233190.6634696,kiemthugialap006@gmail.com,GET,/orders/me,8.824,200,ok,0,steady
1791233190.6943977,kiemthugialap088@gmail.com,GET,/concerts?on_sale=true,6.536,200,ok,0,steady
1791233190.6960256,kiemthugialap041@gmail.com,GET,/orders/me,9.445,200,ok,0,steady
1791233190.6964853,kiemthugialap064@gmail.com,GET,/orders/me,7.468,200,ok,0,steady
1791233190.7090743,kiemthugialap097@gmail.com,GET,/orders/me,6.214,200,ok,0,steady
1791233190.7136564,kiemthugialap075@gmail.com,GET,/orders/me,4.312,200,ok,0,steady
1791233190.7428932,kiemthugialap047@gmail.com,GET,/orders/me,6.529,200,ok,0,steady
1791233190.7434158,kiemthugialap096@gmail.com,GET,/orders/me,6.469,200,ok,0,steady
1791233190.793673,kiemthugialap060@gmail.com,GET,/concerts,5.196,200,ok,0,steady
1791233190.7946947,kiemthugialap063@gmail.com,GET,/orders/me,7.438,200,ok,0,steady
1791233190.876132,kiemthugialap094@gmail.com,GET,/orders/me,4.879,200,ok,0,steady
1791233190.8930852,kiemthugialap091@gmail.com,GET,/orders/me,4.92,200,ok,0,steady
1791233190.9100158,kiemthugialap026@gmail.com,GET,/concerts,4.385,200,ok,0,steady
1791233190.9109478,kiemthugialap066@gmail.com,GET,/orders/me,6.132,200,ok,0,steady
1791233190.9450243,kiemthugialap017@gmail.com,GET,/orders/me,6.804,200,ok,0,steady
1791233190.9567056,kiemthugialap089@gmail.com,GET,/concerts/{id},4.011,200,ok,0,steady
1791233190.9759097,kiemthugialap011@gmail.com,GET,/concerts/{id},5.75,200,ok,0,steady
1791233190.9768083,kiemthugialap079@gmail.com,GET,/orders/me,5.417,200,ok,0,steady
1791233190.992616,kiemthugialap074@gmail.com,GET,/orders/me,4.356,200,ok,0,steady
1791233190.9954734,kiemthugialap005@gmail.com,GET,/orders/me,2.722,200,ok,0,steady
1791233191.027051,kiemthugialap013@gmail.com,GET,/orders/me,4.699,200,ok,0,steady
1791233191.0422494,kiemthugialap062@gmail.com,GET,/concerts?on_sale=true,4.04,200,ok,0,steady
1791233191.0917604,kiemthugialap021@gmail.com,GET,/concerts?on_sale=true,4.208,200,ok,0,steady
1791233191.1283743,kiemthugialap076@gmail.com,GET,/orders/me,6.275,200,ok,0,steady
1791233191.134047,kiemthugialap056@gmail.com,GET,/orders/me,5.459,200,ok,0,steady
1791233191.135193,kiemthugialap054@gmail.com,GET,/concerts?on_sale=true,5.906,200,ok,0,steady
1791233191.136209,kiemthugialap087@gmail.com,GET,/orders/me,6.596,200,ok,0,steady
1791233191.1414483,kiemthugialap098@gmail.com,GET,/orders/me,7.226,200,ok,0,steady
1791233191.142561,kiemthugialap050@gmail.com,GET,/concerts,7.201,200,ok,0,steady
1791233191.1456604,kiemthugialap014@gmail.com,GET,/concerts,9.279,200,ok,0,steady
1791233191.147071,kiemthugialap001@gmail.com,GET,/concerts/{id},5.448,200,ok,0,steady
1791233191.1488507,kiemthugialap004@gmail.com,GET,/orders/me,6.149,200,ok,0,steady
1791233191.190903,kiemthugialap040@gmail.com,GET,/concerts,19.61,200,ok,0,steady
1791233191.1943293,kiemthugialap093@gmail.com,GET,/orders/me,22.194,200,ok,0,steady
1791233191.1953244,kiemthugialap019@gmail.com,GET,/orders/me,8.139,200,ok,0,steady
1791233191.226177,kiemthugialap057@gmail.com,GET,/concerts/{id},6.043,200,ok,0,steady
1791233191.227503,kiemthugialap061@gmail.com,GET,/orders/me,8.929,200,ok,0,steady
1791233191.227978,kiemthugialap030@gmail.com,GET,/orders/me,8.305,200,ok,0,steady
1791233191.2598863,kiemthugialap024@gmail.com,GET,/orders/me,5.761,200,ok,0,steady
1791233191.2766376,kiemthugialap052@gmail.com,GET,/concerts,5.274,200,ok,0,steady
1791233191.2779276,kiemthugialap071@gmail.com,GET,/orders/me,4.846,200,ok,0,steady
1791233191.294378,kiemthugialap095@gmail.com,GET,/concerts?on_sale=true,6.063,200,ok,0,steady
1791233191.2949064,kiemthugialap043@gmail.com,GET,/orders/me,5.388,200,ok,0,steady
1791233191.3107708,kiemthugialap069@gmail.com,GET,/orders/me,5.191,200,ok,0,steady
1791233191.3139813,kiemthugialap068@gmail.com,GET,/orders/me,3.008,200,ok,0,steady
1791233191.345099,kiemthugialap007@gmail.com,GET,/concerts,6.848,200,ok,0,steady
1791233191.3455102,kiemthugialap015@gmail.com,GET,/concerts?on_sale=true,8.134,200,ok,0,steady
1791233191.346805,kiemthugialap090@gmail.com,GET,/orders/me,7.05,200,ok,0,steady
1791233191.34716,kiemthugialap053@gmail.com,GET,/orders/me,8.534,200,ok,0,steady
1791233191.36169,kiemthugialap081@gmail.com,GET,/orders/me,7.25,200,ok,0,steady
1791233191.3780518,kiemthugialap065@gmail.com,GET,/orders/me,7.189,200,ok,0,steady
1791233191.3846774,kiemthugialap012@gmail.com,GET,/concerts/{id},5.464,200,ok,0,steady
1791233191.3851857,kiemthugialap058@gmail.com,GET,/orders/me,6.894,200,ok,0,steady
1791233191.409663,kiemthugialap077@gmail.com,GET,/concerts?on_sale=true,4.494,200,ok,0,steady
1791233191.4278805,kiemthugialap059@gmail.com,GET,/orders/me,7.207,200,ok,0,steady
1791233191.4293015,kiemthugialap078@gmail.com,GET,/orders/me,8.023,200,ok,0,steady
1791233191.4312859,kiemthugialap027@gmail.com,GET,/orders/me,3.203,200,ok,0,steady
1791233191.445148,kiemthugialap020@gmail.com,GET,/concerts,5.833,200,ok,0,steady
1791233191.4455712,kiemthugialap028@gmail.com,GET,/orders/me,7.984,200,ok,0,steady
1791233191.460429,kiemthugialap022@gmail.com,GET,/orders/me,5.119,200,ok,0,steady
1791233191.4784527,kiemthugialap047@gmail.com,GET,/concerts,5.728,200,ok,0,steady
1791233191.4799306,kiemthugialap009@gmail.com,GET,/orders/me,8.806,200,ok,0,steady
1791233191.4802876,kiemthugialap092@gmail.com,GET,/orders/me,8.527,200,ok,0,steady
1791233191.491559,kiemthugialap036@gmail.com,GET,/concerts?on_sale=true,4.325,200,ok,0,steady
1791233191.508784,kiemthugialap025@gmail.com,GET,/orders/me,5.421,200,ok,0,steady
1791233191.542264,kiemthugialap029@gmail.com,GET,/orders/me,4.969,200,ok,0,steady
1791233191.5481532,kiemthugialap088@gmail.com,GET,/orders/me,5.741,200,ok,0,steady
1791233191.5485563,kiemthugialap034@gmail.com,GET,/orders/me,5.853,200,ok,0,steady
1791233191.5938017,kiemthugialap082@gmail.com,GET,/orders/me,5.684,200,ok,0,steady
1791233191.6283028,kiemthugialap039@gmail.com,GET,/concerts,7.24,200,ok,0,steady
1791233191.6293395,kiemthugialap096@gmail.com,GET,/orders/me,9.505,200,ok,0,steady
1791233191.6299343,kiemthugialap041@gmail.com,GET,/orders/me,8.613,200,ok,0,steady
1791233191.662701,kiemthugialap002@gmail.com,GET,/orders/me,9.038,200,ok,0,steady
1791233191.6645179,kiemthugialap048@gmail.com,GET,/orders/me,10.137,200,ok,0,steady
1791233191.6675766,kiemthugialap086@gmail.com,GET,/orders/me,4.621,200,ok,0,steady
1791233191.6708646,kiemthugialap064@gmail.com,GET,/concerts,3.121,200,ok,0,steady
1791233191.7087488,kiemthugialap031@gmail.com,GET,/concerts,21.625,200,ok,0,steady
1791233191.7101314,kiemthugialap094@gmail.com,GET,/concerts?on_sale=true,7.266,200,ok,0,steady
1791233191.7119546,kiemthugialap018@gmail.com,GET,/orders/me,25.49,200,ok,0,steady
1791233191.7150888,kiemthugialap005@gmail.com,GET,/orders/me,4.75,200,ok,0,steady
1791233191.7259521,kiemthugialap099@gmail.com,GET,/orders/me,5.149,200,ok,0,steady
1791233191.762897,kiemthugialap073@gmail.com,GET,/concerts/{id},9.358,200,ok,0,steady
1791233191.763464,kiemthugialap084@gmail.com,GET,/orders/me,8.945,200,ok,0,steady
1791233191.7766614,kiemthugialap055@gmail.com,GET,/concerts,6.19,200,ok,0,steady
1791233191.7813356,kiemthugialap021@gmail.com,GET,/concerts,4.434,200,ok,0,steady
1791233191.7823937,kiemthugialap049@gmail.com,GET,/orders/me,4.777,200,ok,0,steady
1791233191.7936192,kiemthugialap032@gmail.com,GET,/orders/me,6.159,200,ok,0,steady
1791233191.825953,kiemthugialap035@gmail.com,GET,/concerts?on_sale=true,5.103,200,ok,0,steady
1791233191.8268309,kiemthugialap072@gmail.com,GET,/orders/me,7.062,200,ok,0,steady
1791233191.8419602,kiemthugialap008@gmail.com,GET,/orders/me,5.062,200,ok,0,steady
1791233191.8765917,kiemthugialap023@gmail.com,GET,/orders/me,6.732,200,ok,0,steady
1791233191.8770587,kiemthugialap016@gmail.com,GET,/orders/me,5.803,200,ok,0,steady
1791233191.9104528,kiemthugialap070@gmail.com,GET,/orders/me,7.275,200,ok,0,steady
1791233191.9143538,kiemthugialap066@gmail.com,GET,/orders/me,3.659,200,ok,0,steady
1791233191.9171476,kiemthugialap046@gmail.com,GET,/orders/me,2.661,200,ok,0,steady
1791233191.9447265,kiemthugialap006@gmail.com,GET,/orders/me,6.987,200,ok,0,steady
1791233191.9452584,kiemthugialap033@gmail.com,GET,/orders/me,8.683,200,ok,0,steady
1791233191.9487598,kiemthugialap042@gmail.com,GET,/orders/me,3.335,200,ok,0,steady
1791233191.976203,kiemthugialap044@gmail.com,GET,/concerts,6.221,200,ok,0,steady
1791233191.9770565,kiemthugialap074@gmail.com,GET,/orders/me,6.471,200,ok,0,steady
1791233191.9784372,kiemthugialap081@gmail.com,GET,/concerts/{id},2.091,200,ok,0,steady
1791233192.0125725,kiemthugialap098@gmail.com,GET,/orders/me,7.971,200,ok,0,steady
1791233192.0131016,kiemthugialap043@gmail.com,GET,/orders/me,9.29,200,ok,0,steady
1791233192.0399568,kiemthugialap061@gmail.com,GET,/orders/me,34.801,200,ok,0,steady
1791233192.0429194,kiemthugialap078@gmail.com,GET,/orders/me,5.322,200,ok,0,steady
1791233192.0597486,kiemthugialap093@gmail.com,GET,/orders/me,5.535,200,ok,0,steady
1791233192.0805984,kiemthugialap045@gmail.com,GET,/orders/me,9.036,200,ok,0,steady
1791233192.0811622,kiemthugialap028@gmail.com,GET,/orders/me,8.418,200,ok,0,steady
1791233192.0816169,kiemthugialap091@gmail.com,GET,/orders/me,9.207,200,ok,0,steady
1791233192.1153758,kiemthugialap022@gmail.com,GET,/concerts?on_sale=true,9.246,200,ok,0,steady
1791233192.1164815,kiemthugialap057@gmail.com,GET,/concerts,10.784,200,ok,0,steady
1791233192.116986,kiemthugialap080@gmail.com,GET,/orders/me,8.618,200,ok,0,steady
1791233192.1178288,kiemthugialap038@gmail.com,GET,/orders/me,13.091,200,ok,0,steady
1791233192.118159,kiemthugialap060@gmail.com,GET,/orders/me,11.701,200,ok,0,steady
1791233192.124972,kiemthugialap052@gmail.com,GET,/orders/me,4.457,200,ok,0,steady
1791233192.1409047,kiemthugialap085@gmail.com,GET,/concerts/{id},3.225,200,ok,0,steady
1791233192.1798062,kiemthugialap003@gmail.com,GET,/concerts/{id},6.7,200,ok,0,steady
1791233192.1814451,kiemthugialap020@gmail.com,GET,/concerts/{id},7.917,200,ok,0,steady
1791233192.1818101,kiemthugialap087@gmail.com,GET,/concerts/{id},10.265,200,ok,0,steady
1791233192.1822505,kiemthugialap050@gmail.com,GET,/orders/me,9.806,200,ok,0,steady
1791233192.1855268,kiemthugialap017@gmail.com,GET,/orders/me,5.501,200,ok,0,steady
1791233192.185862,kiemthugialap009@gmail.com,GET,/orders/me,5.443,200,ok,0,steady
1791233192.2099817,kiemthugialap010@gmail.com,GET,/concerts?on_sale=true,6.062,200,ok,0,steady
1791233192.2110202,kiemthugialap041@gmail.com,GET,/orders/me,5.828,200,ok,0,steady
1791233192.2126267,kiemthugialap031@gmail.com,GET,/concerts,2.466,200,ok,0,steady
1791233192.2599866,kiemthugialap088@gmail.com,GET,/concerts,5.018,200,ok,0,steady
1791233192.2603862,kiemthugialap099@gmail.com,GET,/concerts?on_sale=true,5.936,200,ok,0,steady
1791233192.2613993,kiemthugialap040@gmail.com,GET,/orders/me,7.646,200,ok,0,steady
1791233192.2754366,kiemthugialap097@gmail.com,GET,/orders/me,5.076,200,ok,0,steady
1791233192.2924004,kiemthugialap002@gmail.com,GET,/orders/me,4.671,200,ok,0,steady
1791233192.3079937,kiemthugialap083@gmail.com,GET,/concerts/{id},3.964,200,ok,0,steady
1791233192.326949,kiemthugialap095@gmail.com,GET,/orders/me,5.317,200,ok,0,steady
1791233192.32906,kiemthugialap063@gmail.com,GET,/orders/me,8.52,200,ok,0,steady
1791233192.3309784,kiemthugialap004@gmail.com,GET,/orders/me,3.899,200,ok,0,steady
1791233192.3455997,kiemthugialap037@gmail.com,GET,/concerts,6.136,200,ok,0,steady
1791233192.3470728,kiemthugialap051@gmail.com,GET,/orders/me,8.227,200,ok,0,steady
1791233192.3474705,kiemthugialap048@gmail.com,GET,/orders/me,9.559,200,ok,0,steady
1791233192.3511791,kiemthugialap064@gmail.com,GET,/concerts/{id},3.182,200,ok,0,steady
1791233192.3515134,kiemthugialap054@gmail.com,GET,/concerts?on_sale=true,3.924,200,ok,0,steady
1791233192.3539147,kiemthugialap001@gmail.com,GET,/concerts,2.281,200,ok,0,steady
1791233192.3753088,kiemthugialap067@gmail.com,GET,/orders/me,5.025,200,ok,0,steady
1791233192.3791623,kiemthugialap100@gmail.com,GET,/orders/me,3.63,200,ok,0,steady
1791233192.4936028,kiemthugialap036@gmail.com,GET,/orders/me,6.523,200,ok,0,steady
1791233192.4940727,kiemthugialap075@gmail.com,GET,/orders/me,7.724,200,ok,0,steady
1791233192.5267181,kiemthugialap033@gmail.com,GET,/orders/me,5.647,200,ok,0,steady
1791233192.5270813,kiemthugialap090@gmail.com,GET,/orders/me,6.971,200,ok,0,steady
1791233192.5593681,kiemthugialap070@gmail.com,GET,/concerts?on_sale=true,4.323,200,ok,0,steady
1791233192.5753202,kiemthugialap018@gmail.com,GET,/concerts?on_sale=true,3.839,200,ok,0,steady
1791233192.5976975,kiemthugialap023@gmail.com,GET,/concerts,9.356,200,ok,0,steady
1791233192.5988183,kiemthugialap062@gmail.com,GET,/concerts?on_sale=true,7.255,200,ok,0,steady
1791233192.59919,kiemthugialap078@gmail.com,GET,/orders/me,8.828,200,ok,0,steady
1791233192.5995574,kiemthugialap092@gmail.com,GET,/orders/me,10.261,200,ok,0,steady
1791233192.6007764,kiemthugialap032@gmail.com,GET,/concerts,2.882,200,ok,0,steady
1791233192.6424062,kiemthugialap013@gmail.com,GET,/concerts/{id},5.037,200,ok,0,steady
1791233192.6434276,kiemthugialap079@gmail.com,GET,/orders/me,5.289,200,ok,0,steady
1791233192.645812,kiemthugialap086@gmail.com,GET,/orders/me,3.216,200,ok,0,steady
1791233192.6772337,kiemthugialap024@gmail.com,GET,/orders/me,5.735,200,ok,0,steady
1791233192.681705,kiemthugialap058@gmail.com,GET,/orders/me,4.261,200,ok,0,steady
1791233192.6924481,kiemthugialap076@gmail.com,GET,/concerts/{id},5.421,200,ok,0,steady
1791233192.6935074,kiemthugialap047@gmail.com,GET,/orders/me,5.628,200,ok,0,steady
1791233192.708735,kiemthugialap039@gmail.com,GET,/orders/me,4.97,200,ok,0,steady
1791233192.7611835,kiemthugialap007@gmail.com,GET,/concerts,5.861,200,ok,0,steady
1791233192.7626612,kiemthugialap084@gmail.com,GET,/orders/me,6.93,200,ok,0,steady
1791233192.7630193,kiemthugialap041@gmail.com,GET,/orders/me,8.964,200,ok,0,steady
1791233192.7746954,kiemthugialap087@gmail.com,GET,/concerts?on_sale=true,4.169,200,ok,0,steady
1791233192.8085928,kiemthugialap056@gmail.com,GET,/concerts?on_sale=true,19.693,200,ok,0,steady
1791233192.8090904,kiemthugialap026@gmail.com,GET,/concerts,21.646,200,ok,0,steady
1791233192.8142686,kiemthugialap005@gmail.com,GET,/orders/me,25.758,200,ok,0,steady
1791233192.8158603,kiemthugialap049@gmail.com,GET,/concerts/{id},11.62,200,ok,0,steady
1791233192.816988,kiemthugialap011@gmail.com,GET,/orders/me,11.473,200,ok,0,steady
1791233192.8178403,kiemthugialap068@gmail.com,GET,/orders/me,11.897,200,ok,0,steady
1791233192.819651,kiemthugialap029@gmail.com,GET,/orders/me,5.181,200,ok,0,steady
1791233192.8457658,kiemthugialap022@gmail.com,GET,/orders/me,9.226,200,ok,0,steady
1791233192.8462265,kiemthugialap072@gmail.com,GET,/orders/me,8.665,200,ok,0,steady
1791233192.8496628,kiemthugialap089@gmail.com,GET,/orders/me,3.314,200,ok,0,steady
1791233192.8599453,kiemthugialap055@gmail.com,GET,/orders/me,5.334,200,ok,0,steady
1791233192.8942604,kiemthugialap065@gmail.com,GET,/orders/me,7.018,200,ok,0,steady
1791233192.9439266,kiemthugialap010@gmail.com,GET,/orders/me,7.64,200,ok,0,steady
1791233192.9807916,kiemthugialap012@gmail.com,GET,/concerts,9.932,200,ok,0,steady
1791233192.9818199,kiemthugialap095@gmail.com,GET,/orders/me,9.504,200,ok,0,steady
1791233192.982592,kiemthugialap015@gmail.com,GET,/orders/me,10.759,200,ok,0,steady
1791233192.9829154,kiemthugialap009@gmail.com,GET,/orders/me,10.829,200,ok,0,steady
1791233193.0091295,kiemthugialap085@gmail.com,GET,/concerts,4.666,200,ok,0,steady
1791233193.0107076,kiemthugialap069@gmail.com,GET,/orders/me,7.281,200,ok,0,steady
1791233193.0127192,kiemthugialap098@gmail.com,GET,/orders/me,3.311,200,ok,0,steady
1791233193.0443728,kiemthugialap042@gmail.com,GET,/orders/me,6.863,200,ok,0,steady
1791233193.0448246,kiemthugialap083@gmail.com,GET,/orders/me,6.656,200,ok,0,steady
1791233193.0768604,kiemthugialap030@gmail.com,GET,/orders/me,6.951,200,ok,0,steady
1791233193.0805645,kiemthugialap019@gmail.com,GET,/orders/me,3.476,200,ok,0,steady
1791233193.1148903,kiemthugialap014@gmail.com,GET,/orders/me,9.996,200,ok,0,steady
1791233193.115359,kiemthugialap027@gmail.com,GET,/concerts,11.901,200,ok,0,steady
1791233193.1164846,kiemthugialap028@gmail.com,GET,/orders/me,11.006,200,ok,0,steady
1791233193.1192603,kiemthugialap096@gmail.com,GET,/orders/me,3.77,200,ok,0,steady
1791233193.1432426,kiemthugialap002@gmail.com,GET,/concerts?on_sale=true,5.1,200,ok,0,steady
1791233193.1442306,kiemthugialap092@gmail.com,GET,/orders/me,6.991,200,ok,0,steady
1791233193.1988335,kiemthugialap016@gmail.com,GET,/orders/me,10.638,200,ok,0,steady
1791233193.1992636,kiemthugialap094@gmail.com,GET,/orders/me,9.373,200,ok,0,steady
1791233193.1995919,kiemthugialap031@gmail.com,GET,/orders/me,11.154,200,ok,0,steady
1791233193.1998792,kiemthugialap040@gmail.com,GET,/orders/me,12.687,200,ok,0,steady
1791233193.2247224,kiemthugialap050@gmail.com,GET,/concerts?on_sale=true,4.927,200,ok,0,steady
1791233193.2419891,kiemthugialap023@gmail.com,GET,/concerts,3.878,200,ok,0,steady
1791233193.2451766,kiemthugialap071@gmail.com,GET,/orders/me,3.024,200,ok,0,steady
1791233193.248033,kiemthugialap053@gmail.com,GET,/orders/me,2.723,200,ok,0,steady
1791233193.2753747,kiemthugialap066@gmail.com,GET,/orders/me,4.906,200,ok,0,steady
1791233193.2931979,kiemthugialap077@gmail.com,GET,/concerts,4.19,200,ok,0,steady
1791233193.2941751,kiemthugialap025@gmail.com,GET,/orders/me,6.422,200,ok,0,steady
1791233193.3440711,kiemthugialap087@gmail.com,GET,/concerts?on_sale=true,5.321,200,ok,0,steady
1791233193.3451073,kiemthugialap034@gmail.com,GET,/orders/me,7.532,200,ok,0,steady
1791233193.3475316,kiemthugialap082@gmail.com,GET,/orders/me,3.286,200,ok,0,steady
1791233193.3502634,kiemthugialap059@gmail.com,GET,/orders/me,2.612,200,ok,0,steady
1791233193.3930805,kiemthugialap021@gmail.com,GET,/concerts?on_sale=true,5.553,200,ok,0,steady
1791233193.394075,kiemthugialap084@gmail.com,GET,/orders/me,4.931,200,ok,0,steady
1791233193.4615214,kiemthugialap026@gmail.com,GET,/concerts,6.5,200,ok,0,steady
1791233193.4638016,kiemthugialap003@gmail.com,GET,/orders/me,8.477,200,ok,0,steady
1791233193.4644377,kiemthugialap075@gmail.com,GET,/orders/me,10.342,200,ok,0,steady
1791233193.465552,kiemthugialap046@gmail.com,GET,/concerts/{id},3.844,200,ok,0,steady
1791233193.4751785,kiemthugialap044@gmail.com,GET,/orders/me,5.198,200,ok,0,steady
1791233193.4921517,kiemthugialap036@gmail.com,GET,/concerts,3.477,200,ok,0,steady
1791233193.508924,kiemthugialap041@gmail.com,GET,/concerts,4.499,200,ok,0,steady
1791233193.5497582,kiemthugialap074@gmail.com,GET,/orders/me,10.816,200,ok,0,steady
1791233193.552539,kiemthugialap013@gmail.com,GET,/orders/me,14.409,200,ok,0,steady
1791233193.5561166,kiemthugialap052@gmail.com,GET,/orders/me,16.757,200,ok,0,steady
1791233193.5566394,kiemthugialap085@gmail.com,GET,/orders/me,16.767,200,ok,0,steady
1791233193.5589895,kiemthugialap064@gmail.com,GET,/orders/me,9.049,200,ok,0,steady
1791233193.5759208,kiemthugialap035@gmail.com,GET,/orders/me,5.15,200,ok,0,steady
1791233193.579021,kiemthugialap080@gmail.com,GET,/orders/me,2.948,200,ok,0,steady
1791233193.5930736,kiemthugialap043@gmail.com,GET,/concerts,3.483,200,ok,0,steady
1791233193.593469,kiemthugialap038@gmail.com,GET,/concerts,5.611,200,ok,0,steady
1791233193.6264582,kiemthugialap024@gmail.com,GET,/concerts?on_sale=true,4.864,200,ok,0,steady
1791233193.6447792,kiemthugialap054@gmail.com,GET,/concerts,4.974,200,ok,0,steady
1791233193.6451283,kiemthugialap073@gmail.com,GET,/concerts?on_sale=true,5.637,200,ok,0,steady
1791233193.645423,kiemthugialap067@gmail.com,GET,/concerts/{id},6.822,200,ok,0,steady
1791233193.6753626,kiemthugialap006@gmail.com,GET,/concerts?on_sale=true,4.24,200,ok,0,steady
1791233193.6926048,kiemthugialap091@gmail.com,GET,/orders/me,4.396,200,ok,0,steady
1791233193.7264206,kiemthugialap004@gmail.com,GET,/orders/me,5.301,200,ok,0,steady
1791233193.7293587,kiemthugialap048@gmail.com,GET,/orders/me,2.799,200,ok,0,steady
1791233193.7313755,kiemthugialap099@gmail.com,GET,/concerts/{id},1.886,200,ok,0,steady
1791233193.743428,kiemthugialap002@gmail.com,GET,/concerts?on_sale=true,5.026,200,ok,0,steady
1791233193.7453077,kiemthugialap030@gmail.com,GET,/orders/me,7.805,200,ok,0,steady
1791233193.7477543,kiemthugialap029@gmail.com,GET,/concerts,3.602,200,ok,0,steady
1791233193.748075,kiemthugialap045@gmail.com,GET,/concerts?on_sale=true,4.421,200,ok,0,steady
1791233193.7491472,kiemthugialap097@gmail.com,GET,/concerts/{id},3.702,200,ok,0,steady
1791233193.7762744,kiemthugialap060@gmail.com,GET,/orders/me,23.133,200,ok,0,steady
1791233193.7770174,kiemthugialap033@gmail.com,GET,/orders/me,22.633,200,ok,0,steady
1791233193.7782254,kiemthugialap019@gmail.com,GET,/orders/me,7.758,200,ok,0,steady
1791233193.7906692,kiemthugialap031@gmail.com,GET,/concerts?on_sale=true,4.366,200,ok,0,steady
1791233193.825707,kiemthugialap022@gmail.com,GET,/concerts?on_sale=true,5.716,200,ok,0,steady
1791233193.8272884,kiemthugialap008@gmail.com,GET,/orders/me,5.988,200,ok,0,steady
1791233193.8291438,kiemthugialap061@gmail.com,GET,/orders/me,3.31,200,ok,0,steady
1791233193.840582,kiemthugialap055@gmail.com,GET,/concerts,3.991,200,ok,0,steady
1791233193.881692,kiemthugialap081@gmail.com,GET,/orders/me,10.923,200,ok,0,steady
1791233193.896222,kiemthugialap017@gmail.com,GET,/orders/me,7.269,200,ok,0,steady
1791233193.898422,kiemthugialap028@gmail.com,GET,/orders/me,11.941,200,ok,0,steady
1791233193.8987646,kiemthugialap007@gmail.com,GET,/orders/me,11.415,200,ok,0,steady
1791233193.9016006,kiemthugialap057@gmail.com,GET,/concerts?on_sale=true,4.396,200,ok,0,steady
1791233193.9031763,kiemthugialap018@gmail.com,GET,/orders/me,6.256,200,ok,0,steady
1791233193.9035528,kiemthugialap076@gmail.com,GET,/orders/me,7.096,200,ok,0,steady
1791233193.9266376,kiemthugialap069@gmail.com,GET,/concerts/{id},5.705,200,ok,0,steady
1791233193.9279196,kiemthugialap082@gmail.com,GET,/orders/me,6.097,200,ok,0,steady
1791233193.9616354,kiemthugialap012@gmail.com,GET,/concerts?on_sale=true,6.297,200,ok,0,steady
1791233193.9636147,kiemthugialap015@gmail.com,GET,/orders/me,9.226,200,ok,0,steady
1791233193.9674916,kiemthugialap025@gmail.com,GET,/orders/me,5.147,200,ok,0,steady
1791233193.9685442,kiemthugialap088@gmail.com,GET,/orders/me,6.72,200,ok,0,steady
1791233193.9699554,kiemthugialap089@gmail.com,GET,/concerts/{id},2.297,200,ok,0,steady
1791233194.009126,kiemthugialap040@gmail.com,GET,/concerts,5.246,200,ok,0,steady
1791233194.0105824,kiemthugialap079@gmail.com,GET,/orders/me,7.443,200,ok,0,steady
1791233194.0129213,kiemthugialap051@gmail.com,GET,/orders/me,3.492,200,ok,0,steady
1791233194.0464854,kiemthugialap092@gmail.com,GET,/orders/me,9.777,200,ok,0,steady
1791233194.0469692,kiemthugialap093@gmail.com,GET,/orders/me,9.327,200,ok,0,steady
1791233194.0472815,kiemthugialap020@gmail.com,GET,/orders/me,9.273,200,ok,0,steady
1791233194.0500464,kiemthugialap084@gmail.com,GET,/concerts?on_sale=true,2.642,200,ok,0,steady
1791233194.0588367,kiemthugialap001@gmail.com,GET,/concerts?on_sale=true,4.768,200,ok,0,steady
1791233194.0592847,kiemthugialap047@gmail.com,GET,/orders/me,6.399,200,ok,0,steady
1791233194.0942254,kiemthugialap013@gmail.com,GET,/orders/me,7.248,200,ok,0,steady
1791233194.131563,kiemthugialap014@gmail.com,GET,/concerts,11.418,200,ok,0,steady
1791233194.1330369,kiemthugialap036@gmail.com,GET,/concerts/{id},10.828,200,ok,0,steady
1791233194.1334848,kiemthugialap034@gmail.com,GET,/concerts/{id},11.691,200,ok,0,steady
1791233194.1338983,kiemthugialap056@gmail.com,GET,/concerts?on_sale=true,12.782,200,ok,0,steady
1791233194.134287,kiemthugialap037@gmail.com,GET,/concerts,10.592,200,ok,0,steady
1791233194.137337,kiemthugialap035@gmail.com,GET,/orders/me,5.558,200,ok,0,steady
1791233194.1771061,kiemthugialap063@gmail.com,GET,/orders/me,6.352,200,ok,0,steady
1791233194.1925368,kiemthugialap077@gmail.com,GET,/concerts,6.174,200,ok,0,steady
1791233194.19623,kiemthugialap100@gmail.com,GET,/orders/me,3.524,200,ok,0,steady
1791233194.2118895,kiemthugialap010@gmail.com,GET,/concerts/{id},6.753,200,ok,0,steady
1791233194.2417438,kiemthugialap009@gmail.com,GET,/orders/me,4.8,200,ok,0,steady
1791233194.2597916,kiemthugialap044@gmail.com,GET,/concerts?on_sale=true,5.727,200,ok,0,steady
1791233194.2602348,kiemthugialap032@gmail.com,GET,/concerts/{id},7.161,200,ok,0,steady
1791233194.2749305,kiemthugialap065@gmail.com,GET,/concerts,5.283,200,ok,0,steady
1791233194.2759964,kiemthugialap090@gmail.com,GET,/orders/me,5.321,200,ok,0,steady
1791233194.2945068,kiemthugialap023@gmail.com,GET,/orders/me,6.655,200,ok,0,steady
1791233194.2958288,kiemthugialap091@gmail.com,GET,/orders/me,9.126,200,ok,0,steady
1791233194.2972262,kiemthugialap062@gmail.com,GET,/concerts?on_sale=true,2.488,200,ok,0,steady
1791233194.3085234,kiemthugialap086@gmail.com,GET,/orders/me,4.355,200,ok,0,steady
1791233194.3604739,kiemthugialap070@gmail.com,GET,/orders/me,5.501,200,ok,0,steady
1791233194.3755643,kiemthugialap005@gmail.com,GET,/orders/me,4.45,200,ok,0,steady
1791233194.4111803,kiemthugialap068@gmail.com,GET,/orders/me,6.33,200,ok,0,steady
1791233194.4116445,kiemthugialap002@gmail.com,GET,/orders/me,5.711,200,ok,0,steady
1791233194.4268599,kiemthugialap050@gmail.com,GET,/orders/me,4.775,200,ok,0,steady
1791233194.4428089,kiemthugialap041@gmail.com,GET,/concerts/{id},4.497,200,ok,0,steady
1791233194.4595933,kiemthugialap007@gmail.com,GET,/orders/me,5.842,200,ok,0,steady
1791233194.474768,kiemthugialap049@gmail.com,GET,/concerts?on_sale=true,4.166,200,ok,0,steady
1791233194.4751902,kiemthugialap098@gmail.com,GET,/concerts?on_sale=true,5.465,200,ok,0,steady
1791233194.4909449,kiemthugialap078@gmail.com,GET,/orders/me,4.467,200,ok,0,steady
1791233194.5090003,kiemthugialap095@gmail.com,GET,/concerts,3.968,200,ok,0,steady
1791233194.5301783,kiemthugialap058@gmail.com,GET,/orders/me,8.736,200,ok,0,steady
1791233194.530594,kiemthugialap097@gmail.com,GET,/orders/me,8.025,200,ok,0,steady
1791233194.5310035,kiemthugialap051@gmail.com,GET,/orders/me,7.343,200,ok,0,steady
1791233194.5445623,kiemthugialap039@gmail.com,GET,/concerts/{id},7.357,200,ok,0,steady
1791233194.544953,kiemthugialap087@gmail.com,GET,/concerts/{id},7.209,200,ok,0,steady
1791233194.593363,kiemthugialap011@gmail.com,GET,/orders/me,5.541,200,ok,0,steady
1791233194.6105072,kiemthugialap022@gmail.com,GET,/concerts?on_sale=true,3.797,200,ok,0,steady
1791233194.6115234,kiemthugialap067@gmail.com,GET,/orders/me,5.682,200,ok,0,steady
1791233194.6632693,kiemthugialap034@gmail.com,GET,/concerts/{id},7.317,200,ok,0,steady
1791233194.6661527,kiemthugialap020@gmail.com,GET,/orders/me,11.449,200,ok,0,steady
1791233194.667688,kiemthugialap040@gmail.com,GET,/orders/me,11.394,200,ok,0,steady
1791233194.6695962,kiemthugialap014@gmail.com,GET,/concerts,6.154,200,ok,0,steady
1791233194.6960225,kiemthugialap072@gmail.com,GET,/concerts,7.484,200,ok,0,steady
1791233194.697024,kiemthugialap001@gmail.com,GET,/concerts?on_sale=true,8.171,200,ok,0,steady
1791233194.6990135,kiemthugialap025@gmail.com,GET,/orders/me,9.906,200,ok,0,steady
1791233194.699949,kiemthugialap003@gmail.com,GET,/orders/me,12.402,200,ok,0,steady
1791233194.700245,kiemthugialap071@gmail.com,GET,/orders/me,10.002,200,ok,0,steady
1791233194.7020137,kiemthugialap042@gmail.com,GET,/orders/me,2.868,200,ok,0,steady
1791233194.741039,kiemthugialap096@gmail.com,GET,/concerts?on_sale=true,5.038,200,ok,0,steady
1791233194.7574806,kiemthugialap085@gmail.com,GET,/concerts/{id},4.239,200,ok,0,steady
1791233194.8105316,kiemthugialap008@gmail.com,GET,/orders/me,7.681,200,ok,0,steady
1791233194.8110306,kiemthugialap063@gmail.com,GET,/orders/me,7.38,200,ok,0,steady
1791233194.825483,kiemthugialap093@gmail.com,GET,/orders/me,5.837,200,ok,0,steady
1791233194.8431864,kiemthugialap045@gmail.com,GET,/orders/me,6.715,200,ok,0,steady
1791233194.9075055,kiemthugialap046@gmail.com,GET,/orders/me,21.012,200,ok,0,steady
1791233194.9078538,kiemthugialap021@gmail.com,GET,/orders/me,20.517,200,ok,0,steady
1791233194.9132895,kiemthugialap082@gmail.com,GET,/orders/me,9.511,200,ok,0,steady
1791233194.9136314,kiemthugialap090@gmail.com,GET,/orders/me,8.984,200,ok,0,steady
1791233194.9139569,kiemthugialap077@gmail.com,GET,/orders/me,11.099,200,ok,0,steady
1791233194.9158711,kiemthugialap027@gmail.com,GET,/orders/me,3.428,200,ok,0,steady
1791233194.9177165,kiemthugialap013@gmail.com,GET,/orders/me,3.649,200,ok,0,steady
1791233194.9662423,kiemthugialap083@gmail.com,GET,/concerts/{id},11.126,200,ok,0,steady
1791233194.9677,kiemthugialap019@gmail.com,GET,/orders/me,13.907,200,ok,0,steady
1791233194.9690359,kiemthugialap010@gmail.com,GET,/orders/me,14.25,200,ok,0,steady
1791233194.9697857,kiemthugialap033@gmail.com,GET,/orders/me,14.468,200,ok,0,steady
1791233194.969943,kiemthugialap075@gmail.com,GET,/orders/me,15.495,200,ok,0,steady
1791233194.9723217,kiemthugialap052@gmail.com,GET,/orders/me,5.878,200,ok,0,steady
1791233194.994573,kiemthugialap053@gmail.com,GET,/orders/me,6.276,200,ok,0,steady
1791233194.995707,kiemthugialap015@gmail.com,GET,/orders/me,8.384,200,ok,0,steady
1791233194.9976833,kiemthugialap094@gmail.com,GET,/orders/me,2.929,200,ok,0,steady
1791233195.0254428,kiemthugialap092@gmail.com,GET,/orders/me,4.821,200,ok,0,steady
1791233195.0420177,kiemthugialap069@gmail.com,GET,/concerts,4.165,200,ok,0,steady
1791233195.0449464,kiemthugialap012@gmail.com,GET,/concerts/{id},2.729,200,ok,0,steady
1791233195.0778134,kiemthugialap061@gmail.com,GET,/orders/me,6.765,200,ok,0,steady
1791233195.078981,kiemthugialap054@gmail.com,GET,/orders/me,6.938,200,ok,0,steady
1791233195.0804834,kiemthugialap076@gmail.com,GET,/concerts?on_sale=true,2.508,200,ok,0,steady
1791233195.0955694,kiemthugialap043@gmail.com,GET,/concerts/{id},6.656,200,ok,0,steady
1791233195.0960884,kiemthugialap066@gmail.com,GET,/orders/me,7.544,200,ok,0,steady
1791233195.0963845,kiemthugialap059@gmail.com,GET,/orders/me,8.746,200,ok,0,steady
1791233195.1288571,kiemthugialap074@gmail.com,GET,/orders/me,6.333,200,ok,0,steady
1791233195.1298387,kiemthugialap024@gmail.com,GET,/orders/me,9.856,200,ok,0,steady
1791233195.130157,kiemthugialap029@gmail.com,GET,/orders/me,8.793,200,ok,0,steady
1791233195.1318285,kiemthugialap006@gmail.com,GET,/orders/me,2.797,200,ok,0,steady
1791233195.1435647,kiemthugialap016@gmail.com,GET,/orders/me,5.313,200,ok,0,steady
1791233195.1610038,kiemthugialap009@gmail.com,GET,/orders/me,6.551,200,ok,0,steady
1791233195.1614826,kiemthugialap080@gmail.com,GET,/orders/me,7.994,200,ok,0,steady
1791233195.177357,kiemthugialap026@gmail.com,GET,/orders/me,7.36,200,ok,0,steady
1791233195.1911755,kiemthugialap062@gmail.com,GET,/concerts?on_sale=true,4.51,200,ok,0,steady
1791233195.2059672,kiemthugialap089@gmail.com,GET,/concerts?on_sale=true,3.666,200,ok,0,steady
1791233195.240939,kiemthugialap056@gmail.com,GET,/concerts/{id},3.788,200,ok,0,steady
1791233195.2762985,kiemthugialap002@gmail.com,GET,/orders/me,5.47,200,ok,0,steady
1791233195.294614,kiemthugialap038@gmail.com,GET,/concerts/{id},7.484,200,ok,0,steady
1791233195.2956421,kiemthugialap048@gmail.com,GET,/orders/me,9.221,200,ok,0,steady
1791233195.3102965,kiemthugialap073@gmail.com,GET,/concerts,7.273,200,ok,0,steady
1791233195.3117232,kiemthugialap028@gmail.com,GET,/orders/me,8.021,200,ok,0,steady
1791233195.3143697,kiemthugialap035@gmail.com,GET,/orders/me,3.883,200,ok,0,steady
1791233195.3598413,kiemthugialap060@gmail.com,GET,/orders/me,6.524,200,ok,0,steady
1791233195.363185,kiemthugialap040@gmail.com,GET,/concerts/{id},3.051,200,ok,0,steady
1791233195.376562,kiemthugialap030@gmail.com,GET,/concerts/{id},5.935,200,ok,0,steady
1791233195.4245706,kiemthugialap017@gmail.com,GET,/concerts,21.143,200,ok,0,steady
1791233195.4255292,kiemthugialap081@gmail.com,GET,/orders/me,22.588,200,ok,0,steady
1791233195.4790454,kiemthugialap087@gmail.com,GET,/orders/me,8.759,200,ok,0,steady
1791233195.4795558,kiemthugialap018@gmail.com,GET,/orders/me,7.836,200,ok,0,steady
1791233195.5126057,kiemthugialap078@gmail.com,GET,/orders/me,6.948,200,ok,0,steady
1791233195.5131433,kiemthugialap096@gmail.com,GET,/orders/me,9.285,200,ok,0,steady
1791233195.5251064,kiemthugialap045@gmail.com,GET,/orders/me,4.578,200,ok,0,steady
1791233195.5465667,kiemthugialap084@gmail.com,GET,/concerts,9.077,200,ok,0,steady
1791233195.5477798,kiemthugialap064@gmail.com,GET,/concerts?on_sale=true,9.234,200,ok,0,steady
1791233195.548665,kiemthugialap057@gmail.com,GET,/orders/me,9.71,200,ok,0,steady
1791233195.5745966,kiemthugialap091@gmail.com,GET,/concerts,3.53,200,ok,0,steady
1791233195.5941143,kiemthugialap072@gmail.com,GET,/concerts/{id},4.741,200,ok,0,steady
1791233195.5951388,kiemthugialap004@gmail.com,GET,/orders/me,7.119,200,ok,0,steady
1791233195.6257446,kiemthugialap099@gmail.com,GET,/concerts?on_sale=true,3.409,200,ok,0,steady
1791233195.6427786,kiemthugialap095@gmail.com,GET,/orders/me,4.835,200,ok,0,steady
1791233195.658567,kiemthugialap043@gmail.com,GET,/concerts/{id},3.986,200,ok,0,steady
1791233195.676615,kiemthugialap037@gmail.com,GET,/concerts/{id},4.302,200,ok,0,steady
1791233195.6777155,kiemthugialap094@gmail.com,GET,/orders/me,6.471,200,ok,0,steady
1791233195.695853,kiemthugialap068@gmail.com,GET,/orders/me,9.508,200,ok,0,steady
1791233195.6963055,kiemthugialap014@gmail.com,GET,/orders/me,8.542,200,ok,0,steady
1791233195.6966221,kiemthugialap055@gmail.com,GET,/orders/me,9.848,200,ok,0,steady
1791233195.7098875,kiemthugialap041@gmail.com,GET,/orders/me,6.109,200,ok,0,steady
1791233195.7453284,kiemthugialap026@gmail.com,GET,/orders/me,8.834,200,ok,0,steady
1791233195.74664,kiemthugialap031@gmail.com,GET,/orders/me,9.238,200,ok,0,steady
1791233195.7469819,kiemthugialap069@gmail.com,GET,/orders/me,9.918,200,ok,0,steady
1791233195.7490554,kiemthugialap065@gmail.com,GET,/orders/me,3.512,200,ok,0,steady
1791233195.7769911,kiemthugialap025@gmail.com,GET,/orders/me,6.027,200,ok,0,steady
1791233195.780052,kiemthugialap023@gmail.com,GET,/concerts/{id},2.883,200,ok,0,steady
1791233195.7841861,kiemthugialap050@gmail.com,GET,/orders/me,3.968,200,ok,0,steady
1791233195.7872438,kiemthugialap001@gmail.com,GET,/orders/me,2.94,200,ok,0,steady
1791233195.8098948,kiemthugialap012@gmail.com,GET,/orders/me,5.485,200,ok,0,steady
1791233195.8110566,kiemthugialap049@gmail.com,GET,/orders/me,7.921,200,ok,0,steady
1791233195.8140721,kiemthugialap082@gmail.com,GET,/orders/me,4.019,200,ok,0,steady
1791233195.8153775,kiemthugialap062@gmail.com,GET,/concerts,4.161,200,ok,0,steady
1791233195.8173752,kiemthugialap059@gmail.com,GET,/concerts,2.868,200,ok,0,steady
1791233195.8186076,kiemthugialap036@gmail.com,GET,/orders/me,4.397,200,ok,0,steady
1791233195.8223994,kiemthugialap020@gmail.com,GET,/orders/me,4.898,200,ok,0,steady
1791233195.8257363,kiemthugialap011@gmail.com,GET,/concerts,5.182,200,ok,0,steady
1791233195.8261888,kiemthugialap100@gmail.com,GET,/orders/me,6.363,200,ok,0,steady
1791233195.844112,kiemthugialap016@gmail.com,GET,/orders/me,6.418,200,ok,0,steady
1791233195.8933363,kiemthugialap042@gmail.com,GET,/orders/me,5.461,200,ok,0,steady
1791233195.926375,kiemthugialap007@gmail.com,GET,/orders/me,5.09,200,ok,0,steady
1791233195.9619074,kiemthugialap088@gmail.com,GET,/concerts/{id},5.759,200,ok,0,steady
1791233195.9635942,kiemthugialap032@gmail.com,GET,/orders/me,8.529,200,ok,0,steady
1791233195.9644966,kiemthugialap022@gmail.com,GET,/orders/me,7.892,200,ok,0,steady
1791233195.96652,kiemthugialap046@gmail.com,GET,/orders/me,2.8,200,ok,0,steady
1791233195.976085,kiemthugialap077@gmail.com,GET,/orders/me,5.433,200,ok,0,steady
1791233195.980513,kiemthugialap006@gmail.com,GET,/concerts/{id},3.309,200,ok,0,steady
1791233195.9815845,kiemthugialap039@gmail.com,GET,/orders/me,5.14,200,ok,0,steady
1791233195.9940739,kiemthugialap003@gmail.com,GET,/orders/me,6.654,200,ok,0,steady
1791233195.998047,kiemthugialap010@gmail.com,GET,/concerts?on_sale=true,3.714,200,ok,0,steady
1791233196.001663,kiemthugialap019@gmail.com,GET,/orders/me,6.539,200,ok,0,steady
1791233196.027361,kiemthugialap079@gmail.com,GET,/orders/me,6.051,200,ok,0,steady
1791233196.0593143,kiemthugialap047@gmail.com,GET,/concerts/{id},4.554,200,ok,0,steady
1791233196.0624354,kiemthugialap086@gmail.com,GET,/orders/me,2.967,200,ok,0,steady
1791233196.065274,kiemthugialap005@gmail.com,GET,/orders/me,2.722,200,ok,0,steady
1791233196.0740724,kiemthugialap070@gmail.com,GET,/concerts/{id},3.178,200,ok,0,steady
1791233196.0914624,kiemthugialap034@gmail.com,GET,/concerts?on_sale=true,3.595,200,ok,0,steady
1791233196.109205,kiemthugialap015@gmail.com,GET,/orders/me,5.014,200,ok,0,steady
1791233196.1264832,kiemthugialap054@gmail.com,GET,/orders/me,4.83,200,ok,0,steady
1791233196.1469789,kiemthugialap033@gmail.com,GET,/orders/me,9.011,200,ok,0,steady
1791233196.1474717,kiemthugialap052@gmail.com,GET,/orders/me,7.623,200,ok,0,steady
1791233196.1477818,kiemthugialap021@gmail.com,GET,/orders/me,9.05,200,ok,0,steady
1791233196.1592193,kiemthugialap044@gmail.com,GET,/concerts?on_sale=true,4.052,200,ok,0,steady
1791233196.1775618,kiemthugialap002@gmail.com,GET,/orders/me,6.359,200,ok,0,steady
1791233196.194593,kiemthugialap073@gmail.com,GET,/concerts?on_sale=true,5.273,200,ok,0,steady
1791233196.1950293,kiemthugialap008@gmail.com,GET,/orders/me,7.502,200,ok,0,steady
1791233196.195342,kiemthugialap090@gmail.com,GET,/concerts/{id},6.525,200,ok,0,steady
1791233196.2275083,kiemthugialap074@gmail.com,GET,/orders/me,6.102,200,ok,0,steady
1791233196.227928,kiemthugialap066@gmail.com,GET,/orders/me,7.552,200,ok,0,steady
1791233196.2614257,kiemthugialap041@gmail.com,GET,/concerts,7.684,200,ok,0,steady
1791233196.2644746,kiemthugialap060@gmail.com,GET,/orders/me,9.54,200,ok,0,steady
1791233196.2653143,kiemthugialap087@gmail.com,GET,/orders/me,10.72,200,ok,0,steady
1791233196.2657309,kiemthugialap013@gmail.com,GET,/orders/me,9.752,200,ok,0,steady
1791233196.2954507,kiemthugialap064@gmail.com,GET,/concerts,6.275,200,ok,0,steady
1791233196.2958345,kiemthugialap083@gmail.com,GET,/concerts/{id},5.299,200,ok,0,steady
1791233196.2972507,kiemthugialap078@gmail.com,GET,/orders/me,9.12,200,ok,0,steady
1791233196.297615,kiemthugialap051@gmail.com,GET,/orders/me,8.18,200,ok,0,steady
1791233196.3297205,kiemthugialap031@gmail.com,GET,/orders/me,7.625,200,ok,0,steady
1791233196.330209,kiemthugialap075@gmail.com,GET,/orders/me,9.159,200,ok,0,steady
1791233196.376845,kiemthugialap093@gmail.com,GET,/orders/me,6.504,200,ok,0,steady
1791233196.3811777,kiemthugialap026@gmail.com,GET,/orders/me,4.123,200,ok,0,steady
1791233196.3935244,kiemthugialap053@gmail.com,GET,/orders/me,6.255,200,ok,0,steady
1791233196.4277697,kiemthugialap072@gmail.com,GET,/concerts/{id},7.511,200,ok,0,steady
1791233196.4347243,kiemthugialap095@gmail.com,GET,/orders/me,6.629,200,ok,0,steady
1791233196.4622643,kiemthugialap098@gmail.com,GET,/orders/me,7.615,200,ok,0,steady
1791233196.4627535,kiemthugialap071@gmail.com,GET,/orders/me,9.205,200,ok,0,steady
1791233196.4907165,kiemthugialap067@gmail.com,GET,/concerts/{id},4.078,200,ok,0,steady
1791233196.4950657,kiemthugialap097@gmail.com,GET,/orders/me,4.18,200,ok,0,steady
1791233196.4989398,kiemthugialap058@gmail.com,GET,/orders/me,3.704,200,ok,0,steady
1791233196.5068843,kiemthugialap048@gmail.com,GET,/concerts?on_sale=true,3.62,200,ok,0,steady
1791233196.5242345,kiemthugialap037@gmail.com,GET,/orders/me,4.555,200,ok,0,steady
1791233196.5410194,kiemthugialap085@gmail.com,GET,/orders/me,4.302,200,ok,0,steady
1791233196.5743117,kiemthugialap009@gmail.com,GET,/concerts?on_sale=true,4.133,200,ok,0,steady
1791233196.6266189,kiemthugialap065@gmail.com,GET,/orders/me,5.969,200,ok,0,steady
1791233196.6594062,kiemthugialap091@gmail.com,GET,/concerts,4.522,200,ok,0,steady
1791233196.6750839,kiemthugialap012@gmail.com,GET,/concerts/{id},4.619,200,ok,0,steady
1791233196.6927724,kiemthugialap002@gmail.com,GET,/concerts,5.804,200,ok,0,steady
1791233196.6936781,kiemthugialap027@gmail.com,GET,/orders/me,5.743,200,ok,0,steady
1791233196.7285836,kiemthugialap015@gmail.com,GET,/concerts?on_sale=true,6.065,200,ok,0,steady
1791233196.729168,kiemthugialap001@gmail.com,GET,/concerts,5.664,200,ok,0,steady
1791233196.7311316,kiemthugialap034@gmail.com,GET,/orders/me,9.663,200,ok,0,steady
1791233196.7595553,kiemthugialap069@gmail.com,GET,/concerts/{id},4.404,200,ok,0,steady
1791233196.7621431,kiemthugialap061@gmail.com,GET,/concerts/{id},2.383,200,ok,0,steady
1791233196.7754908,kiemthugialap100@gmail.com,GET,/concerts?on_sale=true,5.06,200,ok,0,steady
1791233196.7934139,kiemthugialap032@gmail.com,GET,/orders/me,5.263,200,ok,0,steady
1791233196.7963045,kiemthugialap063@gmail.com,GET,/orders/me,2.753,200,ok,0,steady
1791233196.8101418,kiemthugialap089@gmail.com,GET,/orders/me,5.526,200,ok,0,steady
1791233196.8136945,kiemthugialap077@gmail.com,GET,/orders/me,3.409,200,ok,0,steady
1791233196.8458796,kiemthugialap088@gmail.com,GET,/orders/me,7.222,200,ok,0,steady
1791233196.8473563,kiemthugialap076@gmail.com,GET,/orders/me,5.977,200,ok,0,steady
1791233196.8497002,kiemthugialap030@gmail.com,GET,/orders/me,3.582,200,ok,0,steady
1791233196.8812056,kiemthugialap049@gmail.com,GET,/concerts/{id},8.751,200,ok,0,steady
1791233196.8831413,kiemthugialap057@gmail.com,GET,/orders/me,10.36,200,ok,0,steady
1791233196.8855941,kiemthugialap096@gmail.com,GET,/orders/me,14.471,200,ok,0,steady
1791233196.9311967,kiemthugialap004@gmail.com,GET,/concerts/{id},27.387,200,ok,0,steady
1791233196.9320102,kiemthugialap080@gmail.com,GET,/concerts?on_sale=true,25.924,200,ok,0,steady
1791233196.9389467,kiemthugialap082@gmail.com,GET,/orders/me,33.308,200,ok,0,steady
1791233196.9397633,kiemthugialap020@gmail.com,GET,/orders/me,34.846,200,ok,0,steady
1791233196.9404008,kiemthugialap035@gmail.com,GET,/concerts,13.584,200,ok,0,steady
1791233196.9428842,kiemthugialap075@gmail.com,GET,/orders/me,21.708,200,ok,0,steady
1791233196.9753442,kiemthugialap062@gmail.com,GET,/concerts?on_sale=true,5.399,200,ok,0,steady
1791233196.9764764,kiemthugialap054@gmail.com,GET,/orders/me,5.683,200,ok,0,steady
1791233196.9797602,kiemthugialap014@gmail.com,GET,/orders/me,3.145,200,ok,0,steady
1791233197.009076,kiemthugialap092@gmail.com,GET,/orders/me,5.63,200,ok,0,steady
1791233197.046651,kiemthugialap028@gmail.com,GET,/concerts/{id},8.952,200,ok,0,steady
1791233197.057258,kiemthugialap029@gmail.com,GET,/orders/me,19.263,200,ok,0,steady
1791233197.059168,kiemthugialap008@gmail.com,GET,/orders/me,22.593,200,ok,0,steady
1791233197.062101,kiemthugialap044@gmail.com,GET,/concerts?on_sale=true,7.078,200,ok,0,steady
1791233197.06318,kiemthugialap068@gmail.com,GET,/orders/me,9.523,200,ok,0,steady
1791233197.0914843,kiemthugialap040@gmail.com,GET,/concerts,4.324,200,ok,0,steady
1791233197.111529,kiemthugialap024@gmail.com,GET,/orders/me,8.121,200,ok,0,steady
1791233197.1166701,kiemthugialap085@gmail.com,GET,/orders/me,4.888,200,ok,0,steady
1791233197.144363,kiemthugialap081@gmail.com,GET,/orders/me,6.458,200,ok,0,steady
1791233197.145487,kiemthugialap059@gmail.com,GET,/orders/me,8.577,200,ok,0,steady
1791233197.1475382,kiemthugialap016@gmail.com,GET,/orders/me,2.976,200,ok,0,steady
1791233197.178301,kiemthugialap083@gmail.com,GET,/orders/me,8.257,200,ok,0,steady
1791233197.1806364,kiemthugialap090@gmail.com,GET,/orders/me,9.322,200,ok,0,steady
1791233197.185265,kiemthugialap056@gmail.com,GET,/orders/me,6.459,200,ok,0,steady
1791233197.192832,kiemthugialap074@gmail.com,GET,/orders/me,7.294,200,ok,0,steady
1791233197.2007098,kiemthugialap023@gmail.com,GET,/orders/me,7.52,200,ok,0,steady
1791233197.203653,kiemthugialap086@gmail.com,GET,/orders/me,9.353,200,ok,0,steady
1791233197.2153907,kiemthugialap065@gmail.com,GET,/orders/me,13.552,200,ok,0,steady
1791233197.2170682,kiemthugialap036@gmail.com,GET,/orders/me,16.079,200,ok,0,steady
1791233197.2176838,kiemthugialap071@gmail.com,GET,/orders/me,9.284,200,ok,0,steady
1791233197.2208169,kiemthugialap041@gmail.com,GET,/orders/me,5.155,200,ok,0,steady
1791233197.2425954,kiemthugialap021@gmail.com,GET,/concerts?on_sale=true,4.583,200,ok,0,steady
1791233197.2440052,kiemthugialap038@gmail.com,GET,/orders/me,6.586,200,ok,0,steady
1791233197.2468271,kiemthugialap073@gmail.com,GET,/orders/me,4.038,200,ok,0,steady
1791233197.2572286,kiemthugialap099@gmail.com,GET,/concerts,3.882,200,ok,0,steady
1791233197.2788641,kiemthugialap017@gmail.com,GET,/orders/me,6.368,200,ok,0,steady
1791233197.2793226,kiemthugialap066@gmail.com,GET,/orders/me,8.762,200,ok,0,steady
1791233197.3407693,kiemthugialap061@gmail.com,GET,/concerts?on_sale=true,19.959,200,ok,0,steady
1791233197.3423138,kiemthugialap039@gmail.com,GET,/orders/me,20.35,200,ok,0,steady
1791233197.3428798,kiemthugialap007@gmail.com,GET,/orders/me,19.896,200,ok,0,steady
1791233197.3584037,kiemthugialap050@gmail.com,GET,/concerts,4.174,200,ok,0,steady
1791233197.3595626,kiemthugialap043@gmail.com,GET,/orders/me,6.159,200,ok,0,steady
1791233197.3752975,kiemthugialap084@gmail.com,GET,/orders/me,5.186,200,ok,0,steady
1791233197.391865,kiemthugialap045@gmail.com,GET,/orders/me,4.734,200,ok,0,steady
1791233197.426771,kiemthugialap094@gmail.com,GET,/orders/me,6.555,200,ok,0,steady
1791233197.4432926,kiemthugialap046@gmail.com,GET,/orders/me,6.676,200,ok,0,steady
1791233197.4617846,kiemthugialap018@gmail.com,GET,/orders/me,7.969,200,ok,0,steady
1791233197.476462,kiemthugialap076@gmail.com,GET,/orders/me,6.548,200,ok,0,steady
1791233197.492953,kiemthugialap006@gmail.com,GET,/orders/me,5.927,200,ok,0,steady
1791233197.5096824,kiemthugialap052@gmail.com,GET,/orders/me,5.9,200,ok,0,steady
1791233197.5260289,kiemthugialap047@gmail.com,GET,/orders/me,4.846,200,ok,0,steady
1791233197.5660524,kiemthugialap048@gmail.com,GET,/orders/me,12.727,200,ok,0,steady
1791233197.5680406,kiemthugialap055@gmail.com,GET,/orders/me,13.656,200,ok,0,steady
1791233197.5684671,kiemthugialap070@gmail.com,GET,/orders/me,14.436,200,ok,0,steady
1791233197.5688238,kiemthugialap025@gmail.com,GET,/orders/me,12.994,200,ok,0,steady
1791233197.5916293,kiemthugialap019@gmail.com,GET,/concerts/{id},25.315,200,ok,0,steady
1791233197.592502,kiemthugialap026@gmail.com,GET,/concerts/{id},25.766,200,ok,0,steady
1791233197.5967817,kiemthugialap010@gmail.com,GET,/orders/me,9.409,200,ok,0,steady
1791233197.597225,kiemthugialap068@gmail.com,GET,/orders/me,10.527,200,ok,0,steady
1791233197.6011977,kiemthugialap027@gmail.com,GET,/orders/me,3.814,200,ok,0,steady
1791233197.641101,kiemthugialap011@gmail.com,GET,/concerts/{id},4.083,200,ok,0,steady
1791233197.660004,kiemthugialap014@gmail.com,GET,/orders/me,6.397,200,ok,0,steady
1791233197.6604097,kiemthugialap067@gmail.com,GET,/orders/me,6.177,200,ok,0,steady
1791233197.6753328,kiemthugialap098@gmail.com,GET,/orders/me,5.195,200,ok,0,steady
1791233197.6809187,kiemthugialap053@gmail.com,GET,/orders/me,5.307,200,ok,0,steady
1791233197.6902912,kiemthugialap077@gmail.com,GET,/concerts,3.515,200,ok,0,steady
1791233197.7091591,kiemthugialap062@gmail.com,GET,/concerts/{id},5.812,200,ok,0,steady
1791233197.7103195,kiemthugialap031@gmail.com,GET,/orders/me,5.848,200,ok,0,steady
1791233197.7281928,kiemthugialap016@gmail.com,GET,/orders/me,5.548,200,ok,0,steady
1791233197.7285671,kiemthugialap091@gmail.com,GET,/orders/me,6.955,200,ok,0,steady
1791233197.7294433,kiemthugialap033@gmail.com,GET,/orders/me,8.859,200,ok,0,steady
1791233197.7313156,kiemthugialap005@gmail.com,GET,/orders/me,2.641,200,ok,0,steady
1791233197.760195,kiemthugialap079@gmail.com,GET,/orders/me,6.699,200,ok,0,steady
1791233197.7755258,kiemthugialap056@gmail.com,GET,/concerts/{id},5.12,200,ok,0,steady
1791233197.7769423,kiemthugialap001@gmail.com,GET,/orders/me,5.764,200,ok,0,steady
1791233197.779235,kiemthugialap054@gmail.com,GET,/orders/me,3.537,200,ok,0,steady
1791233197.797982,kiemthugialap042@gmail.com,GET,/orders/me,9.403,200,ok,0,steady
1791233197.799321,kiemthugialap017@gmail.com,GET,/orders/me,11.155,200,ok,0,steady
1791233197.7996452,kiemthugialap069@gmail.com,GET,/orders/me,12.415,200,ok,0,steady
1791233197.800826,kiemthugialap089@gmail.com,GET,/concerts/{id},2.622,200,ok,0,steady
1791233197.809849,kiemthugialap013@gmail.com,GET,/orders/me,5.87,200,ok,0,steady
1791233197.8430579,kiemthugialap035@gmail.com,GET,/orders/me,5.11,200,ok,0,steady
1791233197.8460162,kiemthugialap015@gmail.com,GET,/orders/me,2.79,200,ok,0,steady
1791233197.860875,kiemthugialap080@gmail.com,GET,/orders/me,4.244,200,ok,0,steady
1791233197.8631303,kiemthugialap003@gmail.com,GET,/concerts?on_sale=true,2.107,200,ok,0,steady
1791233197.8946981,kiemthugialap081@gmail.com,GET,/orders/me,5.946,200,ok,0,steady
1791233197.8952053,kiemthugialap022@gmail.com,GET,/orders/me,7.666,200,ok,0,steady
1791233197.908828,kiemthugialap030@gmail.com,GET,/orders/me,5.53,200,ok,0,steady
1791233197.92592,kiemthugialap087@gmail.com,GET,/orders/me,5.211,200,ok,0,steady
1791233197.9281945,kiemthugialap074@gmail.com,GET,/concerts/{id},2.117,200,ok,0,steady
1791233197.9624033,kiemthugialap032@gmail.com,GET,/concerts?on_sale=true,7.47,200,ok,0,steady
1791233197.9637663,kiemthugialap039@gmail.com,GET,/orders/me,7.604,200,ok,0,steady
1791233197.9641218,kiemthugialap057@gmail.com,GET,/orders/me,8.28,200,ok,0,steady
1791233197.9783347,kiemthugialap093@gmail.com,GET,/orders/me,6.888,200,ok,0,steady
1791233198.0096524,kiemthugialap088@gmail.com,GET,/orders/me,5.428,200,ok,0,steady
1791233198.0119383,kiemthugialap060@gmail.com,GET,/concerts?on_sale=true,2.116,200,ok,0,steady
1791233198.045829,kiemthugialap065@gmail.com,GET,/concerts/{id},6.796,200,ok,0,steady
1791233198.0464563,kiemthugialap044@gmail.com,GET,/concerts,6.721,200,ok,0,steady
1791233198.047653,kiemthugialap058@gmail.com,GET,/orders/me,9.55,200,ok,0,steady
1791233198.04821,kiemthugialap084@gmail.com,GET,/orders/me,8.877,200,ok,0,steady
1791233198.0778675,kiemthugialap036@gmail.com,GET,/orders/me,6.201,200,ok,0,steady
1791233198.1091876,kiemthugialap023@gmail.com,GET,/concerts/{id},4.065,200,ok,0,steady
1791233198.126507,kiemthugialap018@gmail.com,GET,/orders/me,4.964,200,ok,0,steady
1791233198.128757,kiemthugialap024@gmail.com,GET,/concerts/{id},2.102,200,ok,0,steady
1791233198.1449878,kiemthugialap034@gmail.com,GET,/orders/me,7.101,200,ok,0,steady
1791233198.159608,kiemthugialap009@gmail.com,GET,/orders/me,5.071,200,ok,0,steady
1791233198.162598,kiemthugialap090@gmail.com,GET,/orders/me,2.847,200,ok,0,steady
1791233198.178959,kiemthugialap075@gmail.com,GET,/orders/me,6.623,200,ok,0,steady
1791233198.1794152,kiemthugialap072@gmail.com,GET,/orders/me,8.152,200,ok,0,steady
1791233198.2431302,kiemthugialap078@gmail.com,GET,/orders/me,4.885,200,ok,0,steady
1791233198.260173,kiemthugialap051@gmail.com,GET,/concerts,3.952,200,ok,0,steady
1791233198.2605226,kiemthugialap002@gmail.com,GET,/concerts/{id},5.404,200,ok,0,steady
1791233198.276385,kiemthugialap092@gmail.com,GET,/concerts?on_sale=true,4.561,200,ok,0,steady
1791233198.28058,kiemthugialap095@gmail.com,GET,/orders/me,4.043,200,ok,0,steady
1791233198.2957525,kiemthugialap026@gmail.com,GET,/orders/me,6.068,200,ok,0,steady
1791233198.2961717,kiemthugialap064@gmail.com,GET,/orders/me,7.198,200,ok,0,steady
1791233198.2986517,kiemthugialap038@gmail.com,GET,/concerts/{id},2.341,200,ok,0,steady
1791233198.344633,kiemthugialap010@gmail.com,GET,/concerts?on_sale=true,5.382,200,ok,0,steady
1791233198.3450317,kiemthugialap066@gmail.com,GET,/concerts?on_sale=true,5.519,200,ok,0,steady
1791233198.3453162,kiemthugialap063@gmail.com,GET,/concerts?on_sale=true,7.142,200,ok,0,steady
1791233198.3602738,kiemthugialap045@gmail.com,GET,/orders/me,5.28,200,ok,0,steady
1791233198.3632536,kiemthugialap028@gmail.com,GET,/concerts?on_sale=true,2.728,200,ok,0,steady
1791233198.3655615,kiemthugialap097@gmail.com,GET,/concerts/{id},2.183,200,ok,0,steady
1791233198.3686209,kiemthugialap017@gmail.com,GET,/orders/me,2.937,200,ok,0,steady
1791233198.396074,kiemthugialap061@gmail.com,GET,/orders/me,7.388,200,ok,0,steady
1791233198.3971298,kiemthugialap086@gmail.com,GET,/orders/me,8.084,200,ok,0,steady
1791233198.397454,kiemthugialap029@gmail.com,GET,/orders/me,9.714,200,ok,0,steady
1791233198.399122,kiemthugialap007@gmail.com,GET,/orders/me,2.874,200,ok,0,steady
1791233198.401842,kiemthugialap070@gmail.com,GET,/orders/me,2.602,200,ok,0,steady
1791233198.4255512,kiemthugialap021@gmail.com,GET,/orders/me,5.419,200,ok,0,steady
1791233198.4428053,kiemthugialap037@gmail.com,GET,/orders/me,5.115,200,ok,0,steady
1791233198.4763439,kiemthugialap096@gmail.com,GET,/orders/me,4.908,200,ok,0,steady
1791233198.5262823,kiemthugialap077@gmail.com,GET,/orders/me,4.556,200,ok,0,steady
1791233198.5599668,kiemthugialap083@gmail.com,GET,/concerts/{id},4.167,200,ok,0,steady
1791233198.5610037,kiemthugialap013@gmail.com,GET,/orders/me,6.24,200,ok,0,steady
1791233198.5929968,kiemthugialap022@gmail.com,GET,/orders/me,5.162,200,ok,0,steady
1791233198.595868,kiemthugialap094@gmail.com,GET,/orders/me,2.731,200,ok,0,steady
1791233198.6325188,kiemthugialap027@gmail.com,GET,/concerts,10.725,200,ok,0,steady
1791233198.635115,kiemthugialap047@gmail.com,GET,/orders/me,12.108,200,ok,0,steady
1791233198.6392937,kiemthugialap059@gmail.com,GET,/orders/me,15.479,200,ok,0,steady
1791233198.6409361,kiemthugialap012@gmail.com,GET,/orders/me,17.492,200,ok,0,steady
1791233198.6438906,kiemthugialap069@gmail.com,GET,/orders/me,7.93,200,ok,0,steady
1791233198.6443422,kiemthugialap005@gmail.com,GET,/orders/me,9.085,200,ok,0,steady
1791233198.6788418,kiemthugialap050@gmail.com,GET,/orders/me,7.942,200,ok,0,steady
1791233198.6795127,kiemthugialap006@gmail.com,GET,/orders/me,9.281,200,ok,0,steady
1791233198.6935086,kiemthugialap033@gmail.com,GET,/orders/me,6.818,200,ok,0,steady
1791233198.7087626,kiemthugialap073@gmail.com,GET,/concerts,4.58,200,ok,0,steady
1791233198.7132487,kiemthugialap082@gmail.com,GET,/orders/me,4.22,200,ok,0,steady
1791233198.7466931,kiemthugialap057@gmail.com,GET,/orders/me,9.804,200,ok,0,steady
1791233198.7475626,kiemthugialap100@gmail.com,GET,/orders/me,9.844,200,ok,0,steady
1791233198.763541,kiemthugialap043@gmail.com,GET,/orders/me,7.679,200,ok,0,steady
1791233198.7640011,kiemthugialap014@gmail.com,GET,/orders/me,9.953,200,ok,0,steady
1791233198.8092852,kiemthugialap042@gmail.com,GET,/orders/me,5.502,200,ok,0,steady
1791233198.813691,kiemthugialap072@gmail.com,GET,/orders/me,4.156,200,ok,0,steady
1791233198.8560412,kiemthugialap079@gmail.com,GET,/concerts/{id},17.914,200,ok,0,steady
1791233198.8566198,kiemthugialap038@gmail.com,GET,/concerts?on_sale=true,19.701,200,ok,0,steady
1791233198.8613575,kiemthugialap058@gmail.com,GET,/orders/me,23.019,200,ok,0,steady
1791233198.8618007,kiemthugialap008@gmail.com,GET,/orders/me,23.984,200,ok,0,steady
1791233198.8689017,kiemthugialap076@gmail.com,GET,/orders/me,12.12,200,ok,0,steady
1791233198.8692224,kiemthugialap020@gmail.com,GET,/orders/me,11.995,200,ok,0,steady
1791233198.8695593,kiemthugialap071@gmail.com,GET,/orders/me,11.936,200,ok,0,steady
1791233198.869692,kiemthugialap041@gmail.com,GET,/orders/me,15.623,200,ok,0,steady
1791233198.870938,kiemthugialap049@gmail.com,GET,/orders/me,17.705,200,ok,0,steady
1791233198.8955345,kiemthugialap067@gmail.com,GET,/orders/me,7.567,200,ok,0,steady
1791233198.8969128,kiemthugialap098@gmail.com,GET,/orders/me,10.175,200,ok,0,steady
1791233198.8990057,kiemthugialap004@gmail.com,GET,/orders/me,3.253,200,ok,0,steady
1791233198.9437904,kiemthugialap016@gmail.com,GET,/orders/me,6.127,200,ok,0,steady
1791233198.94692,kiemthugialap040@gmail.com,GET,/orders/me,2.973,200,ok,0,steady
1791233198.9771457,kiemthugialap001@gmail.com,GET,/orders/me,5.988,200,ok,0,steady
1791233199.0114698,kiemthugialap051@gmail.com,GET,/concerts?on_sale=true,6.045,200,ok,0,steady
1791233199.0119264,kiemthugialap085@gmail.com,GET,/orders/me,7.688,200,ok,0,steady
1791233199.0294552,kiemthugialap065@gmail.com,GET,/concerts?on_sale=true,7.247,200,ok,0,steady
1791233199.0307531,kiemthugialap087@gmail.com,GET,/orders/me,7.659,200,ok,0,steady
1791233199.0316572,kiemthugialap036@gmail.com,GET,/orders/me,7.305,200,ok,0,steady
1791233199.0329247,kiemthugialap025@gmail.com,GET,/concerts/{id},2.046,200,ok,0,steady
1791233199.0765476,kiemthugialap077@gmail.com,GET,/concerts/{id},19.479,200,ok,0,steady
1791233199.0771031,kiemthugialap062@gmail.com,GET,/concerts,18.709,200,ok,0,steady
1791233199.0784168,kiemthugialap045@gmail.com,GET,/orders/me,22.171,200,ok,0,steady
1791233199.0788608,kiemthugialap091@gmail.com,GET,/orders/me,7.893,200,ok,0,steady
1791233199.0956216,kiemthugialap084@gmail.com,GET,/orders/me,6.969,200,ok,0,steady
1791233199.0960765,kiemthugialap017@gmail.com,GET,/orders/me,8.451,200,ok,0,steady
1791233199.1103606,kiemthugialap009@gmail.com,GET,/orders/me,5.918,200,ok,0,steady
1791233199.1446078,kiemthugialap088@gmail.com,GET,/orders/me,6.416,200,ok,0,steady
1791233199.144975,kiemthugialap070@gmail.com,GET,/orders/me,5.682,200,ok,0,steady
1791233199.1601164,kiemthugialap022@gmail.com,GET,/orders/me,5.482,200,ok,0,steady
1791233199.1776562,kiemthugialap032@gmail.com,GET,/concerts?on_sale=true,4.291,200,ok,0,steady
1791233199.181947,kiemthugialap015@gmail.com,GET,/orders/me,4.032,200,ok,0,steady
1791233199.1942797,kiemthugialap068@gmail.com,GET,/orders/me,5.65,200,ok,0,steady
1791233199.2112298,kiemthugialap031@gmail.com,GET,/concerts,6.528,200,ok,0,steady
1791233199.2123713,kiemthugialap055@gmail.com,GET,/orders/me,6.241,200,ok,0,steady
1791233199.2420409,kiemthugialap046@gmail.com,GET,/orders/me,4.781,200,ok,0,steady
1791233199.2453513,kiemthugialap099@gmail.com,GET,/orders/me,3.159,200,ok,0,steady
1791233199.2482054,kiemthugialap011@gmail.com,GET,/orders/me,2.715,200,ok,0,steady
1791233199.2795496,kiemthugialap093@gmail.com,GET,/concerts/{id},6.356,200,ok,0,steady
1791233199.2808654,kiemthugialap066@gmail.com,GET,/orders/me,9.133,200,ok,0,steady
1791233199.2917957,kiemthugialap097@gmail.com,GET,/concerts,4.11,200,ok,0,steady
1791233199.2957506,kiemthugialap078@gmail.com,GET,/orders/me,3.781,200,ok,0,steady
1791233199.3322806,kiemthugialap056@gmail.com,GET,/concerts/{id},10.675,200,ok,0,steady
1791233199.3337152,kiemthugialap043@gmail.com,GET,/orders/me,11.153,200,ok,0,steady
1791233199.3340487,kiemthugialap034@gmail.com,GET,/orders/me,9.909,200,ok,0,steady
1791233199.3365102,kiemthugialap081@gmail.com,GET,/orders/me,4.003,200,ok,0,steady
1791233199.33813,kiemthugialap096@gmail.com,GET,/orders/me,3.966,200,ok,0,steady
1791233199.360752,kiemthugialap083@gmail.com,GET,/orders/me,6.644,200,ok,0,steady
1791233199.36116,kiemthugialap054@gmail.com,GET,/orders/me,5.444,200,ok,0,steady
1791233199.3761683,kiemthugialap100@gmail.com,GET,/orders/me,4.74,200,ok,0,steady
1791233199.3938842,kiemthugialap094@gmail.com,GET,/orders/me,4.604,200,ok,0,steady
1791233199.39472,kiemthugialap006@gmail.com,GET,/orders/me,7.163,200,ok,0,steady
1791233199.3967512,kiemthugialap076@gmail.com,GET,/orders/me,2.734,200,ok,0,steady
1791233199.4303157,kiemthugialap069@gmail.com,GET,/concerts,9.541,200,ok,0,steady
1791233199.4307466,kiemthugialap061@gmail.com,GET,/concerts?on_sale=true,8.816,200,ok,0,steady
1791233199.4317913,kiemthugialap041@gmail.com,GET,/concerts/{id},9.295,200,ok,0,steady
1791233199.4324403,kiemthugialap048@gmail.com,GET,/orders/me,10.803,200,ok,0,steady
1791233199.4327843,kiemthugialap019@gmail.com,GET,/orders/me,10.554,200,ok,0,steady
1791233199.4422731,kiemthugialap082@gmail.com,GET,/orders/me,5.056,200,ok,0,steady
1791233199.4605727,kiemthugialap052@gmail.com,GET,/concerts,5.009,200,ok,0,steady
1791233199.4615278,kiemthugialap005@gmail.com,GET,/orders/me,7.423,200,ok,0,steady
1791233199.5344288,kiemthugialap049@gmail.com,GET,/orders/me,12.783,200,ok,0,steady
1791233199.5348516,kiemthugialap024@gmail.com,GET,/orders/me,11.651,200,ok,0,steady
1791233199.5351436,kiemthugialap074@gmail.com,GET,/orders/me,12.144,200,ok,0,steady
1791233199.5356238,kiemthugialap080@gmail.com,GET,/orders/me,13.09,200,ok,0,steady
1791233199.536256,kiemthugialap018@gmail.com,GET,/orders/me,11.938,200,ok,0,steady
1791233199.5369692,kiemthugialap072@gmail.com,GET,/orders/me,14.178,200,ok,0,steady
1791233199.5606463,kiemthugialap010@gmail.com,GET,/concerts,6.674,200,ok,0,steady
1791233199.5618916,kiemthugialap064@gmail.com,GET,/orders/me,6.64,200,ok,0,steady
1791233199.562336,kiemthugialap065@gmail.com,GET,/orders/me,7.432,200,ok,0,steady
1791233199.574385,kiemthugialap053@gmail.com,GET,/concerts?on_sale=true,3.761,200,ok,0,steady
1791233199.6094108,kiemthugialap050@gmail.com,GET,/orders/me,5.149,200,ok,0,steady
1791233199.6271193,kiemthugialap033@gmail.com,GET,/concerts?on_sale=true,4.154,200,ok,0,steady
1791233199.6281118,kiemthugialap035@gmail.com,GET,/orders/me,6.823,200,ok,0,steady
1791233199.6312416,kiemthugialap026@gmail.com,GET,/orders/me,2.976,200,ok,0,steady
1791233199.6635435,kiemthugialap091@gmail.com,GET,/orders/me,8.75,200,ok,0,steady
1791233199.6645956,kiemthugialap051@gmail.com,GET,/orders/me,8.679,200,ok,0,steady
1791233199.6659336,kiemthugialap001@gmail.com,GET,/concerts,2.196,200,ok,0,steady
1791233199.675341,kiemthugialap037@gmail.com,GET,/orders/me,4.23,200,ok,0,steady
1791233199.6932654,kiemthugialap004@gmail.com,GET,/orders/me,5.05,200,ok,0,steady
1791233199.7185972,kiemthugialap092@gmail.com,GET,/orders/me,11.909,200,ok,0,steady
1791233199.7201111,kiemthugialap089@gmail.com,GET,/orders/me,12.001,200,ok,0,steady
1791233199.7209277,kiemthugialap030@gmail.com,GET,/orders/me,15.598,200,ok,0,steady
1791233199.7214215,kiemthugialap039@gmail.com,GET,/orders/me,15.182,200,ok,0,steady
1791233199.723884,kiemthugialap029@gmail.com,GET,/orders/me,5.008,200,ok,0,steady
1791233199.7281706,kiemthugialap021@gmail.com,GET,/concerts/{id},4.057,200,ok,0,steady
1791233199.7299335,kiemthugialap084@gmail.com,GET,/orders/me,4.915,200,ok,0,steady
1791233199.73099,kiemthugialap060@gmail.com,GET,/concerts?on_sale=true,2.684,200,ok,0,steady
1791233199.7402945,kiemthugialap027@gmail.com,GET,/concerts?on_sale=true,3.806,200,ok,0,steady
1791233199.7592106,kiemthugialap045@gmail.com,GET,/concerts,4.622,200,ok,0,steady
1791233199.799288,kiemthugialap015@gmail.com,GET,/concerts/{id},10.61,200,ok,0,steady
1791233199.8009717,kiemthugialap090@gmail.com,GET,/concerts?on_sale=true,10.41,200,ok,0,steady
1791233199.8024988,kiemthugialap062@gmail.com,GET,/concerts,10.388,200,ok,0,steady
1791233199.8035653,kiemthugialap022@gmail.com,GET,/orders/me,13.41,200,ok,0,steady
1791233199.8044188,kiemthugialap086@gmail.com,GET,/orders/me,14.638,200,ok,0,steady
1791233199.8293731,kiemthugialap057@gmail.com,GET,/orders/me,7.923,200,ok,0,steady
1791233199.829829,kiemthugialap093@gmail.com,GET,/orders/me,9.411,200,ok,0,steady
1791233199.844933,kiemthugialap031@gmail.com,GET,/orders/me,7.089,200,ok,0,steady
1791233199.8454394,kiemthugialap003@gmail.com,GET,/orders/me,8.369,200,ok,0,steady
1791233199.8587134,kiemthugialap032@gmail.com,GET,/concerts?on_sale=true,4.824,200,ok,0,steady
1791233199.9118617,kiemthugialap059@gmail.com,GET,/orders/me,7.291,200,ok,0,steady
1791233199.9162009,kiemthugialap083@gmail.com,GET,/orders/me,4.131,200,ok,0,steady
1791233199.9215713,kiemthugialap077@gmail.com,GET,/orders/me,5.174,200,ok,0,steady
1791233199.9413986,kiemthugialap007@gmail.com,GET,/concerts/{id},21.087,200,ok,0,steady
1791233199.944015,kiemthugialap028@gmail.com,GET,/orders/me,24.869,200,ok,0,steady
1791233199.9483018,kiemthugialap034@gmail.com,GET,/orders/me,4.049,200,ok,0,steady
1791233199.975683,kiemthugialap016@gmail.com,GET,/concerts,5.419,200,ok,0,steady
1791233199.9766505,kiemthugialap044@gmail.com,GET,/orders/me,5.619,200,ok,0,steady
1791233200.0248115,kiemthugialap063@gmail.com,GET,/concerts/{id},4.845,200,ok,0,steady
1791233200.0633798,kiemthugialap047@gmail.com,GET,/concerts?on_sale=true,9.783,200,ok,0,steady
1791233200.0640788,kiemthugialap002@gmail.com,GET,/orders/me,8.266,200,ok,0,steady
1791233200.0645509,kiemthugialap023@gmail.com,GET,/orders/me,9.368,200,ok,0,steady
1791233200.1100497,kiemthugialap081@gmail.com,GET,/concerts,4.33,200,ok,0,steady
1791233200.1110198,kiemthugialap048@gmail.com,GET,/orders/me,6.529,200,ok,0,steady
1791233200.1138358,kiemthugialap072@gmail.com,GET,/orders/me,2.691,200,ok,0,steady
1791233200.1481133,kiemthugialap042@gmail.com,GET,/orders/me,8.735,200,ok,0,steady
1791233200.1485844,kiemthugialap013@gmail.com,GET,/orders/me,9.674,200,ok,0,steady
1791233200.1489265,kiemthugialap038@gmail.com,GET,/orders/me,9.287,200,ok,0,steady
1791233200.1493795,kiemthugialap075@gmail.com,GET,/orders/me,11.448,200,ok,0,steady
1791233200.1967597,kiemthugialap085@gmail.com,GET,/orders/me,9.884,200,ok,0,steady
1791233200.1978607,kiemthugialap098@gmail.com,GET,/orders/me,8.86,200,ok,0,steady
1791233200.1981952,kiemthugialap043@gmail.com,GET,/orders/me,8.163,200,ok,0,steady
1791233200.1997674,kiemthugialap068@gmail.com,GET,/concerts?on_sale=true,2.809,200,ok,0,steady
1791233200.2270913,kiemthugialap008@gmail.com,GET,/concerts,5.024,200,ok,0,steady
1791233200.2282066,kiemthugialap011@gmail.com,GET,/orders/me,7.167,200,ok,0,steady
1791233200.244176,kiemthugialap097@gmail.com,GET,/orders/me,7.358,200,ok,0,steady
1791233200.2446508,kiemthugialap080@gmail.com,GET,/orders/me,6.797,200,ok,0,steady
1791233200.261752,kiemthugialap099@gmail.com,GET,/orders/me,7.652,200,ok,0,steady
1791233200.262239,kiemthugialap095@gmail.com,GET,/orders/me,7.368,200,ok,0,steady
1791233200.27623,kiemthugialap053@gmail.com,GET,/orders/me,5.18,200,ok,0,steady
1791233200.3254085,kiemthugialap009@gmail.com,GET,/concerts?on_sale=true,3.998,200,ok,0,steady
1791233200.3430943,kiemthugialap086@gmail.com,GET,/orders/me,5.382,200,ok,0,steady
1791233200.3599732,kiemthugialap039@gmail.com,GET,/orders/me,4.752,200,ok,0,steady
1791233200.3776877,kiemthugialap071@gmail.com,GET,/concerts,5.677,200,ok,0,steady
1791233200.4077644,kiemthugialap060@gmail.com,GET,/concerts?on_sale=true,4.469,200,ok,0,steady
1791233200.4266882,kiemthugialap040@gmail.com,GET,/orders/me,5.779,200,ok,0,steady
1791233200.4415495,kiemthugialap083@gmail.com,GET,/orders/me,4.166,200,ok,0,steady
1791233200.4769607,kiemthugialap031@gmail.com,GET,/concerts?on_sale=true,4.048,200,ok,0,steady
1791233200.477313,kiemthugialap034@gmail.com,GET,/concerts,7.117,200,ok,0,steady
1791233200.478203,kiemthugialap017@gmail.com,GET,/orders/me,6.527,200,ok,0,steady
1791233200.498533,kiemthugialap014@gmail.com,GET,/concerts/{id},8.72,200,ok,0,steady
1791233200.5008967,kiemthugialap067@gmail.com,GET,/concerts?on_sale=true,13.578,200,ok,0,steady
1791233200.501413,kiemthugialap087@gmail.com,GET,/orders/me,12.934,200,ok,0,steady
1791233200.5026467,kiemthugialap070@gmail.com,GET,/orders/me,13.789,200,ok,0,steady
1791233200.5076182,kiemthugialap073@gmail.com,GET,/orders/me,8.159,200,ok,0,steady
1791233200.5080645,kiemthugialap012@gmail.com,GET,/orders/me,9.25,200,ok,0,steady
1791233200.527155,kiemthugialap064@gmail.com,GET,/concerts/{id},7.994,200,ok,0,steady
1791233200.528922,kiemthugialap021@gmail.com,GET,/concerts?on_sale=true,9.041,200,ok,0,steady
1791233200.5332632,kiemthugialap036@gmail.com,GET,/orders/me,5.806,200,ok,0,steady
1791233200.53362,kiemthugialap063@gmail.com,GET,/concerts?on_sale=true,4.567,200,ok,0,steady
1791233200.5627208,kiemthugialap094@gmail.com,GET,/concerts/{id},6.446,200,ok,0,steady
1791233200.5636103,kiemthugialap079@gmail.com,GET,/orders/me,7.044,200,ok,0,steady
1791233200.5639615,kiemthugialap020@gmail.com,GET,/orders/me,8.699,200,ok,0,steady
1791233200.5966756,kiemthugialap026@gmail.com,GET,/orders/me,8.581,200,ok,0,steady
1791233200.5983903,kiemthugialap049@gmail.com,GET,/orders/me,8.309,200,ok,0,steady
1791233200.600708,kiemthugialap019@gmail.com,GET,/concerts,3.762,200,ok,0,steady
1791233200.6290724,kiemthugialap029@gmail.com,GET,/orders/me,6.86,200,ok,0,steady
1791233200.6305492,kiemthugialap081@gmail.com,GET,/orders/me,9.394,200,ok,0,steady
1791233200.6328282,kiemthugialap058@gmail.com,GET,/orders/me,3.506,200,ok,0,steady
1791233200.6425161,kiemthugialap072@gmail.com,GET,/orders/me,4.896,200,ok,0,steady
1791233200.6620111,kiemthugialap062@gmail.com,GET,/concerts/{id},6.951,200,ok,0,steady
1791233200.6634667,kiemthugialap066@gmail.com,GET,/orders/me,7.087,200,ok,0,steady
1791233200.6637993,kiemthugialap082@gmail.com,GET,/orders/me,6.614,200,ok,0,steady
1791233200.676605,kiemthugialap061@gmail.com,GET,/orders/me,5.007,200,ok,0,steady
1791233200.6927426,kiemthugialap033@gmail.com,GET,/orders/me,4.852,200,ok,0,steady
1791233200.711216,kiemthugialap088@gmail.com,GET,/orders/me,6.528,200,ok,0,steady
1791233200.711635,kiemthugialap010@gmail.com,GET,/orders/me,5.845,200,ok,0,steady
1791233200.7261522,kiemthugialap032@gmail.com,GET,/orders/me,4.646,200,ok,0,steady
1791233200.735217,kiemthugialap041@gmail.com,GET,/orders/me,4.085,200,ok,0,steady
1791233200.7621384,kiemthugialap057@gmail.com,GET,/concerts?on_sale=true,8.175,200,ok,0,steady
1791233200.7639332,kiemthugialap048@gmail.com,GET,/orders/me,10.668,200,ok,0,steady
1791233200.7642553,kiemthugialap025@gmail.com,GET,/orders/me,9.967,200,ok,0,steady
1791233200.7662523,kiemthugialap051@gmail.com,GET,/concerts?on_sale=true,3.382,200,ok,0,steady
1791233200.7665741,kiemthugialap075@gmail.com,GET,/concerts?on_sale=true,4.218,200,ok,0,steady
1791233200.8120935,kiemthugialap098@gmail.com,GET,/orders/me,7.094,200,ok,0,steady
1791233200.9159286,kiemthugialap056@gmail.com,GET,/concerts,77.011,200,ok,0,steady
1791233200.9162486,kiemthugialap006@gmail.com,GET,/orders/me,76.936,200,ok,0,steady
1791233200.916678,kiemthugialap018@gmail.com,GET,/orders/me,79.103,200,ok,0,steady
1791233200.944604,kiemthugialap090@gmail.com,GET,/concerts?on_sale=true,26.782,200,ok,0,drain
1791233200.9451714,kiemthugialap065@gmail.com,GET,/orders/me,28.386,200,ok,0,drain
1791233200.9465098,kiemthugialap013@gmail.com,GET,/orders/me,29.386,200,ok,0,drain
1791233200.9470897,kiemthugialap055@gmail.com,GET,/orders/me,29.529,200,ok,0,drain
1791233200.9474583,kiemthugialap050@gmail.com,GET,/orders/me,30.108,200,ok,0,drain
