timestamp,user,method,endpoint,latency_ms,http_status,outcome,failed,phase
1791234410.0201836,kiemthugialap005@gmail.com,POST,/auth/login,343.287,200,ok,0,warmup
1791234410.0212274,kiemthugialap008@gmail.com,POST,/auth/login,342.19,200,ok,0,warmup
1791234410.0481765,kiemthugialap002@gmail.com,POST,/auth/login,373.212,200,ok,0,warmup
1791234410.0489695,kiemthugialap003@gmail.com,POST,/auth/login,373.28,200,ok,0,warmup
1791234410.0526264,kiemthugialap010@gmail.com,POST,/auth/login,372.591,200,ok,0,warmup
1791234410.0587466,kiemthugialap005@gmail.com,GET,/concerts,38.327,200,ok,0,warmup
1791234410.087559,kiemthugialap001@gmail.com,POST,/auth/login,417.977,200,ok,0,warmup
1791234410.0888896,kiemthugialap008@gmail.com,GET,/concerts,67.55,200,ok,0,warmup
1791234410.090144,kiemthugialap002@gmail.com,GET,/concerts,41.869,200,ok,0,warmup
1791234410.092043,kiemthugialap003@gmail.com,GET,/concerts,42.986,200,ok,0,warmup
1791234410.0934062,kiemthugialap010@gmail.com,GET,/concerts,40.688,200,ok,0,warmup
1791234410.097645,kiemthugialap005@gmail.com,GET,/concerts/{id}/ticket-types,38.745,200,ok,0,warmup
1791234410.0987277,kiemthugialap001@gmail.com,GET,/concerts,11.048,200,ok,0,warmup
1791234410.101033,kiemthugialap008@gmail.com,GET,/concerts/{id}/ticket-types,11.928,200,ok,0,warmup
1791234410.108571,kiemthugialap011@gmail.com,POST,/auth/login,428.081,200,ok,0,warmup
1791234410.1139452,kiemthugialap005@gmail.com,POST,/orders,16.156,201,ok,0,warmup
1791234410.114482,kiemthugialap003@gmail.com,GET,/concerts/{id}/ticket-types,22.351,200,ok,0,warmup
1791234410.1171699,kiemthugialap002@gmail.com,GET,/concerts/{id}/ticket-types,26.944,200,ok,0,warmup
1791234410.120253,kiemthugialap001@gmail.com,GET,/concerts/{id}/ticket-types,21.44,200,ok,0,warmup
1791234410.1217833,kiemthugialap010@gmail.com,GET,/concerts/{id}/ticket-types,28.29,200,ok,0,warmup
1791234410.1250103,kiemthugialap011@gmail.com,GET,/concerts,16.334,200,ok,0,warmup
1791234410.1284666,kiemthugialap004@gmail.com,POST,/auth/login,452.308,200,ok,0,warmup
1791234410.1302524,kiemthugialap008@gmail.com,POST,/orders,29.118,201,ok,0,warmup
1791234410.1375263,kiemthugialap001@gmail.com,POST,/orders,17.112,201,ok,0,warmup
1791234410.142405,kiemthugialap010@gmail.com,GET,/concerts?on_sale=true,20.496,200,ok,0,warmup
1791234410.1444888,kiemthugialap011@gmail.com,GET,/concerts/{id}/ticket-types,19.396,200,ok,0,warmup
1791234410.1454778,kiemthugialap006@gmail.com,POST,/auth/login,467.786,200,ok,0,warmup
1791234410.1465328,kiemthugialap004@gmail.com,GET,/concerts,17.984,200,ok,0,warmup
1791234410.1505678,kiemthugialap006@gmail.com,GET,/concerts,5.018,200,ok,0,warmup
1791234410.1541545,kiemthugialap004@gmail.com,GET,/concerts/{id}/ticket-types,7.533,200,ok,0,warmup
1791234410.1549382,kiemthugialap011@gmail.com,POST,/orders,10.365,201,ok,0,warmup
1791234410.1590495,kiemthugialap007@gmail.com,POST,/auth/login,480.543,200,ok,0,warmup
1791234410.1613114,kiemthugialap009@gmail.com,POST,/auth/login,481.737,200,ok,0,warmup
1791234410.165968,kiemthugialap004@gmail.com,POST,/orders,11.685,201,ok,0,warmup
1791234410.1669805,kiemthugialap007@gmail.com,GET,/concerts,7.825,200,ok,0,warmup
1791234410.1680746,kiemthugialap009@gmail.com,GET,/concerts,6.681,200,ok,0,warmup
1791234410.1747198,kiemthugialap007@gmail.com,GET,/concerts/{id}/ticket-types,7.602,200,ok,0,warmup
1791234410.1763759,kiemthugialap009@gmail.com,GET,/concerts/{id}/ticket-types,8.22,200,ok,0,warmup
1791234410.1830218,kiemthugialap002@gmail.com,POST,/orders,65.713,201,ok,0,warmup
1791234410.183709,kiemthugialap006@gmail.com,GET,/concerts/{id}/ticket-types,33.053,200,ok,0,warmup
1791234410.1852565,kiemthugialap009@gmail.com,GET,/concerts/{id}/ticket-types,8.782,200,ok,0,warmup
1791234410.1928074,kiemthugialap003@gmail.com,POST,/orders,78.195,201,ok,0,warmup
1791234410.207835,kiemthugialap007@gmail.com,POST,/orders,32.9,201,ok,0,warmup
1791234410.221177,kiemthugialap006@gmail.com,POST,/orders,37.335,201,ok,0,warmup
1791234410.2788422,kiemthugialap014@gmail.com,POST,/auth/login,597.12,200,ok,0,warmup
1791234410.2816143,kiemthugialap014@gmail.com,GET,/concerts,2.669,200,ok,0,warmup
1791234410.2847533,kiemthugialap014@gmail.com,GET,/concerts/{id}/ticket-types,2.998,200,ok,0,warmup
1791234410.2857838,kiemthugialap015@gmail.com,POST,/auth/login,603.733,200,ok,0,warmup
1791234410.2894275,kiemthugialap015@gmail.com,GET,/concerts,3.563,200,ok,0,warmup
1791234410.2904282,kiemthugialap014@gmail.com,GET,/concerts/{id}/ticket-types,5.582,200,ok,0,warmup
1791234410.2911258,kiemthugialap019@gmail.com,POST,/auth/login,607.712,200,ok,0,warmup
1791234410.2919605,kiemthugialap012@gmail.com,POST,/auth/login,611.061,200,ok,0,warmup
1791234410.2952776,kiemthugialap019@gmail.com,GET,/concerts,4.079,200,ok,0,warmup
1791234410.2959006,kiemthugialap015@gmail.com,GET,/concerts/{id}/ticket-types,6.389,200,ok,0,warmup
1791234410.2970614,kiemthugialap012@gmail.com,GET,/concerts,5.036,200,ok,0,warmup
1791234410.3017738,kiemthugialap019@gmail.com,GET,/concerts/{id}/ticket-types,6.419,200,ok,0,warmup
1791234410.3022397,kiemthugialap016@gmail.com,POST,/auth/login,619.837,200,ok,0,warmup
1791234410.303627,kiemthugialap012@gmail.com,GET,/concerts/{id}/ticket-types,6.491,200,ok,0,warmup
1791234410.3067286,kiemthugialap015@gmail.com,POST,/orders,10.731,201,ok,0,warmup
1791234410.3207822,kiemthugialap016@gmail.com,GET,/concerts,18.454,200,ok,0,warmup
1791234410.3220077,kiemthugialap013@gmail.com,POST,/auth/login,640.66,200,ok,0,warmup
1791234410.3278196,kiemthugialap018@gmail.com,POST,/auth/login,644.706,200,ok,0,warmup
1791234410.3291728,kiemthugialap016@gmail.com,GET,/concerts/{id}/ticket-types,8.302,200,ok,0,warmup
1791234410.3302948,kiemthugialap019@gmail.com,POST,/orders,28.408,201,ok,0,warmup
1791234410.3306522,kiemthugialap020@gmail.com,POST,/auth/login,646.905,200,ok,0,warmup
1791234410.331651,kiemthugialap013@gmail.com,GET,/concerts,9.559,200,ok,0,warmup
1791234410.3350499,kiemthugialap018@gmail.com,GET,/concerts,7.092,200,ok,0,warmup
1791234410.337404,kiemthugialap017@gmail.com,POST,/auth/login,654.643,200,ok,0,warmup
1791234410.3413012,kiemthugialap020@gmail.com,GET,/concerts,10.554,200,ok,0,warmup
1791234410.3422632,kiemthugialap012@gmail.com,POST,/orders,38.552,201,ok,0,warmup
1791234410.3427467,kiemthugialap013@gmail.com,GET,/concerts/{id}/ticket-types,11.024,200,ok,0,warmup
1791234410.372337,kiemthugialap013@gmail.com,GET,/concerts/{id},29.483,200,ok,0,warmup
1791234410.374888,kiemthugialap020@gmail.com,GET,/concerts/{id}/ticket-types,33.48,200,ok,0,warmup
1791234410.3756216,kiemthugialap018@gmail.com,GET,/concerts/{id}/ticket-types,40.462,200,ok,0,warmup
1791234410.3765624,kiemthugialap017@gmail.com,GET,/concerts,39.072,200,ok,0,warmup
1791234410.3772383,kiemthugialap016@gmail.com,POST,/orders,47.931,201,ok,0,warmup
1791234410.3809042,kiemthugialap018@gmail.com,GET,/concerts/{id},5.191,200,ok,0,warmup
1791234410.381533,kiemthugialap020@gmail.com,GET,/concerts/{id}/ticket-types,6.548,200,ok,0,warmup
1791234410.3823104,kiemthugialap017@gmail.com,GET,/concerts/{id}/ticket-types,5.681,200,ok,0,warmup
1791234410.3844917,kiemthugialap017@gmail.com,GET,/concerts,2.106,200,ok,0,warmup
1791234411.0520947,kiemthugialap031@gmail.com,POST,/auth/login,375.74,200,ok,0,warmup
1791234411.069636,kiemthugialap014@gmail.com,GET,/concerts/{id}/ticket-types,179.225,200,ok,0,warmup
1791234411.0716023,kiemthugialap028@gmail.com,POST,/auth/login,396.392,200,ok,0,warmup
1791234411.072498,kiemthugialap022@gmail.com,POST,/auth/login,400.456,200,ok,0,warmup
1791234411.072992,kiemthugialap027@gmail.com,POST,/auth/login,398.295,200,ok,0,warmup
1791234411.076859,kiemthugialap031@gmail.com,GET,/concerts,24.643,200,ok,0,warmup
1791234411.0779095,kiemthugialap017@gmail.com,GET,/concerts/{id}/ticket-types,25.26,200,ok,0,warmup
1791234411.079522,kiemthugialap040@gmail.com,POST,/auth/login,400.584,200,ok,0,warmup
1791234411.0836883,kiemthugialap005@gmail.com,GET,/orders/me,194.316,200,ok,0,warmup
1791234411.0842712,kiemthugialap011@gmail.com,GET,/orders/me,194.263,200,ok,0,warmup
1791234411.098991,kiemthugialap026@gmail.com,POST,/auth/login,424.787,200,ok,0,warmup
1791234411.1010222,kiemthugialap037@gmail.com,POST,/auth/login,422.892,200,ok,0,warmup
1791234411.1017303,kiemthugialap028@gmail.com,GET,/concerts,30.038,200,ok,0,warmup
1791234411.1035647,kiemthugialap022@gmail.com,GET,/concerts,30.984,200,ok,0,warmup
1791234411.109218,kiemthugialap026@gmail.com,GET,/concerts,10.037,200,ok,0,warmup
1791234411.112142,kiemthugialap031@gmail.com,GET,/concerts/{id}/ticket-types,35.185,200,ok,0,warmup
1791234411.1134756,kiemthugialap040@gmail.com,GET,/concerts,33.876,200,ok,0,warmup
1791234411.1156123,kiemthugialap022@gmail.com,GET,/concerts/{id}/ticket-types,11.966,200,ok,0,warmup
1791234411.1180274,kiemthugialap027@gmail.com,GET,/concerts,44.956,200,ok,0,warmup
1791234411.1195903,kiemthugialap028@gmail.com,GET,/concerts/{id}/ticket-types,17.777,200,ok,0,warmup
1791234411.1223376,kiemthugialap022@gmail.com,GET,/concerts/{id}/ticket-types,6.634,200,ok,0,warmup
1791234411.124822,kiemthugialap026@gmail.com,GET,/concerts/{id}/ticket-types,15.496,200,ok,0,warmup
1791234411.1258836,kiemthugialap007@gmail.com,GET,/orders/me,26.127,200,ok,0,warmup
1791234411.1268945,kiemthugialap023@gmail.com,POST,/auth/login,453.88,200,ok,0,warmup
1791234411.129779,kiemthugialap031@gmail.com,GET,/concerts?on_sale=true,17.539,200,ok,0,warmup
1791234411.1301703,kiemthugialap040@gmail.com,GET,/concerts/{id}/ticket-types,16.619,200,ok,0,warmup
1791234411.131301,kiemthugialap037@gmail.com,GET,/concerts,30.19,200,ok,0,warmup
1791234411.1345503,kiemthugialap028@gmail.com,GET,/concerts?on_sale=true,14.88,200,ok,0,warmup
1791234411.1351788,kiemthugialap027@gmail.com,GET,/concerts/{id}/ticket-types,17.076,200,ok,0,warmup
1791234411.1367424,kiemthugialap026@gmail.com,GET,/concerts?on_sale=true,11.835,200,ok,0,warmup
1791234411.141061,kiemthugialap025@gmail.com,POST,/auth/login,467.27,200,ok,0,warmup
1791234411.144089,kiemthugialap037@gmail.com,GET,/concerts/{id}/ticket-types,12.692,200,ok,0,warmup
1791234411.1482563,kiemthugialap013@gmail.com,POST,/orders,20.93,201,ok,0,warmup
1791234411.1484206,kiemthugialap033@gmail.com,POST,/auth/login,471.404,200,ok,0,warmup
1791234411.1494384,kiemthugialap023@gmail.com,GET,/concerts,22.46,200,ok,0,warmup
1791234411.1506984,kiemthugialap027@gmail.com,GET,/concerts,15.441,200,ok,0,warmup
1791234411.1524494,kiemthugialap025@gmail.com,GET,/concerts,11.302,200,ok,0,warmup
1791234411.156502,kiemthugialap033@gmail.com,GET,/concerts,7.986,200,ok,0,warmup
1791234411.1588473,kiemthugialap040@gmail.com,POST,/orders,28.59,201,ok,0,warmup
1791234411.1607928,kiemthugialap020@gmail.com,GET,/concerts/{id}/ticket-types,22.541,200,ok,0,warmup
1791234411.161669,kiemthugialap023@gmail.com,GET,/concerts/{id}/ticket-types,12.145,200,ok,0,warmup
1791234411.164023,kiemthugialap039@gmail.com,POST,/auth/login,485.35,200,ok,0,warmup
1791234411.165131,kiemthugialap006@gmail.com,GET,/concerts/{id},8.123,200,ok,0,warmup
1791234411.1656892,kiemthugialap033@gmail.com,GET,/concerts/{id}/ticket-types,9.103,200,ok,0,warmup
1791234411.1665618,kiemthugialap029@gmail.com,POST,/auth/login,490.999,200,ok,0,warmup
1791234411.168998,kiemthugialap021@gmail.com,POST,/auth/login,497.598,200,ok,0,warmup
1791234411.172651,kiemthugialap039@gmail.com,GET,/concerts,8.522,200,ok,0,warmup
1791234411.1756818,kiemthugialap037@gmail.com,POST,/orders,31.434,201,ok,0,warmup
1791234411.1790295,kiemthugialap029@gmail.com,GET,/concerts,12.373,200,ok,0,warmup
1791234411.1801107,kiemthugialap033@gmail.com,GET,/concerts/{id}/ticket-types,14.342,200,ok,0,warmup
1791234411.180487,kiemthugialap025@gmail.com,GET,/concerts/{id}/ticket-types,27.975,200,ok,0,warmup
1791234411.1876776,kiemthugialap034@gmail.com,POST,/auth/login,510.371,200,ok,0,warmup
1791234411.1886933,kiemthugialap036@gmail.com,POST,/auth/login,510.837,200,ok,0,warmup
1791234411.1916785,kiemthugialap034@gmail.com,GET,/concerts,3.916,200,ok,0,warmup
1791234411.1925418,kiemthugialap036@gmail.com,GET,/concerts,3.776,200,ok,0,warmup
1791234411.1952932,kiemthugialap034@gmail.com,GET,/concerts/{id}/ticket-types,3.541,200,ok,0,warmup
1791234411.1961298,kiemthugialap036@gmail.com,GET,/concerts/{id}/ticket-types,3.527,200,ok,0,warmup
1791234411.2017856,kiemthugialap034@gmail.com,POST,/orders,6.411,201,ok,0,warmup
1791234411.2073412,kiemthugialap021@gmail.com,GET,/concerts,38.256,200,ok,0,warmup
1791234411.2100022,kiemthugialap023@gmail.com,POST,/orders,48.237,201,ok,0,warmup
1791234411.2101924,kiemthugialap039@gmail.com,GET,/concerts/{id}/ticket-types,37.458,200,ok,0,warmup
1791234411.210635,kiemthugialap029@gmail.com,GET,/concerts/{id}/ticket-types,31.524,200,ok,0,warmup
1791234411.2155166,kiemthugialap039@gmail.com,GET,/concerts/{id},5.241,200,ok,0,warmup
1791234411.218234,kiemthugialap029@gmail.com,POST,/orders,7.534,201,ok,0,warmup
1791234411.2246816,kiemthugialap021@gmail.com,GET,/concerts/{id}/ticket-types,17.197,200,ok,0,warmup
1791234411.22656,kiemthugialap036@gmail.com,POST,/orders,30.342,201,ok,0,warmup
1791234411.2331464,kiemthugialap021@gmail.com,POST,/orders,8.292,201,ok,0,warmup
1791234411.2405176,kiemthugialap025@gmail.com,POST,/orders,59.907,201,ok,0,warmup
1791234411.3351214,kiemthugialap035@gmail.com,POST,/auth/login,657.525,200,ok,0,warmup
1791234411.3362136,kiemthugialap032@gmail.com,POST,/auth/login,659.514,200,ok,0,warmup
1791234411.3400323,kiemthugialap035@gmail.com,GET,/concerts,4.791,200,ok,0,warmup
1791234411.3416119,kiemthugialap032@gmail.com,GET,/concerts,5.273,200,ok,0,warmup
1791234411.3430495,kiemthugialap038@gmail.com,POST,/auth/login,664.636,200,ok,0,warmup
1791234411.3482063,kiemthugialap035@gmail.com,GET,/concerts/{id}/ticket-types,8.058,200,ok,0,warmup
1791234411.348857,kiemthugialap038@gmail.com,GET,/concerts,5.725,200,ok,0,warmup
1791234411.349524,kiemthugialap032@gmail.com,GET,/concerts/{id}/ticket-types,7.826,200,ok,0,warmup
1791234411.35082,kiemthugialap030@gmail.com,POST,/auth/login,674.877,200,ok,0,warmup
1791234411.3555222,kiemthugialap024@gmail.com,POST,/auth/login,682.066,200,ok,0,warmup
1791234411.356993,kiemthugialap035@gmail.com,GET,/concerts/{id},8.67,200,ok,0,warmup
1791234411.3584788,kiemthugialap038@gmail.com,GET,/concerts/{id}/ticket-types,9.528,200,ok,0,warmup
1791234411.3602295,kiemthugialap030@gmail.com,GET,/concerts,9.325,200,ok,0,warmup
1791234411.363943,kiemthugialap032@gmail.com,POST,/orders,14.332,201,ok,0,warmup
1791234411.365657,kiemthugialap024@gmail.com,GET,/concerts,10.029,200,ok,0,warmup
1791234411.3685896,kiemthugialap024@gmail.com,GET,/concerts/{id}/ticket-types,2.854,200,ok,0,warmup
1791234411.3753743,kiemthugialap030@gmail.com,GET,/concerts/{id}/ticket-types,15.0,200,ok,0,warmup
1791234411.3789675,kiemthugialap024@gmail.com,POST,/orders,10.265,201,ok,0,warmup
1791234411.393041,kiemthugialap038@gmail.com,POST,/orders,34.41,201,ok,0,warmup
1791234411.4082165,kiemthugialap030@gmail.com,POST,/orders,32.618,201,ok,0,warmup
1791234411.4308503,kiemthugialap002@gmail.com,GET,/orders/me,5.348,200,ok,0,warmup
1791234411.4811227,kiemthugialap018@gmail.com,POST,/orders,10.392,201,ok,0,warmup
1791234411.5110173,kiemthugialap001@gmail.com,GET,/orders/me,6.56,200,ok,0,warmup
1791234411.6435428,kiemthugialap015@gmail.com,GET,/orders/me,5.523,200,ok,0,warmup
1791234411.6471848,kiemthugialap007@gmail.com,GET,/orders/me,3.425,200,ok,0,warmup
1791234411.7817843,kiemthugialap009@gmail.com,POST,/orders,96.092,201,ok,0,warmup
1791234412.0350475,kiemthugialap044@gmail.com,POST,/auth/login,357.788,200,ok,0,warmup
1791234412.0359497,kiemthugialap043@gmail.com,POST,/auth/login,359.118,200,ok,0,warmup
1791234412.036761,kiemthugialap049@gmail.com,POST,/auth/login,357.595,200,ok,0,warmup
1791234412.0442927,kiemthugialap008@gmail.com,GET,/orders/me,60.479,200,ok,0,warmup
1791234412.0470078,kiemthugialap020@gmail.com,POST,/orders,302.855,201,ok,0,warmup
1791234412.0595784,kiemthugialap046@gmail.com,POST,/auth/login,381.493,200,ok,0,warmup
1791234412.0610995,kiemthugialap050@gmail.com,POST,/auth/login,381.439,200,ok,0,warmup
1791234412.064203,kiemthugialap052@gmail.com,POST,/auth/login,383.759,200,ok,0,warmup
1791234412.0653398,kiemthugialap059@gmail.com,POST,/auth/login,382.815,200,ok,0,warmup
1791234412.0664017,kiemthugialap012@gmail.com,GET,/orders/me,362.128,200,ok,0,warmup
1791234412.0678406,kiemthugialap050@gmail.com,GET,/concerts,6.658,200,ok,0,warmup
1791234412.0715172,kiemthugialap052@gmail.com,GET,/concerts,7.218,200,ok,0,warmup
1791234412.0760546,kiemthugialap022@gmail.com,POST,/orders,186.731,201,ok,0,warmup
1791234412.0766084,kiemthugialap016@gmail.com,GET,/orders/me,54.655,200,ok,0,warmup
1791234412.079254,kiemthugialap027@gmail.com,GET,/concerts/{id}/ticket-types,45.221,200,ok,0,warmup
1791234412.0808334,kiemthugialap044@gmail.com,GET,/concerts,45.65,200,ok,0,warmup
1791234412.0821586,kiemthugialap056@gmail.com,POST,/auth/login,400.499,200,ok,0,warmup
1791234412.0836537,kiemthugialap043@gmail.com,GET,/concerts,47.612,200,ok,0,warmup
1791234412.0865054,kiemthugialap049@gmail.com,GET,/concerts,49.654,200,ok,0,warmup
1791234412.0881393,kiemthugialap046@gmail.com,GET,/concerts,28.453,200,ok,0,warmup
1791234412.0939572,kiemthugialap034@gmail.com,GET,/concerts?on_sale=true,108.724,200,ok,0,warmup
1791234412.0985153,kiemthugialap059@gmail.com,GET,/concerts,33.011,200,ok,0,warmup
1791234412.1006072,kiemthugialap014@gmail.com,POST,/orders,296.692,201,ok,0,warmup
1791234412.1011584,kiemthugialap054@gmail.com,POST,/auth/login,420.087,200,ok,0,warmup
1791234412.1060083,kiemthugialap045@gmail.com,POST,/auth/login,428.288,200,ok,0,warmup
1791234412.1070497,kiemthugialap041@gmail.com,POST,/auth/login,433.362,200,ok,0,warmup
1791234412.1076527,kiemthugialap050@gmail.com,GET,/concerts/{id}/ticket-types,39.713,200,ok,0,warmup
1791234412.1143806,kiemthugialap004@gmail.com,GET,/concerts,34.896,200,ok,0,warmup
1791234412.1161735,kiemthugialap043@gmail.com,GET,/concerts/{id}/ticket-types,32.442,200,ok,0,warmup
1791234412.1170628,kiemthugialap059@gmail.com,GET,/concerts/{id}/ticket-types,18.448,200,ok,0,warmup
1791234412.1184049,kiemthugialap045@gmail.com,GET,/concerts,12.275,200,ok,0,warmup
1791234412.1236877,kiemthugialap038@gmail.com,GET,/orders/me,24.597,200,ok,0,warmup
1791234412.1239164,kiemthugialap056@gmail.com,GET,/concerts,41.684,200,ok,0,warmup
1791234412.1244314,kiemthugialap046@gmail.com,GET,/concerts/{id}/ticket-types,36.21,200,ok,0,warmup
1791234412.1288416,kiemthugialap052@gmail.com,GET,/concerts/{id}/ticket-types,57.234,200,ok,0,warmup
1791234412.1297283,kiemthugialap010@gmail.com,POST,/orders,144.913,201,ok,0,warmup
1791234412.1341248,kiemthugialap054@gmail.com,GET,/concerts,32.871,200,ok,0,warmup
1791234412.1345851,kiemthugialap003@gmail.com,GET,/orders/me,40.416,200,ok,0,warmup
1791234412.1355343,kiemthugialap044@gmail.com,GET,/concerts/{id}/ticket-types,54.619,200,ok,0,warmup
1791234412.1361449,kiemthugialap041@gmail.com,GET,/concerts,29.017,200,ok,0,warmup
1791234412.1406522,kiemthugialap050@gmail.com,GET,/concerts,32.861,200,ok,0,warmup
1791234412.143954,kiemthugialap039@gmail.com,GET,/concerts?on_sale=true,23.632,200,ok,0,warmup
1791234412.1475136,kiemthugialap049@gmail.com,GET,/concerts/{id}/ticket-types,60.915,200,ok,0,warmup
1791234412.1482825,kiemthugialap045@gmail.com,GET,/concerts/{id}/ticket-types,29.801,200,ok,0,warmup
1791234412.1536286,kiemthugialap056@gmail.com,GET,/concerts/{id}/ticket-types,29.639,200,ok,0,warmup
1791234412.154463,kiemthugialap043@gmail.com,POST,/orders,38.178,201,ok,0,warmup
1791234412.1577122,kiemthugialap041@gmail.com,GET,/concerts/{id}/ticket-types,21.483,200,ok,0,warmup
1791234412.1620853,kiemthugialap044@gmail.com,GET,/concerts/{id}/ticket-types,26.446,200,ok,0,warmup
1791234412.1645813,kiemthugialap049@gmail.com,GET,/concerts?on_sale=true,16.937,200,ok,0,warmup
1791234412.167195,kiemthugialap047@gmail.com,POST,/auth/login,488.756,200,ok,0,warmup
1791234412.1686723,kiemthugialap052@gmail.com,POST,/orders,39.726,201,ok,0,warmup
1791234412.1696758,kiemthugialap054@gmail.com,GET,/concerts/{id}/ticket-types,35.465,200,ok,0,warmup
1791234412.177827,kiemthugialap042@gmail.com,POST,/auth/login,501.449,200,ok,0,warmup
1791234412.182393,kiemthugialap029@gmail.com,GET,/orders/me,36.932,200,ok,0,warmup
1791234412.183984,kiemthugialap056@gmail.com,GET,/concerts?on_sale=true,30.256,200,ok,0,warmup
1791234412.1842127,kiemthugialap059@gmail.com,POST,/orders,67.066,201,ok,0,warmup
1791234412.186041,kiemthugialap047@gmail.com,GET,/concerts,18.725,200,ok,0,warmup
1791234412.1875625,kiemthugialap054@gmail.com,GET,/concerts/{id},17.755,200,ok,0,warmup
1791234412.1928458,kiemthugialap036@gmail.com,GET,/concerts/{id},14.407,200,ok,0,warmup
1791234412.1934986,kiemthugialap041@gmail.com,POST,/orders,35.667,201,ok,0,warmup
1791234412.1939297,kiemthugialap042@gmail.com,GET,/concerts,15.994,200,ok,0,warmup
1791234412.1988027,kiemthugialap042@gmail.com,GET,/concerts/{id}/ticket-types,4.755,200,ok,0,warmup
1791234412.2037857,kiemthugialap058@gmail.com,POST,/auth/login,521.533,200,ok,0,warmup
1791234412.2108521,kiemthugialap047@gmail.com,GET,/concerts/{id}/ticket-types,24.673,200,ok,0,warmup
1791234412.2122843,kiemthugialap045@gmail.com,POST,/orders,63.902,201,ok,0,warmup
1791234412.2138212,kiemthugialap058@gmail.com,GET,/concerts,9.905,200,ok,0,warmup
1791234412.21906,kiemthugialap058@gmail.com,GET,/concerts/{id}/ticket-types,5.112,200,ok,0,warmup
1791234412.22533,kiemthugialap047@gmail.com,GET,/concerts?on_sale=true,14.294,200,ok,0,warmup
1791234412.226072,kiemthugialap046@gmail.com,POST,/orders,101.547,201,ok,0,warmup
1791234412.2362285,kiemthugialap048@gmail.com,POST,/auth/login,557.435,200,ok,0,warmup
1791234412.244319,kiemthugialap048@gmail.com,GET,/concerts,7.938,200,ok,0,warmup
1791234412.2469177,kiemthugialap005@gmail.com,GET,/orders/me,9.734,200,ok,0,warmup
1791234412.2509842,kiemthugialap048@gmail.com,GET,/concerts/{id}/ticket-types,6.506,200,ok,0,warmup
1791234412.2526286,kiemthugialap019@gmail.com,GET,/concerts/{id},7.408,200,ok,0,warmup
1791234412.2582352,kiemthugialap048@gmail.com,GET,/concerts/{id}/ticket-types,7.122,200,ok,0,warmup
1791234412.2594416,kiemthugialap042@gmail.com,POST,/orders,60.504,201,ok,0,warmup
1791234412.2773242,kiemthugialap058@gmail.com,POST,/orders,58.079,201,ok,0,warmup
1791234412.2926326,kiemthugialap028@gmail.com,POST,/orders,41.097,201,ok,0,warmup
1791234412.2970881,kiemthugialap001@gmail.com,GET,/concerts/{id},4.181,200,ok,0,warmup
1791234412.3060677,kiemthugialap057@gmail.com,POST,/auth/login,624.077,200,ok,0,warmup
1791234412.3104212,kiemthugialap057@gmail.com,GET,/concerts,4.18,200,ok,0,warmup
1791234412.3139813,kiemthugialap057@gmail.com,GET,/concerts/{id}/ticket-types,3.447,200,ok,0,warmup
1791234412.3158743,kiemthugialap060@gmail.com,POST,/auth/login,633.028,200,ok,0,warmup
1791234412.3176353,kiemthugialap057@gmail.com,GET,/concerts,3.564,200,ok,0,warmup
1791234412.3191268,kiemthugialap053@gmail.com,POST,/auth/login,638.358,200,ok,0,warmup
1791234412.3201818,kiemthugialap060@gmail.com,GET,/concerts,4.207,200,ok,0,warmup
1791234412.323481,kiemthugialap053@gmail.com,GET,/concerts,4.228,200,ok,0,warmup
1791234412.3268101,kiemthugialap051@gmail.com,POST,/auth/login,646.729,200,ok,0,warmup
1791234412.3281436,kiemthugialap060@gmail.com,GET,/concerts/{id}/ticket-types,7.875,200,ok,0,warmup
1791234412.3291502,kiemthugialap053@gmail.com,GET,/concerts/{id}/ticket-types,5.558,200,ok,0,warmup
1791234412.3321967,kiemthugialap055@gmail.com,POST,/auth/login,650.836,200,ok,0,warmup
1791234412.3327546,kiemthugialap051@gmail.com,GET,/concerts,5.855,200,ok,0,warmup
1791234412.3338816,kiemthugialap060@gmail.com,GET,/concerts/{id}/ticket-types,5.652,200,ok,0,warmup
1791234412.3348598,kiemthugialap053@gmail.com,GET,/concerts?on_sale=true,5.637,200,ok,0,warmup
1791234412.3369853,kiemthugialap055@gmail.com,GET,/concerts,4.703,200,ok,0,warmup
1791234412.338288,kiemthugialap051@gmail.com,GET,/concerts/{id}/ticket-types,5.467,200,ok,0,warmup
1791234412.342099,kiemthugialap051@gmail.com,GET,/concerts,3.658,200,ok,0,warmup
1791234412.3424866,kiemthugialap055@gmail.com,GET,/concerts/{id}/ticket-types,5.396,200,ok,0,warmup
1791234412.3486688,kiemthugialap055@gmail.com,POST,/orders,6.087,201,ok,0,warmup
1791234412.362487,kiemthugialap011@gmail.com,GET,/orders/me,4.637,200,ok,0,warmup
1791234412.4663057,kiemthugialap006@gmail.com,GET,/orders/me,6.809,200,ok,0,warmup
1791234412.4671621,kiemthugialap018@gmail.com,GET,/orders/me,9.14,200,ok,0,warmup
1791234412.5590484,kiemthugialap013@gmail.com,GET,/concerts,4.738,200,ok,0,warmup
1791234412.5754664,kiemthugialap024@gmail.com,GET,/concerts?on_sale=true,4.877,200,ok,0,warmup
1791234412.6296773,kiemthugialap033@gmail.com,POST,/orders,9.354,409,sold_out,0,warmup
1791234412.6356616,kiemthugialap033@gmail.com,GET,/concerts/{id}/ticket-types,5.82,200,ok,0,warmup
1791234412.636451,kiemthugialap007@gmail.com,GET,/orders/me,6.255,200,ok,0,warmup
1791234412.7132137,kiemthugialap026@gmail.com,GET,/concerts/{id}/ticket-types,30.027,200,ok,0,warmup
1791234413.009776,kiemthugialap064@gmail.com,POST,/auth/login,333.972,200,ok,0,warmup
1791234413.0127647,kiemthugialap068@gmail.com,POST,/auth/login,334.869,200,ok,0,warmup
1791234413.0153747,kiemthugialap075@gmail.com,POST,/auth/login,334.726,200,ok,0,warmup
1791234413.0185702,kiemthugialap074@gmail.com,POST,/auth/login,338.242,200,ok,0,warmup
1791234413.0207145,kiemthugialap023@gmail.com,GET,/concerts/{id},309.668,200,ok,0,warmup
1791234413.0281658,kiemthugialap065@gmail.com,POST,/auth/login,351.714,200,ok,0,warmup
1791234413.0527518,kiemthugialap070@gmail.com,POST,/auth/login,374.016,200,ok,0,warmup
1791234413.0600398,kiemthugialap038@gmail.com,GET,/orders/me,282.68,200,ok,0,warmup
1791234413.0627484,kiemthugialap077@gmail.com,POST,/auth/login,381.179,200,ok,0,warmup
1791234413.064297,kiemthugialap030@gmail.com,GET,/concerts/{id},286.389,200,ok,0,warmup
1791234413.0645123,kiemthugialap061@gmail.com,POST,/auth/login,390.48,200,ok,0,warmup
1791234413.067295,kiemthugialap073@gmail.com,POST,/auth/login,387.299,200,ok,0,warmup
1791234413.0707414,kiemthugialap014@gmail.com,GET,/orders/me,249.866,200,ok,0,warmup
1791234413.0727713,kiemthugialap039@gmail.com,GET,/concerts/{id}/ticket-types,132.432,200,ok,0,warmup
1791234413.0764158,kiemthugialap078@gmail.com,POST,/auth/login,394.554,200,ok,0,warmup
1791234413.077326,kiemthugialap018@gmail.com,GET,/orders/me,17.095,200,ok,0,warmup
1791234413.078156,kiemthugialap061@gmail.com,GET,/concerts,13.567,200,ok,0,warmup
1791234413.0789757,kiemthugialap021@gmail.com,GET,/orders/me,178.151,200,ok,0,warmup
1791234413.0797796,kiemthugialap071@gmail.com,POST,/auth/login,400.601,200,ok,0,warmup
1791234413.0832767,kiemthugialap012@gmail.com,GET,/concerts/{id},112.353,200,ok,0,warmup
1791234413.0853252,kiemthugialap064@gmail.com,GET,/concerts,75.412,200,ok,0,warmup
1791234413.0860848,kiemthugialap068@gmail.com,GET,/concerts,73.234,200,ok,0,warmup
1791234413.0872517,kiemthugialap075@gmail.com,GET,/concerts,71.795,200,ok,0,warmup
1791234413.0913377,kiemthugialap057@gmail.com,GET,/concerts/{id},72.274,200,ok,0,warmup
1791234413.0916922,kiemthugialap062@gmail.com,POST,/auth/login,416.736,200,ok,0,warmup
1791234413.0955524,kiemthugialap074@gmail.com,GET,/concerts,76.893,200,ok,0,warmup
1791234413.0979927,kiemthugialap017@gmail.com,POST,/orders,135.291,201,ok,0,warmup
1791234413.0986722,kiemthugialap065@gmail.com,GET,/concerts,70.407,200,ok,0,warmup
1791234413.0994227,kiemthugialap070@gmail.com,GET,/concerts,46.571,200,ok,0,warmup
1791234413.1018894,kiemthugialap037@gmail.com,GET,/concerts?on_sale=true,48.161,200,ok,0,warmup
1791234413.1022274,kiemthugialap066@gmail.com,POST,/auth/login,425.258,200,ok,0,warmup
1791234413.10568,kiemthugialap061@gmail.com,GET,/concerts/{id}/ticket-types,27.358,200,ok,0,warmup
1791234413.1115146,kiemthugialap063@gmail.com,POST,/auth/login,436.115,200,ok,0,warmup
1791234413.1139398,kiemthugialap069@gmail.com,POST,/auth/login,435.673,200,ok,0,warmup
1791234413.114377,kiemthugialap073@gmail.com,GET,/concerts,47.001,200,ok,0,warmup
1791234413.1154468,kiemthugialap042@gmail.com,GET,/concerts,153.355,200,ok,0,warmup
1791234413.115591,kiemthugialap077@gmail.com,GET,/concerts,52.773,200,ok,0,warmup
1791234413.1220772,kiemthugialap031@gmail.com,POST,/orders,84.667,201,ok,0,warmup
1791234413.1223056,kiemthugialap075@gmail.com,GET,/concerts/{id}/ticket-types,34.979,200,ok,0,warmup
1791234413.1231647,kiemthugialap071@gmail.com,GET,/concerts,43.298,200,ok,0,warmup
1791234413.123998,kiemthugialap074@gmail.com,GET,/concerts/{id}/ticket-types,28.361,200,ok,0,warmup
1791234413.124796,kiemthugialap078@gmail.com,GET,/concerts,48.284,200,ok,0,warmup
1791234413.126447,kiemthugialap062@gmail.com,GET,/concerts,34.671,200,ok,0,warmup
1791234413.1321385,kiemthugialap003@gmail.com,GET,/orders/me,77.996,200,ok,0,warmup
1791234413.132321,kiemthugialap064@gmail.com,GET,/concerts/{id}/ticket-types,46.924,200,ok,0,warmup
1791234413.1332738,kiemthugialap068@gmail.com,GET,/concerts/{id}/ticket-types,47.11,200,ok,0,warmup
1791234413.1382933,kiemthugialap009@gmail.com,GET,/concerts?on_sale=true,33.265,200,ok,0,warmup
1791234413.1396818,kiemthugialap063@gmail.com,GET,/concerts,28.036,200,ok,0,warmup
1791234413.1410553,kiemthugialap070@gmail.com,GET,/concerts/{id}/ticket-types,41.551,200,ok,0,warmup
1791234413.1418796,kiemthugialap061@gmail.com,GET,/concerts/{id}/ticket-types,36.097,200,ok,0,warmup
1791234413.1451902,kiemthugialap077@gmail.com,GET,/concerts/{id}/ticket-types,29.527,200,ok,0,warmup
1791234413.1491268,kiemthugialap073@gmail.com,GET,/concerts/{id}/ticket-types,34.67,200,ok,0,warmup
1791234413.1503332,kiemthugialap069@gmail.com,GET,/concerts,36.313,200,ok,0,warmup
1791234413.1530187,kiemthugialap066@gmail.com,GET,/concerts,50.708,200,ok,0,warmup
1791234413.1535277,kiemthugialap060@gmail.com,POST,/orders,283.177,201,ok,0,warmup
1791234413.1542556,kiemthugialap065@gmail.com,GET,/concerts/{id}/ticket-types,55.492,200,ok,0,warmup
1791234413.1566925,kiemthugialap035@gmail.com,GET,/concerts/{id},35.901,200,ok,0,warmup
1791234413.1647537,kiemthugialap071@gmail.com,GET,/concerts/{id}/ticket-types,41.461,200,ok,0,warmup
1791234413.165898,kiemthugialap075@gmail.com,GET,/concerts/{id}/ticket-types,43.493,200,ok,0,warmup
1791234413.1660488,kiemthugialap074@gmail.com,GET,/concerts/{id}/ticket-types,41.979,200,ok,0,warmup
1791234413.166418,kiemthugialap024@gmail.com,GET,/concerts?on_sale=true,39.323,200,ok,0,warmup
1791234413.1667488,kiemthugialap078@gmail.com,GET,/concerts/{id}/ticket-types,41.883,200,ok,0,warmup
1791234413.1729531,kiemthugialap062@gmail.com,GET,/concerts/{id}/ticket-types,46.402,200,ok,0,warmup
1791234413.1822321,kiemthugialap040@gmail.com,GET,/orders/me,51.528,200,ok,0,warmup
1791234413.1899707,kiemthugialap063@gmail.com,GET,/concerts/{id}/ticket-types,50.168,200,ok,0,warmup
1791234413.192539,kiemthugialap034@gmail.com,GET,/orders/me,54.103,200,ok,0,warmup
1791234413.1927738,kiemthugialap070@gmail.com,GET,/concerts/{id}/ticket-types,51.611,200,ok,0,warmup
1791234413.1929486,kiemthugialap068@gmail.com,POST,/orders,59.596,201,ok,0,warmup
1791234413.1966093,kiemthugialap065@gmail.com,GET,/concerts/{id}/ticket-types,42.207,200,ok,0,warmup
1791234413.1972487,kiemthugialap066@gmail.com,GET,/concerts/{id}/ticket-types,44.139,200,ok,0,warmup
1791234413.1984282,kiemthugialap069@gmail.com,GET,/concerts/{id}/ticket-types,47.999,200,ok,0,warmup
1791234413.2012467,kiemthugialap071@gmail.com,GET,/concerts,36.34,200,ok,0,warmup
1791234413.2041867,kiemthugialap052@gmail.com,GET,/concerts/{id},15.747,200,ok,0,warmup
1791234413.2045813,kiemthugialap063@gmail.com,GET,/concerts?on_sale=true,14.486,200,ok,0,warmup
1791234413.2051291,kiemthugialap005@gmail.com,GET,/orders/me,37.616,200,ok,0,warmup
1791234413.2170773,kiemthugialap077@gmail.com,POST,/orders,71.731,201,ok,0,warmup
1791234413.2192793,kiemthugialap066@gmail.com,GET,/concerts/{id}/ticket-types,21.913,200,ok,0,warmup
1791234413.2201884,kiemthugialap028@gmail.com,GET,/orders/me,21.193,200,ok,0,warmup
1791234413.2295187,kiemthugialap062@gmail.com,POST,/orders,56.43,201,ok,0,warmup
1791234413.231123,kiemthugialap032@gmail.com,GET,/orders/me,13.337,200,ok,0,warmup
1791234413.2435927,kiemthugialap025@gmail.com,GET,/orders/me,4.653,200,ok,0,warmup
1791234413.2566538,kiemthugialap078@gmail.com,POST,/orders,89.81,201,ok,0,warmup
1791234413.2607813,kiemthugialap002@gmail.com,GET,/orders/me,3.909,200,ok,0,warmup
1791234413.2662616,kiemthugialap080@gmail.com,POST,/auth/login,583.81,200,ok,0,warmup
1791234413.2683725,kiemthugialap080@gmail.com,GET,/concerts,2.038,200,ok,0,warmup
1791234413.2706184,kiemthugialap080@gmail.com,GET,/concerts/{id}/ticket-types,2.18,200,ok,0,warmup
1791234413.2733738,kiemthugialap069@gmail.com,POST,/orders,74.831,201,ok,0,warmup
1791234413.2750642,kiemthugialap079@gmail.com,POST,/auth/login,592.925,200,ok,0,warmup
1791234413.276873,kiemthugialap072@gmail.com,POST,/auth/login,597.247,200,ok,0,warmup
1791234413.278552,kiemthugialap079@gmail.com,GET,/concerts,3.413,200,ok,0,warmup
1791234413.2805097,kiemthugialap072@gmail.com,GET,/concerts,3.569,200,ok,0,warmup
1791234413.2831278,kiemthugialap079@gmail.com,GET,/concerts/{id}/ticket-types,4.512,200,ok,0,warmup
1791234413.2842128,kiemthugialap072@gmail.com,GET,/concerts/{id}/ticket-types,3.641,200,ok,0,warmup
1791234413.2858307,kiemthugialap076@gmail.com,POST,/auth/login,604.58,200,ok,0,warmup
1791234413.2938066,kiemthugialap067@gmail.com,POST,/auth/login,616.278,200,ok,0,warmup
1791234413.2975512,kiemthugialap072@gmail.com,GET,/concerts/{id}/ticket-types,13.253,200,ok,0,warmup
1791234413.2979205,kiemthugialap076@gmail.com,GET,/concerts,12.019,200,ok,0,warmup
1791234413.2985163,kiemthugialap073@gmail.com,POST,/orders,149.155,201,ok,0,warmup
1791234413.30214,kiemthugialap007@gmail.com,GET,/orders/me,5.293,200,ok,0,warmup
1791234413.3025682,kiemthugialap076@gmail.com,GET,/concerts/{id}/ticket-types,4.581,200,ok,0,warmup
1791234413.3089578,kiemthugialap067@gmail.com,GET,/concerts,14.992,200,ok,0,warmup
1791234413.310128,kiemthugialap064@gmail.com,POST,/orders,177.73,201,ok,0,warmup
1791234413.3269758,kiemthugialap067@gmail.com,GET,/concerts/{id}/ticket-types,17.814,200,ok,0,warmup
1791234413.329112,kiemthugialap079@gmail.com,POST,/orders,45.846,201,ok,0,warmup
1791234413.3296971,kiemthugialap015@gmail.com,GET,/orders/me,26.392,200,ok,0,warmup
1791234413.3312616,kiemthugialap067@gmail.com,GET,/concerts,4.091,200,ok,0,warmup
1791234413.3588214,kiemthugialap076@gmail.com,POST,/orders,56.154,201,ok,0,warmup
1791234413.3760254,kiemthugialap080@gmail.com,POST,/orders,105.318,201,ok,0,warmup
1791234413.4108257,kiemthugialap058@gmail.com,GET,/orders/me,5.45,200,ok,0,warmup
1791234413.476655,kiemthugialap046@gmail.com,GET,/concerts/{id},4.631,200,ok,0,warmup
1791234413.5477269,kiemthugialap056@gmail.com,POST,/orders,8.353,409,sold_out,0,warmup
1791234413.5490265,kiemthugialap045@gmail.com,GET,/orders/me,7.91,200,ok,0,warmup
1791234413.5516787,kiemthugialap056@gmail.com,GET,/concerts/{id}/ticket-types,3.812,200,ok,0,warmup
1791234413.5535977,kiemthugialap044@gmail.com,GET,/concerts,4.093,200,ok,0,warmup
1791234413.5545943,kiemthugialap010@gmail.com,GET,/orders/me,5.387,200,ok,0,warmup
1791234413.5781348,kiemthugialap020@gmail.com,GET,/orders/me,5.704,200,ok,0,warmup
1791234413.6148806,kiemthugialap026@gmail.com,POST,/orders,8.876,201,ok,0,warmup
1791234413.6638746,kiemthugialap027@gmail.com,POST,/orders,8.258,201,ok,0,warmup
1791234413.6840878,kiemthugialap054@gmail.com,POST,/orders,13.406,201,ok,0,warmup
1791234413.738226,kiemthugialap016@gmail.com,GET,/orders/me,53.897,200,ok,0,warmup
1791234413.8244467,kiemthugialap011@gmail.com,GET,/orders/me,92.053,200,ok,0,warmup
1791234414.0514402,kiemthugialap083@gmail.com,POST,/auth/login,377.049,200,ok,0,warmup
1791234414.0520647,kiemthugialap089@gmail.com,POST,/auth/login,373.918,200,ok,0,warmup
1791234414.052841,kiemthugialap086@gmail.com,POST,/auth/login,376.433,200,ok,0,warmup
1791234414.0535133,kiemthugialap084@gmail.com,POST,/auth/login,378.694,200,ok,0,warmup
1791234414.054762,kiemthugialap099@gmail.com,POST,/auth/login,372.55,200,ok,0,warmup
1791234414.055268,kiemthugialap053@gmail.com,POST,/orders,355.109,201,ok,0,warmup
1791234414.0597794,kiemthugialap096@gmail.com,POST,/auth/login,378.748,200,ok,0,warmup
1791234414.0643902,kiemthugialap055@gmail.com,GET,/concerts,130.972,200,ok,0,warmup
1791234414.1034675,kiemthugialap031@gmail.com,GET,/orders/me,169.077,200,ok,0,warmup
1791234414.105572,kiemthugialap088@gmail.com,POST,/auth/login,427.941,200,ok,0,warmup
1791234414.1133795,kiemthugialap043@gmail.com,GET,/orders/me,67.04,200,ok,0,warmup
1791234414.1139088,kiemthugialap093@gmail.com,POST,/auth/login,434.069,200,ok,0,warmup
1791234414.118147,kiemthugialap048@gmail.com,POST,/orders,415.784,201,ok,0,warmup
1791234414.1198597,kiemthugialap029@gmail.com,GET,/orders/me,377.505,200,ok,0,warmup
1791234414.121309,kiemthugialap081@gmail.com,POST,/auth/login,447.844,200,ok,0,warmup
1791234414.1246367,kiemthugialap018@gmail.com,GET,/orders/me,333.512,200,ok,0,warmup
1791234414.1285172,kiemthugialap041@gmail.com,GET,/orders/me,370.565,200,ok,0,warmup
1791234414.1315684,kiemthugialap023@gmail.com,GET,/orders/me,335.22,200,ok,0,warmup
1791234414.1359134,kiemthugialap051@gmail.com,POST,/orders,345.623,409,sold_out,0,warmup
1791234414.1373696,kiemthugialap006@gmail.com,GET,/orders/me,346.494,200,ok,0,warmup
1791234414.1399906,kiemthugialap047@gmail.com,POST,/orders,302.233,201,ok,0,warmup
1791234414.1417835,kiemthugialap003@gmail.com,GET,/orders/me,317.176,200,ok,0,warmup
1791234414.1421492,kiemthugialap073@gmail.com,GET,/orders/me,258.842,200,ok,0,warmup
1791234414.1422825,kiemthugialap019@gmail.com,GET,/orders/me,22.297,200,ok,0,warmup
1791234414.1436,kiemthugialap001@gmail.com,GET,/orders/me,259.647,200,ok,0,warmup
1791234414.1500754,kiemthugialap087@gmail.com,POST,/auth/login,473.189,200,ok,0,warmup
1791234414.1537843,kiemthugialap022@gmail.com,GET,/orders/me,143.05,200,ok,0,warmup
1791234414.1572647,kiemthugialap017@gmail.com,GET,/concerts/{id},424.213,200,ok,0,warmup
1791234414.1577127,kiemthugialap008@gmail.com,GET,/orders/me,257.171,200,ok,0,warmup
1791234414.1580493,kiemthugialap038@gmail.com,GET,/concerts?on_sale=true,241.493,200,ok,0,warmup
1791234414.1608107,kiemthugialap004@gmail.com,GET,/orders/me,225.616,200,ok,0,warmup
1791234414.1611874,kiemthugialap013@gmail.com,GET,/orders/me,149.84,200,ok,0,warmup
1791234414.1629648,kiemthugialap083@gmail.com,GET,/concerts,111.397,200,ok,0,warmup
1791234414.1647537,kiemthugialap099@gmail.com,GET,/concerts,109.907,200,ok,0,warmup
1791234414.1656013,kiemthugialap036@gmail.com,GET,/orders/me,153.878,200,ok,0,warmup
1791234414.1657343,kiemthugialap086@gmail.com,GET,/concerts,112.823,200,ok,0,warmup
1791234414.1662474,kiemthugialap021@gmail.com,GET,/orders/me,145.739,200,ok,0,warmup
1791234414.1686335,kiemthugialap084@gmail.com,GET,/concerts,115.038,200,ok,0,warmup
1791234414.1717207,kiemthugialap096@gmail.com,GET,/concerts,111.828,200,ok,0,warmup
1791234414.1724563,kiemthugialap089@gmail.com,GET,/concerts,120.31,200,ok,0,warmup
1791234414.1790352,kiemthugialap050@gmail.com,GET,/concerts,75.306,200,ok,0,warmup
1791234414.1792643,kiemthugialap076@gmail.com,GET,/concerts?on_sale=true,79.357,200,ok,0,warmup
1791234414.1805382,kiemthugialap014@gmail.com,GET,/orders/me,96.794,200,ok,0,warmup
1791234414.1807132,kiemthugialap049@gmail.com,POST,/orders,125.287,201,ok,0,warmup
1791234414.1816697,kiemthugialap088@gmail.com,GET,/concerts,75.996,200,ok,0,warmup
1791234414.1826684,kiemthugialap059@gmail.com,GET,/concerts?on_sale=true,78.543,200,ok,0,warmup
1791234414.1878324,kiemthugialap081@gmail.com,GET,/concerts,66.414,200,ok,0,warmup
1791234414.1907773,kiemthugialap051@gmail.com,GET,/concerts/{id}/ticket-types,54.744,200,ok,0,warmup
1791234414.19093,kiemthugialap074@gmail.com,POST,/orders,107.895,409,sold_out,0,warmup
1791234414.1915078,kiemthugialap093@gmail.com,GET,/concerts,77.522,200,ok,0,warmup
1791234414.1918545,kiemthugialap100@gmail.com,POST,/auth/login,509.3,200,ok,0,warmup
1791234414.1922276,kiemthugialap082@gmail.com,POST,/auth/login,518.272,200,ok,0,warmup
1791234414.1953835,kiemthugialap087@gmail.com,GET,/concerts,45.227,200,ok,0,warmup
1791234414.1961098,kiemthugialap088@gmail.com,GET,/concerts/{id}/ticket-types,14.366,200,ok,0,warmup
1791234414.201424,kiemthugialap086@gmail.com,GET,/concerts/{id}/ticket-types,35.604,200,ok,0,warmup
1791234414.2023501,kiemthugialap099@gmail.com,GET,/concerts/{id}/ticket-types,37.521,200,ok,0,warmup
1791234414.2030323,kiemthugialap083@gmail.com,GET,/concerts/{id}/ticket-types,39.991,200,ok,0,warmup
1791234414.2041447,kiemthugialap084@gmail.com,GET,/concerts/{id}/ticket-types,35.439,200,ok,0,warmup
1791234414.2065125,kiemthugialap097@gmail.com,POST,/auth/login,525.026,200,ok,0,warmup
1791234414.210384,kiemthugialap065@gmail.com,POST,/orders,344.111,201,ok,0,warmup
1791234414.2105892,kiemthugialap089@gmail.com,GET,/concerts/{id}/ticket-types,38.072,200,ok,0,warmup
1791234414.211198,kiemthugialap096@gmail.com,GET,/concerts/{id}/ticket-types,39.405,200,ok,0,warmup
1791234414.2122867,kiemthugialap081@gmail.com,GET,/concerts/{id}/ticket-types,24.353,200,ok,0,warmup
1791234414.2158074,kiemthugialap082@gmail.com,GET,/concerts,23.517,200,ok,0,warmup
1791234414.2161822,kiemthugialap074@gmail.com,GET,/concerts/{id}/ticket-types,25.195,200,ok,0,warmup
1791234414.2166657,kiemthugialap093@gmail.com,GET,/concerts/{id}/ticket-types,25.09,200,ok,0,warmup
1791234414.2220466,kiemthugialap100@gmail.com,GET,/concerts,30.091,200,ok,0,warmup
1791234414.2234747,kiemthugialap087@gmail.com,GET,/concerts/{id}/ticket-types,28.014,200,ok,0,warmup
1791234414.2239187,kiemthugialap088@gmail.com,GET,/concerts/{id}/ticket-types,27.724,200,ok,0,warmup
1791234414.225003,kiemthugialap079@gmail.com,GET,/orders/me,82.594,200,ok,0,warmup
1791234414.2282288,kiemthugialap084@gmail.com,GET,/concerts,24.009,200,ok,0,warmup
1791234414.2301164,kiemthugialap097@gmail.com,GET,/concerts,23.524,200,ok,0,warmup
1791234414.2383378,kiemthugialap089@gmail.com,GET,/concerts/{id}/ticket-types,27.666,200,ok,0,warmup
1791234414.239842,kiemthugialap083@gmail.com,POST,/orders,36.72,201,ok,0,warmup
1791234414.241532,kiemthugialap090@gmail.com,POST,/auth/login,562.899,200,ok,0,warmup
1791234414.2425992,kiemthugialap082@gmail.com,GET,/concerts/{id}/ticket-types,26.719,200,ok,0,warmup
1791234414.2435532,kiemthugialap093@gmail.com,GET,/concerts/{id}/ticket-types,26.81,200,ok,0,warmup
1791234414.2475786,kiemthugialap100@gmail.com,GET,/concerts/{id}/ticket-types,25.446,200,ok,0,warmup
1791234414.2526066,kiemthugialap054@gmail.com,GET,/orders/me,31.209,200,ok,0,warmup
1791234414.2553954,kiemthugialap096@gmail.com,POST,/orders,44.107,201,ok,0,warmup
1791234414.2566686,kiemthugialap035@gmail.com,GET,/concerts/{id}/ticket-types,39.33,200,ok,0,warmup
1791234414.257194,kiemthugialap090@gmail.com,GET,/concerts,15.571,200,ok,0,warmup
1791234414.2580614,kiemthugialap082@gmail.com,GET,/concerts/{id}/ticket-types,15.366,200,ok,0,warmup
1791234414.260285,kiemthugialap100@gmail.com,GET,/concerts?on_sale=true,12.622,200,ok,0,warmup
1791234414.2618403,kiemthugialap097@gmail.com,GET,/concerts/{id}/ticket-types,31.651,200,ok,0,warmup
1791234414.2628875,kiemthugialap090@gmail.com,GET,/concerts/{id}/ticket-types,5.603,200,ok,0,warmup
1791234414.2696896,kiemthugialap097@gmail.com,POST,/orders,7.743,201,ok,0,warmup
1791234414.28679,kiemthugialap086@gmail.com,POST,/orders,85.238,201,ok,0,warmup
1791234414.3027472,kiemthugialap099@gmail.com,POST,/orders,100.291,201,ok,0,warmup
1791234414.3190064,kiemthugialap087@gmail.com,POST,/orders,95.424,201,ok,0,warmup
1791234414.3203547,kiemthugialap098@gmail.com,POST,/auth/login,638.478,200,ok,0,warmup
1791234414.321456,kiemthugialap095@gmail.com,POST,/auth/login,640.878,200,ok,0,warmup
1791234414.325285,kiemthugialap098@gmail.com,GET,/concerts,4.837,200,ok,0,warmup
1791234414.3260632,kiemthugialap095@gmail.com,GET,/concerts,4.535,200,ok,0,warmup
1791234414.327135,kiemthugialap060@gmail.com,GET,/orders/me,7.939,200,ok,0,warmup
1791234414.3299444,kiemthugialap095@gmail.com,GET,/concerts/{id}/ticket-types,3.82,200,ok,0,warmup
1791234414.330788,kiemthugialap098@gmail.com,GET,/concerts/{id}/ticket-types,5.435,200,ok,0,warmup
1791234414.3372228,kiemthugialap081@gmail.com,POST,/orders,124.842,201,ok,0,warmup
1791234414.3378513,kiemthugialap091@gmail.com,POST,/auth/login,658.791,200,ok,0,warmup
1791234414.3405435,kiemthugialap091@gmail.com,GET,/concerts,2.613,200,ok,0,warmup
1791234414.3460848,kiemthugialap091@gmail.com,GET,/concerts/{id}/ticket-types,5.468,200,ok,0,warmup
1791234414.3467586,kiemthugialap092@gmail.com,POST,/auth/login,667.293,200,ok,0,warmup
1791234414.3476024,kiemthugialap071@gmail.com,POST,/orders,6.682,409,sold_out,0,warmup
1791234414.3527653,kiemthugialap092@gmail.com,GET,/concerts,5.912,200,ok,0,warmup
1791234414.3541462,kiemthugialap090@gmail.com,POST,/orders,91.179,201,ok,0,warmup
1791234414.3549366,kiemthugialap071@gmail.com,GET,/concerts/{id}/ticket-types,7.267,200,ok,0,warmup
1791234414.3690076,kiemthugialap092@gmail.com,GET,/concerts/{id}/ticket-types,16.143,200,ok,0,warmup
1791234414.3701508,kiemthugialap091@gmail.com,POST,/orders,23.984,201,ok,0,warmup
1791234414.3875995,kiemthugialap098@gmail.com,POST,/orders,56.73,201,ok,0,warmup
1791234414.3880074,kiemthugialap092@gmail.com,GET,/concerts/{id}/ticket-types,18.912,200,ok,0,warmup
1791234414.4037948,kiemthugialap095@gmail.com,POST,/orders,73.765,201,ok,0,warmup
1791234414.4115815,kiemthugialap085@gmail.com,POST,/auth/login,735.636,200,ok,0,warmup
1791234414.4147542,kiemthugialap094@gmail.com,POST,/auth/login,734.529,200,ok,0,warmup
1791234414.4387822,kiemthugialap085@gmail.com,GET,/concerts,27.106,200,ok,0,warmup
1791234414.4398365,kiemthugialap094@gmail.com,GET,/concerts,25.014,200,ok,0,warmup
1791234414.4443638,kiemthugialap056@gmail.com,POST,/orders,231.67,201,ok,0,warmup
1791234414.4447284,kiemthugialap028@gmail.com,GET,/orders/me,40.767,200,ok,0,warmup
1791234414.4458017,kiemthugialap085@gmail.com,GET,/concerts/{id}/ticket-types,6.933,200,ok,0,warmup
1791234414.4465287,kiemthugialap094@gmail.com,GET,/concerts/{id}/ticket-types,6.628,200,ok,0,warmup
1791234414.4482243,kiemthugialap005@gmail.com,GET,/concerts/{id},3.336,200,ok,0,warmup
1791234414.454559,kiemthugialap066@gmail.com,POST,/orders,54.364,201,ok,0,warmup
1791234414.4550889,kiemthugialap094@gmail.com,GET,/concerts?on_sale=true,8.485,200,ok,0,warmup
1791234414.4777083,kiemthugialap085@gmail.com,POST,/orders,31.777,201,ok,0,warmup
1791234414.483883,kiemthugialap077@gmail.com,GET,/concerts?on_sale=true,5.855,200,ok,0,warmup
1791234414.484357,kiemthugialap045@gmail.com,GET,/concerts?on_sale=true,5.13,200,ok,0,warmup
1791234414.5099056,kiemthugialap033@gmail.com,POST,/orders,8.36,201,ok,0,warmup
1791234414.5177133,kiemthugialap057@gmail.com,POST,/orders,7.519,201,ok,0,warmup
1791234414.5380087,kiemthugialap067@gmail.com,GET,/concerts?on_sale=true,4.165,200,ok,0,warmup
1791234414.5756898,kiemthugialap052@gmail.com,GET,/orders/me,7.853,200,ok,0,warmup
1791234414.5762298,kiemthugialap024@gmail.com,GET,/orders/me,9.343,200,ok,0,warmup
1791234414.6401963,kiemthugialap078@gmail.com,GET,/orders/me,4.904,200,ok,0,warmup
1791234414.6604214,kiemthugialap080@gmail.com,GET,/orders/me,8.789,200,ok,0,warmup
1791234414.6624765,kiemthugialap039@gmail.com,POST,/orders,9.769,201,ok,0,warmup
1791234414.6948657,kiemthugialap042@gmail.com,GET,/concerts?on_sale=true,8.84,200,ok,0,warmup
1791234414.6955318,kiemthugialap032@gmail.com,GET,/concerts,9.007,200,ok,0,warmup
1791234414.6970026,kiemthugialap058@gmail.com,GET,/orders/me,9.053,200,ok,0,warmup
1791234414.70881,kiemthugialap016@gmail.com,GET,/concerts?on_sale=true,7.972,200,ok,0,warmup
1791234414.7092304,kiemthugialap061@gmail.com,GET,/concerts/{id},7.871,200,ok,0,warmup
1791234414.712731,kiemthugialap055@gmail.com,GET,/orders/me,8.676,200,ok,0,steady
1791234414.7131236,kiemthugialap034@gmail.com,GET,/orders/me,9.991,200,ok,0,steady
1791234414.7259781,kiemthugialap003@gmail.com,GET,/orders/me,7.685,200,ok,0,steady
1791234414.7582314,kiemthugialap019@gmail.com,GET,/orders/me,8.15,200,ok,0,steady
1791234414.793321,kiemthugialap036@gmail.com,GET,/orders/me,8.949,200,ok,0,steady
1791234414.8437715,kiemthugialap063@gmail.com,POST,/orders,8.799,409,sold_out,0,steady
1791234414.8477304,kiemthugialap063@gmail.com,GET,/concerts/{id}/ticket-types,3.813,200,ok,0,steady
1791234414.8789608,kiemthugialap046@gmail.com,GET,/orders/me,9.66,200,ok,0,steady
1791234414.8809257,kiemthugialap030@gmail.com,GET,/orders/me,12.812,200,ok,0,steady
1791234414.8813813,kiemthugialap027@gmail.com,GET,/orders/me,12.512,200,ok,0,steady
1791234414.8913167,kiemthugialap044@gmail.com,POST,/orders,12.003,201,ok,0,steady
1791234414.9085748,kiemthugialap070@gmail.com,POST,/orders,28.761,201,ok,0,steady
1791234414.9164493,kiemthugialap074@gmail.com,GET,/concerts/{id}/ticket-types,13.468,200,ok,0,steady
1791234414.9192016,kiemthugialap050@gmail.com,POST,/orders,17.344,409,sold_out,0,steady
1791234414.9292362,kiemthugialap050@gmail.com,GET,/concerts/{id}/ticket-types,9.805,200,ok,0,steady
1791234414.9311717,kiemthugialap012@gmail.com,GET,/orders/me,14.213,200,ok,0,steady
1791234414.935225,kiemthugialap002@gmail.com,GET,/orders/me,5.614,200,ok,0,steady
1791234414.9402256,kiemthugialap051@gmail.com,GET,/concerts/{id}/ticket-types,4.726,200,ok,0,steady
1791234414.9445233,kiemthugialap018@gmail.com,GET,/orders/me,4.1,200,ok,0,steady
1791234414.9903662,kiemthugialap099@gmail.com,GET,/orders/me,6.507,200,ok,0,steady
1791234414.990909,kiemthugialap026@gmail.com,GET,/orders/me,7.629,200,ok,0,steady
1791234415.0085826,kiemthugialap064@gmail.com,GET,/concerts/{id},6.776,200,ok,0,steady
1791234415.0108771,kiemthugialap004@gmail.com,GET,/orders/me,7.098,200,ok,0,steady
1791234415.0114205,kiemthugialap069@gmail.com,GET,/orders/me,8.72,200,ok,0,steady
1791234415.014111,kiemthugialap098@gmail.com,GET,/orders/me,5.348,200,ok,0,steady
1791234415.0301006,kiemthugialap085@gmail.com,GET,/orders/me,13.089,200,ok,0,steady
1791234415.037903,kiemthugialap095@gmail.com,GET,/concerts?on_sale=true,19.991,200,ok,0,steady
1791234415.0409937,kiemthugialap037@gmail.com,GET,/concerts?on_sale=true,9.811,200,ok,0,steady
1791234415.0504267,kiemthugialap075@gmail.com,GET,/concerts,9.17,200,ok,0,steady
1791234415.072545,kiemthugialap007@gmail.com,GET,/orders/me,42.208,200,ok,0,steady
1791234415.0797193,kiemthugialap015@gmail.com,GET,/orders/me,12.273,200,ok,0,steady
1791234415.0806675,kiemthugialap062@gmail.com,GET,/orders/me,13.938,200,ok,0,steady
1791234415.0817418,kiemthugialap096@gmail.com,GET,/orders/me,11.443,200,ok,0,steady
1791234415.0884078,kiemthugialap040@gmail.com,GET,/orders/me,5.36,200,ok,0,steady
1791234415.1257284,kiemthugialap020@gmail.com,GET,/orders/me,24.84,200,ok,0,steady
1791234415.1260903,kiemthugialap053@gmail.com,GET,/orders/me,25.825,200,ok,0,steady
1791234415.1281123,kiemthugialap056@gmail.com,GET,/concerts,9.432,200,ok,0,steady
1791234415.1297293,kiemthugialap091@gmail.com,GET,/concerts,8.924,200,ok,0,steady
1791234415.1300693,kiemthugialap071@gmail.com,GET,/concerts,11.13,200,ok,0,steady
1791234415.131516,kiemthugialap013@gmail.com,GET,/orders/me,13.613,200,ok,0,steady
1791234415.1325357,kiemthugialap081@gmail.com,GET,/concerts/{id},7.444,200,ok,0,steady
1791234415.1343267,kiemthugialap009@gmail.com,GET,/orders/me,8.112,200,ok,0,steady
1791234415.1402378,kiemthugialap068@gmail.com,GET,/orders/me,5.488,200,ok,0,steady
1791234415.172358,kiemthugialap073@gmail.com,GET,/orders/me,5.808,200,ok,0,steady
1791234415.1791775,kiemthugialap025@gmail.com,GET,/orders/me,6.536,200,ok,0,steady
1791234415.1795578,kiemthugialap077@gmail.com,GET,/orders/me,6.362,200,ok,0,steady
1791234415.208659,kiemthugialap022@gmail.com,GET,/orders/me,4.566,200,ok,0,steady
1791234415.2234523,kiemthugialap016@gmail.com,GET,/orders/me,5.183,200,ok,0,steady
1791234415.2537043,kiemthugialap072@gmail.com,GET,/concerts/{id},3.826,200,ok,0,steady
1791234415.2783647,kiemthugialap042@gmail.com,GET,/orders/me,8.991,200,ok,0,steady
1791234415.2791426,kiemthugialap035@gmail.com,POST,/orders,11.315,409,sold_out,0,steady
1791234415.2799573,kiemthugialap024@gmail.com,GET,/orders/me,10.928,200,ok,0,steady
1791234415.2829225,kiemthugialap035@gmail.com,GET,/concerts/{id}/ticket-types,3.68,200,ok,0,steady
1791234415.326593,kiemthugialap066@gmail.com,GET,/orders/me,9.879,200,ok,0,steady
1791234415.357936,kiemthugialap006@gmail.com,GET,/concerts/{id},7.571,200,ok,0,steady
1791234415.3647625,kiemthugialap055@gmail.com,GET,/orders/me,6.524,200,ok,0,steady
1791234415.4051263,kiemthugialap078@gmail.com,GET,/orders/me,21.111,200,ok,0,steady
1791234415.4056838,kiemthugialap087@gmail.com,GET,/orders/me,22.473,200,ok,0,steady
1791234415.4228604,kiemthugialap010@gmail.com,GET,/orders/me,5.24,200,ok,0,steady
1791234415.4533622,kiemthugialap100@gmail.com,GET,/concerts?on_sale=true,3.933,200,ok,0,steady
1791234415.4903808,kiemthugialap023@gmail.com,GET,/orders/me,5.676,200,ok,0,steady
1791234415.5229485,kiemthugialap079@gmail.com,GET,/orders/me,6.115,200,ok,0,steady
1791234415.5290017,kiemthugialap061@gmail.com,POST,/orders,7.799,409,sold_out,0,steady
1791234415.5419683,kiemthugialap061@gmail.com,GET,/concerts/{id}/ticket-types,12.834,200,ok,0,steady
1791234415.544296,kiemthugialap076@gmail.com,GET,/concerts/{id},13.514,200,ok,0,steady
1791234415.544463,kiemthugialap049@gmail.com,GET,/orders/me,14.815,200,ok,0,steady
1791234415.5476127,kiemthugialap031@gmail.com,GET,/concerts?on_sale=true,12.123,200,ok,0,steady
1791234415.549303,kiemthugialap034@gmail.com,GET,/orders/me,8.295,200,ok,0,steady
1791234415.5765998,kiemthugialap030@gmail.com,GET,/concerts/{id},9.717,200,ok,0,steady
1791234415.5778246,kiemthugialap033@gmail.com,GET,/orders/me,9.765,200,ok,0,steady
1791234415.5828614,kiemthugialap037@gmail.com,GET,/orders/me,4.861,200,ok,0,steady
1791234415.6096904,kiemthugialap017@gmail.com,GET,/orders/me,9.386,200,ok,0,steady
1791234415.6411858,kiemthugialap014@gmail.com,GET,/orders/me,8.051,200,ok,0,steady
1791234415.6583843,kiemthugialap008@gmail.com,GET,/concerts/{id},5.086,200,ok,0,steady
1791234415.6613781,kiemthugialap088@gmail.com,POST,/orders,10.135,409,sold_out,0,steady
1791234415.665984,kiemthugialap088@gmail.com,GET,/concerts/{id}/ticket-types,4.442,200,ok,0,steady
1791234415.693006,kiemthugialap065@gmail.com,GET,/orders/me,7.771,200,ok,0,steady
1791234415.6936197,kiemthugialap011@gmail.com,GET,/orders/me,9.15,200,ok,0,steady
1791234415.7247784,kiemthugialap001@gmail.com,GET,/concerts?on_sale=true,8.236,200,ok,0,steady
1791234415.7260005,kiemthugialap074@gmail.com,GET,/concerts/{id}/ticket-types,8.694,200,ok,0,steady
1791234415.7267208,kiemthugialap054@gmail.com,GET,/orders/me,9.035,200,ok,0,steady
1791234415.8052137,kiemthugialap094@gmail.com,POST,/orders,62.797,201,ok,0,steady
1791234415.8187883,kiemthugialap084@gmail.com,GET,/concerts/{id}/ticket-types,60.113,200,ok,0,steady
1791234415.819159,kiemthugialap090@gmail.com,GET,/concerts,34.354,200,ok,0,steady
1791234415.8194587,kiemthugialap021@gmail.com,GET,/concerts/{id},61.069,200,ok,0,steady
1791234415.8207743,kiemthugialap097@gmail.com,GET,/concerts,37.424,200,ok,0,steady
1791234415.823815,kiemthugialap022@gmail.com,GET,/orders/me,23.992,200,ok,0,steady
1791234415.8250844,kiemthugialap093@gmail.com,POST,/orders,39.827,409,sold_out,0,steady
1791234415.825936,kiemthugialap052@gmail.com,GET,/orders/me,68.409,200,ok,0,steady
1791234415.8305247,kiemthugialap093@gmail.com,GET,/concerts/{id}/ticket-types,5.359,200,ok,0,steady
1791234415.831012,kiemthugialap086@gmail.com,GET,/orders/me,7.054,200,ok,0,steady
1791234415.8483555,kiemthugialap096@gmail.com,GET,/concerts?on_sale=true,6.347,200,ok,0,steady
1791234415.849362,kiemthugialap025@gmail.com,GET,/orders/me,7.952,200,ok,0,steady
1791234415.9008782,kiemthugialap044@gmail.com,GET,/orders/me,6.57,200,ok,0,steady
1791234415.905649,kiemthugialap089@gmail.com,GET,/concerts/{id}/ticket-types,4.517,200,ok,0,steady
1791234415.93192,kiemthugialap047@gmail.com,GET,/orders/me,9.654,200,ok,0,steady
1791234415.9332604,kiemthugialap032@gmail.com,GET,/concerts/{id},8.186,200,ok,0,steady
1791234415.9345076,kiemthugialap020@gmail.com,GET,/orders/me,9.944,200,ok,0,steady
1791234415.9376864,kiemthugialap059@gmail.com,GET,/orders/me,5.617,200,ok,0,steady
1791234415.961826,kiemthugialap082@gmail.com,GET,/concerts/{id},4.971,200,ok,0,steady
1791234415.9788663,kiemthugialap005@gmail.com,GET,/concerts?on_sale=true,7.026,200,ok,0,steady
1791234415.9792223,kiemthugialap026@gmail.com,GET,/concerts,6.306,200,ok,0,steady
1791234415.9795115,kiemthugialap080@gmail.com,GET,/concerts/{id},5.27,200,ok,0,steady
1791234415.9815865,kiemthugialap029@gmail.com,GET,/orders/me,3.31,200,ok,0,steady
1791234415.985318,kiemthugialap053@gmail.com,GET,/orders/me,3.582,200,ok,0,steady
1791234416.0242667,kiemthugialap099@gmail.com,GET,/concerts/{id},10.432,200,ok,0,steady
1791234416.0250413,kiemthugialap098@gmail.com,GET,/concerts?on_sale=true,9.565,200,ok,0,steady
1791234416.0309377,kiemthugialap092@gmail.com,POST,/orders,14.812,201,ok,0,steady
1791234416.0351179,kiemthugialap060@gmail.com,GET,/orders/me,9.88,200,ok,0,steady
1791234416.036769,kiemthugialap048@gmail.com,GET,/concerts,5.602,200,ok,0,steady
1791234416.0411787,kiemthugialap038@gmail.com,GET,/orders/me,5.82,200,ok,0,steady
1791234416.0423193,kiemthugialap043@gmail.com,GET,/orders/me,5.365,200,ok,0,steady
1791234416.0545876,kiemthugialap051@gmail.com,GET,/concerts?on_sale=true,5.958,200,ok,0,steady
1791234416.056073,kiemthugialap041@gmail.com,GET,/orders/me,6.08,200,ok,0,steady
1791234416.0880892,kiemthugialap083@gmail.com,GET,/concerts/{id},5.973,200,ok,0,steady
1791234416.0891144,kiemthugialap057@gmail.com,GET,/orders/me,5.026,200,ok,0,steady
1791234416.1181562,kiemthugialap036@gmail.com,GET,/orders/me,4.711,200,ok,0,steady
1791234416.1216779,kiemthugialap046@gmail.com,GET,/concerts?on_sale=true,3.256,200,ok,0,steady
1791234416.1633508,kiemthugialap042@gmail.com,GET,/concerts,3.861,200,ok,0,steady
1791234416.2355247,kiemthugialap015@gmail.com,GET,/orders/me,7.196,200,ok,0,steady
1791234416.2526884,kiemthugialap018@gmail.com,GET,/orders/me,8.743,200,ok,0,steady
1791234416.290667,kiemthugialap003@gmail.com,GET,/orders/me,14.381,200,ok,0,steady
1791234416.2911813,kiemthugialap028@gmail.com,GET,/orders/me,11.62,200,ok,0,steady
1791234416.2916462,kiemthugialap002@gmail.com,GET,/orders/me,14.309,200,ok,0,steady
1791234416.2920084,kiemthugialap045@gmail.com,GET,/orders/me,14.229,200,ok,0,steady
1791234416.2972155,kiemthugialap061@gmail.com,GET,/concerts,8.13,200,ok,0,steady
1791234416.3028567,kiemthugialap050@gmail.com,POST,/orders,14.163,201,ok,0,steady
1791234416.3081632,kiemthugialap075@gmail.com,POST,/orders,18.593,409,sold_out,0,steady
1791234416.3123212,kiemthugialap075@gmail.com,GET,/concerts/{id}/ticket-types,4.061,200,ok,0,steady
1791234416.312698,kiemthugialap039@gmail.com,GET,/concerts,3.733,200,ok,0,steady
1791234416.3215833,kiemthugialap067@gmail.com,POST,/orders,32.248,201,ok,0,steady
1791234416.345818,kiemthugialap072@gmail.com,GET,/concerts/{id}/ticket-types,24.059,200,ok,0,steady
1791234416.3472629,kiemthugialap070@gmail.com,GET,/orders/me,28.997,200,ok,0,steady
1791234416.349087,kiemthugialap009@gmail.com,GET,/orders/me,15.525,200,ok,0,steady
1791234416.351975,kiemthugialap095@gmail.com,GET,/orders/me,29.872,200,ok,0,steady
1791234416.352212,kiemthugialap035@gmail.com,GET,/concerts/{id}/ticket-types,14.357,200,ok,0,steady
1791234416.353946,kiemthugialap085@gmail.com,GET,/concerts/{id},13.261,200,ok,0,steady
1791234416.3558464,kiemthugialap056@gmail.com,GET,/orders/me,10.805,200,ok,0,steady
1791234416.377921,kiemthugialap004@gmail.com,GET,/orders/me,5.081,200,ok,0,steady
1791234416.3805645,kiemthugialap087@gmail.com,GET,/concerts/{id},2.476,200,ok,0,steady
1791234416.3838375,kiemthugialap012@gmail.com,GET,/orders/me,3.131,200,ok,0,steady
1791234416.4077816,kiemthugialap010@gmail.com,GET,/orders/me,4.437,200,ok,0,steady
1791234416.4569633,kiemthugialap027@gmail.com,GET,/orders/me,5.872,200,ok,0,steady
1791234416.4994698,kiemthugialap069@gmail.com,GET,/orders/me,6.083,200,ok,0,steady
1791234416.5308926,kiemthugialap055@gmail.com,GET,/concerts/{id},6.288,200,ok,0,steady
1791234416.5359075,kiemthugialap086@gmail.com,GET,/orders/me,4.742,200,ok,0,steady
1791234416.5550175,kiemthugialap091@gmail.com,GET,/concerts,4.399,200,ok,0,steady
1791234416.5721285,kiemthugialap013@gmail.com,GET,/concerts/{id},4.308,200,ok,0,steady
1791234416.589384,kiemthugialap031@gmail.com,GET,/orders/me,5.704,200,ok,0,steady
1791234416.6108646,kiemthugialap058@gmail.com,GET,/orders/me,8.479,200,ok,0,steady
1791234416.6124299,kiemthugialap078@gmail.com,GET,/orders/me,12.871,200,ok,0,steady
1791234416.6129525,kiemthugialap100@gmail.com,POST,/orders,12.444,409,sold_out,0,steady
1791234416.6170707,kiemthugialap071@gmail.com,GET,/concerts/{id}/ticket-types,5.91,200,ok,0,steady
1791234416.6187484,kiemthugialap100@gmail.com,GET,/concerts/{id}/ticket-types,5.686,200,ok,0,steady
1791234416.6204944,kiemthugialap098@gmail.com,GET,/concerts/{id},6.674,200,ok,0,steady
1791234416.6513817,kiemthugialap017@gmail.com,GET,/concerts/{id},3.641,200,ok,0,steady
1791234416.6724508,kiemthugialap096@gmail.com,GET,/concerts/{id},8.172,200,ok,0,steady
1791234416.673498,kiemthugialap006@gmail.com,GET,/orders/me,10.509,200,ok,0,steady
1791234416.6959941,kiemthugialap081@gmail.com,GET,/orders/me,6.836,200,ok,0,steady
1791234416.7105415,kiemthugialap019@gmail.com,GET,/orders/me,5.206,200,ok,0,steady
1791234416.7158153,kiemthugialap034@gmail.com,GET,/orders/me,4.998,200,ok,0,steady
1791234416.752472,kiemthugialap022@gmail.com,GET,/orders/me,8.294,200,ok,0,steady
1791234416.7531269,kiemthugialap016@gmail.com,GET,/orders/me,9.8,200,ok,0,steady
1791234416.7535014,kiemthugialap008@gmail.com,GET,/orders/me,9.142,200,ok,0,steady
1791234416.7804172,kiemthugialap001@gmail.com,GET,/concerts,6.256,200,ok,0,steady
1791234416.7842789,kiemthugialap062@gmail.com,GET,/orders/me,11.081,200,ok,0,steady
1791234416.7849164,kiemthugialap040@gmail.com,GET,/orders/me,9.623,200,ok,0,steady
1791234416.7889054,kiemthugialap094@gmail.com,GET,/concerts?on_sale=true,6.262,200,ok,0,steady
1791234416.790895,kiemthugialap099@gmail.com,GET,/concerts,9.227,200,ok,0,steady
1791234416.7913268,kiemthugialap014@gmail.com,GET,/orders/me,10.587,200,ok,0,steady
1791234416.8061895,kiemthugialap068@gmail.com,GET,/orders/me,6.557,200,ok,0,steady
1791234416.8091335,kiemthugialap030@gmail.com,GET,/concerts?on_sale=true,2.744,200,ok,0,steady
1791234416.812907,kiemthugialap015@gmail.com,GET,/orders/me,3.603,200,ok,0,steady
1791234416.8232355,kiemthugialap063@gmail.com,POST,/orders,10.02,201,ok,0,steady
1791234416.8363802,kiemthugialap032@gmail.com,GET,/orders/me,5.97,200,ok,0,steady
1791234416.8416445,kiemthugialap073@gmail.com,GET,/orders/me,4.928,200,ok,0,steady
1791234416.8528025,kiemthugialap011@gmail.com,GET,/orders/me,5.913,200,ok,0,steady
1791234416.853206,kiemthugialap002@gmail.com,GET,/orders/me,7.359,200,ok,0,steady
1791234416.8891885,kiemthugialap077@gmail.com,GET,/orders/me,7.751,200,ok,0,steady
1791234416.891564,kiemthugialap074@gmail.com,POST,/orders,11.672,201,ok,0,steady
1791234416.9217484,kiemthugialap047@gmail.com,GET,/orders/me,9.949,200,ok,0,steady
1791234416.9238057,kiemthugialap059@gmail.com,GET,/orders/me,13.484,200,ok,0,steady
1791234416.9265287,kiemthugialap070@gmail.com,GET,/concerts/{id},4.46,200,ok,0,steady
1791234416.9306731,kiemthugialap092@gmail.com,GET,/concerts,3.476,200,ok,0,steady
1791234416.9703586,kiemthugialap036@gmail.com,GET,/concerts/{id},7.471,200,ok,0,steady
1791234416.9714432,kiemthugialap037@gmail.com,GET,/concerts?on_sale=true,9.046,200,ok,0,steady
1791234416.9718127,kiemthugialap064@gmail.com,GET,/orders/me,10.192,200,ok,0,steady
1791234416.9987962,kiemthugialap007@gmail.com,GET,/orders/me,6.713,200,ok,0,steady
1791234417.029113,kiemthugialap049@gmail.com,GET,/orders/me,5.899,200,ok,0,steady
1791234417.0762517,kiemthugialap060@gmail.com,GET,/concerts?on_sale=true,6.718,200,ok,0,steady
1791234417.0771654,kiemthugialap044@gmail.com,GET,/orders/me,8.495,200,ok,0,steady
1791234417.0926266,kiemthugialap042@gmail.com,GET,/concerts/{id},8.083,200,ok,0,steady
1791234417.1021664,kiemthugialap012@gmail.com,GET,/concerts?on_sale=true,7.991,200,ok,0,steady
1791234417.1079512,kiemthugialap041@gmail.com,GET,/concerts/{id},14.064,200,ok,0,steady
1791234417.1092567,kiemthugialap065@gmail.com,GET,/orders/me,16.342,200,ok,0,steady
1791234417.110223,kiemthugialap038@gmail.com,GET,/orders/me,16.663,200,ok,0,steady
1791234417.1196883,kiemthugialap020@gmail.com,GET,/orders/me,13.833,200,ok,0,steady
1791234417.1227093,kiemthugialap043@gmail.com,GET,/orders/me,18.493,200,ok,0,steady
1791234417.1347032,kiemthugialap046@gmail.com,GET,/concerts/{id},11.563,200,ok,0,steady
1791234417.1422002,kiemthugialap089@gmail.com,POST,/orders,17.771,201,ok,0,steady
1791234417.1584074,kiemthugialap039@gmail.com,GET,/orders/me,8.921,200,ok,0,steady
1791234417.16262,kiemthugialap024@gmail.com,GET,/concerts?on_sale=true,3.828,200,ok,0,steady
1791234417.1972158,kiemthugialap075@gmail.com,GET,/concerts,14.821,200,ok,0,steady
1791234417.19867,kiemthugialap072@gmail.com,POST,/orders,15.109,201,ok,0,steady
1791234417.199288,kiemthugialap090@gmail.com,GET,/orders/me,16.248,200,ok,0,steady
1791234417.2314425,kiemthugialap051@gmail.com,GET,/concerts/{id}/ticket-types,17.974,200,ok,0,steady
1791234417.2318308,kiemthugialap083@gmail.com,GET,/orders/me,18.041,200,ok,0,steady
1791234417.2328534,kiemthugialap076@gmail.com,GET,/orders/me,20.02,200,ok,0,steady
1791234417.237029,kiemthugialap023@gmail.com,GET,/orders/me,7.925,200,ok,0,steady
1791234417.2374353,kiemthugialap080@gmail.com,GET,/orders/me,9.121,200,ok,0,steady
1791234417.2477777,kiemthugialap029@gmail.com,GET,/concerts/{id},4.231,200,ok,0,steady
1791234417.3040729,kiemthugialap054@gmail.com,GET,/orders/me,8.432,200,ok,0,steady
1791234417.3059075,kiemthugialap079@gmail.com,GET,/orders/me,11.9,200,ok,0,steady
1791234417.3081892,kiemthugialap035@gmail.com,POST,/orders,13.023,201,ok,0,steady
1791234417.3107917,kiemthugialap057@gmail.com,GET,/concerts?on_sale=true,6.096,200,ok,0,steady
1791234417.3253987,kiemthugialap098@gmail.com,GET,/orders/me,6.896,200,ok,0,steady
1791234417.32907,kiemthugialap056@gmail.com,GET,/concerts?on_sale=true,3.232,200,ok,0,steady
1791234417.337569,kiemthugialap069@gmail.com,GET,/concerts?on_sale=true,29.204,200,ok,0,steady
1791234417.338215,kiemthugialap066@gmail.com,GET,/concerts/{id},33.947,200,ok,0,steady
1791234417.3486147,kiemthugialap096@gmail.com,GET,/concerts?on_sale=true,10.156,200,ok,0,steady
1791234417.3544428,kiemthugialap085@gmail.com,GET,/orders/me,10.081,200,ok,0,steady
1791234417.3981853,kiemthugialap028@gmail.com,GET,/orders/me,6.859,200,ok,0,steady
1791234417.4016693,kiemthugialap088@gmail.com,GET,/concerts/{id}/ticket-types,3.28,200,ok,0,steady
1791234417.4198806,kiemthugialap025@gmail.com,GET,/orders/me,8.209,200,ok,0,steady
1791234417.4222622,kiemthugialap078@gmail.com,GET,/orders/me,10.063,200,ok,0,steady
1791234417.4249418,kiemthugialap033@gmail.com,GET,/orders/me,4.632,200,ok,0,steady
1791234417.4495456,kiemthugialap081@gmail.com,GET,/concerts,5.638,200,ok,0,steady
1791234417.450175,kiemthugialap095@gmail.com,GET,/concerts?on_sale=true,7.092,200,ok,0,steady
1791234417.4555058,kiemthugialap084@gmail.com,POST,/orders,11.915,201,ok,0,steady
1791234417.518079,kiemthugialap040@gmail.com,GET,/orders/me,7.335,200,ok,0,steady
1791234417.5198636,kiemthugialap011@gmail.com,GET,/orders/me,10.15,200,ok,0,steady
1791234417.5217116,kiemthugialap097@gmail.com,GET,/concerts?on_sale=true,3.334,200,ok,0,steady
1791234417.5575883,kiemthugialap073@gmail.com,GET,/orders/me,5.77,200,ok,0,steady
1791234417.566396,kiemthugialap093@gmail.com,POST,/orders,8.535,201,ok,0,steady
1791234417.5730226,kiemthugialap015@gmail.com,GET,/orders/me,6.323,200,ok,0,steady
1791234417.5789306,kiemthugialap005@gmail.com,GET,/orders/me,5.619,200,ok,0,steady
1791234417.59325,kiemthugialap004@gmail.com,GET,/orders/me,8.669,200,ok,0,steady
1791234417.6224704,kiemthugialap059@gmail.com,GET,/orders/me,6.689,200,ok,0,steady
1791234417.6231651,kiemthugialap049@gmail.com,GET,/orders/me,8.917,200,ok,0,steady
1791234417.6600049,kiemthugialap006@gmail.com,GET,/orders/me,7.683,200,ok,0,steady
1791234417.6605124,kiemthugialap052@gmail.com,GET,/orders/me,7.178,200,ok,0,steady
1791234417.6837358,kiemthugialap086@gmail.com,GET,/concerts?on_sale=true,4.688,200,ok,0,steady
1791234417.6853955,kiemthugialap058@gmail.com,GET,/orders/me,7.311,200,ok,0,steady
1791234417.688069,kiemthugialap018@gmail.com,GET,/concerts/{id},3.821,200,ok,0,steady
1791234417.6885176,kiemthugialap009@gmail.com,GET,/concerts/{id},4.625,200,ok,0,steady
1791234417.6978726,kiemthugialap099@gmail.com,GET,/orders/me,5.012,200,ok,0,steady
1791234417.7159464,kiemthugialap072@gmail.com,GET,/orders/me,7.471,200,ok,0,steady
1791234417.720901,kiemthugialap077@gmail.com,GET,/orders/me,4.762,200,ok,0,steady
1791234417.7461364,kiemthugialap060@gmail.com,GET,/concerts,6.052,200,ok,0,steady
1791234417.747204,kiemthugialap026@gmail.com,GET,/orders/me,8.047,200,ok,0,steady
1791234417.780487,kiemthugialap042@gmail.com,GET,/concerts?on_sale=true,9.472,200,ok,0,steady
1791234417.7836227,kiemthugialap016@gmail.com,GET,/orders/me,12.106,200,ok,0,steady
1791234417.7852404,kiemthugialap071@gmail.com,POST,/orders,14.83,201,ok,0,steady
1791234417.7857108,kiemthugialap091@gmail.com,GET,/orders/me,14.424,200,ok,0,steady
1791234417.8031466,kiemthugialap055@gmail.com,GET,/concerts?on_sale=true,19.226,200,ok,0,steady
1791234417.8168192,kiemthugialap010@gmail.com,GET,/orders/me,13.509,200,ok,0,steady
1791234417.81897,kiemthugialap045@gmail.com,GET,/orders/me,18.642,200,ok,0,steady
1791234417.8203065,kiemthugialap037@gmail.com,GET,/concerts?on_sale=true,18.887,200,ok,0,steady
1791234417.825433,kiemthugialap021@gmail.com,GET,/orders/me,23.61,200,ok,0,steady
1791234417.826879,kiemthugialap067@gmail.com,GET,/concerts?on_sale=true,2.598,200,ok,0,steady
1791234417.8289561,kiemthugialap094@gmail.com,GET,/concerts,1.965,200,ok,0,steady
1791234417.8490522,kiemthugialap082@gmail.com,POST,/orders,9.157,201,ok,0,steady
1791234417.8551273,kiemthugialap036@gmail.com,GET,/concerts/{id},5.836,200,ok,0,steady
1791234417.856236,kiemthugialap053@gmail.com,GET,/orders/me,6.089,200,ok,0,steady
1791234417.8723872,kiemthugialap061@gmail.com,POST,/orders,8.96,201,ok,0,steady
1791234417.8849692,kiemthugialap034@gmail.com,GET,/orders/me,6.335,200,ok,0,steady
1791234417.9620621,kiemthugialap098@gmail.com,GET,/orders/me,11.084,200,ok,0,steady
1791234417.9628358,kiemthugialap043@gmail.com,GET,/orders/me,10.473,200,ok,0,steady
1791234417.9632728,kiemthugialap048@gmail.com,GET,/orders/me,8.419,200,ok,0,steady
1791234417.988494,kiemthugialap030@gmail.com,GET,/orders/me,6.364,200,ok,0,steady
1791234417.9888537,kiemthugialap057@gmail.com,GET,/orders/me,6.19,200,ok,0,steady
1791234418.010497,kiemthugialap075@gmail.com,POST,/orders,9.511,201,ok,0,steady
1791234418.0159218,kiemthugialap013@gmail.com,GET,/concerts?on_sale=true,5.139,200,ok,0,steady
1791234418.0169432,kiemthugialap089@gmail.com,GET,/orders/me,5.567,200,ok,0,steady
1791234418.0255747,kiemthugialap083@gmail.com,GET,/orders/me,7.105,200,ok,0,steady
1791234418.0541558,kiemthugialap003@gmail.com,GET,/concerts/{id},8.459,200,ok,0,steady
1791234418.0559282,kiemthugialap041@gmail.com,GET,/orders/me,11.448,200,ok,0,steady
1791234418.0595105,kiemthugialap050@gmail.com,GET,/orders/me,4.869,200,ok,0,steady
1791234418.0598974,kiemthugialap031@gmail.com,GET,/concerts/{id},3.853,200,ok,0,steady
1791234418.1587923,kiemthugialap032@gmail.com,GET,/orders/me,6.597,200,ok,0,steady
1791234418.1726449,kiemthugialap014@gmail.com,GET,/orders/me,4.852,200,ok,0,steady
1791234418.1764889,kiemthugialap056@gmail.com,GET,/orders/me,3.693,200,ok,0,steady
1791234418.255645,kiemthugialap063@gmail.com,GET,/orders/me,6.262,200,ok,0,steady
1791234418.2583413,kiemthugialap008@gmail.com,GET,/concerts,2.532,200,ok,0,steady
1791234418.277204,kiemthugialap097@gmail.com,GET,/concerts?on_sale=true,7.916,200,ok,0,steady
1791234418.2777364,kiemthugialap039@gmail.com,GET,/orders/me,9.605,200,ok,0,steady
1791234418.2930453,kiemthugialap087@gmail.com,GET,/orders/me,8.859,200,ok,0,steady
1791234418.2937336,kiemthugialap074@gmail.com,GET,/orders/me,8.887,200,ok,0,steady
1791234418.3041384,kiemthugialap076@gmail.com,GET,/concerts?on_sale=true,4.623,200,ok,0,steady
1791234418.319036,kiemthugialap001@gmail.com,GET,/orders/me,4.323,200,ok,0,steady
1791234418.323151,kiemthugialap058@gmail.com,GET,/orders/me,3.915,200,ok,0,steady
1791234418.3413463,kiemthugialap081@gmail.com,GET,/concerts?on_sale=true,5.452,200,ok,0,steady
1791234418.3636463,kiemthugialap027@gmail.com,GET,/orders/me,9.244,200,ok,0,steady
1791234418.365246,kiemthugialap070@gmail.com,GET,/orders/me,9.737,200,ok,0,steady
1791234418.3686287,kiemthugialap047@gmail.com,GET,/orders/me,4.64,200,ok,0,steady
1791234418.3895822,kiemthugialap092@gmail.com,GET,/concerts,4.861,200,ok,0,steady
1791234418.4111996,kiemthugialap061@gmail.com,GET,/orders/me,7.945,200,ok,0,steady
1791234418.4120705,kiemthugialap066@gmail.com,GET,/orders/me,9.492,200,ok,0,steady
1791234418.4306595,kiemthugialap086@gmail.com,GET,/concerts,4.493,200,ok,0,steady
1791234418.4316063,kiemthugialap064@gmail.com,GET,/orders/me,6.542,200,ok,0,steady
1791234418.459785,kiemthugialap022@gmail.com,GET,/orders/me,4.75,200,ok,0,steady
1791234418.4741175,kiemthugialap100@gmail.com,GET,/concerts/{id},5.481,200,ok,0,steady
1791234418.4752822,kiemthugialap035@gmail.com,GET,/orders/me,5.566,200,ok,0,steady
1791234418.5282598,kiemthugialap002@gmail.com,GET,/concerts?on_sale=true,3.789,200,ok,0,steady
1791234418.5286946,kiemthugialap067@gmail.com,GET,/concerts?on_sale=true,4.877,200,ok,0,steady
1791234418.580021,kiemthugialap093@gmail.com,GET,/concerts?on_sale=true,9.739,200,ok,0,steady
1791234418.5805237,kiemthugialap045@gmail.com,GET,/concerts,8.671,200,ok,0,steady
1791234418.58223,kiemthugialap007@gmail.com,GET,/orders/me,9.007,200,ok,0,steady
1791234418.582578,kiemthugialap094@gmail.com,GET,/orders/me,11.2,200,ok,0,steady
1791234418.6097548,kiemthugialap012@gmail.com,GET,/concerts,6.038,200,ok,0,steady
1791234418.611573,kiemthugialap038@gmail.com,GET,/orders/me,9.131,200,ok,0,steady
1791234418.6121142,kiemthugialap084@gmail.com,GET,/orders/me,10.921,200,ok,0,steady
1791234418.6506495,kiemthugialap017@gmail.com,GET,/orders/me,5.422,200,ok,0,steady
1791234418.6540937,kiemthugialap019@gmail.com,GET,/concerts,3.262,200,ok,0,steady
1791234418.6580887,kiemthugialap091@gmail.com,GET,/orders/me,3.814,200,ok,0,steady
1791234418.6934435,kiemthugialap068@gmail.com,GET,/concerts?on_sale=true,7.732,200,ok,0,steady
1791234418.6948595,kiemthugialap090@gmail.com,GET,/orders/me,8.79,200,ok,0,steady
1791234418.6958835,kiemthugialap077@gmail.com,GET,/orders/me,10.819,200,ok,0,steady
1791234418.6993048,kiemthugialap004@gmail.com,GET,/orders/me,4.283,200,ok,0,steady
1791234418.7009895,kiemthugialap095@gmail.com,GET,/orders/me,7.291,200,ok,0,steady
1791234418.7055478,kiemthugialap069@gmail.com,GET,/orders/me,6.015,200,ok,0,steady
1791234418.7599025,kiemthugialap062@gmail.com,GET,/concerts,10.471,200,ok,0,steady
1791234418.760388,kiemthugialap075@gmail.com,GET,/orders/me,10.53,200,ok,0,steady
1791234418.7607126,kiemthugialap071@gmail.com,GET,/orders/me,11.846,200,ok,0,steady
1791234418.761061,kiemthugialap023@gmail.com,GET,/orders/me,11.433,200,ok,0,steady
1791234418.7884429,kiemthugialap059@gmail.com,GET,/concerts,8.104,200,ok,0,steady
1791234418.7895954,kiemthugialap046@gmail.com,GET,/orders/me,8.252,200,ok,0,steady
1791234418.8034747,kiemthugialap006@gmail.com,GET,/orders/me,5.843,200,ok,0,steady
1791234418.8261824,kiemthugialap057@gmail.com,GET,/orders/me,13.269,200,ok,0,steady
1791234418.8281426,kiemthugialap079@gmail.com,GET,/orders/me,14.691,200,ok,0,steady
1791234418.8287191,kiemthugialap051@gmail.com,POST,/orders,15.014,201,ok,0,steady
1791234418.8325572,kiemthugialap021@gmail.com,GET,/orders/me,6.04,200,ok,0,steady
1791234418.8370175,kiemthugialap029@gmail.com,GET,/concerts/{id},4.194,200,ok,0,steady
1791234418.873076,kiemthugialap065@gmail.com,GET,/concerts/{id},8.262,200,ok,0,steady
1791234418.8736613,kiemthugialap011@gmail.com,GET,/orders/me,9.307,200,ok,0,steady
1791234418.8741837,kiemthugialap089@gmail.com,GET,/orders/me,11.122,200,ok,0,steady
1791234418.9032726,kiemthugialap024@gmail.com,GET,/orders/me,8.901,200,ok,0,steady
1791234418.9331903,kiemthugialap081@gmail.com,GET,/orders/me,10.225,200,ok,0,steady
1791234418.933737,kiemthugialap074@gmail.com,GET,/orders/me,10.442,200,ok,0,steady
1791234418.9349356,kiemthugialap044@gmail.com,GET,/orders/me,13.028,200,ok,0,steady
1791234418.9587066,kiemthugialap060@gmail.com,GET,/concerts,6.136,200,ok,0,steady
1791234418.9656408,kiemthugialap058@gmail.com,GET,/orders/me,6.611,200,ok,0,steady
1791234418.9705844,kiemthugialap034@gmail.com,GET,/concerts/{id},4.609,200,ok,0,steady
1791234418.9963894,kiemthugialap027@gmail.com,GET,/orders/me,5.215,200,ok,0,steady
1791234419.0627403,kiemthugialap018@gmail.com,GET,/orders/me,10.148,200,ok,0,steady
1791234419.0633106,kiemthugialap016@gmail.com,GET,/orders/me,12.038,200,ok,0,steady
1791234419.0855744,kiemthugialap078@gmail.com,GET,/orders/me,8.593,200,ok,0,steady
1791234419.0866523,kiemthugialap052@gmail.com,GET,/orders/me,10.781,200,ok,0,steady
1791234419.08701,kiemthugialap015@gmail.com,GET,/orders/me,9.744,200,ok,0,steady
1791234419.090131,kiemthugialap080@gmail.com,GET,/orders/me,4.405,200,ok,0,steady
1791234419.1148217,kiemthugialap005@gmail.com,GET,/orders/me,7.356,200,ok,0,steady
1791234419.1153522,kiemthugialap073@gmail.com,GET,/orders/me,8.919,200,ok,0,steady
1791234419.117567,kiemthugialap020@gmail.com,GET,/concerts/{id},3.961,200,ok,0,steady
1791234419.1496587,kiemthugialap085@gmail.com,GET,/orders/me,5.089,200,ok,0,steady
1791234419.167297,kiemthugialap028@gmail.com,GET,/concerts?on_sale=true,6.335,200,ok,0,steady
1791234419.1983323,kiemthugialap037@gmail.com,GET,/orders/me,7.034,200,ok,0,steady
1791234419.2014341,kiemthugialap100@gmail.com,GET,/concerts?on_sale=true,2.9,200,ok,0,steady
1791234419.2331214,kiemthugialap049@gmail.com,GET,/concerts/{id},11.602,200,ok,0,steady
1791234419.2347822,kiemthugialap054@gmail.com,GET,/concerts/{id},11.759,200,ok,0,steady
1791234419.235228,kiemthugialap072@gmail.com,GET,/concerts/{id},13.207,200,ok,0,steady
1791234419.2361636,kiemthugialap008@gmail.com,GET,/concerts/{id},13.439,200,ok,0,steady
1791234419.2365777,kiemthugialap007@gmail.com,GET,/concerts?on_sale=true,11.404,200,ok,0,steady
1791234419.2367773,kiemthugialap040@gmail.com,GET,/orders/me,12.133,200,ok,0,steady
1791234419.2390633,kiemthugialap025@gmail.com,GET,/orders/me,16.644,200,ok,0,steady
1791234419.2571595,kiemthugialap091@gmail.com,GET,/concerts/{id},4.821,200,ok,0,steady
1791234419.257648,kiemthugialap093@gmail.com,GET,/concerts?on_sale=true,4.311,200,ok,0,steady
1791234419.277381,kiemthugialap056@gmail.com,GET,/orders/me,8.791,200,ok,0,steady
1791234419.305781,kiemthugialap097@gmail.com,GET,/orders/me,5.471,200,ok,0,steady
1791234419.3208833,kiemthugialap009@gmail.com,GET,/concerts/{id},5.009,200,ok,0,steady
1791234419.3549652,kiemthugialap096@gmail.com,GET,/orders/me,6.705,200,ok,0,steady
1791234419.3686035,kiemthugialap033@gmail.com,GET,/concerts,3.54,200,ok,0,steady
1791234419.4058962,kiemthugialap042@gmail.com,GET,/orders/me,9.081,200,ok,0,steady
1791234419.412273,kiemthugialap088@gmail.com,POST,/orders,14.609,201,ok,0,steady
1791234419.4144855,kiemthugialap064@gmail.com,GET,/orders/me,8.334,200,ok,0,steady
1791234419.4501324,kiemthugialap087@gmail.com,GET,/orders/me,22.845,200,ok,0,steady
1791234419.452339,kiemthugialap019@gmail.com,GET,/orders/me,24.108,200,ok,0,steady
1791234419.4569943,kiemthugialap094@gmail.com,GET,/orders/me,44.337,200,ok,0,steady
1791234419.4586713,kiemthugialap083@gmail.com,GET,/concerts,15.463,200,ok,0,steady
1791234419.4609072,kiemthugialap098@gmail.com,GET,/concerts?on_sale=true,10.441,200,ok,0,steady
1791234419.461441,kiemthugialap071@gmail.com,GET,/orders/me,17.288,200,ok,0,steady
1791234419.488842,kiemthugialap053@gmail.com,GET,/concerts/{id},12.888,200,ok,0,steady
1791234419.4935653,kiemthugialap084@gmail.com,GET,/orders/me,16.101,200,ok,0,steady
1791234419.4939437,kiemthugialap082@gmail.com,GET,/orders/me,17.007,200,ok,0,steady
1791234419.4942784,kiemthugialap003@gmail.com,GET,/orders/me,16.409,200,ok,0,steady
1791234419.5001276,kiemthugialap010@gmail.com,GET,/concerts,10.221,200,ok,0,steady
1791234419.502371,kiemthugialap092@gmail.com,GET,/concerts,7.953,200,ok,0,steady
1791234419.5036597,kiemthugialap038@gmail.com,GET,/orders/me,14.512,200,ok,0,steady
1791234419.5040412,kiemthugialap090@gmail.com,GET,/orders/me,13.72,200,ok,0,steady
1791234419.5047286,kiemthugialap099@gmail.com,GET,/orders/me,9.714,200,ok,0,steady
1791234419.5288417,kiemthugialap001@gmail.com,GET,/orders/me,6.838,200,ok,0,steady
1791234419.545411,kiemthugialap048@gmail.com,GET,/orders/me,4.274,200,ok,0,steady
1791234419.5794404,kiemthugialap006@gmail.com,GET,/orders/me,6.949,200,ok,0,steady
1791234419.5798676,kiemthugialap035@gmail.com,GET,/orders/me,6.43,200,ok,0,steady
1791234419.595577,kiemthugialap079@gmail.com,GET,/orders/me,9.923,200,ok,0,steady
1791234419.596683,kiemthugialap043@gmail.com,GET,/orders/me,10.649,200,ok,0,steady
1791234419.5970511,kiemthugialap050@gmail.com,GET,/orders/me,10.727,200,ok,0,steady
1791234419.5973597,kiemthugialap039@gmail.com,GET,/orders/me,9.956,200,ok,0,steady
1791234419.599233,kiemthugialap070@gmail.com,GET,/orders/me,3.455,200,ok,0,steady
1791234419.6191397,kiemthugialap026@gmail.com,GET,/concerts/{id},8.169,200,ok,0,steady
1791234419.639549,kiemthugialap030@gmail.com,DELETE,/orders/{id},9.632,200,ok,0,steady
1791234419.646837,kiemthugialap057@gmail.com,GET,/orders/me,6.412,200,ok,0,steady
1791234419.647287,kiemthugialap004@gmail.com,GET,/orders/me,7.468,200,ok,0,steady
1791234419.666862,kiemthugialap069@gmail.com,GET,/orders/me,4.921,200,ok,0,steady
1791234419.699081,kiemthugialap060@gmail.com,GET,/orders/me,6.614,200,ok,0,steady
1791234419.6994693,kiemthugialap065@gmail.com,GET,/orders/me,6.137,200,ok,0,steady
1791234419.7385957,kiemthugialap075@gmail.com,GET,/orders/me,6.833,200,ok,0,steady
1791234419.7389905,kiemthugialap051@gmail.com,GET,/orders/me,7.893,200,ok,0,steady
1791234419.7771819,kiemthugialap014@gmail.com,GET,/orders/me,12.33,200,ok,0,steady
1791234419.7780395,kiemthugialap036@gmail.com,GET,/orders/me,14.839,200,ok,0,steady
1791234419.780091,kiemthugialap073@gmail.com,GET,/orders/me,16.005,200,ok,0,steady
1791234419.7851934,kiemthugialap055@gmail.com,GET,/orders/me,6.95,200,ok,0,steady
1791234419.8087223,kiemthugialap005@gmail.com,GET,/orders/me,7.772,200,ok,0,steady
1791234419.8163466,kiemthugialap002@gmail.com,GET,/concerts,7.302,200,ok,0,steady
1791234419.8437765,kiemthugialap068@gmail.com,GET,/orders/me,12.628,200,ok,0,steady
1791234419.8467176,kiemthugialap052@gmail.com,GET,/orders/me,14.369,200,ok,0,steady
1791234419.8528154,kiemthugialap031@gmail.com,GET,/orders/me,17.066,200,ok,0,steady
1791234419.8535588,kiemthugialap074@gmail.com,GET,/orders/me,9.563,200,ok,0,steady
1791234419.8828442,kiemthugialap027@gmail.com,GET,/orders/me,4.336,200,ok,0,steady
1791234419.9275763,kiemthugialap041@gmail.com,GET,/orders/me,7.324,200,ok,0,steady
1791234419.9515529,kiemthugialap064@gmail.com,GET,/orders/me,4.445,200,ok,0,steady
1791234419.9674528,kiemthugialap056@gmail.com,GET,/concerts,4.985,200,ok,0,steady
1791234419.983403,kiemthugialap063@gmail.com,GET,/orders/me,5.152,200,ok,0,steady
1791234420.0125077,kiemthugialap013@gmail.com,GET,/orders/me,7.33,200,ok,0,steady
1791234420.0241578,kiemthugialap007@gmail.com,GET,/concerts,3.28,200,ok,0,steady
1791234420.040243,kiemthugialap045@gmail.com,GET,/concerts?on_sale=true,4.136,200,ok,0,steady
1791234420.0435119,kiemthugialap099@gmail.com,GET,/orders/me,3.09,200,ok,0,steady
1791234420.0820398,kiemthugialap034@gmail.com,GET,/orders/me,14.384,200,ok,0,steady
1791234420.0864267,kiemthugialap047@gmail.com,GET,/orders/me,6.818,200,ok,0,steady
1791234420.1033509,kiemthugialap018@gmail.com,GET,/concerts,6.138,200,ok,0,steady
1791234420.1048894,kiemthugialap095@gmail.com,GET,/orders/me,8.079,200,ok,0,steady
1791234420.105266,kiemthugialap048@gmail.com,GET,/orders/me,9.776,200,ok,0,steady
1791234420.1355472,kiemthugialap089@gmail.com,GET,/orders/me,9.518,200,ok,0,steady
1791234420.136614,kiemthugialap011@gmail.com,GET,/orders/me,9.661,200,ok,0,steady
1791234420.1369393,kiemthugialap082@gmail.com,GET,/orders/me,9.102,200,ok,0,steady
1791234420.138824,kiemthugialap072@gmail.com,GET,/concerts/{id},3.09,200,ok,0,steady
1791234420.1691017,kiemthugialap059@gmail.com,GET,/concerts/{id},10.184,200,ok,0,steady
1791234420.1741242,kiemthugialap061@gmail.com,GET,/orders/me,17.132,200,ok,0,steady
1791234420.1748729,kiemthugialap025@gmail.com,GET,/orders/me,16.815,200,ok,0,steady
1791234420.175186,kiemthugialap032@gmail.com,GET,/orders/me,16.017,200,ok,0,steady
1791234420.175675,kiemthugialap024@gmail.com,GET,/orders/me,16.246,200,ok,0,steady
1791234420.1765378,kiemthugialap066@gmail.com,GET,/orders/me,18.096,200,ok,0,steady
1791234420.1920745,kiemthugialap044@gmail.com,GET,/orders/me,6.727,200,ok,0,steady
1791234420.2174199,kiemthugialap067@gmail.com,GET,/concerts?on_sale=true,5.632,200,ok,0,steady
1791234420.2179189,kiemthugialap076@gmail.com,GET,/orders/me,8.609,200,ok,0,steady
1791234420.235684,kiemthugialap035@gmail.com,GET,/orders/me,6.571,200,ok,0,steady
1791234420.2394717,kiemthugialap092@gmail.com,GET,/concerts?on_sale=true,3.473,200,ok,0,steady
1791234420.2637825,kiemthugialap016@gmail.com,GET,/concerts?on_sale=true,3.688,200,ok,0,steady
1791234420.291583,kiemthugialap017@gmail.com,GET,/orders/me,7.094,200,ok,0,steady
1791234420.3057826,kiemthugialap079@gmail.com,GET,/orders/me,4.85,200,ok,0,steady
1791234420.3152325,kiemthugialap022@gmail.com,GET,/orders/me,4.896,200,ok,0,steady
1791234420.3606374,kiemthugialap021@gmail.com,GET,/concerts,5.936,200,ok,0,steady
1791234420.4035935,kiemthugialap086@gmail.com,GET,/concerts,5.363,200,ok,0,steady
1791234420.4407215,kiemthugialap068@gmail.com,GET,/orders/me,11.526,200,ok,0,steady
1791234420.4414625,kiemthugialap077@gmail.com,GET,/orders/me,13.968,200,ok,0,steady
1791234420.444167,kiemthugialap100@gmail.com,POST,/orders,15.534,201,ok,0,steady
1791234420.4486282,kiemthugialap075@gmail.com,GET,/orders/me,5.669,200,ok,0,steady
1791234420.460743,kiemthugialap081@gmail.com,GET,/concerts?on_sale=true,19.006,200,ok,0,steady
1791234420.4797218,kiemthugialap014@gmail.com,GET,/orders/me,8.434,200,ok,0,steady
1791234420.4866831,kiemthugialap062@gmail.com,GET,/concerts?on_sale=true,6.554,200,ok,0,steady
1791234420.4896448,kiemthugialap042@gmail.com,GET,/orders/me,8.357,200,ok,0,steady
1791234420.5142276,kiemthugialap038@gmail.com,GET,/orders/me,8.21,200,ok,0,steady
1791234420.5158808,kiemthugialap019@gmail.com,GET,/orders/me,8.957,200,ok,0,steady
1791234420.519766,kiemthugialap087@gmail.com,GET,/orders/me,4.891,200,ok,0,steady
1791234420.5202243,kiemthugialap006@gmail.com,GET,/orders/me,5.774,200,ok,0,steady
1791234420.5235918,kiemthugialap065@gmail.com,GET,/concerts,3.21,200,ok,0,steady
1791234420.5635178,kiemthugialap015@gmail.com,GET,/orders/me,12.542,200,ok,0,steady
1791234420.5640635,kiemthugialap004@gmail.com,GET,/orders/me,12.267,200,ok,0,steady
1791234420.5814717,kiemthugialap028@gmail.com,GET,/orders/me,17.218,200,ok,0,steady
1791234420.5878332,kiemthugialap043@gmail.com,GET,/concerts/{id},5.93,200,ok,0,steady
1791234420.5899372,kiemthugialap023@gmail.com,GET,/orders/me,7.141,200,ok,0,steady
1791234420.592459,kiemthugialap083@gmail.com,GET,/concerts/{id},4.147,200,ok,0,steady
1791234420.6126208,kiemthugialap012@gmail.com,GET,/concerts/{id},6.314,200,ok,0,steady
1791234420.6133294,kiemthugialap029@gmail.com,GET,/concerts,5.367,200,ok,0,steady
1791234420.6427176,kiemthugialap002@gmail.com,GET,/orders/me,6.246,200,ok,0,steady
1791234420.658619,kiemthugialap027@gmail.com,GET,/concerts,5.779,200,ok,0,steady
1791234420.6597538,kiemthugialap046@gmail.com,GET,/orders/me,6.13,200,ok,0,steady
1791234420.66238,kiemthugialap078@gmail.com,GET,/orders/me,3.559,200,ok,0,steady
1791234420.6964347,kiemthugialap030@gmail.com,GET,/orders/me,11.105,200,ok,0,steady
1791234420.699387,kiemthugialap001@gmail.com,GET,/orders/me,14.492,200,ok,0,steady
1791234420.7019334,kiemthugialap082@gmail.com,GET,/orders/me,18.129,200,ok,0,steady
1791234420.705098,kiemthugialap074@gmail.com,GET,/orders/me,11.73,200,ok,0,steady
1791234420.7233517,kiemthugialap031@gmail.com,GET,/orders/me,9.201,200,ok,0,steady
1791234420.7248368,kiemthugialap026@gmail.com,GET,/orders/me,10.242,200,ok,0,steady
1791234420.7274282,kiemthugialap066@gmail.com,GET,/orders/me,3.836,200,ok,0,steady
1791234420.7601035,kiemthugialap020@gmail.com,GET,/concerts/{id},7.471,200,ok,0,steady
1791234420.7605824,kiemthugialap095@gmail.com,GET,/orders/me,7.542,200,ok,0,steady
1791234420.7609205,kiemthugialap096@gmail.com,GET,/orders/me,9.471,200,ok,0,steady
1791234420.8045862,kiemthugialap033@gmail.com,GET,/orders/me,17.619,200,ok,0,steady
1791234420.8051906,kiemthugialap018@gmail.com,GET,/orders/me,18.711,200,ok,0,steady
1791234420.8055506,kiemthugialap047@gmail.com,GET,/orders/me,20.159,200,ok,0,steady
1791234420.8206618,kiemthugialap085@gmail.com,GET,/concerts/{id},3.946,200,ok,0,steady
1791234420.8375924,kiemthugialap049@gmail.com,GET,/orders/me,6.135,200,ok,0,steady
1791234420.8853922,kiemthugialap097@gmail.com,GET,/concerts,6.777,200,ok,0,steady
1791234420.8979077,kiemthugialap040@gmail.com,DELETE,/orders/{id},18.547,200,ok,0,steady
1791234420.8981056,kiemthugialap058@gmail.com,GET,/orders/me,19.015,200,ok,0,steady
1791234420.9024549,kiemthugialap025@gmail.com,GET,/orders/me,7.398,200,ok,0,steady
1791234420.9061952,kiemthugialap009@gmail.com,GET,/orders/me,3.57,200,ok,0,steady
1791234420.911733,kiemthugialap054@gmail.com,GET,/orders/me,17.371,200,ok,0,steady
1791234420.9330504,kiemthugialap088@gmail.com,GET,/concerts/{id},5.667,200,ok,0,steady
1791234420.9344885,kiemthugialap034@gmail.com,GET,/orders/me,8.137,200,ok,0,steady
1791234420.9707396,kiemthugialap021@gmail.com,GET,/concerts,12.881,200,ok,0,steady
1791234420.972392,kiemthugialap061@gmail.com,GET,/concerts,13.45,200,ok,0,steady
1791234420.9729028,kiemthugialap084@gmail.com,GET,/orders/me,13.478,200,ok,0,steady
1791234420.9777994,kiemthugialap080@gmail.com,GET,/concerts?on_sale=true,6.742,200,ok,0,steady
1791234421.0087044,kiemthugialap098@gmail.com,GET,/concerts?on_sale=true,6.731,200,ok,0,steady
1791234421.0147583,kiemthugialap017@gmail.com,GET,/orders/me,5.7,200,ok,0,steady
1791234421.0240512,kiemthugialap081@gmail.com,GET,/orders/me,6.204,200,ok,0,steady
1791234421.0393384,kiemthugialap037@gmail.com,GET,/orders/me,5.502,200,ok,0,steady
1791234421.05585,kiemthugialap100@gmail.com,GET,/orders/me,6.376,200,ok,0,steady
1791234421.0975974,kiemthugialap093@gmail.com,GET,/concerts/{id},10.122,200,ok,0,steady
1791234421.099467,kiemthugialap003@gmail.com,GET,/orders/me,11.832,200,ok,0,steady
1791234421.0998895,kiemthugialap071@gmail.com,GET,/orders/me,12.763,200,ok,0,steady
1791234421.1002448,kiemthugialap091@gmail.com,GET,/orders/me,13.647,200,ok,0,steady
1791234421.105313,kiemthugialap007@gmail.com,GET,/orders/me,7.347,200,ok,0,steady
1791234421.1075819,kiemthugialap070@gmail.com,GET,/orders/me,7.084,200,ok,0,steady
1791234421.132337,kiemthugialap089@gmail.com,GET,/concerts?on_sale=true,14.26,200,ok,0,steady
1791234421.1339445,kiemthugialap060@gmail.com,GET,/concerts/{id},14.797,200,ok,0,steady
1791234421.1358526,kiemthugialap022@gmail.com,GET,/orders/me,16.139,200,ok,0,steady
1791234421.136404,kiemthugialap005@gmail.com,GET,/orders/me,16.292,200,ok,0,steady
1791234421.1389859,kiemthugialap064@gmail.com,GET,/concerts/{id},6.358,200,ok,0,steady
1791234421.1607714,kiemthugialap053@gmail.com,GET,/orders/me,6.787,200,ok,0,steady
1791234421.174089,kiemthugialap008@gmail.com,GET,/concerts/{id},4.688,200,ok,0,steady
1791234421.1935248,kiemthugialap099@gmail.com,GET,/concerts/{id},6.929,200,ok,0,steady
1791234421.1950061,kiemthugialap041@gmail.com,GET,/orders/me,10.263,200,ok,0,steady
1791234421.1953633,kiemthugialap024@gmail.com,GET,/orders/me,9.317,200,ok,0,steady
1791234421.2143412,kiemthugialap057@gmail.com,GET,/concerts?on_sale=true,7.756,200,ok,0,steady
1791234421.2244706,kiemthugialap014@gmail.com,GET,/orders/me,9.792,200,ok,0,steady
1791234421.2854574,kiemthugialap083@gmail.com,GET,/orders/me,6.324,200,ok,0,steady
1791234421.3018408,kiemthugialap039@gmail.com,GET,/orders/me,6.89,200,ok,0,steady
1791234421.319548,kiemthugialap013@gmail.com,GET,/orders/me,8.859,200,ok,0,steady
1791234421.3213625,kiemthugialap020@gmail.com,GET,/orders/me,9.708,200,ok,0,steady
1791234421.329658,kiemthugialap030@gmail.com,POST,/orders,9.873,201,ok,0,steady
1791234421.3634973,kiemthugialap090@gmail.com,GET,/concerts,9.073,200,ok,0,steady
1791234421.3646767,kiemthugialap036@gmail.com,GET,/concerts?on_sale=true,8.429,200,ok,0,steady
1791234421.3661366,kiemthugialap085@gmail.com,GET,/orders/me,12.268,200,ok,0,steady
1791234421.3665264,kiemthugialap010@gmail.com,GET,/orders/me,13.967,200,ok,0,steady
1791234421.368106,kiemthugialap023@gmail.com,GET,/concerts,4.388,200,ok,0,steady
1791234421.410382,kiemthugialap078@gmail.com,GET,/concerts,7.713,200,ok,0,steady
1791234421.4114783,kiemthugialap094@gmail.com,GET,/concerts/{id},9.548,200,ok,0,steady
1791234421.413411,kiemthugialap051@gmail.com,GET,/orders/me,10.19,200,ok,0,steady
1791234421.413757,kiemthugialap095@gmail.com,GET,/orders/me,9.533,200,ok,0,steady
1791234421.4150703,kiemthugialap079@gmail.com,GET,/orders/me,4.514,200,ok,0,steady
1791234421.4482486,kiemthugialap055@gmail.com,GET,/concerts/{id},8.343,200,ok,0,steady
1791234421.4930043,kiemthugialap032@gmail.com,GET,/orders/me,8.327,200,ok,0,steady
1791234421.4977577,kiemthugialap052@gmail.com,GET,/concerts/{id},4.494,200,ok,0,steady
1791234421.4987469,kiemthugialap050@gmail.com,GET,/orders/me,4.556,200,ok,0,steady
1791234421.502375,kiemthugialap019@gmail.com,GET,/orders/me,4.429,200,ok,0,steady
1791234421.5219378,kiemthugialap065@gmail.com,GET,/concerts?on_sale=true,3.891,200,ok,0,steady
1791234421.5401118,kiemthugialap076@gmail.com,GET,/orders/me,6.477,200,ok,0,steady
1791234421.5823774,kiemthugialap001@gmail.com,GET,/concerts/{id},7.099,200,ok,0,steady
1791234421.582901,kiemthugialap084@gmail.com,GET,/concerts/{id},8.9,200,ok,0,steady
1791234421.5837193,kiemthugialap037@gmail.com,GET,/orders/me,8.12,200,ok,0,steady
1791234421.5961928,kiemthugialap072@gmail.com,GET,/orders/me,7.042,200,ok,0,steady
1791234421.5991268,kiemthugialap075@gmail.com,GET,/orders/me,9.262,200,ok,0,steady
1791234421.6015286,kiemthugialap009@gmail.com,GET,/orders/me,5.161,200,ok,0,steady
1791234421.6079614,kiemthugialap027@gmail.com,GET,/concerts?on_sale=true,3.66,200,ok,0,steady
1791234421.6252108,kiemthugialap047@gmail.com,GET,/concerts,5.072,200,ok,0,steady
1791234421.6297925,kiemthugialap011@gmail.com,GET,/concerts?on_sale=true,4.249,200,ok,0,steady
1791234421.6540852,kiemthugialap069@gmail.com,GET,/orders/me,7.352,200,ok,0,steady
1791234421.669556,kiemthugialap091@gmail.com,GET,/orders/me,6.902,200,ok,0,steady
1791234421.6750376,kiemthugialap073@gmail.com,GET,/orders/me,5.23,200,ok,0,steady
1791234421.7002378,kiemthugialap056@gmail.com,GET,/concerts/{id},5.008,200,ok,0,steady
1791234421.7026122,kiemthugialap017@gmail.com,GET,/orders/me,7.911,200,ok,0,steady
1791234421.7274954,kiemthugialap059@gmail.com,GET,/orders/me,4.237,200,ok,0,steady
1791234421.7305913,kiemthugialap004@gmail.com,GET,/orders/me,2.955,200,ok,0,steady
1791234421.741949,kiemthugialap074@gmail.com,GET,/concerts/{id},2.854,200,ok,0,steady
1791234421.775761,kiemthugialap092@gmail.com,GET,/orders/me,6.232,200,ok,0,steady
1791234421.7771995,kiemthugialap016@gmail.com,GET,/orders/me,8.291,200,ok,0,steady
1791234421.7787602,kiemthugialap063@gmail.com,GET,/concerts/{id},2.748,200,ok,0,steady
1791234421.7993906,kiemthugialap035@gmail.com,GET,/orders/me,10.068,200,ok,0,steady
1791234421.8056276,kiemthugialap048@gmail.com,GET,/orders/me,5.945,200,ok,0,steady
1791234421.809427,kiemthugialap038@gmail.com,GET,/orders/me,3.593,200,ok,0,steady
1791234421.8134725,kiemthugialap040@gmail.com,GET,/orders/me,3.912,200,ok,0,steady
1791234421.8504746,kiemthugialap089@gmail.com,GET,/concerts?on_sale=true,4.075,200,ok,0,steady
1791234421.8816013,kiemthugialap067@gmail.com,GET,/orders/me,4.41,200,ok,0,steady
1791234421.8836892,kiemthugialap036@gmail.com,GET,/concerts/{id},1.954,200,ok,0,steady
1791234421.8980532,kiemthugialap045@gmail.com,GET,/concerts,5.811,200,ok,0,steady
1791234421.9251242,kiemthugialap030@gmail.com,GET,/orders/me,7.995,200,ok,0,steady
1791234421.9703193,kiemthugialap062@gmail.com,GET,/concerts,5.681,200,ok,0,steady
1791234421.9713893,kiemthugialap031@gmail.com,GET,/orders/me,6.169,200,ok,0,steady
1791234421.9741218,kiemthugialap087@gmail.com,GET,/orders/me,3.658,200,ok,0,steady
1791234421.9891806,kiemthugialap044@gmail.com,GET,/concerts?on_sale=true,3.903,200,ok,0,steady
1791234422.0372906,kiemthugialap028@gmail.com,GET,/concerts?on_sale=true,6.424,200,ok,0,steady
1791234422.0393124,kiemthugialap007@gmail.com,GET,/orders/me,9.578,200,ok,0,steady
1791234422.0452452,kiemthugialap033@gmail.com,GET,/orders/me,7.672,200,ok,0,steady
1791234422.045622,kiemthugialap006@gmail.com,GET,/orders/me,7.715,200,ok,0,steady
1791234422.0461478,kiemthugialap078@gmail.com,GET,/orders/me,7.983,200,ok,0,steady
1791234422.0679348,kiemthugialap026@gmail.com,GET,/concerts?on_sale=true,5.441,200,ok,0,steady
1791234422.0691915,kiemthugialap068@gmail.com,GET,/orders/me,7.539,200,ok,0,steady
1791234422.0818734,kiemthugialap010@gmail.com,GET,/orders/me,5.554,200,ok,0,steady
1791234422.1303844,kiemthugialap002@gmail.com,GET,/orders/me,7.617,200,ok,0,steady
1791234422.131049,kiemthugialap023@gmail.com,GET,/orders/me,6.734,200,ok,0,steady
1791234422.1793509,kiemthugialap069@gmail.com,GET,/orders/me,12.136,200,ok,0,steady
1791234422.1810017,kiemthugialap086@gmail.com,GET,/orders/me,15.359,200,ok,0,steady
1791234422.18152,kiemthugialap061@gmail.com,GET,/orders/me,15.039,200,ok,0,steady
1791234422.1846545,kiemthugialap060@gmail.com,DELETE,/orders/{id},17.77,200,ok,0,steady
1791234422.1979315,kiemthugialap082@gmail.com,GET,/orders/me,18.342,200,ok,0,steady
1791234422.1991663,kiemthugialap055@gmail.com,GET,/orders/me,6.188,200,ok,0,steady
1791234422.2287304,kiemthugialap064@gmail.com,GET,/concerts?on_sale=true,3.449,200,ok,0,steady
1791234422.2514772,kiemthugialap057@gmail.com,GET,/orders/me,4.858,200,ok,0,steady
1791234422.2656522,kiemthugialap021@gmail.com,GET,/concerts/{id},3.359,200,ok,0,steady
1791234422.298371,kiemthugialap029@gmail.com,GET,/orders/me,5.135,200,ok,0,steady
1791234422.3059366,kiemthugialap015@gmail.com,GET,/orders/me,4.359,200,ok,0,steady
1791234422.321525,kiemthugialap094@gmail.com,GET,/concerts/{id},4.478,200,ok,0,steady
1791234422.3514888,kiemthugialap059@gmail.com,GET,/concerts,9.028,200,ok,0,steady
1791234422.3527122,kiemthugialap053@gmail.com,GET,/concerts?on_sale=true,8.535,200,ok,0,steady
1791234422.3546295,kiemthugialap038@gmail.com,GET,/orders/me,11.816,200,ok,0,steady
1791234422.3550506,kiemthugialap050@gmail.com,GET,/orders/me,13.803,200,ok,0,steady
1791234422.3563735,kiemthugialap095@gmail.com,GET,/concerts,4.663,200,ok,0,steady
1791234422.3823895,kiemthugialap084@gmail.com,GET,/orders/me,10.402,200,ok,0,steady
1791234422.3829162,kiemthugialap079@gmail.com,GET,/orders/me,10.094,200,ok,0,steady
1791234422.4298327,kiemthugialap085@gmail.com,GET,/orders/me,17.56,200,ok,0,steady
1791234422.4302158,kiemthugialap014@gmail.com,GET,/orders/me,16.75,200,ok,0,steady
1791234422.4307141,kiemthugialap018@gmail.com,GET,/orders/me,18.751,200,ok,0,steady
1791234422.431816,kiemthugialap024@gmail.com,GET,/orders/me,18.627,200,ok,0,steady
1791234422.4321866,kiemthugialap070@gmail.com,DELETE,/orders/{id},21.355,200,ok,0,steady
1791234422.4388962,kiemthugialap077@gmail.com,GET,/orders/me,6.525,200,ok,0,steady
1791234422.4485328,kiemthugialap056@gmail.com,GET,/orders/me,8.348,200,ok,0,steady
1791234422.45002,kiemthugialap004@gmail.com,GET,/orders/me,10.888,200,ok,0,steady
1791234422.453489,kiemthugialap049@gmail.com,GET,/concerts,4.674,200,ok,0,steady
1791234422.4542391,kiemthugialap045@gmail.com,GET,/concerts?on_sale=true,4.068,200,ok,0,steady
1791234422.4977963,kiemthugialap046@gmail.com,GET,/orders/me,9.397,200,ok,0,steady
1791234422.498972,kiemthugialap042@gmail.com,GET,/orders/me,9.596,200,ok,0,steady
1791234422.5005333,kiemthugialap043@gmail.com,GET,/concerts/{id},2.542,200,ok,0,steady
1791234422.5397868,kiemthugialap088@gmail.com,GET,/orders/me,5.162,200,ok,0,steady
1791234422.5665972,kiemthugialap012@gmail.com,GET,/concerts/{id},6.342,200,ok,0,steady
1791234422.5688922,kiemthugialap093@gmail.com,GET,/orders/me,10.373,200,ok,0,steady
1791234422.5694559,kiemthugialap025@gmail.com,GET,/concerts/{id},5.134,200,ok,0,steady
1791234422.5832474,kiemthugialap063@gmail.com,GET,/orders/me,6.888,200,ok,0,steady
1791234422.5877602,kiemthugialap017@gmail.com,GET,/concerts,4.142,200,ok,0,steady
1791234422.608523,kiemthugialap066@gmail.com,GET,/concerts?on_sale=true,6.746,200,ok,0,steady
1791234422.6104622,kiemthugialap096@gmail.com,GET,/orders/me,11.265,200,ok,0,steady
1791234422.6108253,kiemthugialap078@gmail.com,GET,/orders/me,10.718,200,ok,0,steady
1791234422.6111436,kiemthugialap034@gmail.com,GET,/orders/me,11.36,200,ok,0,steady
1791234422.6246934,kiemthugialap097@gmail.com,GET,/concerts,2.765,200,ok,0,steady
1791234422.6424685,kiemthugialap071@gmail.com,GET,/concerts,4.6,200,ok,0,steady
1791234422.6819766,kiemthugialap036@gmail.com,GET,/orders/me,7.239,200,ok,0,steady
1791234422.695123,kiemthugialap005@gmail.com,GET,/concerts?on_sale=true,5.16,200,ok,0,steady
1791234422.7002823,kiemthugialap072@gmail.com,GET,/orders/me,4.88,200,ok,0,steady
1791234422.765763,kiemthugialap002@gmail.com,GET,/orders/me,10.336,200,ok,0,steady
1791234422.7669141,kiemthugialap083@gmail.com,GET,/orders/me,12.832,200,ok,0,steady
1791234422.7673929,kiemthugialap003@gmail.com,GET,/orders/me,12.244,200,ok,0,steady
1791234422.767824,kiemthugialap100@gmail.com,GET,/orders/me,12.16,200,ok,0,steady
1791234422.7681584,kiemthugialap039@gmail.com,GET,/orders/me,12.259,200,ok,0,steady
1791234422.7702312,kiemthugialap058@gmail.com,GET,/concerts/{id},4.252,200,ok,0,steady
1791234422.7922843,kiemthugialap075@gmail.com,GET,/orders/me,8.362,200,ok,0,steady
1791234422.800149,kiemthugialap008@gmail.com,GET,/orders/me,10.187,200,ok,0,steady
1791234422.8477063,kiemthugialap076@gmail.com,GET,/concerts?on_sale=true,4.2,200,ok,0,steady
1791234422.8797336,kiemthugialap054@gmail.com,GET,/orders/me,5.232,200,ok,0,steady
1791234422.918395,kiemthugialap006@gmail.com,GET,/orders/me,4.452,200,ok,0,steady
1791234422.9366453,kiemthugialap038@gmail.com,GET,/concerts?on_sale=true,6.601,200,ok,0,steady
1791234422.9379075,kiemthugialap051@gmail.com,GET,/orders/me,8.509,200,ok,0,steady
1791234422.9414685,kiemthugialap080@gmail.com,GET,/orders/me,10.467,200,ok,0,steady
1791234422.9422162,kiemthugialap022@gmail.com,GET,/orders/me,5.403,200,ok,0,steady
1791234422.9671102,kiemthugialap098@gmail.com,GET,/concerts,4.187,200,ok,0,steady
1791234422.9692717,kiemthugialap081@gmail.com,GET,/orders/me,8.296,200,ok,0,steady
1791234422.9708388,kiemthugialap009@gmail.com,GET,/orders/me,8.695,200,ok,0,steady
1791234422.9920526,kiemthugialap032@gmail.com,GET,/concerts,7.392,200,ok,0,steady
1791234423.0097477,kiemthugialap065@gmail.com,GET,/orders/me,9.686,200,ok,0,steady
1791234423.031162,kiemthugialap099@gmail.com,GET,/orders/me,6.609,200,ok,0,steady
1791234423.0328722,kiemthugialap044@gmail.com,GET,/orders/me,8.936,200,ok,0,steady
1791234423.0364828,kiemthugialap041@gmail.com,GET,/orders/me,5.024,200,ok,0,steady
1791234423.0541291,kiemthugialap001@gmail.com,GET,/concerts,4.315,200,ok,0,steady
1791234423.0582676,kiemthugialap015@gmail.com,GET,/concerts/{id},3.917,200,ok,0,steady
1791234423.0623157,kiemthugialap055@gmail.com,GET,/orders/me,3.816,200,ok,0,steady
1791234423.0656054,kiemthugialap035@gmail.com,GET,/orders/me,3.122,200,ok,0,steady
1791234423.087151,kiemthugialap004@gmail.com,GET,/concerts/{id},6.276,200,ok,0,steady
1791234423.087612,kiemthugialap050@gmail.com,GET,/orders/me,7.357,200,ok,0,steady
1791234423.0919337,kiemthugialap013@gmail.com,GET,/orders/me,4.197,200,ok,0,steady
1791234423.1006725,kiemthugialap085@gmail.com,GET,/orders/me,6.028,200,ok,0,steady
1791234423.1937075,kiemthugialap031@gmail.com,GET,/orders/me,6.361,200,ok,0,steady
1791234423.1989543,kiemthugialap079@gmail.com,GET,/orders/me,4.56,200,ok,0,steady
1791234423.2017395,kiemthugialap020@gmail.com,DELETE,/orders/{id},7.882,200,ok,0,steady
1791234423.2076669,kiemthugialap037@gmail.com,GET,/orders/me,5.721,200,ok,0,steady
1791234423.221052,kiemthugialap091@gmail.com,GET,/orders/me,21.937,200,ok,0,steady
1791234423.2649372,kiemthugialap082@gmail.com,GET,/concerts,27.736,200,ok,0,steady
1791234423.2653527,kiemthugialap030@gmail.com,GET,/concerts/{id},30.8,200,ok,0,steady
1791234423.2674387,kiemthugialap067@gmail.com,GET,/orders/me,31.868,200,ok,0,steady
1791234423.2696395,kiemthugialap027@gmail.com,GET,/concerts?on_sale=true,4.148,200,ok,0,steady
1791234423.3141713,kiemthugialap023@gmail.com,GET,/orders/me,5.857,200,ok,0,steady
1791234423.3151639,kiemthugialap018@gmail.com,GET,/orders/me,6.026,200,ok,0,steady
1791234423.3173249,kiemthugialap090@gmail.com,GET,/orders/me,2.999,200,ok,0,steady
1791234423.329283,kiemthugialap047@gmail.com,GET,/concerts/{id},4.702,200,ok,0,steady
1791234423.330322,kiemthugialap060@gmail.com,GET,/orders/me,6.59,200,ok,0,steady
1791234423.3792012,kiemthugialap017@gmail.com,GET,/concerts?on_sale=true,12.195,200,ok,0,steady
1791234423.380708,kiemthugialap034@gmail.com,GET,/orders/me,12.376,200,ok,0,steady
1791234423.3820214,kiemthugialap033@gmail.com,GET,/orders/me,11.488,200,ok,0,steady
1791234423.3828447,kiemthugialap042@gmail.com,GET,/orders/me,13.973,200,ok,0,steady
1791234423.403528,kiemthugialap040@gmail.com,GET,/concerts/{id}/ticket-types,6.351,200,ok,0,steady
1791234423.4050927,kiemthugialap062@gmail.com,GET,/orders/me,7.286,200,ok,0,steady
1791234423.409063,kiemthugialap093@gmail.com,GET,/concerts,5.0,200,ok,0,steady
1791234423.409763,kiemthugialap024@gmail.com,GET,/orders/me,6.069,200,ok,0,steady
1791234423.4107833,kiemthugialap002@gmail.com,GET,/orders/me,5.553,200,ok,0,steady
1791234423.4658716,kiemthugialap057@gmail.com,GET,/orders/me,6.33,200,ok,0,steady
1791234423.4726174,kiemthugialap052@gmail.com,GET,/orders/me,6.5,200,ok,0,steady
1791234423.473238,kiemthugialap059@gmail.com,GET,/concerts?on_sale=true,6.453,200,ok,0,steady
1791234423.4871383,kiemthugialap077@gmail.com,GET,/concerts,3.929,200,ok,0,steady
1791234423.4915497,kiemthugialap019@gmail.com,GET,/orders/me,4.236,200,ok,0,steady
1791234423.5345163,kiemthugialap016@gmail.com,GET,/concerts,4.194,200,ok,0,steady
1791234423.5565603,kiemthugialap069@gmail.com,GET,/orders/me,10.092,200,ok,0,steady
1791234423.5638723,kiemthugialap097@gmail.com,GET,/concerts?on_sale=true,6.612,200,ok,0,steady
1791234423.565891,kiemthugialap092@gmail.com,GET,/concerts?on_sale=true,9.131,200,ok,0,steady
1791234423.568437,kiemthugialap100@gmail.com,GET,/concerts/{id},10.812,200,ok,0,steady
1791234423.573857,kiemthugialap038@gmail.com,GET,/orders/me,12.627,200,ok,0,steady
1791234423.578065,kiemthugialap073@gmail.com,GET,/orders/me,3.972,200,ok,0,steady
1791234423.581135,kiemthugialap008@gmail.com,GET,/orders/me,2.935,200,ok,0,steady
1791234423.583083,kiemthugialap048@gmail.com,GET,/concerts/{id},1.835,200,ok,0,steady
1791234423.5992105,kiemthugialap035@gmail.com,GET,/orders/me,6.308,200,ok,0,steady
1791234423.634065,kiemthugialap011@gmail.com,GET,/concerts,7.466,200,ok,0,steady
1791234423.6379488,kiemthugialap061@gmail.com,GET,/orders/me,13.449,200,ok,0,steady
1791234423.6384568,kiemthugialap058@gmail.com,GET,/orders/me,12.32,200,ok,0,steady
1791234423.6390734,kiemthugialap045@gmail.com,GET,/orders/me,13.448,200,ok,0,steady
1791234423.647526,kiemthugialap021@gmail.com,GET,/orders/me,4.126,200,ok,0,steady
1791234423.6598735,kiemthugialap049@gmail.com,GET,/orders/me,4.231,200,ok,0,steady
1791234423.6800106,kiemthugialap081@gmail.com,GET,/orders/me,7.787,200,ok,0,steady
1791234423.6809146,kiemthugialap022@gmail.com,GET,/concerts,9.303,200,ok,0,steady
1791234423.683944,kiemthugialap088@gmail.com,GET,/concerts?on_sale=true,4.779,200,ok,0,steady
1791234423.685348,kiemthugialap066@gmail.com,GET,/orders/me,12.17,200,ok,0,steady
1791234423.6890366,kiemthugialap005@gmail.com,GET,/concerts/{id},4.708,200,ok,0,steady
1791234423.6923366,kiemthugialap074@gmail.com,GET,/concerts?on_sale=true,6.797,200,ok,0,steady
1791234423.7076907,kiemthugialap028@gmail.com,GET,/concerts/{id},5.399,200,ok,0,steady
1791234423.7091231,kiemthugialap064@gmail.com,GET,/orders/me,6.228,200,ok,0,steady
1791234423.7554305,kiemthugialap007@gmail.com,GET,/orders/me,13.828,200,ok,0,steady
1791234423.7660024,kiemthugialap068@gmail.com,GET,/concerts/{id},8.741,200,ok,0,steady
1791234423.7666779,kiemthugialap010@gmail.com,DELETE,/orders/{id},10.888,200,ok,0,steady
1791234423.7901728,kiemthugialap053@gmail.com,GET,/orders/me,25.144,200,ok,0,steady
1791234423.792145,kiemthugialap089@gmail.com,GET,/concerts,7.996,200,ok,0,steady
1791234423.8057888,kiemthugialap098@gmail.com,GET,/concerts?on_sale=true,4.028,200,ok,0,steady
1791234423.858265,kiemthugialap087@gmail.com,GET,/orders/me,6.705,200,ok,0,steady
1791234423.8593354,kiemthugialap029@gmail.com,GET,/orders/me,8.329,200,ok,0,steady
1791234423.8608003,kiemthugialap056@gmail.com,GET,/concerts/{id},2.371,200,ok,0,steady
1791234423.8641803,kiemthugialap085@gmail.com,GET,/orders/me,3.257,200,ok,0,steady
1791234423.8731074,kiemthugialap026@gmail.com,GET,/orders/me,5.528,200,ok,0,steady
1791234423.9394388,kiemthugialap078@gmail.com,GET,/concerts?on_sale=true,5.644,200,ok,0,steady
1791234423.9405046,kiemthugialap062@gmail.com,GET,/orders/me,5.796,200,ok,0,steady
1791234423.990728,kiemthugialap043@gmail.com,GET,/concerts?on_sale=true,6.569,200,ok,0,steady
1791234423.9923496,kiemthugialap070@gmail.com,GET,/orders/me,6.259,200,ok,0,steady
1791234423.992706,kiemthugialap050@gmail.com,GET,/orders/me,7.63,200,ok,0,steady
1791234423.9952054,kiemthugialap054@gmail.com,GET,/concerts?on_sale=true,2.382,200,ok,0,steady
1791234424.0411458,kiemthugialap094@gmail.com,GET,/orders/me,7.429,200,ok,0,steady
1791234424.0577762,kiemthugialap006@gmail.com,GET,/orders/me,7.27,200,ok,0,steady
1791234424.0582416,kiemthugialap015@gmail.com,GET,/orders/me,7.214,200,ok,0,steady
1791234424.0715673,kiemthugialap080@gmail.com,GET,/concerts,4.393,200,ok,0,steady
1791234424.0737715,kiemthugialap086@gmail.com,GET,/concerts/{id},5.418,200,ok,0,steady
1791234424.0749295,kiemthugialap039@gmail.com,GET,/orders/me,5.886,200,ok,0,steady
1791234424.0908718,kiemthugialap052@gmail.com,GET,/orders/me,7.132,200,ok,0,steady
1791234424.0913143,kiemthugialap003@gmail.com,GET,/orders/me,6.612,200,ok,0,steady
1791234424.1108592,kiemthugialap044@gmail.com,GET,/orders/me,10.387,200,ok,0,steady
1791234424.1255076,kiemthugialap071@gmail.com,GET,/concerts,7.465,200,ok,0,steady
1791234424.12721,kiemthugialap095@gmail.com,GET,/orders/me,8.334,200,ok,0,steady
1791234424.130949,kiemthugialap018@gmail.com,GET,/orders/me,5.163,200,ok,0,steady
1791234424.1733606,kiemthugialap096@gmail.com,GET,/concerts/{id},5.983,200,ok,0,steady
1791234424.221866,kiemthugialap011@gmail.com,GET,/concerts?on_sale=true,4.647,200,ok,0,steady
1791234424.2258048,kiemthugialap031@gmail.com,GET,/concerts?on_sale=true,3.647,200,ok,0,steady
1791234424.2570648,kiemthugialap063@gmail.com,GET,/concerts?on_sale=true,5.411,200,ok,0,steady
1791234424.2582858,kiemthugialap093@gmail.com,GET,/orders/me,7.698,200,ok,0,steady
1791234424.2728424,kiemthugialap046@gmail.com,GET,/orders/me,5.492,200,ok,0,steady
1791234424.2757719,kiemthugialap045@gmail.com,GET,/concerts?on_sale=true,2.679,200,ok,0,steady
1791234424.287678,kiemthugialap041@gmail.com,GET,/concerts?on_sale=true,3.627,200,ok,0,steady
1791234424.3267975,kiemthugialap068@gmail.com,GET,/concerts?on_sale=true,7.394,200,ok,0,steady
1791234424.3287194,kiemthugialap099@gmail.com,GET,/orders/me,10.745,200,ok,0,steady
1791234424.3293934,kiemthugialap064@gmail.com,GET,/orders/me,10.491,200,ok,0,steady
1791234424.3313398,kiemthugialap024@gmail.com,GET,/concerts,3.46,200,ok,0,steady
1791234424.3327997,kiemthugialap025@gmail.com,GET,/orders/me,5.789,200,ok,0,steady
1791234424.3341007,kiemthugialap033@gmail.com,GET,/concerts/{id},2.631,200,ok,0,steady
1791234424.3606641,kiemthugialap088@gmail.com,GET,/concerts?on_sale=true,6.241,200,ok,0,steady
1791234424.3611035,kiemthugialap084@gmail.com,GET,/concerts,8.555,200,ok,0,steady
1791234424.3620243,kiemthugialap008@gmail.com,GET,/orders/me,10.669,200,ok,0,steady
1791234424.3720043,kiemthugialap072@gmail.com,GET,/orders/me,4.897,200,ok,0,steady
1791234424.3895104,kiemthugialap030@gmail.com,GET,/orders/me,5.379,200,ok,0,steady
1791234424.425855,kiemthugialap014@gmail.com,GET,/concerts/{id},8.42,200,ok,0,steady
1791234424.4272153,kiemthugialap087@gmail.com,GET,/orders/me,8.695,200,ok,0,steady
1791234424.4294522,kiemthugialap036@gmail.com,GET,/orders/me,3.338,200,ok,0,steady
1791234424.4760902,kiemthugialap069@gmail.com,GET,/concerts?on_sale=true,8.436,200,ok,0,steady
1791234424.5485947,kiemthugialap012@gmail.com,GET,/concerts,13.25,200,ok,0,steady
1791234424.5503094,kiemthugialap032@gmail.com,GET,/orders/me,14.242,200,ok,0,steady
1791234424.5508492,kiemthugialap057@gmail.com,GET,/orders/me,15.131,200,ok,0,steady
1791234424.5514023,kiemthugialap060@gmail.com,GET,/concerts/{id}/ticket-types,15.005,200,ok,0,steady
1791234424.5533428,kiemthugialap076@gmail.com,GET,/orders/me,19.01,200,ok,0,steady
1791234424.5538456,kiemthugialap085@gmail.com,GET,/concerts/{id},17.101,200,ok,0,steady
1791234424.5573554,kiemthugialap020@gmail.com,GET,/orders/me,5.714,200,ok,0,steady
1791234424.5764947,kiemthugialap074@gmail.com,GET,/concerts,7.616,200,ok,0,steady
1791234424.577452,kiemthugialap092@gmail.com,GET,/concerts/{id},7.483,200,ok,0,steady
1791234424.5810292,kiemthugialap017@gmail.com,GET,/orders/me,4.371,200,ok,0,steady
1791234424.582412,kiemthugialap002@gmail.com,GET,/orders/me,4.848,200,ok,0,steady
1791234424.6049037,kiemthugialap083@gmail.com,GET,/concerts,3.976,200,ok,0,steady
1791234424.6554203,kiemthugialap086@gmail.com,GET,/concerts?on_sale=true,4.278,200,ok,0,steady
1791234424.6737535,kiemthugialap001@gmail.com,GET,/concerts?on_sale=true,3.508,200,ok,0,steady
1791234424.6933422,kiemthugialap037@gmail.com,GET,/orders/me,6.348,200,ok,0,steady
1791234424.693807,kiemthugialap079@gmail.com,GET,/orders/me,8.042,200,ok,0,steady
1791234424.7092211,kiemthugialap075@gmail.com,GET,/orders/me,7.791,200,ok,0,steady
1791234424.7103455,kiemthugialap077@gmail.com,GET,/orders/me,7.954,200,ok,0,steady
1791234424.712357,kiemthugialap051@gmail.com,GET,/orders/me,2.958,200,ok,0,steady
1791234424.7433553,kiemthugialap022@gmail.com,GET,/orders/me,7.869,200,ok,0,steady
1791234424.743778,kiemthugialap004@gmail.com,GET,/orders/me,9.459,200,ok,0,steady
1791234424.7912738,kiemthugialap009@gmail.com,GET,/orders/me,6.314,200,ok,0,steady
1791234424.841431,kiemthugialap054@gmail.com,GET,/orders/me,5.16,200,ok,0,steady
1791234424.8450546,kiemthugialap082@gmail.com,GET,/orders/me,3.468,200,ok,0,steady
1791234424.8480284,kiemthugialap091@gmail.com,GET,/orders/me,2.829,200,ok,0,steady
1791234424.8507643,kiemthugialap038@gmail.com,GET,/orders/me,2.616,200,ok,0,steady
1791234424.8745923,kiemthugialap005@gmail.com,GET,/concerts/{id},6.552,200,ok,0,steady
1791234424.8760455,kiemthugialap100@gmail.com,GET,/orders/me,7.035,200,ok,0,steady
1791234424.8763773,kiemthugialap099@gmail.com,GET,/orders/me,6.999,200,ok,0,steady
1791234424.8913472,kiemthugialap068@gmail.com,GET,/orders/me,5.567,200,ok,0,steady
1791234424.9104495,kiemthugialap049@gmail.com,GET,/orders/me,7.626,200,ok,0,steady
1791234424.9109118,kiemthugialap059@gmail.com,GET,/orders/me,7.226,200,ok,0,steady
1791234424.925313,kiemthugialap039@gmail.com,GET,/orders/me,6.347,200,ok,0,steady
1791234424.928553,kiemthugialap065@gmail.com,GET,/orders/me,3.075,200,ok,0,steady
1791234424.9593825,kiemthugialap080@gmail.com,GET,/orders/me,7.245,200,ok,0,steady
1791234424.959828,kiemthugialap028@gmail.com,GET,/orders/me,6.736,200,ok,0,steady
1791234424.9622421,kiemthugialap064@gmail.com,GET,/concerts/{id},2.291,200,ok,0,steady
1791234424.965987,kiemthugialap029@gmail.com,GET,/orders/me,3.608,200,ok,0,steady
1791234425.006026,kiemthugialap072@gmail.com,GET,/orders/me,22.073,200,ok,0,steady
1791234425.0069225,kiemthugialap040@gmail.com,POST,/orders,21.789,201,ok,0,steady
1791234425.0202892,kiemthugialap013@gmail.com,GET,/concerts/{id},17.523,200,ok,0,steady
1791234425.02437,kiemthugialap055@gmail.com,GET,/orders/me,22.517,200,ok,0,steady
1791234425.027461,kiemthugialap016@gmail.com,GET,/orders/me,10.196,200,ok,0,steady
1791234425.0280924,kiemthugialap010@gmail.com,GET,/orders/me,7.599,200,ok,0,steady
1791234425.0284944,kiemthugialap097@gmail.com,GET,/orders/me,9.701,200,ok,0,steady
1791234425.0741806,kiemthugialap042@gmail.com,GET,/orders/me,6.613,200,ok,0,steady
1791234425.0773003,kiemthugialap047@gmail.com,GET,/orders/me,2.968,200,ok,0,steady
1791234425.129091,kiemthugialap052@gmail.com,GET,/orders/me,8.646,200,ok,0,steady
1791234425.131495,kiemthugialap036@gmail.com,GET,/orders/me,11.449,200,ok,0,steady
1791234425.1321874,kiemthugialap078@gmail.com,GET,/orders/me,13.184,200,ok,0,steady
1791234425.1360514,kiemthugialap090@gmail.com,GET,/orders/me,3.693,200,ok,0,steady
1791234425.1753645,kiemthugialap030@gmail.com,GET,/orders/me,6.504,200,ok,0,steady
1791234425.2091446,kiemthugialap043@gmail.com,GET,/orders/me,6.458,200,ok,0,steady
1791234425.2134504,kiemthugialap056@gmail.com,GET,/orders/me,4.069,200,ok,0,steady
1791234425.2185974,kiemthugialap023@gmail.com,GET,/orders/me,5.006,200,ok,0,steady
1791234425.2192452,kiemthugialap067@gmail.com,GET,/orders/me,5.07,200,ok,0,steady
1791234425.2594247,kiemthugialap027@gmail.com,GET,/concerts/{id},7.976,200,ok,0,steady
1791234425.261035,kiemthugialap012@gmail.com,GET,/orders/me,8.301,200,ok,0,steady
1791234425.26149,kiemthugialap095@gmail.com,GET,/orders/me,7.884,200,ok,0,steady
1791234425.2899375,kiemthugialap021@gmail.com,GET,/concerts/{id},4.542,200,ok,0,steady
1791234425.2923403,kiemthugialap050@gmail.com,GET,/concerts/{id},2.251,200,ok,0,steady
1791234425.311413,kiemthugialap061@gmail.com,GET,/concerts,4.778,200,ok,0,steady
1791234425.3125427,kiemthugialap076@gmail.com,GET,/orders/me,6.568,200,ok,0,steady
1791234425.3230739,kiemthugialap004@gmail.com,GET,/orders/me,4.236,200,ok,0,steady
1791234425.340564,kiemthugialap037@gmail.com,GET,/concerts?on_sale=true,4.276,200,ok,0,steady
1791234425.341927,kiemthugialap046@gmail.com,GET,/orders/me,7.456,200,ok,0,steady
1791234425.3447452,kiemthugialap018@gmail.com,GET,/orders/me,3.931,200,ok,0,steady
1791234425.3478355,kiemthugialap057@gmail.com,GET,/orders/me,2.964,200,ok,0,steady
1791234425.3546803,kiemthugialap034@gmail.com,GET,/concerts,3.312,200,ok,0,steady
1791234425.4074728,kiemthugialap015@gmail.com,GET,/concerts,5.501,200,ok,0,steady
1791234425.4084694,kiemthugialap094@gmail.com,GET,/orders/me,5.523,200,ok,0,steady
1791234425.4448109,kiemthugialap073@gmail.com,GET,/orders/me,7.209,200,ok,0,steady
1791234425.4454746,kiemthugialap031@gmail.com,GET,/orders/me,8.81,200,ok,0,steady
1791234425.4585366,kiemthugialap048@gmail.com,GET,/orders/me,6.89,200,ok,0,steady
1791234425.4589393,kiemthugialap044@gmail.com,GET,/orders/me,6.414,200,ok,0,steady
1791234425.492291,kiemthugialap035@gmail.com,GET,/orders/me,6.526,200,ok,0,steady
1791234425.4927096,kiemthugialap019@gmail.com,GET,/orders/me,6.194,200,ok,0,steady
1791234425.5122788,kiemthugialap002@gmail.com,GET,/concerts?on_sale=true,8.575,200,ok,0,steady
1791234425.5134532,kiemthugialap026@gmail.com,GET,/orders/me,10.915,200,ok,0,steady
1791234425.5138042,kiemthugialap001@gmail.com,GET,/orders/me,9.608,200,ok,0,steady
1791234425.5147686,kiemthugialap075@gmail.com,GET,/orders/me,10.802,200,ok,0,steady
1791234425.5168393,kiemthugialap069@gmail.com,GET,/orders/me,4.374,200,ok,0,steady
1791234425.5204155,kiemthugialap017@gmail.com,GET,/orders/me,3.452,200,ok,0,steady
1791234425.5250475,kiemthugialap098@gmail.com,GET,/orders/me,4.458,200,ok,0,steady
1791234425.529976,kiemthugialap053@gmail.com,GET,/concerts?on_sale=true,4.713,200,ok,0,steady
1791234425.5310342,kiemthugialap079@gmail.com,GET,/orders/me,5.278,200,ok,0,steady
1791234425.5331566,kiemthugialap045@gmail.com,GET,/orders/me,3.057,200,ok,0,steady
1791234425.575374,kiemthugialap033@gmail.com,GET,/concerts/{id},7.116,200,ok,0,steady
1791234425.5764022,kiemthugialap066@gmail.com,GET,/orders/me,9.328,200,ok,0,steady
1791234425.5930748,kiemthugialap007@gmail.com,GET,/orders/me,7.414,200,ok,0,steady
1791234425.5935426,kiemthugialap089@gmail.com,GET,/orders/me,9.531,200,ok,0,steady
1791234425.5939486,kiemthugialap058@gmail.com,GET,/orders/me,9.293,200,ok,0,steady
1791234425.607431,kiemthugialap085@gmail.com,GET,/orders/me,5.333,200,ok,0,steady
1791234425.6143026,kiemthugialap070@gmail.com,GET,/concerts/{id}/ticket-types,6.696,200,ok,0,steady
1791234425.6151154,kiemthugialap097@gmail.com,GET,/orders/me,7.115,200,ok,0,steady
1791234425.615654,kiemthugialap081@gmail.com,GET,/orders/me,6.855,200,ok,0,steady
1791234425.643248,kiemthugialap080@gmail.com,GET,/concerts,7.7,200,ok,0,steady
1791234425.6445746,kiemthugialap083@gmail.com,GET,/orders/me,8.384,200,ok,0,steady
1791234425.6473362,kiemthugialap005@gmail.com,GET,/orders/me,3.902,200,ok,0,steady
1791234425.6581054,kiemthugialap062@gmail.com,GET,/orders/me,6.092,200,ok,0,steady
1791234425.6745756,kiemthugialap029@gmail.com,GET,/orders/me,6.433,200,ok,0,steady
1791234425.6750774,kiemthugialap013@gmail.com,GET,/orders/me,8.097,200,ok,0,steady
1791234425.690531,kiemthugialap047@gmail.com,GET,/orders/me,6.733,200,ok,0,steady
1791234425.694219,kiemthugialap092@gmail.com,GET,/orders/me,3.438,200,ok,0,steady
1791234425.72549,kiemthugialap071@gmail.com,GET,/orders/me,7.684,200,ok,0,steady
1791234425.8076427,kiemthugialap008@gmail.com,GET,/orders/me,7.168,200,ok,0,steady
1791234425.862033,kiemthugialap038@gmail.com,GET,/concerts,8.95,200,ok,0,steady
1791234425.8640726,kiemthugialap051@gmail.com,GET,/orders/me,8.756,200,ok,0,steady
1791234425.8699996,kiemthugialap020@gmail.com,POST,/orders,15.141,201,ok,0,steady
1791234425.8883855,kiemthugialap024@gmail.com,GET,/orders/me,4.753,200,ok,0,steady
1791234425.9242606,kiemthugialap084@gmail.com,GET,/orders/me,23.723,200,ok,0,steady
1791234425.925649,kiemthugialap006@gmail.com,GET,/orders/me,23.946,200,ok,0,steady
1791234425.9578054,kiemthugialap015@gmail.com,GET,/orders/me,5.988,200,ok,0,steady
1791234425.9758854,kiemthugialap060@gmail.com,POST,/orders,5.983,409,sold_out,0,steady
1791234425.978278,kiemthugialap060@gmail.com,GET,/concerts/{id}/ticket-types,2.304,200,ok,0,steady
1791234425.9913247,kiemthugialap052@gmail.com,GET,/orders/me,5.882,200,ok,0,steady
1791234425.9959135,kiemthugialap003@gmail.com,GET,/orders/me,4.356,200,ok,0,steady
1791234426.0230687,kiemthugialap035@gmail.com,GET,/orders/me,4.964,200,ok,0,steady
1791234426.0605106,kiemthugialap025@gmail.com,GET,/orders/me,9.223,200,ok,0,steady
1791234426.062682,kiemthugialap010@gmail.com,POST,/orders,10.793,201,ok,0,steady
1791234426.0636997,kiemthugialap093@gmail.com,GET,/orders/me,10.763,200,ok,0,steady
1791234426.066286,kiemthugialap054@gmail.com,GET,/orders/me,3.449,200,ok,0,steady
1791234426.1247997,kiemthugialap096@gmail.com,GET,/orders/me,5.922,200,ok,0,steady
1791234426.1252353,kiemthugialap041@gmail.com,GET,/orders/me,7.445,200,ok,0,steady
1791234426.141344,kiemthugialap069@gmail.com,GET,/orders/me,5.341,200,ok,0,steady
1791234426.1769595,kiemthugialap097@gmail.com,GET,/orders/me,7.847,200,ok,0,steady
1791234426.1832108,kiemthugialap048@gmail.com,GET,/orders/me,5.906,200,ok,0,steady
1791234426.1884203,kiemthugialap011@gmail.com,GET,/orders/me,5.016,200,ok,0,steady
1791234426.2090554,kiemthugialap100@gmail.com,GET,/concerts/{id},7.215,200,ok,0,steady
1791234426.209685,kiemthugialap066@gmail.com,GET,/concerts,6.866,200,ok,0,steady
1791234426.2240095,kiemthugialap063@gmail.com,GET,/concerts?on_sale=true,6.136,200,ok,0,steady
1791234426.225439,kiemthugialap087@gmail.com,GET,/orders/me,8.023,200,ok,0,steady
1791234426.2258124,kiemthugialap068@gmail.com,GET,/orders/me,7.291,200,ok,0,steady
1791234426.2400467,kiemthugialap033@gmail.com,GET,/orders/me,5.386,200,ok,0,steady
1791234426.2567854,kiemthugialap018@gmail.com,GET,/orders/me,5.321,200,ok,0,steady
1791234426.259881,kiemthugialap004@gmail.com,GET,/orders/me,2.95,200,ok,0,steady
1791234426.2733743,kiemthugialap029@gmail.com,GET,/concerts?on_sale=true,3.9,200,ok,0,steady
1791234426.2917888,kiemthugialap009@gmail.com,GET,/orders/me,4.482,200,ok,0,steady
1791234426.3418758,kiemthugialap088@gmail.com,GET,/orders/me,7.001,200,ok,0,steady
1791234426.3425496,kiemthugialap014@gmail.com,GET,/orders/me,6.51,200,ok,0,steady
1791234426.357704,kiemthugialap002@gmail.com,GET,/concerts/{id},4.124,200,ok,0,steady
1791234426.3587701,kiemthugialap050@gmail.com,GET,/orders/me,6.845,200,ok,0,steady
1791234426.4427736,kiemthugialap016@gmail.com,GET,/orders/me,6.302,200,ok,0,steady
1791234426.4437888,kiemthugialap086@gmail.com,GET,/orders/me,8.315,200,ok,0,steady
1791234426.4468846,kiemthugialap023@gmail.com,GET,/orders/me,3.929,200,ok,0,steady
1791234426.4478335,kiemthugialap042@gmail.com,GET,/orders/me,3.93,200,ok,0,steady
1791234426.4778602,kiemthugialap085@gmail.com,GET,/concerts/{id},6.893,200,ok,0,steady
1791234426.4789417,kiemthugialap036@gmail.com,GET,/concerts/{id},8.706,200,ok,0,steady
1791234426.4793866,kiemthugialap077@gmail.com,GET,/concerts,6.615,200,ok,0,steady
1791234426.4811532,kiemthugialap062@gmail.com,GET,/orders/me,12.19,200,ok,0,steady
1791234426.481558,kiemthugialap075@gmail.com,GET,/orders/me,11.029,200,ok,0,steady
1791234426.4834118,kiemthugialap099@gmail.com,GET,/orders/me,5.365,200,ok,0,steady
1791234426.499691,kiemthugialap022@gmail.com,GET,/orders/me,8.648,200,ok,0,steady
1791234426.5083678,kiemthugialap052@gmail.com,GET,/orders/me,8.446,200,ok,0,steady
1791234426.5133092,kiemthugialap073@gmail.com,GET,/orders/me,21.524,200,ok,0,steady
1791234426.5150604,kiemthugialap027@gmail.com,GET,/orders/me,6.441,200,ok,0,steady
1791234426.5172203,kiemthugialap032@gmail.com,GET,/orders/me,3.683,200,ok,0,steady
1791234426.5443716,kiemthugialap067@gmail.com,GET,/concerts/{id},10.49,200,ok,0,steady
1791234426.5461738,kiemthugialap081@gmail.com,GET,/orders/me,11.742,200,ok,0,steady
1791234426.5467913,kiemthugialap006@gmail.com,GET,/orders/me,12.016,200,ok,0,steady
1791234426.5472145,kiemthugialap074@gmail.com,GET,/orders/me,10.784,200,ok,0,steady
1791234426.5770652,kiemthugialap028@gmail.com,GET,/orders/me,9.812,200,ok,0,steady
1791234426.577547,kiemthugialap095@gmail.com,GET,/orders/me,8.446,200,ok,0,steady
1791234426.5779538,kiemthugialap082@gmail.com,GET,/orders/me,9.404,200,ok,0,steady
1791234426.5924451,kiemthugialap039@gmail.com,GET,/orders/me,4.3,200,ok,0,steady
1791234426.6259115,kiemthugialap049@gmail.com,GET,/orders/me,7.787,200,ok,0,steady
1791234426.6263342,kiemthugialap030@gmail.com,GET,/orders/me,6.314,200,ok,0,steady
1791234426.6319153,kiemthugialap019@gmail.com,GET,/orders/me,5.442,200,ok,0,steady
1791234426.633618,kiemthugialap080@gmail.com,DELETE,/orders/{id},6.78,200,ok,0,steady
1791234426.6406927,kiemthugialap076@gmail.com,GET,/concerts/{id},5.994,200,ok,0,steady
1791234426.6476834,kiemthugialap078@gmail.com,GET,/orders/me,6.746,200,ok,0,steady
1791234426.6482086,kiemthugialap034@gmail.com,GET,/orders/me,6.404,200,ok,0,steady
1791234426.6563292,kiemthugialap055@gmail.com,GET,/concerts/{id},4.28,200,ok,0,steady
1791234426.6610582,kiemthugialap071@gmail.com,GET,/orders/me,4.565,200,ok,0,steady
1791234426.6620622,kiemthugialap008@gmail.com,GET,/orders/me,4.892,200,ok,0,steady
1791234426.7072325,kiemthugialap048@gmail.com,GET,/concerts,21.02,200,ok,0,steady
1791234426.709248,kiemthugialap035@gmail.com,GET,/orders/me,24.54,200,ok,0,steady
1791234426.7095933,kiemthugialap056@gmail.com,GET,/orders/me,23.768,200,ok,0,steady
1791234426.7135592,kiemthugialap040@gmail.com,GET,/concerts?on_sale=true,3.858,200,ok,0,steady
1791234426.7150533,kiemthugialap021@gmail.com,GET,/orders/me,4.999,200,ok,0,steady
1791234426.7170134,kiemthugialap013@gmail.com,GET,/orders/me,3.343,200,ok,0,steady
1791234426.7208,kiemthugialap012@gmail.com,GET,/orders/me,3.648,200,ok,0,steady
1791234426.7428508,kiemthugialap057@gmail.com,GET,/orders/me,7.684,200,ok,0,steady
1791234426.7902646,kiemthugialap033@gmail.com,GET,/orders/me,6.422,200,ok,0,steady
1791234426.7948952,kiemthugialap072@gmail.com,GET,/orders/me,4.32,200,ok,0,steady
1791234426.8067493,kiemthugialap045@gmail.com,GET,/orders/me,6.256,200,ok,0,steady
1791234426.823364,kiemthugialap079@gmail.com,GET,/orders/me,4.672,200,ok,0,steady
1791234426.826881,kiemthugialap091@gmail.com,GET,/orders/me,3.348,200,ok,0,steady
1791234426.8581905,kiemthugialap065@gmail.com,GET,/orders/me,7.422,200,ok,0,steady
1791234426.8752167,kiemthugialap059@gmail.com,GET,/orders/me,7.875,200,ok,0,steady
1791234426.9069939,kiemthugialap089@gmail.com,GET,/orders/me,6.382,200,ok,0,steady
1791234426.9083889,kiemthugialap041@gmail.com,GET,/orders/me,6.743,200,ok,0,steady
1791234426.9099433,kiemthugialap043@gmail.com,GET,/concerts/{id},2.712,200,ok,0,steady
1791234426.92407,kiemthugialap064@gmail.com,GET,/concerts,6.766,200,ok,0,steady
1791234426.9264715,kiemthugialap009@gmail.com,GET,/orders/me,8.241,200,ok,0,steady
1791234426.929112,kiemthugialap084@gmail.com,GET,/concerts?on_sale=true,7.164,200,ok,0,steady
1791234426.9336598,kiemthugialap090@gmail.com,DELETE,/orders/{id},12.312,200,ok,0,steady
1791234426.973202,kiemthugialap031@gmail.com,GET,/orders/me,6.037,200,ok,0,steady
1791234426.9802163,kiemthugialap016@gmail.com,GET,/concerts?on_sale=true,6.26,200,ok,0,steady
1791234426.9809291,kiemthugialap037@gmail.com,GET,/orders/me,6.143,200,ok,0,steady
1791234426.981571,kiemthugialap051@gmail.com,GET,/orders/me,8.152,200,ok,0,steady
1791234427.00784,kiemthugialap046@gmail.com,GET,/orders/me,5.504,200,ok,0,steady
1791234427.0082972,kiemthugialap015@gmail.com,GET,/orders/me,7.122,200,ok,0,steady
1791234427.0410898,kiemthugialap026@gmail.com,GET,/orders/me,4.424,200,ok,0,steady
1791234427.092355,kiemthugialap077@gmail.com,GET,/orders/me,5.953,200,ok,0,steady
1791234427.0927737,kiemthugialap081@gmail.com,GET,/orders/me,7.453,200,ok,0,steady
1791234427.0957034,kiemthugialap088@gmail.com,GET,/orders/me,2.815,200,ok,0,steady
1791234427.106795,kiemthugialap044@gmail.com,GET,/orders/me,5.594,200,ok,0,steady
1791234427.107995,kiemthugialap018@gmail.com,GET,/orders/me,6.441,200,ok,0,steady
1791234427.113617,kiemthugialap070@gmail.com,POST,/orders,6.637,201,ok,0,steady
1791234427.140734,kiemthugialap095@gmail.com,GET,/orders/me,4.309,200,ok,0,steady
1791234427.1436155,kiemthugialap068@gmail.com,GET,/orders/me,2.736,200,ok,0,steady
1791234427.1567857,kiemthugialap082@gmail.com,GET,/concerts?on_sale=true,4.77,200,ok,0,steady
1791234427.160946,kiemthugialap073@gmail.com,GET,/orders/me,3.966,200,ok,0,steady
1791234427.1648557,kiemthugialap022@gmail.com,GET,/orders/me,3.7,200,ok,0,steady
1791234427.1882772,kiemthugialap100@gmail.com,GET,/concerts/{id},3.638,200,ok,0,steady
1791234427.1917136,kiemthugialap003@gmail.com,GET,/orders/me,3.283,200,ok,0,steady
1791234427.2080178,kiemthugialap030@gmail.com,GET,/orders/me,6.14,200,ok,0,steady
1791234427.2120018,kiemthugialap061@gmail.com,GET,/concerts?on_sale=true,3.829,200,ok,0,steady
1791234427.2133086,kiemthugialap083@gmail.com,GET,/orders/me,4.526,200,ok,0,steady
1791234427.2171302,kiemthugialap053@gmail.com,GET,/orders/me,5.013,200,ok,0,steady
1791234427.2222497,kiemthugialap017@gmail.com,GET,/orders/me,4.961,200,ok,0,steady
1791234427.239733,kiemthugialap094@gmail.com,GET,/orders/me,5.044,200,ok,0,steady
1791234427.244214,kiemthugialap062@gmail.com,GET,/orders/me,4.281,200,ok,0,steady
1791234427.246542,kiemthugialap042@gmail.com,GET,/concerts/{id},2.177,200,ok,0,steady
1791234427.3278332,kiemthugialap011@gmail.com,GET,/concerts?on_sale=true,8.286,200,ok,0,steady
1791234427.3286653,kiemthugialap014@gmail.com,GET,/orders/me,10.675,200,ok,0,steady
1791234427.3295486,kiemthugialap020@gmail.com,GET,/orders/me,9.735,200,ok,0,steady
1791234427.3298914,kiemthugialap098@gmail.com,GET,/orders/me,10.761,200,ok,0,steady
1791234427.3459406,kiemthugialap085@gmail.com,GET,/orders/me,6.162,200,ok,0,steady
1791234427.4030087,kiemthugialap007@gmail.com,GET,/orders/me,16.044,200,ok,0,steady
1791234427.4038136,kiemthugialap069@gmail.com,GET,/orders/me,17.986,200,ok,0,steady
1791234427.4232323,kiemthugialap008@gmail.com,GET,/concerts/{id},5.276,200,ok,0,steady
1791234427.424296,kiemthugialap092@gmail.com,GET,/orders/me,5.801,200,ok,0,steady
1791234427.4439745,kiemthugialap027@gmail.com,GET,/concerts/{id},6.615,200,ok,0,steady
1791234427.4443793,kiemthugialap024@gmail.com,GET,/orders/me,8.201,200,ok,0,steady
1791234427.444694,kiemthugialap001@gmail.com,GET,/orders/me,9.392,200,ok,0,steady
1791234427.4943123,kiemthugialap023@gmail.com,GET,/orders/me,7.015,200,ok,0,steady
1791234427.494761,kiemthugialap041@gmail.com,GET,/orders/me,8.711,200,ok,0,steady
1791234427.4950655,kiemthugialap066@gmail.com,GET,/orders/me,8.06,200,ok,0,steady
1791234427.5231707,kiemthugialap028@gmail.com,GET,/orders/me,4.769,200,ok,0,steady
1791234427.5263274,kiemthugialap039@gmail.com,GET,/orders/me,3.021,200,ok,0,steady
1791234427.5628526,kiemthugialap060@gmail.com,POST,/orders,10.956,201,ok,0,steady
1791234427.569458,kiemthugialap010@gmail.com,GET,/concerts/{id},6.302,200,ok,0,steady
1791234427.5709023,kiemthugialap058@gmail.com,GET,/orders/me,6.531,200,ok,0,steady
1791234427.5901742,kiemthugialap087@gmail.com,GET,/orders/me,4.151,200,ok,0,steady
1791234427.607434,kiemthugialap063@gmail.com,GET,/concerts?on_sale=true,4.828,200,ok,0,steady
1791234427.6214428,kiemthugialap055@gmail.com,GET,/concerts?on_sale=true,3.497,200,ok,0,steady
1791234427.657717,kiemthugialap005@gmail.com,GET,/orders/me,5.067,200,ok,0,steady
1791234427.6751177,kiemthugialap047@gmail.com,GET,/orders/me,6.015,200,ok,0,steady
1791234427.7076943,kiemthugialap044@gmail.com,GET,/orders/me,4.766,200,ok,0,steady
1791234427.7241635,kiemthugialap068@gmail.com,GET,/concerts/{id},4.31,200,ok,0,steady
1791234427.7574844,kiemthugialap015@gmail.com,GET,/orders/me,6.036,200,ok,0,steady
1791234427.7605522,kiemthugialap093@gmail.com,GET,/orders/me,2.902,200,ok,0,steady
1791234427.7778862,kiemthugialap097@gmail.com,GET,/orders/me,5.736,200,ok,0,steady
1791234427.7814512,kiemthugialap035@gmail.com,GET,/orders/me,3.406,200,ok,0,steady
1791234427.8237102,kiemthugialap013@gmail.com,GET,/concerts/{id},5.489,200,ok,0,steady
1791234427.8273275,kiemthugialap038@gmail.com,GET,/concerts,3.433,200,ok,0,steady
1791234427.8566906,kiemthugialap040@gmail.com,GET,/orders/me,4.981,200,ok,0,steady
1791234427.872689,kiemthugialap051@gmail.com,GET,/orders/me,4.75,200,ok,0,steady
1791234427.8929687,kiemthugialap004@gmail.com,GET,/orders/me,9.17,200,ok,0,steady
1791234427.8934624,kiemthugialap012@gmail.com,GET,/orders/me,8.381,200,ok,0,steady
1791234427.895427,kiemthugialap025@gmail.com,GET,/concerts,4.609,200,ok,0,steady
1791234427.9293265,kiemthugialap052@gmail.com,GET,/concerts?on_sale=true,11.667,200,ok,0,steady
1791234427.931109,kiemthugialap074@gmail.com,GET,/orders/me,12.402,200,ok,0,steady
1791234427.9315753,kiemthugialap046@gmail.com,GET,/orders/me,11.344,200,ok,0,steady
1791234427.9626186,kiemthugialap079@gmail.com,GET,/orders/me,6.564,200,ok,0,steady
1791234427.9670534,kiemthugialap020@gmail.com,GET,/concerts?on_sale=true,3.691,200,ok,0,steady
1791234427.9674618,kiemthugialap054@gmail.com,GET,/concerts,4.644,200,ok,0,steady
1791234427.9896667,kiemthugialap072@gmail.com,GET,/orders/me,5.645,200,ok,0,steady
1791234427.9965816,kiemthugialap059@gmail.com,GET,/orders/me,6.64,200,ok,0,steady
1791234428.050403,kiemthugialap073@gmail.com,GET,/orders/me,16.391,200,ok,0,steady
1791234428.0512047,kiemthugialap050@gmail.com,GET,/orders/me,15.55,200,ok,0,steady
1791234428.0515404,kiemthugialap099@gmail.com,GET,/orders/me,14.175,200,ok,0,steady
1791234428.051842,kiemthugialap011@gmail.com,GET,/orders/me,16.67,200,ok,0,steady
1791234428.0521324,kiemthugialap030@gmail.com,GET,/orders/me,17.548,200,ok,0,steady
1791234428.057603,kiemthugialap065@gmail.com,GET,/concerts?on_sale=true,8.295,200,ok,0,steady
1791234428.0720944,kiemthugialap036@gmail.com,GET,/concerts/{id},4.853,200,ok,0,steady
1791234428.0954921,kiemthugialap029@gmail.com,GET,/concerts,7.034,200,ok,0,steady
1791234428.097938,kiemthugialap049@gmail.com,GET,/orders/me,8.565,200,ok,0,steady
1791234428.09812,kiemthugialap002@gmail.com,GET,/orders/me,9.047,200,ok,0,steady
1791234428.1019526,kiemthugialap009@gmail.com,GET,/orders/me,6.29,200,ok,0,steady
1791234428.1024888,kiemthugialap007@gmail.com,GET,/orders/me,6.454,200,ok,0,steady
1791234428.1257608,kiemthugialap033@gmail.com,GET,/concerts?on_sale=true,6.219,200,ok,0,steady
1791234428.1268973,kiemthugialap028@gmail.com,GET,/concerts/{id},9.327,200,ok,0,steady
1791234428.1273832,kiemthugialap083@gmail.com,GET,/orders/me,8.818,200,ok,0,steady
1791234428.1287906,kiemthugialap096@gmail.com,GET,/concerts?on_sale=true,2.825,200,ok,0,steady
1791234428.1317787,kiemthugialap042@gmail.com,GET,/orders/me,2.877,200,ok,0,steady
1791234428.1575894,kiemthugialap041@gmail.com,GET,/orders/me,6.023,200,ok,0,steady
1791234428.1937528,kiemthugialap075@gmail.com,GET,/orders/me,8.412,200,ok,0,steady
1791234428.196842,kiemthugialap006@gmail.com,GET,/orders/me,10.466,200,ok,0,steady
1791234428.1971483,kiemthugialap032@gmail.com,GET,/orders/me,11.043,200,ok,0,steady
1791234428.2005293,kiemthugialap098@gmail.com,GET,/orders/me,6.588,200,ok,0,steady
1791234428.2009983,kiemthugialap086@gmail.com,GET,/orders/me,5.044,200,ok,0,steady
1791234428.2135282,kiemthugialap056@gmail.com,GET,/concerts/{id},5.954,200,ok,0,steady
1791234428.2176042,kiemthugialap053@gmail.com,GET,/orders/me,3.847,200,ok,0,steady
1791234428.2401633,kiemthugialap076@gmail.com,GET,/orders/me,5.275,200,ok,0,steady
1791234428.256363,kiemthugialap088@gmail.com,GET,/concerts/{id},3.863,200,ok,0,steady
1791234428.293644,kiemthugialap019@gmail.com,GET,/orders/me,8.811,200,ok,0,steady
1791234428.2946918,kiemthugialap014@gmail.com,GET,/orders/me,9.245,200,ok,0,steady
1791234428.2950113,kiemthugialap057@gmail.com,GET,/orders/me,9.225,200,ok,0,steady
1791234428.2967095,kiemthugialap087@gmail.com,GET,/orders/me,2.882,200,ok,0,steady
1791234428.3120534,kiemthugialap084@gmail.com,GET,/orders/me,5.141,200,ok,0,steady
1791234428.3155088,kiemthugialap085@gmail.com,GET,/orders/me,3.251,200,ok,0,steady
1791234428.3416498,kiemthugialap048@gmail.com,GET,/orders/me,7.776,200,ok,0,steady
1791234428.3466325,kiemthugialap003@gmail.com,GET,/concerts,4.747,200,ok,0,steady
1791234428.3478272,kiemthugialap100@gmail.com,GET,/orders/me,5.461,200,ok,0,steady
1791234428.392135,kiemthugialap071@gmail.com,GET,/orders/me,8.08,200,ok,0,steady
1791234428.4234908,kiemthugialap024@gmail.com,GET,/concerts,5.567,200,ok,0,steady
1791234428.4370065,kiemthugialap080@gmail.com,GET,/orders/me,19.782,200,ok,0,steady
1791234428.4572659,kiemthugialap017@gmail.com,GET,/concerts/{id},6.747,200,ok,0,steady
1791234428.459573,kiemthugialap058@gmail.com,GET,/orders/me,7.651,200,ok,0,steady
1791234428.4599116,kiemthugialap074@gmail.com,GET,/orders/me,8.639,200,ok,0,steady
1791234428.4618814,kiemthugialap067@gmail.com,GET,/orders/me,4.482,200,ok,0,steady
1791234428.5245917,kiemthugialap008@gmail.com,GET,/orders/me,6.942,200,ok,0,steady
1791234428.5598083,kiemthugialap043@gmail.com,GET,/orders/me,9.541,200,ok,0,steady
1791234428.5601852,kiemthugialap038@gmail.com,GET,/orders/me,8.592,200,ok,0,steady
1791234428.5604773,kiemthugialap063@gmail.com,GET,/orders/me,7.498,200,ok,0,steady
1791234428.5930147,kiemthugialap025@gmail.com,GET,/orders/me,7.429,200,ok,0,steady
1791234428.594411,kiemthugialap078@gmail.com,GET,/orders/me,9.822,200,ok,0,steady
1791234428.5971766,kiemthugialap020@gmail.com,GET,/orders/me,3.999,200,ok,0,steady
1791234428.628844,kiemthugialap099@gmail.com,GET,/concerts?on_sale=true,8.632,200,ok,0,steady
1791234428.629471,kiemthugialap034@gmail.com,GET,/orders/me,10.772,200,ok,0,steady
1791234428.6298034,kiemthugialap093@gmail.com,GET,/orders/me,8.668,200,ok,0,steady
1791234428.6301079,kiemthugialap090@gmail.com,GET,/orders/me,10.364,200,ok,0,steady
1791234428.642036,kiemthugialap045@gmail.com,GET,/orders/me,6.186,200,ok,0,steady
1791234428.6430435,kiemthugialap031@gmail.com,GET,/orders/me,8.051,200,ok,0,steady
1791234428.6449947,kiemthugialap021@gmail.com,GET,/orders/me,2.805,200,ok,0,steady
1791234428.6760612,kiemthugialap001@gmail.com,GET,/orders/me,8.092,200,ok,0,steady
1791234428.6799216,kiemthugialap009@gmail.com,GET,/orders/me,3.643,200,ok,0,steady
1791234428.6824114,kiemthugialap091@gmail.com,GET,/concerts,2.345,200,ok,0,steady
1791234428.730252,kiemthugialap095@gmail.com,GET,/orders/me,8.192,200,ok,0,steady
1791234428.7716951,kiemthugialap073@gmail.com,GET,/concerts?on_sale=true,4.592,200,ok,0,steady
1791234428.789323,kiemthugialap018@gmail.com,GET,/orders/me,4.335,200,ok,0,steady
1791234428.822561,kiemthugialap013@gmail.com,GET,/orders/me,5.44,200,ok,0,steady
1791234428.8257964,kiemthugialap062@gmail.com,GET,/concerts?on_sale=true,3.047,200,ok,0,steady
1791234428.8423128,kiemthugialap047@gmail.com,GET,/concerts?on_sale=true,6.279,200,ok,0,steady
1791234428.8440402,kiemthugialap026@gmail.com,GET,/orders/me,7.38,200,ok,0,steady
1791234428.8449576,kiemthugialap089@gmail.com,GET,/orders/me,7.939,200,ok,0,steady
1791234428.8473818,kiemthugialap070@gmail.com,GET,/orders/me,4.902,200,ok,0,steady
1791234428.8477685,kiemthugialap005@gmail.com,GET,/concerts/{id},3.585,200,ok,0,steady
1791234428.8791263,kiemthugialap081@gmail.com,GET,/concerts/{id},9.256,200,ok,0,steady
1791234428.8814194,kiemthugialap069@gmail.com,GET,/orders/me,13.063,200,ok,0,steady
1791234428.8817942,kiemthugialap098@gmail.com,GET,/orders/me,12.366,200,ok,0,steady
1791234428.8862092,kiemthugialap016@gmail.com,GET,/orders/me,6.809,200,ok,0,steady
1791234428.8866541,kiemthugialap041@gmail.com,GET,/orders/me,6.647,200,ok,0,steady
1791234428.9078875,kiemthugialap037@gmail.com,GET,/orders/me,7.141,200,ok,0,steady
1791234428.9083135,kiemthugialap061@gmail.com,GET,/orders/me,6.704,200,ok,0,steady
1791234428.9236944,kiemthugialap064@gmail.com,GET,/orders/me,6.362,200,ok,0,steady
1791234428.957545,kiemthugialap032@gmail.com,GET,/orders/me,4.84,200,ok,0,steady
1791234428.972651,kiemthugialap033@gmail.com,GET,/orders/me,5.082,200,ok,0,steady
1791234429.0080597,kiemthugialap094@gmail.com,GET,/orders/me,6.389,200,ok,0,steady
1791234429.0242808,kiemthugialap022@gmail.com,GET,/orders/me,5.314,200,ok,0,steady
1791234429.0283737,kiemthugialap071@gmail.com,GET,/orders/me,3.887,200,ok,0,steady
1791234429.039605,kiemthugialap077@gmail.com,GET,/concerts?on_sale=true,3.504,200,ok,0,steady
1791234429.0589068,kiemthugialap028@gmail.com,GET,/concerts?on_sale=true,4.488,200,ok,0,steady
1791234429.059901,kiemthugialap015@gmail.com,GET,/orders/me,6.128,200,ok,0,steady
1791234429.0753062,kiemthugialap082@gmail.com,GET,/orders/me,6.038,200,ok,0,steady
1791234429.0787506,kiemthugialap003@gmail.com,GET,/concerts/{id},3.181,200,ok,0,steady
1791234429.0925174,kiemthugialap010@gmail.com,GET,/orders/me,6.768,200,ok,0,steady
1791234429.107876,kiemthugialap097@gmail.com,GET,/concerts?on_sale=true,7.303,200,ok,0,steady
1791234429.1112895,kiemthugialap096@gmail.com,GET,/orders/me,9.913,200,ok,0,steady
1791234429.126176,kiemthugialap007@gmail.com,GET,/orders/me,8.777,200,ok,0,steady
1791234429.137324,kiemthugialap020@gmail.com,GET,/concerts/{id},9.827,200,ok,0,steady
1791234429.1379344,kiemthugialap004@gmail.com,GET,/orders/me,11.474,200,ok,0,steady
1791234429.1545792,kiemthugialap063@gmail.com,GET,/orders/me,27.454,200,ok,0,steady
1791234429.1601481,kiemthugialap092@gmail.com,GET,/orders/me,7.801,200,ok,0,steady
1791234429.1737218,kiemthugialap006@gmail.com,GET,/concerts/{id},6.076,200,ok,0,steady
1791234429.2095757,kiemthugialap031@gmail.com,GET,/concerts?on_sale=true,8.554,200,ok,0,steady
1791234429.2114153,kiemthugialap023@gmail.com,GET,/orders/me,11.058,200,ok,0,steady
1791234429.2144516,kiemthugialap029@gmail.com,GET,/orders/me,4.625,200,ok,0,steady
1791234429.2540283,kiemthugialap066@gmail.com,GET,/concerts?on_sale=true,17.479,200,ok,0,steady
1791234429.2566004,kiemthugialap030@gmail.com,GET,/orders/me,22.521,200,ok,0,steady
1791234429.2571344,kiemthugialap055@gmail.com,GET,/orders/me,22.315,200,ok,0,steady
1791234429.2882898,kiemthugialap049@gmail.com,GET,/concerts/{id},4.196,200,ok,0,steady
1791234429.3228824,kiemthugialap035@gmail.com,GET,/concerts/{id},5.537,200,ok,0,steady
1791234429.3254468,kiemthugialap093@gmail.com,GET,/concerts?on_sale=true,2.415,200,ok,0,steady
1791234429.357452,kiemthugialap065@gmail.com,GET,/orders/me,5.291,200,ok,0,steady
1791234429.360276,kiemthugialap044@gmail.com,GET,/concerts/{id},2.645,200,ok,0,steady
1791234429.3744848,kiemthugialap027@gmail.com,GET,/concerts?on_sale=true,5.893,200,ok,0,steady
1791234429.4108245,kiemthugialap039@gmail.com,GET,/concerts?on_sale=true,7.74,200,ok,0,steady
1791234429.4113188,kiemthugialap086@gmail.com,GET,/concerts?on_sale=true,8.608,200,ok,0,steady
1791234429.41252,kiemthugialap088@gmail.com,GET,/orders/me,11.091,200,ok,0,steady
1791234429.4129412,kiemthugialap014@gmail.com,GET,/orders/me,8.451,200,ok,0,steady
1791234429.4259803,kiemthugialap012@gmail.com,GET,/orders/me,6.368,200,ok,0,steady
1791234429.4273295,kiemthugialap079@gmail.com,GET,/orders/me,9.166,200,ok,0,steady
1791234429.4304202,kiemthugialap050@gmail.com,DELETE,/orders/{id},10.09,200,ok,0,steady
1791234429.4353042,kiemthugialap057@gmail.com,GET,/orders/me,4.695,200,ok,0,steady
1791234429.4387655,kiemthugialap072@gmail.com,GET,/orders/me,4.705,200,ok,0,steady
1791234429.4586878,kiemthugialap040@gmail.com,GET,/orders/me,6.779,200,ok,0,steady
1791234429.5078664,kiemthugialap058@gmail.com,GET,/orders/me,5.303,200,ok,0,steady
1791234429.5107458,kiemthugialap056@gmail.com,GET,/orders/me,2.738,200,ok,0,steady
1791234429.5627277,kiemthugialap005@gmail.com,GET,/concerts,9.151,200,ok,0,steady
1791234429.5632424,kiemthugialap054@gmail.com,GET,/concerts/{id},10.946,200,ok,0,steady
1791234429.5647335,kiemthugialap074@gmail.com,GET,/concerts?on_sale=true,9.954,200,ok,0,steady
1791234429.5648916,kiemthugialap060@gmail.com,GET,/concerts?on_sale=true,9.546,200,ok,0,steady
1791234429.5689077,kiemthugialap025@gmail.com,GET,/orders/me,15.689,200,ok,0,steady
1791234429.5700076,kiemthugialap009@gmail.com,GET,/orders/me,13.822,200,ok,0,steady
1791234429.5703528,kiemthugialap047@gmail.com,GET,/orders/me,15.252,200,ok,0,steady
1791234429.5730867,kiemthugialap098@gmail.com,GET,/orders/me,9.704,200,ok,0,steady
1791234429.60338,kiemthugialap100@gmail.com,GET,/concerts?on_sale=true,11.244,200,ok,0,steady
1791234429.606089,kiemthugialap075@gmail.com,GET,/orders/me,14.984,200,ok,0,steady
1791234429.6065433,kiemthugialap022@gmail.com,GET,/orders/me,12.533,200,ok,0,steady
1791234429.6072512,kiemthugialap048@gmail.com,GET,/orders/me,12.3,200,ok,0,steady
1791234429.6232746,kiemthugialap017@gmail.com,GET,/concerts/{id},6.175,200,ok,0,steady
1791234429.6236908,kiemthugialap090@gmail.com,GET,/concerts/{id}/ticket-types,5.29,200,ok,0,steady
1791234429.6550913,kiemthugialap095@gmail.com,GET,/orders/me,4.604,200,ok,0,steady
1791234429.6581883,kiemthugialap082@gmail.com,GET,/orders/me,2.953,200,ok,0,steady
1791234429.665924,kiemthugialap061@gmail.com,GET,/orders/me,6.321,200,ok,0,steady
1791234429.6662457,kiemthugialap068@gmail.com,GET,/orders/me,7.948,200,ok,0,steady
1791234429.6665199,kiemthugialap018@gmail.com,GET,/orders/me,7.944,200,ok,0,steady
1791234429.6890967,kiemthugialap052@gmail.com,GET,/concerts,4.591,200,ok,0,steady
1791234429.7411757,kiemthugialap053@gmail.com,GET,/concerts/{id},6.627,200,ok,0,steady
1791234429.742496,kiemthugialap036@gmail.com,GET,/orders/me,8.643,200,ok,0,steady
1791234429.7430422,kiemthugialap070@gmail.com,GET,/orders/me,8.113,200,ok,0,steady
1791234429.8120713,kiemthugialap069@gmail.com,GET,/orders/me,9.246,200,ok,0,steady
1791234429.815254,kiemthugialap059@gmail.com,GET,/orders/me,14.399,200,ok,0,steady
1791234429.816531,kiemthugialap080@gmail.com,POST,/orders,14.196,409,sold_out,0,steady
1791234429.820426,kiemthugialap080@gmail.com,GET,/concerts/{id}/ticket-types,3.79,200,ok,0,steady
1791234429.8580325,kiemthugialap037@gmail.com,GET,/concerts?on_sale=true,5.475,200,ok,0,steady
1791234429.858898,kiemthugialap051@gmail.com,GET,/orders/me,5.303,200,ok,0,steady
1791234429.891231,kiemthugialap085@gmail.com,GET,/orders/me,5.652,200,ok,0,steady
1791234429.8941574,kiemthugialap026@gmail.com,GET,/concerts,2.765,200,ok,0,steady
1791234429.9250102,kiemthugialap076@gmail.com,GET,/concerts?on_sale=true,5.274,200,ok,0,steady
1791234429.9260397,kiemthugialap046@gmail.com,GET,/orders/me,7.552,200,ok,0,steady
1791234429.9446495,kiemthugialap010@gmail.com,GET,/orders/me,7.782,200,ok,0,steady
1791234429.9488745,kiemthugialap049@gmail.com,GET,/orders/me,3.993,200,ok,0,steady
1791234429.9518473,kiemthugialap001@gmail.com,GET,/orders/me,2.858,200,ok,0,steady
1791234429.9555125,kiemthugialap024@gmail.com,GET,/concerts/{id},3.524,200,ok,0,steady
1791234429.9749448,kiemthugialap015@gmail.com,GET,/concerts/{id},6.269,200,ok,0,steady
1791234429.9763281,kiemthugialap002@gmail.com,GET,/orders/me,6.704,200,ok,0,steady
1791234429.9784653,kiemthugialap023@gmail.com,GET,/orders/me,3.32,200,ok,0,steady
1791234429.9812975,kiemthugialap099@gmail.com,GET,/orders/me,2.71,200,ok,0,steady
1791234430.008409,kiemthugialap064@gmail.com,GET,/concerts?on_sale=true,6.075,200,ok,0,steady
1791234430.009881,kiemthugialap043@gmail.com,GET,/orders/me,5.87,200,ok,0,steady
1791234430.0114672,kiemthugialap077@gmail.com,GET,/concerts/{id},2.807,200,ok,0,steady
1791234430.0265357,kiemthugialap033@gmail.com,GET,/concerts/{id},6.833,200,ok,0,steady
1791234430.0283508,kiemthugialap092@gmail.com,GET,/orders/me,9.729,200,ok,0,steady
1791234430.0582573,kiemthugialap011@gmail.com,GET,/orders/me,7.0,200,ok,0,steady
1791234430.0910432,kiemthugialap083@gmail.com,GET,/orders/me,4.928,200,ok,0,steady
1791234430.1088023,kiemthugialap087@gmail.com,GET,/orders/me,6.538,200,ok,0,steady
1791234430.1264262,kiemthugialap040@gmail.com,GET,/concerts/{id},6.768,200,ok,0,steady
1791234430.1269171,kiemthugialap034@gmail.com,GET,/orders/me,7.793,200,ok,0,steady
1791234430.127889,kiemthugialap078@gmail.com,GET,/orders/me,7.541,200,ok,0,steady
1791234430.14211,kiemthugialap042@gmail.com,GET,/concerts,5.757,200,ok,0,steady
1791234430.1431215,kiemthugialap032@gmail.com,GET,/orders/me,6.168,200,ok,0,steady
1791234430.157267,kiemthugialap022@gmail.com,GET,/concerts?on_sale=true,4.393,200,ok,0,steady
1791234430.1811426,kiemthugialap055@gmail.com,GET,/concerts?on_sale=true,9.004,200,ok,0,steady
1791234430.1824923,kiemthugialap074@gmail.com,GET,/orders/me,13.122,200,ok,0,steady
1791234430.1828756,kiemthugialap039@gmail.com,GET,/orders/me,12.615,200,ok,0,steady
1791234430.2273853,kiemthugialap020@gmail.com,GET,/orders/me,9.093,200,ok,0,steady
1791234430.227929,kiemthugialap050@gmail.com,GET,/orders/me,10.576,200,ok,0,steady
1791234430.2283452,kiemthugialap016@gmail.com,GET,/orders/me,9.794,200,ok,0,steady
1791234430.2340221,kiemthugialap008@gmail.com,GET,/orders/me,5.534,200,ok,0,steady
1791234430.234612,kiemthugialap045@gmail.com,GET,/orders/me,5.182,200,ok,0,steady
1791234430.2724617,kiemthugialap019@gmail.com,GET,/concerts/{id},5.292,200,ok,0,steady
1791234430.2741046,kiemthugialap084@gmail.com,GET,/orders/me,6.45,200,ok,0,steady
1791234430.2769697,kiemthugialap063@gmail.com,GET,/orders/me,4.171,200,ok,0,steady
1791234430.3076289,kiemthugialap073@gmail.com,GET,/concerts/{id},6.473,200,ok,0,steady
1791234430.3086576,kiemthugialap028@gmail.com,GET,/orders/me,6.893,200,ok,0,steady
1791234430.3412807,kiemthugialap089@gmail.com,GET,/orders/me,22.998,200,ok,0,steady
1791234430.342125,kiemthugialap094@gmail.com,GET,/orders/me,25.317,200,ok,0,steady
1791234430.3449957,kiemthugialap041@gmail.com,GET,/concerts?on_sale=true,9.235,200,ok,0,steady
1791234430.3454313,kiemthugialap003@gmail.com,GET,/concerts/{id},10.781,200,ok,0,steady
1791234430.375701,kiemthugialap067@gmail.com,GET,/concerts/{id},7.793,200,ok,0,steady
1791234430.3813996,kiemthugialap090@gmail.com,POST,/orders,12.601,201,ok,0,steady
1791234430.3911617,kiemthugialap030@gmail.com,GET,/concerts/{id},12.017,200,ok,0,steady
1791234430.3919623,kiemthugialap014@gmail.com,GET,/orders/me,15.578,200,ok,0,steady
1791234430.392874,kiemthugialap097@gmail.com,GET,/orders/me,14.11,200,ok,0,steady
1791234430.3933344,kiemthugialap012@gmail.com,GET,/orders/me,17.424,200,ok,0,steady
1791234430.39446,kiemthugialap021@gmail.com,GET,/orders/me,12.856,200,ok,0,steady
1791234430.3982198,kiemthugialap031@gmail.com,GET,/orders/me,4.702,200,ok,0,steady
1791234430.4733727,kiemthugialap081@gmail.com,GET,/concerts,5.897,200,ok,0,steady
1791234430.478709,kiemthugialap038@gmail.com,GET,/orders/me,5.031,200,ok,0,steady
1791234430.4884157,kiemthugialap007@gmail.com,GET,/concerts?on_sale=true,4.024,200,ok,0,steady
1791234430.5116513,kiemthugialap059@gmail.com,GET,/orders/me,9.203,200,ok,0,steady
1791234430.5126135,kiemthugialap062@gmail.com,GET,/orders/me,11.616,200,ok,0,steady
1791234430.5130045,kiemthugialap079@gmail.com,GET,/orders/me,9.263,200,ok,0,steady
1791234430.5131686,kiemthugialap053@gmail.com,GET,/orders/me,11.206,200,ok,0,steady
1791234430.5475183,kiemthugialap091@gmail.com,GET,/concerts,9.858,200,ok,0,steady
1791234430.5493474,kiemthugialap027@gmail.com,GET,/orders/me,13.008,200,ok,0,steady
1791234430.5500393,kiemthugialap066@gmail.com,GET,/orders/me,15.489,200,ok,0,steady
1791234430.550514,kiemthugialap006@gmail.com,GET,/concerts?on_sale=true,12.521,200,ok,0,steady
1791234430.5516505,kiemthugialap086@gmail.com,GET,/orders/me,15.673,200,ok,0,steady
1791234430.552981,kiemthugialap072@gmail.com,GET,/concerts?on_sale=true,5.165,200,ok,0,steady
1791234430.6249893,kiemthugialap049@gmail.com,GET,/orders/me,5.479,200,ok,0,steady
1791234430.6607134,kiemthugialap037@gmail.com,GET,/concerts?on_sale=true,7.782,200,ok,0,steady
1791234430.6625905,kiemthugialap070@gmail.com,GET,/orders/me,11.392,200,ok,0,steady
1791234430.662974,kiemthugialap025@gmail.com,GET,/orders/me,10.424,200,ok,0,steady
1791234430.6632948,kiemthugialap088@gmail.com,GET,/orders/me,11.117,200,ok,0,steady
1791234430.6759977,kiemthugialap029@gmail.com,GET,/orders/me,6.27,200,ok,0,steady
1791234430.7064195,kiemthugialap071@gmail.com,GET,/orders/me,4.937,200,ok,0,steady
1791234430.723087,kiemthugialap004@gmail.com,GET,/orders/me,5.356,200,ok,0,steady
1791234430.7579145,kiemthugialap002@gmail.com,GET,/orders/me,6.362,200,ok,0,steady
1791234430.7739568,kiemthugialap051@gmail.com,GET,/orders/me,4.996,200,ok,0,steady
1791234430.777291,kiemthugialap020@gmail.com,GET,/orders/me,3.143,200,ok,0,steady
1791234430.8074362,kiemthugialap013@gmail.com,GET,/orders/me,5.447,200,ok,0,steady
1791234430.8439221,kiemthugialap017@gmail.com,GET,/concerts/{id},7.766,200,ok,0,steady
1791234430.845937,kiemthugialap018@gmail.com,GET,/orders/me,8.78,200,ok,0,steady
1791234430.8463128,kiemthugialap035@gmail.com,GET,/orders/me,8.841,200,ok,0,steady
1791234430.848321,kiemthugialap046@gmail.com,GET,/orders/me,4.213,200,ok,0,steady
1791234430.8516765,kiemthugialap096@gmail.com,GET,/orders/me,3.23,200,ok,0,steady
1791234430.889643,kiemthugialap098@gmail.com,GET,/concerts/{id},4.35,200,ok,0,steady
1791234430.9270947,kiemthugialap043@gmail.com,GET,/concerts?on_sale=true,7.795,200,ok,0,steady
1791234430.9275067,kiemthugialap095@gmail.com,GET,/concerts?on_sale=true,7.919,200,ok,0,steady
1791234430.928532,kiemthugialap082@gmail.com,GET,/orders/me,10.472,200,ok,0,steady
1791234430.9773104,kiemthugialap068@gmail.com,GET,/orders/me,7.963,200,ok,0,steady
1791234430.9905126,kiemthugialap057@gmail.com,GET,/orders/me,6.594,200,ok,0,steady
1791234431.0222828,kiemthugialap099@gmail.com,GET,/orders/me,5.017,200,ok,0,steady
1791234431.0384269,kiemthugialap058@gmail.com,GET,/orders/me,4.487,200,ok,0,steady
1791234431.080271,kiemthugialap078@gmail.com,GET,/orders/me,10.349,200,ok,0,steady
1791234431.0823982,kiemthugialap064@gmail.com,GET,/orders/me,14.286,200,ok,0,steady
1791234431.0828106,kiemthugialap012@gmail.com,GET,/orders/me,12.688,200,ok,0,steady
1791234431.0832324,kiemthugialap044@gmail.com,GET,/orders/me,13.869,200,ok,0,steady
1791234431.0881329,kiemthugialap006@gmail.com,GET,/orders/me,6.888,200,ok,0,steady
1791234431.0917084,kiemthugialap050@gmail.com,POST,/orders,11.126,201,ok,0,steady
1791234431.10959,kiemthugialap093@gmail.com,GET,/concerts,7.692,200,ok,0,steady
1791234431.1112525,kiemthugialap065@gmail.com,GET,/concerts,7.659,200,ok,0,steady
1791234431.1123023,kiemthugialap060@gmail.com,GET,/orders/me,11.248,200,ok,0,steady
1791234431.118919,kiemthugialap011@gmail.com,GET,/orders/me,15.781,200,ok,0,steady
1791234431.1239116,kiemthugialap001@gmail.com,GET,/orders/me,14.044,200,ok,0,steady
1791234431.1253169,kiemthugialap091@gmail.com,GET,/orders/me,15.08,200,ok,0,steady
1791234431.1280737,kiemthugialap052@gmail.com,GET,/orders/me,3.96,200,ok,0,steady
1791234431.1580095,kiemthugialap055@gmail.com,GET,/orders/me,5.179,200,ok,0,steady
1791234431.1584475,kiemthugialap083@gmail.com,GET,/orders/me,7.344,200,ok,0,steady
1791234431.1913579,kiemthugialap056@gmail.com,GET,/orders/me,5.456,200,ok,0,steady
1791234431.2411566,kiemthugialap081@gmail.com,GET,/orders/me,6.532,200,ok,0,steady
1791234431.24215,kiemthugialap100@gmail.com,GET,/orders/me,4.707,200,ok,0,steady
1791234431.2753642,kiemthugialap054@gmail.com,GET,/orders/me,6.093,200,ok,0,steady
1791234431.2758098,kiemthugialap029@gmail.com,GET,/orders/me,7.589,200,ok,0,steady
1791234431.308457,kiemthugialap097@gmail.com,GET,/orders/me,4.624,200,ok,0,steady
1791234431.3132524,kiemthugialap026@gmail.com,GET,/concerts/{id},4.645,200,ok,0,steady
1791234431.3150625,kiemthugialap022@gmail.com,GET,/orders/me,5.495,200,ok,0,steady
1791234431.3157802,kiemthugialap048@gmail.com,GET,/orders/me,6.852,200,ok,0,steady
1791234431.3174746,kiemthugialap009@gmail.com,GET,/orders/me,4.096,200,ok,0,steady
1791234431.3441236,kiemthugialap024@gmail.com,GET,/concerts/{id},7.257,200,ok,0,steady
1791234431.3450608,kiemthugialap067@gmail.com,GET,/orders/me,9.761,200,ok,0,steady
1791234431.346096,kiemthugialap084@gmail.com,GET,/orders/me,8.926,200,ok,0,steady
1791234431.3567858,kiemthugialap094@gmail.com,GET,/concerts/{id},5.211,200,ok,0,steady
1791234431.3765488,kiemthugialap033@gmail.com,GET,/orders/me,7.599,200,ok,0,steady
1791234431.3770025,kiemthugialap047@gmail.com,GET,/orders/me,9.244,200,ok,0,steady
1791234431.3773086,kiemthugialap010@gmail.com,GET,/orders/me,8.709,200,ok,0,steady
1791234431.3899226,kiemthugialap028@gmail.com,GET,/concerts/{id},5.574,200,ok,0,steady
1791234431.391178,kiemthugialap002@gmail.com,GET,/orders/me,6.09,200,ok,0,steady
1791234431.3935587,kiemthugialap005@gmail.com,GET,/orders/me,3.318,200,ok,0,steady
1791234431.4470634,kiemthugialap019@gmail.com,GET,/orders/me,9.632,200,ok,0,steady
1791234431.4474616,kiemthugialap076@gmail.com,GET,/orders/me,10.752,200,ok,0,steady
1791234431.447766,kiemthugialap085@gmail.com,GET,/orders/me,12.196,200,ok,0,steady
1791234431.4480546,kiemthugialap014@gmail.com,GET,/orders/me,10.932,200,ok,0,steady
1791234431.4793699,kiemthugialap021@gmail.com,GET,/orders/me,10.337,200,ok,0,steady
1791234431.4807436,kiemthugialap004@gmail.com,GET,/orders/me,12.954,200,ok,0,steady
1791234431.4811196,kiemthugialap038@gmail.com,GET,/orders/me,12.575,200,ok,0,steady
1791234431.4830542,kiemthugialap077@gmail.com,GET,/orders/me,3.44,200,ok,0,steady
1791234431.4958603,kiemthugialap008@gmail.com,GET,/orders/me,6.228,200,ok,0,steady
1791234431.4963698,kiemthugialap015@gmail.com,GET,/orders/me,7.389,200,ok,0,steady
1791234431.5004451,kiemthugialap075@gmail.com,GET,/orders/me,3.917,200,ok,0,steady
1791234431.505896,kiemthugialap073@gmail.com,GET,/orders/me,5.296,200,ok,0,steady
1791234431.5553632,kiemthugialap069@gmail.com,GET,/concerts/{id},4.506,200,ok,0,steady
1791234431.5558703,kiemthugialap040@gmail.com,GET,/concerts?on_sale=true,5.54,200,ok,0,steady
1791234431.5897756,kiemthugialap074@gmail.com,GET,/orders/me,4.792,200,ok,0,steady
1791234431.615443,kiemthugialap041@gmail.com,GET,/orders/me,7.699,200,ok,0,steady
1791234431.6203353,kiemthugialap072@gmail.com,GET,/orders/me,4.604,200,ok,0,steady
1791234431.6771898,kiemthugialap016@gmail.com,GET,/concerts/{id},5.8,200,ok,0,steady
1791234431.6790001,kiemthugialap030@gmail.com,GET,/orders/me,8.922,200,ok,0,steady
1791234431.6793823,kiemthugialap061@gmail.com,GET,/orders/me,9.702,200,ok,0,steady
1791234431.6797676,kiemthugialap032@gmail.com,GET,/orders/me,10.973,200,ok,0,steady
1791234431.708432,kiemthugialap080@gmail.com,GET,/concerts/{id},6.966,200,ok,0,steady
1791234431.7092197,kiemthugialap036@gmail.com,GET,/concerts/{id},6.831,200,ok,0,steady
1791234431.7145367,kiemthugialap089@gmail.com,GET,/orders/me,4.863,200,ok,0,steady
1791234431.7199888,kiemthugialap020@gmail.com,GET,/orders/me,4.939,200,ok,0,steady
1791234431.7205899,kiemthugialap099@gmail.com,GET,/orders/me,5.914,200,ok,0,steady
1791234431.7578473,kiemthugialap068@gmail.com,GET,/orders/me,21.886,200,ok,0,steady
1791234431.758406,kiemthugialap025@gmail.com,GET,/orders/me,23.502,200,ok,0,steady
1791234431.7625525,kiemthugialap012@gmail.com,GET,/orders/me,3.997,200,ok,0,steady
1791234431.765662,kiemthugialap087@gmail.com,GET,/orders/me,2.981,200,ok,0,steady
1791234431.7931616,kiemthugialap044@gmail.com,GET,/orders/me,8.549,200,ok,0,steady
1791234431.8245366,kiemthugialap088@gmail.com,GET,/orders/me,5.954,200,ok,0,steady
1791234431.8288639,kiemthugialap042@gmail.com,GET,/orders/me,4.102,200,ok,0,steady
1791234431.8569512,kiemthugialap064@gmail.com,GET,/orders/me,4.959,200,ok,0,steady
1791234431.890836,kiemthugialap023@gmail.com,GET,/orders/me,6.634,200,ok,0,steady
1791234431.891835,kiemthugialap006@gmail.com,GET,/orders/me,6.614,200,ok,0,steady
1791234431.8937988,kiemthugialap057@gmail.com,GET,/orders/me,2.817,200,ok,0,steady
1791234431.905629,kiemthugialap027@gmail.com,GET,/orders/me,4.86,200,ok,0,steady
1791234431.9569397,kiemthugialap092@gmail.com,GET,/concerts?on_sale=true,4.658,200,ok,0,steady
1791234431.9606276,kiemthugialap050@gmail.com,GET,/orders/me,3.516,200,ok,0,steady
1791234431.9643884,kiemthugialap005@gmail.com,GET,/orders/me,3.628,200,ok,0,steady
1791234431.993217,kiemthugialap029@gmail.com,GET,/concerts,7.955,200,ok,0,steady
1791234431.9947171,kiemthugialap063@gmail.com,GET,/orders/me,8.339,200,ok,0,steady
1791234431.9951262,kiemthugialap009@gmail.com,GET,/orders/me,7.48,200,ok,0,steady
1791234431.99739,kiemthugialap034@gmail.com,GET,/concerts/{id},2.123,200,ok,0,steady
1791234432.0242114,kiemthugialap055@gmail.com,GET,/orders/me,5.75,200,ok,0,steady
1791234432.042587,kiemthugialap094@gmail.com,GET,/orders/me,5.558,200,ok,0,steady
1791234432.0430744,kiemthugialap013@gmail.com,GET,/orders/me,6.911,200,ok,0,steady
1791234432.0741706,kiemthugialap073@gmail.com,GET,/concerts/{id},4.474,200,ok,0,steady
1791234432.0903976,kiemthugialap091@gmail.com,GET,/concerts,4.585,200,ok,0,steady
1791234432.091407,kiemthugialap062@gmail.com,GET,/orders/me,5.031,200,ok,0,steady
1791234432.107239,kiemthugialap024@gmail.com,GET,/concerts,4.008,200,ok,0,steady
1791234432.1081743,kiemthugialap045@gmail.com,GET,/orders/me,6.526,200,ok,0,steady
1791234432.1409965,kiemthugialap070@gmail.com,GET,/orders/me,5.384,200,ok,0,steady
1791234432.1578074,kiemthugialap039@gmail.com,GET,/concerts/{id},4.084,200,ok,0,steady
1791234432.16014,kiemthugialap098@gmail.com,GET,/concerts?on_sale=true,2.19,200,ok,0,steady
1791234432.163841,kiemthugialap060@gmail.com,GET,/orders/me,3.57,200,ok,0,steady
1791234432.1669366,kiemthugialap074@gmail.com,GET,/orders/me,2.972,200,ok,0,steady
1791234432.1934032,kiemthugialap053@gmail.com,GET,/concerts?on_sale=true,9.079,200,ok,0,steady
1791234432.1948347,kiemthugialap021@gmail.com,GET,/orders/me,8.742,200,ok,0,steady
1791234432.1962538,kiemthugialap003@gmail.com,GET,/concerts/{id},2.628,200,ok,0,steady
1791234432.2251356,kiemthugialap022@gmail.com,GET,/concerts?on_sale=true,5.133,200,ok,0,steady
1791234432.2268918,kiemthugialap037@gmail.com,GET,/orders/me,8.015,200,ok,0,steady
1791234432.228382,kiemthugialap100@gmail.com,GET,/concerts?on_sale=true,2.995,200,ok,0,steady
1791234432.230994,kiemthugialap090@gmail.com,GET,/orders/me,3.933,200,ok,0,steady
1791234432.2606516,kiemthugialap031@gmail.com,GET,/orders/me,7.146,200,ok,0,steady
1791234432.2616832,kiemthugialap079@gmail.com,GET,/orders/me,7.353,200,ok,0,steady
1791234432.263821,kiemthugialap069@gmail.com,GET,/orders/me,2.984,200,ok,0,steady
1791234432.3093877,kiemthugialap043@gmail.com,GET,/concerts?on_sale=true,6.591,200,ok,0,steady
1791234432.3105235,kiemthugialap007@gmail.com,GET,/concerts,9.314,200,ok,0,steady
1791234432.3116345,kiemthugialap066@gmail.com,GET,/orders/me,9.509,200,ok,0,steady
1791234432.311958,kiemthugialap016@gmail.com,GET,/orders/me,9.578,200,ok,0,steady
1791234432.3138034,kiemthugialap010@gmail.com,GET,/orders/me,4.223,200,ok,0,steady
1791234432.3401208,kiemthugialap017@gmail.com,GET,/orders/me,5.234,200,ok,0,steady
1791234432.3583598,kiemthugialap083@gmail.com,GET,/orders/me,4.728,200,ok,0,steady
1791234432.3742344,kiemthugialap086@gmail.com,GET,/concerts,3.715,200,ok,0,steady
1791234432.3755438,kiemthugialap071@gmail.com,GET,/orders/me,6.451,200,ok,0,steady
1791234432.379195,kiemthugialap065@gmail.com,GET,/orders/me,4.82,200,ok,0,steady
1791234432.379545,kiemthugialap059@gmail.com,GET,/orders/me,4.843,200,ok,0,steady
1791234432.4102314,kiemthugialap012@gmail.com,GET,/orders/me,6.211,200,ok,0,steady
1791234432.4106584,kiemthugialap015@gmail.com,GET,/orders/me,7.724,200,ok,0,steady
1791234432.4578676,kiemthugialap061@gmail.com,GET,/orders/me,6.027,200,ok,0,steady
1791234432.4908223,kiemthugialap049@gmail.com,GET,/orders/me,6.25,200,ok,0,steady
1791234432.4938462,kiemthugialap075@gmail.com,GET,/concerts/{id},2.786,200,ok,0,steady
1791234432.5078938,kiemthugialap085@gmail.com,GET,/orders/me,6.796,200,ok,0,steady
1791234432.5239787,kiemthugialap052@gmail.com,GET,/orders/me,6.621,200,ok,0,steady
1791234432.5904446,kiemthugialap035@gmail.com,GET,/concerts,3.645,200,ok,0,steady
1791234432.590785,kiemthugialap009@gmail.com,GET,/concerts,5.006,200,ok,0,steady
1791234432.6245415,kiemthugialap076@gmail.com,GET,/orders/me,5.328,200,ok,0,steady
1791234432.626986,kiemthugialap078@gmail.com,GET,/concerts,2.256,200,ok,0,steady
1791234432.6735206,kiemthugialap084@gmail.com,GET,/orders/me,22.591,200,ok,0,steady
1791234432.6740704,kiemthugialap096@gmail.com,GET,/orders/me,22.581,200,ok,0,steady
1791234432.6771307,kiemthugialap038@gmail.com,GET,/concerts?on_sale=true,8.121,200,ok,0,steady
1791234432.678514,kiemthugialap077@gmail.com,GET,/orders/me,10.705,200,ok,0,steady
1791234432.7101157,kiemthugialap081@gmail.com,GET,/concerts?on_sale=true,8.69,200,ok,0,steady
1791234432.712341,kiemthugialap054@gmail.com,GET,/orders/me,9.748,200,ok,0,steady
1791234432.7127254,kiemthugialap070@gmail.com,GET,/orders/me,9.008,200,ok,0,steady
1791234432.7152,kiemthugialap046@gmail.com,GET,/orders/me,4.871,200,ok,0,steady
1791234432.7474606,kiemthugialap005@gmail.com,GET,/concerts,13.795,200,ok,0,steady
1791234432.7526755,kiemthugialap011@gmail.com,GET,/orders/me,18.097,200,ok,0,steady
1791234432.7531946,kiemthugialap093@gmail.com,GET,/orders/me,18.055,200,ok,0,steady
1791234432.7535837,kiemthugialap018@gmail.com,GET,/orders/me,18.722,200,ok,0,steady
1791234432.7539408,kiemthugialap072@gmail.com,GET,/orders/me,16.918,200,ok,0,steady
1791234432.7544453,kiemthugialap051@gmail.com,GET,/concerts,17.742,200,ok,0,steady
1791234432.7585764,kiemthugialap036@gmail.com,GET,/orders/me,7.807,200,ok,0,steady
1791234432.7730901,kiemthugialap082@gmail.com,GET,/concerts/{id},5.663,200,ok,0,steady
1791234432.7913666,kiemthugialap028@gmail.com,GET,/concerts?on_sale=true,5.723,200,ok,0,steady
1791234432.806224,kiemthugialap013@gmail.com,GET,/orders/me,5.237,200,ok,0,steady
1791234432.855156,kiemthugialap040@gmail.com,GET,/concerts/{id},4.544,200,ok,0,steady
1791234432.8912656,kiemthugialap016@gmail.com,GET,/orders/me,7.129,200,ok,0,steady
1791234432.891763,kiemthugialap095@gmail.com,GET,/orders/me,6.78,200,ok,0,steady
1791234432.9235857,kiemthugialap026@gmail.com,GET,/orders/me,5.744,200,ok,0,steady
1791234432.926608,kiemthugialap001@gmail.com,GET,/orders/me,2.883,200,ok,0,steady
1791234432.9588373,kiemthugialap033@gmail.com,GET,/concerts/{id},6.105,200,ok,0,steady
1791234432.9592898,kiemthugialap024@gmail.com,GET,/concerts,6.298,200,ok,0,steady
1791234432.9601166,kiemthugialap021@gmail.com,GET,/orders/me,8.333,200,ok,0,steady
1791234432.9919937,kiemthugialap048@gmail.com,GET,/concerts,7.592,200,ok,0,steady
1791234432.993149,kiemthugialap060@gmail.com,GET,/orders/me,7.557,200,ok,0,steady
1791234432.9943306,kiemthugialap020@gmail.com,GET,/concerts,4.072,200,ok,0,steady
1791234433.0058038,kiemthugialap089@gmail.com,GET,/concerts?on_sale=true,3.666,200,ok,0,steady
1791234433.0404308,kiemthugialap068@gmail.com,GET,/concerts?on_sale=true,5.489,200,ok,0,steady
1791234433.041499,kiemthugialap058@gmail.com,GET,/orders/me,5.124,200,ok,0,steady
1791234433.0600638,kiemthugialap088@gmail.com,GET,/orders/me,7.659,200,ok,0,steady
1791234433.0615046,kiemthugialap002@gmail.com,GET,/orders/me,8.134,200,ok,0,steady
1791234433.0672925,kiemthugialap080@gmail.com,POST,/orders,6.959,201,ok,0,steady
1791234433.093003,kiemthugialap066@gmail.com,GET,/orders/me,8.224,200,ok,0,steady
1791234433.1001072,kiemthugialap007@gmail.com,GET,/orders/me,6.341,200,ok,0,steady
1791234433.1019976,kiemthugialap047@gmail.com,GET,/orders/me,8.772,200,ok,0,steady
1791234433.1063585,kiemthugialap008@gmail.com,GET,/orders/me,6.046,200,ok,0,steady
1791234433.1072714,kiemthugialap006@gmail.com,GET,/orders/me,6.483,200,ok,0,steady
1791234433.1430755,kiemthugialap065@gmail.com,GET,/orders/me,7.933,200,ok,0,steady
1791234433.1442602,kiemthugialap056@gmail.com,GET,/orders/me,9.551,200,ok,0,steady
1791234433.1445773,kiemthugialap014@gmail.com,GET,/orders/me,10.658,200,ok,0,steady
1791234433.146439,kiemthugialap097@gmail.com,GET,/orders/me,3.174,200,ok,0,steady
1791234433.1552083,kiemthugialap004@gmail.com,GET,/orders/me,4.629,200,ok,0,steady
1791234433.189525,kiemthugialap023@gmail.com,GET,/concerts,5.507,200,ok,0,steady
1791234433.1906648,kiemthugialap100@gmail.com,GET,/orders/me,5.981,200,ok,0,steady
1791234433.1933467,kiemthugialap067@gmail.com,GET,/orders/me,3.58,200,ok,0,steady
1791234433.2256947,kiemthugialap019@gmail.com,GET,/orders/me,5.722,200,ok,0,steady
1791234433.2260888,kiemthugialap022@gmail.com,GET,/orders/me,7.182,200,ok,0,steady
1791234433.2283168,kiemthugialap003@gmail.com,GET,/concerts,2.094,200,ok,0,steady
1791234433.2598283,kiemthugialap042@gmail.com,GET,/concerts?on_sale=true,5.037,200,ok,0,steady
1791234433.2612956,kiemthugialap079@gmail.com,GET,/orders/me,8.7,200,ok,0,steady
1791234433.2636876,kiemthugialap074@gmail.com,GET,/orders/me,3.625,200,ok,0,steady
1791234433.3123574,kiemthugialap096@gmail.com,GET,/orders/me,9.298,200,ok,0,steady
1791234433.314183,kiemthugialap005@gmail.com,GET,/orders/me,12.439,200,ok,0,steady
1791234433.3175368,kiemthugialap012@gmail.com,GET,/orders/me,5.018,200,ok,0,steady
1791234433.341408,kiemthugialap029@gmail.com,GET,/concerts/{id},4.444,200,ok,0,steady
1791234433.3432605,kiemthugialap037@gmail.com,GET,/orders/me,7.568,200,ok,0,steady
1791234433.343703,kiemthugialap038@gmail.com,GET,/orders/me,9.366,200,ok,0,steady
1791234433.3450193,kiemthugialap069@gmail.com,GET,/concerts?on_sale=true,3.411,200,ok,0,steady
1791234433.359442,kiemthugialap041@gmail.com,GET,/orders/me,8.618,200,ok,0,steady
1791234433.364146,kiemthugialap013@gmail.com,GET,/orders/me,4.391,200,ok,0,steady
1791234433.4249113,kiemthugialap018@gmail.com,GET,/orders/me,6.844,200,ok,0,steady
1791234433.4412143,kiemthugialap094@gmail.com,GET,/orders/me,4.517,200,ok,0,steady
1791234433.4443812,kiemthugialap015@gmail.com,GET,/concerts,2.999,200,ok,0,steady
1791234433.4902413,kiemthugialap021@gmail.com,GET,/concerts,5.03,200,ok,0,steady
1791234433.4906075,kiemthugialap084@gmail.com,GET,/concerts,3.787,200,ok,0,steady
1791234433.5289123,kiemthugialap099@gmail.com,GET,/concerts/{id},4.206,200,ok,0,steady
1791234433.5643585,kiemthugialap093@gmail.com,GET,/orders/me,9.311,200,ok,0,steady
1791234433.565207,kiemthugialap089@gmail.com,GET,/orders/me,12.14,200,ok,0,steady
1791234433.5655296,kiemthugialap016@gmail.com,GET,/orders/me,10.939,200,ok,0,steady
1791234433.5656533,kiemthugialap087@gmail.com,GET,/orders/me,11.441,200,ok,0,steady
1791234433.6260703,kiemthugialap011@gmail.com,GET,/concerts/{id},5.454,200,ok,0,steady
1791234433.6275804,kiemthugialap030@gmail.com,GET,/orders/me,7.336,200,ok,0,steady
1791234433.628014,kiemthugialap054@gmail.com,GET,/orders/me,8.904,200,ok,0,steady
1791234433.6403668,kiemthugialap098@gmail.com,GET,/concerts,4.571,200,ok,0,steady
1791234433.6571922,kiemthugialap031@gmail.com,GET,/concerts?on_sale=true,3.61,200,ok,0,steady
1791234433.680896,kiemthugialap086@gmail.com,GET,/orders/me,9.077,200,ok,0,steady
1791234433.6813195,kiemthugialap062@gmail.com,GET,/orders/me,11.946,200,ok,0,steady
1791234433.6816645,kiemthugialap077@gmail.com,GET,/orders/me,9.512,200,ok,0,steady
1791234433.682064,kiemthugialap032@gmail.com,GET,/orders/me,11.668,200,ok,0,steady
1791234433.691752,kiemthugialap025@gmail.com,GET,/orders/me,6.016,200,ok,0,steady
1791234433.6955156,kiemthugialap044@gmail.com,GET,/orders/me,3.584,200,ok,0,steady
1791234433.723583,kiemthugialap047@gmail.com,GET,/orders/me,5.14,200,ok,0,steady
1791234433.7470603,kiemthugialap063@gmail.com,GET,/orders/me,6.989,200,ok,0,steady
1791234433.7476182,kiemthugialap059@gmail.com,GET,/orders/me,8.325,200,ok,0,steady
1791234433.7778845,kiemthugialap043@gmail.com,GET,/concerts,9.307,200,ok,0,steady
1791234433.7798948,kiemthugialap004@gmail.com,GET,/orders/me,9.715,200,ok,0,steady
1791234433.7803705,kiemthugialap049@gmail.com,GET,/orders/me,8.736,200,ok,0,steady
1791234433.780712,kiemthugialap020@gmail.com,GET,/orders/me,10.881,200,ok,0,steady
1791234433.8156362,kiemthugialap034@gmail.com,GET,/concerts?on_sale=true,12.534,200,ok,0,steady
1791234433.8176117,kiemthugialap068@gmail.com,GET,/concerts,12.255,200,ok,0,steady
1791234433.8194966,kiemthugialap081@gmail.com,GET,/concerts/{id},15.849,200,ok,0,steady
1791234433.8202236,kiemthugialap064@gmail.com,GET,/orders/me,17.874,200,ok,0,steady
1791234433.8252516,kiemthugialap092@gmail.com,GET,/concerts,9.316,200,ok,0,steady
1791234433.8264375,kiemthugialap027@gmail.com,GET,/concerts?on_sale=true,8.487,200,ok,0,steady
1791234433.8321807,kiemthugialap039@gmail.com,GET,/orders/me,11.016,200,ok,0,steady
1791234433.8330264,kiemthugialap045@gmail.com,GET,/orders/me,12.537,200,ok,0,steady
1791234433.8362184,kiemthugialap006@gmail.com,GET,/orders/me,10.757,200,ok,0,steady
1791234433.8422954,kiemthugialap007@gmail.com,GET,/orders/me,7.232,200,ok,0,steady
1791234433.857612,kiemthugialap078@gmail.com,GET,/concerts?on_sale=true,5.14,200,ok,0,steady
1791234433.8735502,kiemthugialap050@gmail.com,GET,/concerts,5.883,200,ok,0,steady
1791234433.893339,kiemthugialap090@gmail.com,GET,/concerts?on_sale=true,8.061,200,ok,0,steady
1791234433.8947015,kiemthugialap057@gmail.com,GET,/concerts?on_sale=true,7.983,200,ok,0,steady
1791234433.89517,kiemthugialap012@gmail.com,GET,/concerts?on_sale=true,8.868,200,ok,0,steady
1791234433.8979378,kiemthugialap083@gmail.com,GET,/orders/me,4.372,200,ok,0,steady
1791234433.9227686,kiemthugialap038@gmail.com,GET,/concerts,4.917,200,ok,0,steady
1791234433.9477112,kiemthugialap069@gmail.com,GET,/orders/me,12.719,200,ok,0,steady
1791234433.9481716,kiemthugialap053@gmail.com,GET,/concerts/{id},14.576,200,ok,0,steady
1791234433.949069,kiemthugialap095@gmail.com,GET,/orders/me,13.633,200,ok,0,steady
1791234433.9496655,kiemthugialap010@gmail.com,GET,/orders/me,15.157,200,ok,0,steady
1791234433.9795423,kiemthugialap097@gmail.com,GET,/orders/me,10.198,200,ok,0,steady
1791234433.981039,kiemthugialap055@gmail.com,GET,/orders/me,12.158,200,ok,0,steady
1791234433.982488,kiemthugialap100@gmail.com,DELETE,/orders/{id},14.778,200,ok,0,steady
1791234433.9873781,kiemthugialap042@gmail.com,GET,/concerts?on_sale=true,7.563,200,ok,0,steady
1791234434.0265248,kiemthugialap073@gmail.com,GET,/orders/me,6.269,200,ok,0,steady
1791234434.0279646,kiemthugialap017@gmail.com,GET,/orders/me,10.033,200,ok,0,steady
1791234434.0302336,kiemthugialap091@gmail.com,GET,/orders/me,3.455,200,ok,0,steady
1791234434.0389118,kiemthugialap085@gmail.com,GET,/orders/me,4.496,200,ok,0,steady
1791234434.0726922,kiemthugialap015@gmail.com,GET,/concerts/{id},4.174,200,ok,0,steady
1791234434.076038,kiemthugialap070@gmail.com,GET,/orders/me,3.184,200,ok,0,steady
1791234434.1092148,kiemthugialap071@gmail.com,GET,/orders/me,6.251,200,ok,0,steady
1791234434.128653,kiemthugialap076@gmail.com,GET,/orders/me,8.845,200,ok,0,steady
1791234434.129073,kiemthugialap028@gmail.com,GET,/orders/me,8.425,200,ok,0,steady
1791234434.1414044,kiemthugialap075@gmail.com,GET,/orders/me,5.332,200,ok,0,steady
1791234434.1455164,kiemthugialap088@gmail.com,GET,/orders/me,3.889,200,ok,0,steady
1791234434.161183,kiemthugialap072@gmail.com,GET,/orders/me,5.24,200,ok,0,steady
1791234434.164676,kiemthugialap035@gmail.com,GET,/orders/me,3.285,200,ok,0,steady
1791234434.1763206,kiemthugialap052@gmail.com,GET,/orders/me,6.741,200,ok,0,steady
1791234434.1909251,kiemthugialap061@gmail.com,GET,/orders/me,6.429,200,ok,0,steady
1791234434.2240937,kiemthugialap080@gmail.com,GET,/concerts/{id},5.457,200,ok,0,steady
1791234434.2567394,kiemthugialap009@gmail.com,GET,/concerts?on_sale=true,4.052,200,ok,0,steady
1791234434.2578547,kiemthugialap021@gmail.com,GET,/orders/me,6.783,200,ok,0,steady
1791234434.3091812,kiemthugialap067@gmail.com,GET,/orders/me,6.504,200,ok,0,steady
1791234434.3129442,kiemthugialap037@gmail.com,GET,/orders/me,3.515,200,ok,0,steady
1791234434.3421817,kiemthugialap029@gmail.com,GET,/orders/me,5.176,200,ok,0,steady
1791234434.3426266,kiemthugialap026@gmail.com,GET,/orders/me,7.279,200,ok,0,steady
1791234434.3585417,kiemthugialap051@gmail.com,GET,/concerts?on_sale=true,4.928,200,ok,0,steady
1791234434.3594358,kiemthugialap024@gmail.com,GET,/orders/me,6.881,200,ok,0,steady
1791234434.3936424,kiemthugialap023@gmail.com,GET,/orders/me,5.895,200,ok,0,steady
1791234434.3940794,kiemthugialap056@gmail.com,GET,/orders/me,7.014,200,ok,0,steady
1791234434.4606698,kiemthugialap003@gmail.com,GET,/orders/me,5.97,200,ok,0,steady
1791234434.4611712,kiemthugialap092@gmail.com,GET,/orders/me,8.604,200,ok,0,steady
1791234434.490865,kiemthugialap083@gmail.com,GET,/orders/me,5.833,200,ok,0,steady
1791234434.5099614,kiemthugialap064@gmail.com,GET,/concerts,5.769,200,ok,0,steady
1791234434.5112267,kiemthugialap058@gmail.com,GET,/orders/me,7.603,200,ok,0,steady
1791234434.5116713,kiemthugialap100@gmail.com,GET,/orders/me,7.294,200,ok,0,steady
1791234434.5250905,kiemthugialap036@gmail.com,GET,/orders/me,5.784,200,ok,0,steady
1791234434.5779326,kiemthugialap046@gmail.com,GET,/concerts/{id},6.019,200,ok,0,steady
1791234434.5783634,kiemthugialap065@gmail.com,GET,/concerts?on_sale=true,8.045,200,ok,0,steady
1791234434.5788069,kiemthugialap020@gmail.com,GET,/orders/me,8.031,200,ok,0,steady
1791234434.579137,kiemthugialap033@gmail.com,GET,/orders/me,9.962,200,ok,0,steady
1791234434.591295,kiemthugialap048@gmail.com,GET,/concerts/{id},5.408,200,ok,0,steady
1791234434.5924408,kiemthugialap082@gmail.com,GET,/orders/me,5.265,200,ok,0,steady
1791234434.5950541,kiemthugialap047@gmail.com,GET,/orders/me,3.582,200,ok,0,steady
1791234434.6301112,kiemthugialap062@gmail.com,GET,/orders/me,9.959,200,ok,0,steady
1791234434.6306443,kiemthugialap013@gmail.com,GET,/orders/me,10.961,200,ok,0,steady
1791234434.6310837,kiemthugialap094@gmail.com,GET,/orders/me,10.673,200,ok,0,steady
1791234434.6313963,kiemthugialap057@gmail.com,GET,/orders/me,12.533,200,ok,0,steady
1791234434.677525,kiemthugialap008@gmail.com,GET,/orders/me,8.453,200,ok,0,steady
1791234434.6788888,kiemthugialap025@gmail.com,GET,/orders/me,11.103,200,ok,0,steady
1791234434.6809618,kiemthugialap093@gmail.com,GET,/orders/me,3.221,200,ok,0,steady
1791234434.7093332,kiemthugialap002@gmail.com,GET,/orders/me,7.67,200,ok,0,steady
1791234434.7098453,kiemthugialap054@gmail.com,GET,/orders/me,7.242,200,ok,0,steady
1791234434.7265215,kiemthugialap088@gmail.com,GET,/concerts?on_sale=true,5.307,200,ok,0,steady
1791234434.7279594,kiemthugialap044@gmail.com,GET,/orders/me,7.514,200,ok,0,steady
1791234434.7282948,kiemthugialap063@gmail.com,GET,/orders/me,7.35,200,ok,0,steady
1791234434.7410595,kiemthugialap040@gmail.com,GET,/orders/me,5.263,200,ok,0,steady
1791234434.7445834,kiemthugialap060@gmail.com,GET,/orders/me,3.296,200,ok,0,steady
1791234434.747354,kiemthugialap001@gmail.com,GET,/orders/me,2.652,200,ok,0,steady
1791234434.774833,kiemthugialap031@gmail.com,GET,/concerts?on_sale=true,6.731,200,ok,0,steady
1791234434.7933295,kiemthugialap017@gmail.com,GET,/orders/me,8.218,200,ok,0,steady
1791234434.793799,kiemthugialap091@gmail.com,GET,/orders/me,7.574,200,ok,0,steady
1791234434.8695428,kiemthugialap019@gmail.com,GET,/concerts/{id},14.993,200,ok,0,steady
1791234434.8741097,kiemthugialap041@gmail.com,GET,/orders/me,21.658,200,ok,0,steady
1791234434.8745208,kiemthugialap078@gmail.com,GET,/concerts/{id},20.353,200,ok,0,steady
1791234434.8748877,kiemthugialap032@gmail.com,GET,/orders/me,21.73,200,ok,0,steady
1791234434.875284,kiemthugialap011@gmail.com,GET,/orders/me,21.452,200,ok,0,steady
1791234434.875711,kiemthugialap089@gmail.com,GET,/orders/me,18.707,200,ok,0,steady
1791234434.876113,kiemthugialap087@gmail.com,GET,/orders/me,22.639,200,ok,0,steady
1791234434.8765092,kiemthugialap029@gmail.com,GET,/orders/me,19.808,200,ok,0,steady
1791234434.8778107,kiemthugialap099@gmail.com,GET,/concerts?on_sale=true,5.31,200,ok,0,steady
1791234434.8971717,kiemthugialap016@gmail.com,GET,/orders/me,10.623,200,ok,0,steady
1791234434.8987122,kiemthugialap097@gmail.com,GET,/orders/me,13.612,200,ok,0,steady
1791234434.900718,kiemthugialap066@gmail.com,GET,/orders/me,12.492,200,ok,0,steady
1791234434.9025507,kiemthugialap059@gmail.com,GET,/concerts,5.092,200,ok,0,steady
1791234434.904396,kiemthugialap027@gmail.com,GET,/concerts,2.841,200,ok,0,steady
1791234434.9567463,kiemthugialap051@gmail.com,GET,/concerts?on_sale=true,3.702,200,ok,0,steady
1791234434.9759395,kiemthugialap014@gmail.com,GET,/orders/me,6.392,200,ok,0,steady
1791234434.9798267,kiemthugialap043@gmail.com,GET,/orders/me,3.655,200,ok,0,steady
1791234435.0115573,kiemthugialap090@gmail.com,GET,/orders/me,12.389,200,ok,0,steady
1791234435.0128388,kiemthugialap074@gmail.com,GET,/orders/me,12.662,200,ok,0,steady
1791234435.0409935,kiemthugialap098@gmail.com,GET,/orders/me,6.388,200,ok,0,steady
1791234435.0590467,kiemthugialap064@gmail.com,GET,/orders/me,8.081,200,ok,0,steady
1791234435.0903232,kiemthugialap045@gmail.com,GET,/orders/me,6.001,200,ok,0,steady
1791234435.1118622,kiemthugialap052@gmail.com,GET,/orders/me,10.757,200,ok,0,steady
1791234435.1126,kiemthugialap048@gmail.com,GET,/orders/me,10.664,200,ok,0,steady
1791234435.1137526,kiemthugialap049@gmail.com,GET,/orders/me,12.101,200,ok,0,steady
1791234435.1302948,kiemthugialap081@gmail.com,GET,/orders/me,10.304,200,ok,0,steady
1791234435.130812,kiemthugialap075@gmail.com,GET,/orders/me,9.885,200,ok,0,steady
1791234435.1311622,kiemthugialap004@gmail.com,GET,/orders/me,8.937,200,ok,0,steady
1791234435.1361039,kiemthugialap053@gmail.com,GET,/orders/me,4.751,200,ok,0,steady
1791234435.1561754,kiemthugialap026@gmail.com,GET,/orders/me,5.135,200,ok,0,steady
1791234435.172987,kiemthugialap022@gmail.com,GET,/orders/me,5.484,200,ok,0,steady
1791234435.1767235,kiemthugialap096@gmail.com,GET,/concerts,3.385,200,ok,0,steady
1791234435.2261825,kiemthugialap018@gmail.com,GET,/orders/me,5.921,200,ok,0,steady
1791234435.2274854,kiemthugialap079@gmail.com,GET,/orders/me,8.751,200,ok,0,steady
1791234435.2290368,kiemthugialap084@gmail.com,GET,/concerts?on_sale=true,2.699,200,ok,0,steady
1791234435.240447,kiemthugialap034@gmail.com,GET,/orders/me,4.152,200,ok,0,steady
1791234435.256029,kiemthugialap030@gmail.com,GET,/orders/me,5.019,200,ok,0,steady
1791234435.290981,kiemthugialap002@gmail.com,GET,/concerts?on_sale=true,5.062,200,ok,0,steady
1791234435.2918546,kiemthugialap058@gmail.com,GET,/orders/me,6.693,200,ok,0,steady
1791234435.3087592,kiemthugialap039@gmail.com,GET,/concerts?on_sale=true,6.097,200,ok,0,steady
1791234435.309474,kiemthugialap093@gmail.com,GET,/concerts/{id},5.306,200,ok,0,steady
1791234435.3106222,kiemthugialap005@gmail.com,GET,/orders/me,6.062,200,ok,0,steady
1791234435.3256278,kiemthugialap065@gmail.com,GET,/orders/me,6.643,200,ok,0,steady
1791234435.3304458,kiemthugialap069@gmail.com,GET,/orders/me,4.459,200,ok,0,steady
1791234435.3579369,kiemthugialap068@gmail.com,GET,/orders/me,5.449,200,ok,0,steady
1791234435.364334,kiemthugialap023@gmail.com,GET,/concerts,5.744,200,ok,0,steady
1791234435.3647122,kiemthugialap025@gmail.com,GET,/concerts/{id},4.899,200,ok,0,steady
1791234435.365774,kiemthugialap038@gmail.com,GET,/orders/me,7.688,200,ok,0,steady
1791234435.3767455,kiemthugialap083@gmail.com,GET,/orders/me,5.869,200,ok,0,steady
1791234435.377518,kiemthugialap033@gmail.com,GET,/orders/me,7.701,200,ok,0,steady
1791234435.4097624,kiemthugialap024@gmail.com,GET,/orders/me,7.047,200,ok,0,steady
1791234435.411937,kiemthugialap070@gmail.com,GET,/orders/me,8.475,200,ok,0,steady
1791234435.4153674,kiemthugialap036@gmail.com,GET,/concerts/{id},5.379,200,ok,0,steady
1791234435.4162874,kiemthugialap076@gmail.com,GET,/concerts/{id},5.834,200,ok,0,steady
1791234435.4171064,kiemthugialap019@gmail.com,GET,/orders/me,6.365,200,ok,0,steady
1791234435.4183948,kiemthugialap055@gmail.com,GET,/concerts/{id},2.892,200,ok,0,steady
1791234435.4436705,kiemthugialap080@gmail.com,GET,/concerts/{id},7.678,200,ok,0,steady
1791234435.4458165,kiemthugialap061@gmail.com,GET,/orders/me,9.434,200,ok,0,steady
1791234435.445982,kiemthugialap021@gmail.com,GET,/orders/me,9.822,200,ok,0,steady
1791234435.4466567,kiemthugialap077@gmail.com,GET,/orders/me,11.376,200,ok,0,steady
1791234435.448835,kiemthugialap086@gmail.com,GET,/orders/me,4.892,200,ok,0,steady
1791234435.4747643,kiemthugialap009@gmail.com,GET,/concerts,4.879,200,ok,0,steady
1791234435.476046,kiemthugialap007@gmail.com,GET,/orders/me,7.071,200,ok,0,steady
1791234435.5127058,kiemthugialap085@gmail.com,GET,/concerts/{id},9.821,200,ok,0,steady
1791234435.5138454,kiemthugialap006@gmail.com,GET,/concerts/{id},10.093,200,ok,0,steady
1791234435.5155296,kiemthugialap013@gmail.com,GET,/orders/me,11.396,200,ok,0,steady
1791234435.5157292,kiemthugialap095@gmail.com,GET,/orders/me,10.214,200,ok,0,steady
1791234435.5198424,kiemthugialap066@gmail.com,GET,/orders/me,6.949,200,ok,0,steady
1791234435.520251,kiemthugialap073@gmail.com,GET,/orders/me,6.276,200,ok,0,steady
1791234435.5446177,kiemthugialap037@gmail.com,GET,/concerts?on_sale=true,5.131,200,ok,0,steady
1791234435.548987,kiemthugialap031@gmail.com,GET,/orders/me,4.155,200,ok,0,steady
1791234435.5575771,kiemthugialap040@gmail.com,GET,/orders/me,5.285,200,ok,0,steady
1791234435.5752597,kiemthugialap067@gmail.com,GET,/orders/me,6.754,200,ok,0,steady
1791234435.575671,kiemthugialap050@gmail.com,GET,/orders/me,5.868,200,ok,0,steady
1791234435.5910141,kiemthugialap046@gmail.com,GET,/orders/me,4.55,200,ok,0,steady
1791234435.6073768,kiemthugialap017@gmail.com,GET,/orders/me,4.738,200,ok,0,steady
1791234435.6424942,kiemthugialap052@gmail.com,GET,/concerts?on_sale=true,6.318,200,ok,0,steady
1791234435.6747832,kiemthugialap001@gmail.com,GET,/orders/me,4.801,200,ok,0,steady
1791234435.6911616,kiemthugialap060@gmail.com,GET,/orders/me,4.953,200,ok,0,steady
1791234435.7087874,kiemthugialap010@gmail.com,GET,/concerts,6.631,200,ok,0,steady
1791234435.710079,kiemthugialap014@gmail.com,GET,/orders/me,7.283,200,ok,0,steady
1791234435.7131011,kiemthugialap042@gmail.com,GET,/orders/me,4.122,200,ok,0,steady
1791234435.7746124,kiemthugialap056@gmail.com,GET,/orders/me,20.483,200,ok,0,steady
1791234435.7764015,kiemthugialap082@gmail.com,GET,/orders/me,23.458,200,ok,0,steady
1791234435.7795236,kiemthugialap072@gmail.com,GET,/concerts?on_sale=true,4.711,200,ok,0,steady
1791234435.7809732,kiemthugialap054@gmail.com,GET,/orders/me,5.703,200,ok,0,steady
1791234435.783126,kiemthugialap012@gmail.com,GET,/orders/me,3.471,200,ok,0,steady
1791234435.8248549,kiemthugialap099@gmail.com,GET,/orders/me,5.704,200,ok,0,steady
1791234435.8619962,kiemthugialap063@gmail.com,GET,/orders/me,10.204,200,ok,0,steady
1791234435.8631792,kiemthugialap087@gmail.com,GET,/orders/me,10.27,200,ok,0,steady
1791234435.8635266,kiemthugialap044@gmail.com,GET,/orders/me,10.94,200,ok,0,steady
1791234435.8662078,kiemthugialap093@gmail.com,GET,/orders/me,4.022,200,ok,0,steady
1791234435.8753746,kiemthugialap088@gmail.com,GET,/concerts?on_sale=true,6.051,200,ok,0,steady
1791234435.8812082,kiemthugialap100@gmail.com,POST,/orders,11.198,201,ok,0,steady
1791234435.9597502,kiemthugialap089@gmail.com,GET,/concerts?on_sale=true,4.351,200,ok,0,steady
1791234435.9613092,kiemthugialap092@gmail.com,GET,/orders/me,7.203,200,ok,0,steady
1791234435.9616804,kiemthugialap018@gmail.com,GET,/orders/me,8.87,200,ok,0,steady
1791234435.9915986,kiemthugialap015@gmail.com,GET,/concerts/{id},3.861,200,ok,0,steady
1791234435.9930212,kiemthugialap048@gmail.com,GET,/orders/me,6.381,200,ok,0,steady
1791234435.9945402,kiemthugialap038@gmail.com,GET,/concerts,2.693,200,ok,0,steady
1791234436.008996,kiemthugialap047@gmail.com,GET,/orders/me,5.027,200,ok,0,steady
1791234436.009457,kiemthugialap028@gmail.com,GET,/orders/me,6.986,200,ok,0,steady
1791234436.0257072,kiemthugialap083@gmail.com,GET,/orders/me,6.235,200,ok,0,steady
1791234436.042848,kiemthugialap049@gmail.com,GET,/concerts?on_sale=true,6.669,200,ok,0,steady
1791234436.0441647,kiemthugialap065@gmail.com,GET,/orders/me,7.184,200,ok,0,steady
1791234436.0445297,kiemthugialap035@gmail.com,GET,/orders/me,7.286,200,ok,0,steady
1791234436.0762362,kiemthugialap041@gmail.com,GET,/orders/me,6.829,200,ok,0,steady
1791234436.1107562,kiemthugialap097@gmail.com,GET,/orders/me,24.81,200,ok,0,steady
1791234436.111306,kiemthugialap026@gmail.com,GET,/orders/me,24.55,200,ok,0,steady
1791234436.1126232,kiemthugialap039@gmail.com,GET,/orders/me,9.093,200,ok,0,steady
1791234436.1132207,kiemthugialap071@gmail.com,GET,/orders/me,8.713,200,ok,0,steady
1791234436.13314,kiemthugialap046@gmail.com,GET,/orders/me,6.236,200,ok,0,steady
1791234436.1591306,kiemthugialap032@gmail.com,GET,/orders/me,7.703,200,ok,0,steady
1791234436.1640992,kiemthugialap081@gmail.com,GET,/orders/me,4.675,200,ok,0,steady
1791234436.1948676,kiemthugialap098@gmail.com,GET,/concerts/{id},9.062,200,ok,0,steady
1791234436.1954162,kiemthugialap075@gmail.com,GET,/orders/me,10.274,200,ok,0,steady
1791234436.2262428,kiemthugialap094@gmail.com,GET,/orders/me,7.529,200,ok,0,steady
1791234436.231275,kiemthugialap014@gmail.com,GET,/orders/me,4.746,200,ok,0,steady
1791234436.2903872,kiemthugialap029@gmail.com,GET,/orders/me,6.172,200,ok,0,steady
1791234436.3240142,kiemthugialap019@gmail.com,GET,/orders/me,5.823,200,ok,0,steady
1791234436.324449,kiemthugialap002@gmail.com,GET,/orders/me,6.98,200,ok,0,steady
1791234436.3388784,kiemthugialap078@gmail.com,GET,/orders/me,4.638,200,ok,0,steady
1791234436.3765323,kiemthugialap011@gmail.com,GET,/concerts,5.32,200,ok,0,steady
1791234436.3784757,kiemthugialap045@gmail.com,GET,/orders/me,9.673,200,ok,0,steady
1791234436.3788712,kiemthugialap022@gmail.com,GET,/orders/me,9.751,200,ok,0,steady
1791234436.3792078,kiemthugialap007@gmail.com,GET,/orders/me,11.301,200,ok,0,steady
1791234436.3910267,kiemthugialap042@gmail.com,GET,/orders/me,6.464,200,ok,0,steady
1791234436.4074812,kiemthugialap086@gmail.com,GET,/concerts,5.592,200,ok,0,steady
1791234436.4091089,kiemthugialap036@gmail.com,GET,/orders/me,8.094,200,ok,0,steady
1791234436.4232535,kiemthugialap016@gmail.com,GET,/concerts?on_sale=true,3.762,200,ok,0,steady
1791234436.429271,kiemthugialap069@gmail.com,GET,/orders/me,5.49,200,ok,0,steady
1791234436.4297087,kiemthugialap050@gmail.com,GET,/orders/me,6.313,200,ok,0,steady
1791234436.4330337,kiemthugialap084@gmail.com,GET,/orders/me,3.202,200,ok,0,steady
1791234436.4383056,kiemthugialap053@gmail.com,GET,/orders/me,5.05,200,ok,0,steady
1791234436.439629,kiemthugialap003@gmail.com,GET,/orders/me,5.209,200,ok,0,steady
1791234436.4558237,kiemthugialap099@gmail.com,GET,/orders/me,4.582,200,ok,0,steady
1791234436.4730408,kiemthugialap057@gmail.com,GET,/orders/me,5.153,200,ok,0,steady
1791234436.489628,kiemthugialap067@gmail.com,GET,/orders/me,5.053,200,ok,0,steady
1791234436.5241964,kiemthugialap038@gmail.com,GET,/concerts,4.492,200,ok,0,steady
1791234436.5253289,kiemthugialap033@gmail.com,GET,/orders/me,6.138,200,ok,0,steady
1791234436.5396857,kiemthugialap062@gmail.com,GET,/orders/me,5.522,200,ok,0,steady
1791234436.575677,kiemthugialap061@gmail.com,GET,/concerts,7.674,200,ok,0,steady
1791234436.5780604,kiemthugialap034@gmail.com,GET,/orders/me,8.276,200,ok,0,steady
1791234436.5785606,kiemthugialap043@gmail.com,GET,/orders/me,9.272,200,ok,0,steady
1791234436.5829747,kiemthugialap020@gmail.com,GET,/orders/me,7.12,200,ok,0,steady
1791234436.5835552,kiemthugialap088@gmail.com,GET,/concerts,4.859,200,ok,0,steady
1791234436.5849342,kiemthugialap059@gmail.com,GET,/orders/me,5.483,200,ok,0,steady
1791234436.6069813,kiemthugialap008@gmail.com,GET,/orders/me,5.59,200,ok,0,steady
1791234436.6109328,kiemthugialap095@gmail.com,GET,/orders/me,3.667,200,ok,0,steady
1791234436.6251144,kiemthugialap060@gmail.com,GET,/concerts,5.022,200,ok,0,steady
1791234436.6263993,kiemthugialap068@gmail.com,GET,/orders/me,6.942,200,ok,0,steady
1791234436.6412742,kiemthugialap049@gmail.com,GET,/orders/me,5.547,200,ok,0,steady
1791234436.64177,kiemthugialap037@gmail.com,GET,/orders/me,7.175,200,ok,0,steady
1791234436.6718166,kiemthugialap027@gmail.com,GET,/orders/me,20.478,200,ok,0,steady
1791234436.6722744,kiemthugialap090@gmail.com,GET,/orders/me,20.424,200,ok,0,steady
1791234436.6897604,kiemthugialap096@gmail.com,GET,/orders/me,5.517,200,ok,0,steady
1791234436.6943657,kiemthugialap065@gmail.com,GET,/concerts,4.057,200,ok,0,steady
1791234436.695461,kiemthugialap073@gmail.com,GET,/orders/me,5.542,200,ok,0,steady
1791234436.7055926,kiemthugialap098@gmail.com,GET,/concerts,4.313,200,ok,0,steady
1791234436.7245584,kiemthugialap015@gmail.com,GET,/orders/me,4.921,200,ok,0,steady
1791234436.7289872,kiemthugialap079@gmail.com,GET,/orders/me,4.2,200,ok,0,steady
1791234436.7570746,kiemthugialap091@gmail.com,GET,/concerts,5.891,200,ok,0,steady
1791234436.7580132,kiemthugialap052@gmail.com,GET,/orders/me,5.999,200,ok,0,steady
1791234436.7603173,kiemthugialap064@gmail.com,GET,/orders/me,3.095,200,ok,0,steady
1791234436.7950523,kiemthugialap005@gmail.com,GET,/orders/me,10.623,200,ok,0,steady
1791234436.795763,kiemthugialap048@gmail.com,GET,/orders/me,10.533,200,ok,0,steady
1791234436.7994514,kiemthugialap010@gmail.com,GET,/orders/me,3.521,200,ok,0,steady
1791234436.8225496,kiemthugialap021@gmail.com,GET,/concerts/{id},4.133,200,ok,0,steady
1791234436.8586857,kiemthugialap046@gmail.com,GET,/concerts,6.774,200,ok,0,steady
1791234436.859163,kiemthugialap004@gmail.com,GET,/concerts/{id},6.371,200,ok,0,steady
1791234436.860177,kiemthugialap051@gmail.com,GET,/orders/me,7.126,200,ok,0,steady
1791234436.8624322,kiemthugialap087@gmail.com,GET,/concerts,2.096,200,ok,0,steady
1791234436.8910506,kiemthugialap041@gmail.com,GET,/orders/me,5.659,200,ok,0,steady
1791234436.9079664,kiemthugialap026@gmail.com,GET,/orders/me,4.932,200,ok,0,steady
1791234436.927398,kiemthugialap074@gmail.com,GET,/orders/me,7.374,200,ok,0,steady
1791234436.9279222,kiemthugialap030@gmail.com,GET,/orders/me,8.992,200,ok,0,steady
1791234436.9423518,kiemthugialap031@gmail.com,GET,/orders/me,5.832,200,ok,0,steady
1791234436.9914162,kiemthugialap078@gmail.com,GET,/concerts/{id},5.326,200,ok,0,steady
1791234437.0086114,kiemthugialap032@gmail.com,GET,/orders/me,5.48,200,ok,0,steady
1791234437.0416348,kiemthugialap040@gmail.com,GET,/orders/me,4.515,200,ok,0,steady
1791234437.0741332,kiemthugialap100@gmail.com,GET,/concerts?on_sale=true,3.894,200,ok,0,steady
1791234437.0898361,kiemthugialap057@gmail.com,GET,/concerts,3.764,200,ok,0,steady
1791234437.1435637,kiemthugialap009@gmail.com,GET,/orders/me,7.409,200,ok,0,steady
1791234437.1776052,kiemthugialap054@gmail.com,GET,/concerts/{id},7.536,200,ok,0,steady
1791234437.1789193,kiemthugialap023@gmail.com,GET,/orders/me,9.764,200,ok,0,steady
1791234437.1912308,kiemthugialap024@gmail.com,GET,/concerts?on_sale=true,4.492,200,ok,0,steady
1791234437.1923766,kiemthugialap025@gmail.com,GET,/orders/me,6.379,200,ok,0,steady
1791234437.2083335,kiemthugialap038@gmail.com,GET,/orders/me,4.885,200,ok,0,steady
1791234437.226644,kiemthugialap001@gmail.com,GET,/orders/me,8.267,200,ok,0,steady
1791234437.2360458,kiemthugialap006@gmail.com,GET,/orders/me,9.048,200,ok,0,steady
1791234437.2365596,kiemthugialap063@gmail.com,GET,/concerts?on_sale=true,8.103,200,ok,0,steady
1791234437.238997,kiemthugialap028@gmail.com,GET,/orders/me,9.656,200,ok,0,steady
1791234437.2402701,kiemthugialap036@gmail.com,GET,/orders/me,5.892,200,ok,0,steady
1791234437.2705476,kiemthugialap058@gmail.com,GET,/orders/me,15.599,200,ok,0,steady
1791234437.2711449,kiemthugialap070@gmail.com,GET,/orders/me,16.641,200,ok,0,steady
1791234437.271616,kiemthugialap071@gmail.com,GET,/orders/me,18.095,200,ok,0,steady
1791234437.2895782,kiemthugialap082@gmail.com,GET,/orders/me,31.556,200,ok,0,steady
1791234437.2898974,kiemthugialap096@gmail.com,GET,/orders/me,32.542,200,ok,0,steady
1791234437.2913227,kiemthugialap055@gmail.com,GET,/concerts?on_sale=true,22.756,200,ok,0,steady
1791234437.2930112,kiemthugialap077@gmail.com,GET,/concerts,8.311,200,ok,0,steady
1791234437.308392,kiemthugialap022@gmail.com,GET,/concerts,6.557,200,ok,0,steady
1791234437.3089328,kiemthugialap080@gmail.com,GET,/concerts,6.361,200,ok,0,steady
1791234437.3237321,kiemthugialap081@gmail.com,GET,/concerts,5.328,200,ok,0,steady
1791234437.325063,kiemthugialap089@gmail.com,GET,/orders/me,6.17,200,ok,0,steady
1791234437.326851,kiemthugialap076@gmail.com,GET,/concerts?on_sale=true,2.859,200,ok,0,steady
1791234437.3406885,kiemthugialap027@gmail.com,GET,/orders/me,5.906,200,ok,0,steady
1791234437.346406,kiemthugialap066@gmail.com,GET,/concerts/{id},4.618,200,ok,0,steady
1791234437.3468726,kiemthugialap086@gmail.com,GET,/concerts?on_sale=true,5.916,200,ok,0,steady
1791234437.378126,kiemthugialap059@gmail.com,GET,/orders/me,8.619,200,ok,0,steady
1791234437.3829763,kiemthugialap085@gmail.com,GET,/orders/me,4.583,200,ok,0,steady
1791234437.4107208,kiemthugialap017@gmail.com,GET,/concerts,8.162,200,ok,0,steady
1791234437.412361,kiemthugialap037@gmail.com,GET,/orders/me,10.451,200,ok,0,steady
1791234437.412844,kiemthugialap013@gmail.com,GET,/orders/me,9.969,200,ok,0,steady
1791234437.461499,kiemthugialap047@gmail.com,GET,/concerts,8.453,200,ok,0,steady
1791234437.4634154,kiemthugialap029@gmail.com,GET,/orders/me,11.503,200,ok,0,steady
1791234437.4638493,kiemthugialap053@gmail.com,GET,/orders/me,12.272,200,ok,0,steady
1791234437.4642282,kiemthugialap065@gmail.com,GET,/orders/me,13.256,200,ok,0,steady
1791234437.5069046,kiemthugialap026@gmail.com,GET,/orders/me,5.202,200,ok,0,steady
1791234437.5095232,kiemthugialap019@gmail.com,GET,/concerts?on_sale=true,2.466,200,ok,0,steady
1791234437.522719,kiemthugialap083@gmail.com,GET,/orders/me,4.668,200,ok,0,steady
1791234437.5781133,kiemthugialap093@gmail.com,GET,/concerts,8.911,200,ok,0,steady
1791234437.579641,kiemthugialap012@gmail.com,GET,/orders/me,8.908,200,ok,0,steady
1791234437.5800176,kiemthugialap094@gmail.com,GET,/orders/me,9.612,200,ok,0,steady
1791234437.6079326,kiemthugialap099@gmail.com,GET,/orders/me,5.463,200,ok,0,steady
1791234437.6084225,kiemthugialap088@gmail.com,GET,/orders/me,7.279,200,ok,0,steady
1791234437.643616,kiemthugialap007@gmail.com,GET,/orders/me,6.53,200,ok,0,steady
1791234437.6439822,kiemthugialap008@gmail.com,GET,/orders/me,7.901,200,ok,0,steady
1791234437.6566453,kiemthugialap069@gmail.com,GET,/concerts?on_sale=true,4.017,200,ok,0,steady
1791234437.676262,kiemthugialap015@gmail.com,GET,/concerts?on_sale=true,6.459,200,ok,0,steady
1791234437.6770735,kiemthugialap056@gmail.com,GET,/orders/me,8.272,200,ok,0,steady
1791234437.7079988,kiemthugialap067@gmail.com,GET,/concerts/{id},5.665,200,ok,0,steady
1791234437.7115088,kiemthugialap074@gmail.com,GET,/orders/me,3.361,200,ok,0,steady
1791234437.7441325,kiemthugialap072@gmail.com,GET,/orders/me,8.149,200,ok,0,steady
1791234437.745448,kiemthugialap002@gmail.com,GET,/orders/me,10.634,200,ok,0,steady
1791234437.7457654,kiemthugialap018@gmail.com,GET,/orders/me,10.213,200,ok,0,steady
1791234437.7468057,kiemthugialap057@gmail.com,GET,/concerts?on_sale=true,2.463,200,ok,0,steady
1791234437.749152,kiemthugialap060@gmail.com,GET,/orders/me,3.279,200,ok,0,steady
1791234437.7779822,kiemthugialap044@gmail.com,GET,/orders/me,6.713,200,ok,0,steady
1791234437.7784178,kiemthugialap031@gmail.com,GET,/orders/me,6.588,200,ok,0,steady
1791234437.7927055,kiemthugialap009@gmail.com,GET,/orders/me,6.501,200,ok,0,steady
1791234437.796081,kiemthugialap032@gmail.com,GET,/orders/me,3.151,200,ok,0,steady
1791234437.8284757,kiemthugialap042@gmail.com,GET,/orders/me,8.583,200,ok,0,steady
1791234437.828952,kiemthugialap050@gmail.com,GET,/orders/me,7.72,200,ok,0,steady
1791234437.8292553,kiemthugialap052@gmail.com,GET,/orders/me,10.295,200,ok,0,steady
1791234437.8410928,kiemthugialap023@gmail.com,GET,/orders/me,5.976,200,ok,0,steady
1791234437.845084,kiemthugialap089@gmail.com,GET,/orders/me,3.598,200,ok,0,steady
1791234437.9149787,kiemthugialap098@gmail.com,GET,/orders/me,11.443,200,ok,0,steady
1791234437.9155297,kiemthugialap075@gmail.com,GET,/orders/me,11.336,200,ok,0,steady
1791234437.9159453,kiemthugialap076@gmail.com,GET,/orders/me,11.42,200,ok,0,steady
1791234437.9163837,kiemthugialap035@gmail.com,GET,/orders/me,12.539,200,ok,0,steady
1791234437.9167302,kiemthugialap097@gmail.com,GET,/orders/me,14.329,200,ok,0,steady
1791234437.926818,kiemthugialap059@gmail.com,GET,/concerts,7.895,200,ok,0,steady
1791234437.9281259,kiemthugialap092@gmail.com,GET,/concerts/{id},8.226,200,ok,0,steady
1791234437.9300425,kiemthugialap022@gmail.com,GET,/orders/me,11.691,200,ok,0,steady
1791234437.9307678,kiemthugialap003@gmail.com,GET,/orders/me,10.053,200,ok,0,steady
1791234437.9667394,kiemthugialap045@gmail.com,GET,/concerts/{id},15.335,200,ok,0,steady
1791234437.9689178,kiemthugialap048@gmail.com,GET,/concerts,15.731,200,ok,0,steady
1791234437.9691541,kiemthugialap080@gmail.com,GET,/orders/me,17.012,200,ok,0,steady
1791234437.9695103,kiemthugialap025@gmail.com,GET,/orders/me,17.033,200,ok,0,steady
1791234437.9699633,kiemthugialap020@gmail.com,GET,/orders/me,15.463,200,ok,0,steady
1791234437.9701707,kiemthugialap090@gmail.com,GET,/orders/me,17.425,200,ok,0,steady
1791234437.9711065,kiemthugialap091@gmail.com,GET,/orders/me,18.149,200,ok,0,steady
1791234437.9795978,kiemthugialap077@gmail.com,GET,/concerts/{id},4.726,200,ok,0,steady
1791234438.00839,kiemthugialap039@gmail.com,GET,/orders/me,7.084,200,ok,0,steady
1791234438.0089076,kiemthugialap073@gmail.com,GET,/orders/me,6.133,200,ok,0,steady
1791234438.0422654,kiemthugialap046@gmail.com,GET,/concerts,7.188,200,ok,0,steady
1791234438.0439062,kiemthugialap038@gmail.com,GET,/orders/me,6.316,200,ok,0,steady
1791234438.0442626,kiemthugialap014@gmail.com,GET,/orders/me,7.875,200,ok,0,steady
1791234438.0561957,kiemthugialap068@gmail.com,GET,/orders/me,3.988,200,ok,0,steady
1791234438.1062174,kiemthugialap034@gmail.com,GET,/concerts,3.845,200,ok,0,steady
1791234438.1100028,kiemthugialap081@gmail.com,GET,/orders/me,3.61,200,ok,0,steady
1791234438.1436365,kiemthugialap062@gmail.com,GET,/orders/me,6.305,200,ok,0,steady
1791234438.14462,kiemthugialap053@gmail.com,GET,/orders/me,8.504,200,ok,0,steady
1791234438.147988,kiemthugialap100@gmail.com,GET,/concerts?on_sale=true,3.248,200,ok,0,steady
1791234438.148363,kiemthugialap001@gmail.com,GET,/orders/me,4.594,200,ok,0,steady
1791234438.192267,kiemthugialap029@gmail.com,GET,/orders/me,4.951,200,ok,0,steady
1791234438.195694,kiemthugialap083@gmail.com,GET,/orders/me,3.261,200,ok,0,steady
1791234438.1985323,kiemthugialap084@gmail.com,GET,/orders/me,2.692,200,ok,0,steady
1791234438.2267895,kiemthugialap086@gmail.com,GET,/concerts?on_sale=true,7.797,200,ok,0,steady
1791234438.227238,kiemthugialap070@gmail.com,GET,/concerts/{id},6.868,200,ok,0,steady
1791234438.2278051,kiemthugialap064@gmail.com,GET,/concerts/{id},7.212,200,ok,0,steady
1791234438.2286108,kiemthugialap079@gmail.com,GET,/orders/me,8.523,200,ok,0,steady
1791234438.2579424,kiemthugialap016@gmail.com,GET,/orders/me,5.185,200,ok,0,steady
1791234438.3083112,kiemthugialap078@gmail.com,GET,/orders/me,4.777,200,ok,0,steady
1791234438.3272054,kiemthugialap008@gmail.com,GET,/orders/me,8.936,200,ok,0,steady
1791234438.3276455,kiemthugialap043@gmail.com,GET,/orders/me,8.041,200,ok,0,steady
1791234438.359856,kiemthugialap087@gmail.com,GET,/concerts?on_sale=true,6.216,200,ok,0,steady
1791234438.3605285,kiemthugialap011@gmail.com,GET,/orders/me,7.807,200,ok,0,steady
1791234438.3741915,kiemthugialap044@gmail.com,GET,/orders/me,5.527,200,ok,0,steady
1791234438.3912501,kiemthugialap037@gmail.com,GET,/orders/me,4.956,200,ok,0,steady
1791234438.3940482,kiemthugialap033@gmail.com,GET,/concerts?on_sale=true,2.655,200,ok,0,steady
1791234438.3958068,kiemthugialap051@gmail.com,GET,/orders/me,3.86,200,ok,0,steady
1791234438.4108462,kiemthugialap049@gmail.com,GET,/orders/me,6.704,200,ok,0,steady
1791234438.4113722,kiemthugialap009@gmail.com,GET,/orders/me,8.64,200,ok,0,steady
1791234438.4269383,kiemthugialap010@gmail.com,GET,/orders/me,6.491,200,ok,0,steady
1791234438.4419992,kiemthugialap032@gmail.com,GET,/concerts,4.175,200,ok,0,steady
1791234438.4430497,kiemthugialap047@gmail.com,GET,/orders/me,6.875,200,ok,0,steady
1791234438.475546,kiemthugialap095@gmail.com,GET,/concerts/{id},6.808,200,ok,0,steady
1791234438.4760458,kiemthugialap063@gmail.com,GET,/concerts/{id},5.831,200,ok,0,steady
1791234438.4914505,kiemthugialap017@gmail.com,GET,/concerts,6.983,200,ok,0,steady
1791234438.492003,kiemthugialap061@gmail.com,GET,/concerts,5.813,200,ok,0,steady
1791234438.5312347,kiemthugialap022@gmail.com,GET,/orders/me,12.363,200,ok,0,steady
1791234438.5356739,kiemthugialap066@gmail.com,GET,/concerts/{id},4.077,200,ok,0,steady
1791234438.5586908,kiemthugialap005@gmail.com,GET,/orders/me,7.407,200,ok,0,steady
1791234438.5668855,kiemthugialap073@gmail.com,GET,/orders/me,7.361,200,ok,0,steady
1791234438.5675206,kiemthugialap040@gmail.com,GET,/orders/me,8.591,200,ok,0,steady
1791234438.5942113,kiemthugialap093@gmail.com,GET,/orders/me,8.603,200,ok,0,steady
1791234438.5956523,kiemthugialap056@gmail.com,GET,/orders/me,10.825,200,ok,0,steady
1791234438.6003313,kiemthugialap075@gmail.com,GET,/orders/me,5.878,200,ok,0,steady
1791234438.6017478,kiemthugialap041@gmail.com,GET,/orders/me,5.901,200,ok,0,steady
1791234438.606643,kiemthugialap021@gmail.com,GET,/orders/me,6.107,200,ok,0,steady
1791234438.608466,kiemthugialap057@gmail.com,GET,/orders/me,6.533,200,ok,0,steady
1791234438.613608,kiemthugialap027@gmail.com,GET,/concerts/{id},4.002,200,ok,0,steady
1791234438.614737,kiemthugialap097@gmail.com,GET,/orders/me,6.085,200,ok,0,steady
1791234438.6173842,kiemthugialap038@gmail.com,GET,/orders/me,3.603,200,ok,0,steady
1791234438.6566925,kiemthugialap028@gmail.com,GET,/orders/me,4.544,200,ok,0,steady
1791234438.6739721,kiemthugialap030@gmail.com,GET,/concerts?on_sale=true,4.641,200,ok,0,steady
1791234438.6902483,kiemthugialap067@gmail.com,GET,/concerts?on_sale=true,5.394,200,ok,0,steady
1791234438.690722,kiemthugialap089@gmail.com,GET,/concerts,6.668,200,ok,0,steady
1791234438.74368,kiemthugialap024@gmail.com,GET,/orders/me,4.603,200,ok,0,steady
1791234438.7593005,kiemthugialap082@gmail.com,GET,/concerts/{id},5.444,200,ok,0,steady
1791234438.7604172,kiemthugialap002@gmail.com,GET,/orders/me,5.876,200,ok,0,steady
1791234438.7896137,kiemthugialap062@gmail.com,GET,/concerts?on_sale=true,4.082,200,ok,0,steady
1791234438.7929554,kiemthugialap004@gmail.com,GET,/concerts,3.169,200,ok,0,steady
1791234438.8282478,kiemthugialap055@gmail.com,GET,/orders/me,7.713,200,ok,0,steady
1791234438.828727,kiemthugialap058@gmail.com,GET,/orders/me,7.868,200,ok,0,steady
1791234438.8290496,kiemthugialap060@gmail.com,GET,/orders/me,9.51,200,ok,0,steady
1791234438.8329134,kiemthugialap071@gmail.com,GET,/orders/me,3.716,200,ok,0,steady
1791234438.872709,kiemthugialap039@gmail.com,GET,/concerts/{id},3.688,200,ok,0,steady
1791234438.8911712,kiemthugialap043@gmail.com,GET,/concerts?on_sale=true,5.024,200,ok,0,steady
1791234438.8943624,kiemthugialap045@gmail.com,GET,/orders/me,3.049,200,ok,0,steady
1791234438.9093704,kiemthugialap070@gmail.com,GET,/orders/me,4.91,200,ok,0,steady
1791234438.910386,kiemthugialap052@gmail.com,GET,/orders/me,8.025,200,ok,0,steady
1791234438.9126706,kiemthugialap084@gmail.com,GET,/orders/me,3.165,200,ok,0,steady
1791234438.922284,kiemthugialap065@gmail.com,GET,/concerts?on_sale=true,3.494,200,ok,0,steady
1791234438.9416673,kiemthugialap083@gmail.com,GET,/concerts,5.429,200,ok,0,steady
1791234438.9432328,kiemthugialap090@gmail.com,GET,/concerts,5.259,200,ok,0,steady
1791234438.9459102,kiemthugialap094@gmail.com,GET,/concerts/{id},4.008,200,ok,0,steady
1791234438.9955592,kiemthugialap019@gmail.com,GET,/concerts/{id},10.18,200,ok,0,steady
1791234438.9969811,kiemthugialap088@gmail.com,GET,/concerts?on_sale=true,9.875,200,ok,0,steady
1791234438.99742,kiemthugialap031@gmail.com,GET,/concerts/{id},9.995,200,ok,0,steady
1791234438.9978027,kiemthugialap096@gmail.com,GET,/concerts/{id},8.706,200,ok,0,steady
1791234438.9990478,kiemthugialap044@gmail.com,GET,/orders/me,12.533,200,ok,0,steady
1791234438.999485,kiemthugialap092@gmail.com,GET,/orders/me,11.783,200,ok,0,steady
1791234439.0412116,kiemthugialap098@gmail.com,GET,/orders/me,4.922,200,ok,0,steady
1791234439.0761838,kiemthugialap014@gmail.com,GET,/concerts/{id},4.264,200,ok,0,steady
1791234439.0772655,kiemthugialap100@gmail.com,GET,/orders/me,6.412,200,ok,0,steady
1791234439.1079974,kiemthugialap022@gmail.com,GET,/concerts,4.799,200,ok,0,steady
1791234439.109229,kiemthugialap006@gmail.com,GET,/orders/me,5.048,200,ok,0,steady
1791234439.1117475,kiemthugialap081@gmail.com,GET,/orders/me,3.501,200,ok,0,steady
1791234439.12457,kiemthugialap054@gmail.com,GET,/orders/me,4.983,200,ok,0,steady
1791234439.141268,kiemthugialap079@gmail.com,GET,/concerts/{id},4.235,200,ok,0,steady
1791234439.1467657,kiemthugialap077@gmail.com,GET,/orders/me,4.989,200,ok,0,steady
1791234439.1471455,kiemthugialap026@gmail.com,GET,/orders/me,5.716,200,ok,0,steady
1791234439.156149,kiemthugialap080@gmail.com,GET,/concerts?on_sale=true,3.881,200,ok,0,steady
1791234439.178689,kiemthugialap036@gmail.com,GET,/orders/me,8.105,200,ok,0,steady
1791234439.1923342,kiemthugialap061@gmail.com,GET,/orders/me,6.852,200,ok,0,steady
1791234439.2134242,kiemthugialap013@gmail.com,GET,/concerts/{id},10.303,200,ok,0,steady
1791234439.214761,kiemthugialap037@gmail.com,GET,/concerts,11.265,200,ok,0,steady
1791234439.217112,kiemthugialap020@gmail.com,GET,/orders/me,11.989,200,ok,0,steady
1791234439.2175663,kiemthugialap001@gmail.com,GET,/orders/me,15.135,200,ok,0,steady
1791234439.2177181,kiemthugialap008@gmail.com,GET,/orders/me,11.519,200,ok,0,steady
1791234439.239962,kiemthugialap085@gmail.com,GET,/orders/me,5.32,200,ok,0,steady
1791234439.2441475,kiemthugialap012@gmail.com,GET,/orders/me,3.961,200,ok,0,steady
1791234439.3071046,kiemthugialap078@gmail.com,GET,/orders/me,5.565,200,ok,0,steady
1791234439.3237524,kiemthugialap086@gmail.com,GET,/orders/me,5.562,200,ok,0,steady
1791234439.3591757,kiemthugialap033@gmail.com,GET,/orders/me,5.222,200,ok,0,steady
1791234439.3595228,kiemthugialap017@gmail.com,GET,/orders/me,6.723,200,ok,0,steady
1791234439.375286,kiemthugialap055@gmail.com,GET,/orders/me,5.256,200,ok,0,steady
1791234439.4270017,kiemthugialap053@gmail.com,GET,/orders/me,8.83,200,ok,0,steady
1791234439.4286807,kiemthugialap005@gmail.com,GET,/orders/me,10.05,200,ok,0,steady
1791234439.431805,kiemthugialap082@gmail.com,GET,/orders/me,4.537,200,ok,0,steady
1791234439.4449294,kiemthugialap018@gmail.com,GET,/orders/me,8.372,200,ok,0,steady
1791234439.446607,kiemthugialap050@gmail.com,GET,/orders/me,11.02,200,ok,0,steady
1791234439.4479055,kiemthugialap099@gmail.com,GET,/concerts,2.728,200,ok,0,steady
1791234439.4728153,kiemthugialap083@gmail.com,GET,/concerts/{id},3.657,200,ok,0,steady
1791234439.4887567,kiemthugialap041@gmail.com,GET,/concerts?on_sale=true,3.708,200,ok,0,steady
1791234439.5100007,kiemthugialap047@gmail.com,GET,/orders/me,6.24,200,ok,0,steady
1791234439.5104353,kiemthugialap004@gmail.com,GET,/orders/me,7.536,200,ok,0,steady
1791234439.5223813,kiemthugialap040@gmail.com,GET,/orders/me,4.58,200,ok,0,steady
1791234439.5753212,kiemthugialap015@gmail.com,GET,/orders/me,5.645,200,ok,0,steady
1791234439.5757108,kiemthugialap035@gmail.com,GET,/orders/me,7.416,200,ok,0,steady
1791234439.5789351,kiemthugialap069@gmail.com,GET,/orders/me,3.12,200,ok,0,steady
1791234439.5885007,kiemthugialap066@gmail.com,GET,/orders/me,4.289,200,ok,0,steady
1791234439.6107936,kiemthugialap098@gmail.com,GET,/orders/me,6.946,200,ok,0,steady
1791234439.6122458,kiemthugialap048@gmail.com,GET,/orders/me,9.317,200,ok,0,steady
1791234439.614736,kiemthugialap072@gmail.com,GET,/orders/me,3.715,200,ok,0,steady
1791234439.6230206,kiemthugialap059@gmail.com,GET,/concerts,5.092,200,ok,0,steady
1791234439.628907,kiemthugialap043@gmail.com,GET,/orders/me,5.568,200,ok,0,steady
1791234439.6414027,kiemthugialap007@gmail.com,GET,/concerts/{id},5.742,200,ok,0,steady
1791234439.6430042,kiemthugialap074@gmail.com,GET,/orders/me,8.16,200,ok,0,steady
1791234439.6433802,kiemthugialap093@gmail.com,GET,/orders/me,7.458,200,ok,0,steady
1791234439.6466625,kiemthugialap023@gmail.com,GET,/orders/me,3.159,200,ok,0,steady
1791234439.6927872,kiemthugialap029@gmail.com,GET,/orders/me,7.982,200,ok,0,steady
1791234439.693214,kiemthugialap073@gmail.com,GET,/orders/me,7.204,200,ok,0,steady
1791234439.707582,kiemthugialap045@gmail.com,GET,/orders/me,4.748,200,ok,0,steady
1791234439.724862,kiemthugialap042@gmail.com,GET,/orders/me,7.172,200,ok,0,steady
1791234439.7398517,kiemthugialap025@gmail.com,GET,/orders/me,5.211,200,ok,0,steady
1791234439.7605379,kiemthugialap077@gmail.com,GET,/orders/me,7.821,200,ok,0,steady
1791234439.7616656,kiemthugialap011@gmail.com,GET,/orders/me,10.378,200,ok,0,steady
1791234439.7620106,kiemthugialap024@gmail.com,GET,/orders/me,9.743,200,ok,0,steady
1791234439.7642043,kiemthugialap076@gmail.com,GET,/orders/me,3.491,200,ok,0,steady
1791234439.7738862,kiemthugialap094@gmail.com,GET,/orders/me,4.891,200,ok,0,steady
1791234439.7920272,kiemthugialap091@gmail.com,GET,/orders/me,7.515,200,ok,0,steady
1791234439.8138797,kiemthugialap057@gmail.com,GET,/concerts/{id},10.47,200,ok,0,steady
1791234439.8155274,kiemthugialap100@gmail.com,GET,/concerts/{id},12.476,200,ok,0,steady
1791234439.8159502,kiemthugialap022@gmail.com,GET,/concerts?on_sale=true,7.695,200,ok,0,steady
1791234439.8177772,kiemthugialap003@gmail.com,GET,/orders/me,16.423,200,ok,0,steady
1791234439.8185964,kiemthugialap075@gmail.com,GET,/orders/me,16.271,200,ok,0,steady
1791234439.8187804,kiemthugialap008@gmail.com,GET,/orders/me,16.135,200,ok,0,steady
1791234439.8209603,kiemthugialap016@gmail.com,GET,/concerts/{id},6.778,200,ok,0,steady
1791234439.8583763,kiemthugialap095@gmail.com,GET,/concerts/{id},6.858,200,ok,0,steady
1791234439.8587563,kiemthugialap084@gmail.com,GET,/concerts/{id},5.818,200,ok,0,steady
1791234439.859073,kiemthugialap068@gmail.com,GET,/concerts?on_sale=true,6.634,200,ok,0,steady
1791234439.9098513,kiemthugialap062@gmail.com,GET,/orders/me,7.911,200,ok,0,steady
1791234439.9103887,kiemthugialap009@gmail.com,GET,/orders/me,7.948,200,ok,0,steady
1791234439.9612951,kiemthugialap078@gmail.com,GET,/concerts/{id},7.042,200,ok,0,steady
1791234439.962753,kiemthugialap014@gmail.com,GET,/orders/me,9.974,200,ok,0,steady
1791234439.963119,kiemthugialap087@gmail.com,GET,/orders/me,9.254,200,ok,0,steady
1791234439.9649823,kiemthugialap080@gmail.com,GET,/concerts,3.455,200,ok,0,steady
1791234439.9749825,kiemthugialap090@gmail.com,GET,/orders/me,6.373,200,ok,0,steady
1791234440.0080929,kiemthugialap046@gmail.com,GET,/orders/me,4.661,200,ok,0,steady
1791234440.0270338,kiemthugialap034@gmail.com,GET,/orders/me,7.409,200,ok,0,steady
1791234440.027466,kiemthugialap012@gmail.com,GET,/orders/me,7.083,200,ok,0,steady
1791234440.044499,kiemthugialap049@gmail.com,GET,/orders/me,6.941,200,ok,0,steady
1791234440.045833,kiemthugialap036@gmail.com,GET,/orders/me,8.987,200,ok,0,steady
1791234440.0483322,kiemthugialap058@gmail.com,GET,/orders/me,3.605,200,ok,0,steady
1791234440.0752323,kiemthugialap097@gmail.com,GET,/orders/me,6.675,200,ok,0,steady
1791234440.0765722,kiemthugialap089@gmail.com,GET,/orders/me,6.846,200,ok,0,steady
1791234440.079705,kiemthugialap088@gmail.com,GET,/orders/me,4.34,200,ok,0,steady
1791234440.0800433,kiemthugialap032@gmail.com,GET,/orders/me,4.389,200,ok,0,steady
1791234440.090387,kiemthugialap017@gmail.com,GET,/orders/me,5.451,200,ok,0,steady
1791234440.109904,kiemthugialap021@gmail.com,GET,/concerts?on_sale=true,6.449,200,ok,0,steady
1791234440.1107228,kiemthugialap030@gmail.com,GET,/orders/me,8.904,200,ok,0,steady
1791234440.1248305,kiemthugialap020@gmail.com,GET,/concerts,5.739,200,ok,0,steady
1791234440.126085,kiemthugialap067@gmail.com,GET,/orders/me,6.242,200,ok,0,steady
1791234440.142395,kiemthugialap070@gmail.com,GET,/orders/me,4.581,200,ok,0,steady
1791234440.1476352,kiemthugialap056@gmail.com,GET,/orders/me,4.635,200,ok,0,steady
1791234440.1486177,kiemthugialap010@gmail.com,GET,/orders/me,6.017,200,ok,0,steady
1791234440.15057,kiemthugialap061@gmail.com,GET,/orders/me,2.793,200,ok,0,steady
1791234440.1745045,kiemthugialap064@gmail.com,GET,/orders/me,5.675,200,ok,0,steady
1791234440.2733445,kiemthugialap086@gmail.com,GET,/concerts,34.549,200,ok,0,steady
1791234440.2775593,kiemthugialap050@gmail.com,GET,/orders/me,39.379,200,ok,0,steady
1791234440.2779887,kiemthugialap059@gmail.com,GET,/orders/me,18.546,200,ok,0,steady
1791234440.284816,kiemthugialap096@gmail.com,GET,/orders/me,10.816,200,ok,0,steady
1791234440.285323,kiemthugialap063@gmail.com,GET,/orders/me,11.79,200,ok,0,steady
1791234440.3231127,kiemthugialap073@gmail.com,GET,/orders/me,5.58,200,ok,0,steady
1791234440.3907988,kiemthugialap051@gmail.com,GET,/orders/me,5.906,200,ok,0,steady
1791234440.4245617,kiemthugialap072@gmail.com,GET,/orders/me,5.606,200,ok,0,steady
1791234440.4589453,kiemthugialap054@gmail.com,GET,/orders/me,4.276,200,ok,0,steady
1791234440.4748907,kiemthugialap038@gmail.com,GET,/orders/me,4.388,200,ok,0,steady
1791234440.47733,kiemthugialap079@gmail.com,GET,/concerts?on_sale=true,2.273,200,ok,0,steady
1791234440.479494,kiemthugialap071@gmail.com,GET,/concerts?on_sale=true,2.026,200,ok,0,steady
1791234440.4901903,kiemthugialap028@gmail.com,GET,/orders/me,4.471,200,ok,0,steady
1791234440.5457113,kiemthugialap039@gmail.com,GET,/concerts/{id},9.378,200,ok,0,steady
1791234440.5472653,kiemthugialap015@gmail.com,GET,/orders/me,12.205,200,ok,0,steady
1791234440.5476046,kiemthugialap007@gmail.com,GET,/orders/me,11.164,200,ok,0,steady
1791234440.547904,kiemthugialap048@gmail.com,GET,/orders/me,10.523,200,ok,0,steady
1791234440.5495517,kiemthugialap006@gmail.com,GET,/orders/me,3.576,200,ok,0,steady
1791234440.5742579,kiemthugialap060@gmail.com,GET,/concerts/{id},5.87,200,ok,0,steady
1791234440.5753055,kiemthugialap044@gmail.com,GET,/orders/me,7.482,200,ok,0,steady
1791234440.5928476,kiemthugialap092@gmail.com,GET,/concerts?on_sale=true,5.876,200,ok,0,steady
1791234440.5932636,kiemthugialap045@gmail.com,GET,/concerts,6.625,200,ok,0,steady
1791234440.5942051,kiemthugialap052@gmail.com,GET,/orders/me,8.748,200,ok,0,steady
1791234440.6074798,kiemthugialap002@gmail.com,GET,/concerts/{id},4.534,200,ok,0,steady
1791234440.6102412,kiemthugialap027@gmail.com,GET,/concerts,2.562,200,ok,0,steady
1791234440.6136384,kiemthugialap085@gmail.com,GET,/orders/me,3.274,200,ok,0,steady
1791234440.6390176,kiemthugialap083@gmail.com,GET,/concerts,4.002,200,ok,0,steady
1791234440.659065,kiemthugialap004@gmail.com,GET,/concerts,4.39,200,ok,0,steady
1791234440.6600573,kiemthugialap031@gmail.com,GET,/orders/me,6.052,200,ok,0,steady
1791234440.6939437,kiemthugialap100@gmail.com,GET,/orders/me,7.218,200,ok,0,steady
1791234440.6943848,kiemthugialap053@gmail.com,GET,/orders/me,6.566,200,ok,0,steady
1791234440.743586,kiemthugialap018@gmail.com,GET,/orders/me,7.373,200,ok,0,steady
1791234440.7440872,kiemthugialap042@gmail.com,GET,/orders/me,7.263,200,ok,0,steady
1791234440.7577133,kiemthugialap082@gmail.com,GET,/concerts,5.341,200,ok,0,steady
1791234440.7597783,kiemthugialap017@gmail.com,GET,/orders/me,8.236,200,ok,0,steady
1791234440.7747738,kiemthugialap076@gmail.com,GET,/orders/me,4.596,200,ok,0,steady
1791234440.792939,kiemthugialap077@gmail.com,GET,/orders/me,6.738,200,ok,0,steady
1791234440.8128788,kiemthugialap075@gmail.com,GET,/orders/me,10.869,200,ok,0,steady
1791234440.8133657,kiemthugialap097@gmail.com,GET,/orders/me,8.926,200,ok,0,steady
1791234440.8137078,kiemthugialap023@gmail.com,GET,/orders/me,9.959,200,ok,0,steady
1791234440.8231158,kiemthugialap065@gmail.com,GET,/concerts?on_sale=true,5.295,200,ok,0,steady
1791234440.840199,kiemthugialap012@gmail.com,GET,/orders/me,5.429,200,ok,0,steady
1791234440.8578851,kiemthugialap001@gmail.com,GET,/orders/me,6.266,200,ok,0,steady
1791234440.874989,kiemthugialap047@gmail.com,GET,/orders/me,5.343,200,ok,0,steady
1791234440.8793755,kiemthugialap026@gmail.com,GET,/concerts,4.112,200,ok,0,steady
1791234440.882134,kiemthugialap019@gmail.com,GET,/concerts?on_sale=true,5.953,200,ok,0,steady
1791234440.8827066,kiemthugialap013@gmail.com,GET,/orders/me,6.227,200,ok,0,steady
1791234440.907857,kiemthugialap070@gmail.com,GET,/orders/me,6.427,200,ok,0,steady
1791234440.9241626,kiemthugialap066@gmail.com,GET,/orders/me,5.831,200,ok,0,steady
1791234440.9394062,kiemthugialap030@gmail.com,GET,/concerts/{id},4.548,200,ok,0,steady
1791234440.9586723,kiemthugialap059@gmail.com,GET,/orders/me,8.151,200,ok,0,steady
1791234440.975207,kiemthugialap081@gmail.com,GET,/concerts/{id},5.834,200,ok,0,steady
1791234440.97667,kiemthugialap049@gmail.com,GET,/orders/me,8.619,200,ok,0,steady
1791234441.0068343,kiemthugialap016@gmail.com,GET,/orders/me,4.879,200,ok,0,steady
1791234441.058251,kiemthugialap043@gmail.com,GET,/concerts?on_sale=true,7.207,200,ok,0,steady
1791234441.058651,kiemthugialap037@gmail.com,GET,/orders/me,6.53,200,ok,0,steady
1791234441.0935733,kiemthugialap040@gmail.com,GET,/orders/me,5.015,200,ok,0,steady
1791234441.0939937,kiemthugialap054@gmail.com,GET,/orders/me,6.609,200,ok,0,steady
1791234441.124078,kiemthugialap072@gmail.com,GET,/concerts,4.889,200,ok,0,steady
1791234441.1277456,kiemthugialap086@gmail.com,GET,/orders/me,3.492,200,ok,0,steady
1791234441.142129,kiemthugialap061@gmail.com,GET,/orders/me,6.772,200,ok,0,steady
1791234441.1432827,kiemthugialap067@gmail.com,GET,/orders/me,7.629,200,ok,0,steady
1791234441.1466396,kiemthugialap055@gmail.com,GET,/orders/me,4.338,200,ok,0,steady
1791234441.1855268,kiemthugialap024@gmail.com,GET,/orders/me,16.549,200,ok,0,steady
1791234441.187127,kiemthugialap005@gmail.com,GET,/orders/me,19.163,200,ok,0,steady
1791234441.1896255,kiemthugialap095@gmail.com,GET,/orders/me,21.013,200,ok,0,steady
1791234441.190118,kiemthugialap041@gmail.com,GET,/orders/me,20.858,200,ok,0,steady
1791234441.190335,kiemthugialap091@gmail.com,GET,/orders/me,19.315,200,ok,0,steady
1791234441.194479,kiemthugialap045@gmail.com,GET,/concerts?on_sale=true,8.77,200,ok,0,steady
1791234441.195926,kiemthugialap010@gmail.com,GET,/orders/me,12.101,200,ok,0,steady
1791234441.1986673,kiemthugialap088@gmail.com,GET,/orders/me,4.051,200,ok,0,steady
1791234441.2242107,kiemthugialap033@gmail.com,GET,/orders/me,4.633,200,ok,0,steady
1791234441.290312,kiemthugialap029@gmail.com,GET,/orders/me,5.628,200,ok,0,steady
1791234441.3078172,kiemthugialap087@gmail.com,GET,/concerts/{id},3.683,200,ok,0,steady
1791234441.3099906,kiemthugialap035@gmail.com,GET,/concerts,2.027,200,ok,0,steady
1791234441.312001,kiemthugialap062@gmail.com,GET,/concerts,1.876,200,ok,0,steady
1791234441.324005,kiemthugialap021@gmail.com,GET,/concerts/{id},4.285,200,ok,0,steady
1791234441.3303475,kiemthugialap068@gmail.com,GET,/orders/me,6.12,200,ok,0,steady
1791234441.3312562,kiemthugialap077@gmail.com,GET,/orders/me,6.597,200,ok,0,steady
1791234441.3326883,kiemthugialap056@gmail.com,GET,/concerts/{id},2.204,200,ok,0,steady
1791234441.3339043,kiemthugialap094@gmail.com,GET,/concerts/{id},2.519,200,ok,0,steady
1791234441.357142,kiemthugialap044@gmail.com,GET,/orders/me,5.298,200,ok,0,steady
1791234441.3756342,kiemthugialap071@gmail.com,GET,/orders/me,6.004,200,ok,0,steady
1791234441.3790395,kiemthugialap008@gmail.com,GET,/concerts?on_sale=true,3.217,200,ok,0,steady
1791234441.39151,kiemthugialap022@gmail.com,GET,/concerts,5.287,200,ok,0,steady
1791234441.3935478,kiemthugialap050@gmail.com,GET,/orders/me,6.113,200,ok,0,steady
1791234441.398533,kiemthugialap078@gmail.com,GET,/orders/me,6.171,200,ok,0,steady
1791234441.3989053,kiemthugialap098@gmail.com,GET,/orders/me,6.823,200,ok,0,steady
1791234441.3992598,kiemthugialap099@gmail.com,GET,/orders/me,7.576,200,ok,0,steady
1791234441.4030538,kiemthugialap011@gmail.com,GET,/orders/me,3.656,200,ok,0,steady
1791234441.4176672,kiemthugialap048@gmail.com,GET,/orders/me,6.214,200,ok,0,steady
1791234441.424503,kiemthugialap074@gmail.com,GET,/orders/me,6.576,200,ok,0,steady
1791234441.4249513,kiemthugialap060@gmail.com,GET,/orders/me,6.095,200,ok,0,steady
1791234441.4585695,kiemthugialap013@gmail.com,GET,/concerts?on_sale=true,5.543,200,ok,0,steady
1791234441.4598472,kiemthugialap093@gmail.com,GET,/orders/me,5.208,200,ok,0,steady
1791234441.4749155,kiemthugialap009@gmail.com,GET,/orders/me,4.772,200,ok,0,steady
1791234441.4934776,kiemthugialap069@gmail.com,GET,/orders/me,6.446,200,ok,0,steady
1791234441.4939327,kiemthugialap096@gmail.com,GET,/orders/me,6.061,200,ok,0,steady
1791234441.5277328,kiemthugialap025@gmail.com,GET,/concerts/{id},6.594,200,ok,0,steady
1791234441.5294461,kiemthugialap089@gmail.com,GET,/orders/me,8.103,200,ok,0,steady
1791234441.529793,kiemthugialap019@gmail.com,GET,/orders/me,9.2,200,ok,0,steady
1791234441.575948,kiemthugialap018@gmail.com,GET,/concerts,5.873,200,ok,0,steady
1791234441.605995,kiemthugialap031@gmail.com,GET,/concerts,3.613,200,ok,0,steady
1791234441.6272018,kiemthugialap082@gmail.com,GET,/concerts?on_sale=true,4.138,200,ok,0,steady
1791234441.6587968,kiemthugialap014@gmail.com,GET,/orders/me,6.5,200,ok,0,steady
1791234441.6591446,kiemthugialap100@gmail.com,GET,/orders/me,7.852,200,ok,0,steady
1791234441.6968598,kiemthugialap076@gmail.com,GET,/orders/me,10.609,200,ok,0,steady
1791234441.697259,kiemthugialap081@gmail.com,GET,/orders/me,8.494,200,ok,0,steady
1791234441.6975498,kiemthugialap006@gmail.com,GET,/orders/me,12.74,200,ok,0,steady
1791234441.697852,kiemthugialap003@gmail.com,GET,/orders/me,11.174,200,ok,0,steady
1791234441.724612,kiemthugialap030@gmail.com,GET,/orders/me,5.616,200,ok,0,steady
1791234441.742891,kiemthugialap002@gmail.com,GET,/concerts,5.125,200,ok,0,steady
1791234441.7442293,kiemthugialap083@gmail.com,GET,/orders/me,5.882,200,ok,0,steady
1791234441.747544,kiemthugialap043@gmail.com,GET,/orders/me,4.486,200,ok,0,steady
1791234441.7935796,kiemthugialap057@gmail.com,GET,/concerts/{id},5.988,200,ok,0,steady
1791234441.7946084,kiemthugialap038@gmail.com,GET,/orders/me,8.003,200,ok,0,steady
1791234441.807503,kiemthugialap080@gmail.com,GET,/concerts?on_sale=true,4.398,200,ok,0,steady
1791234441.8276005,kiemthugialap079@gmail.com,GET,/orders/me,7.682,200,ok,0,steady
1791234441.8544374,kiemthugialap090@gmail.com,GET,/concerts?on_sale=true,29.819,200,ok,0,steady
1791234441.857691,kiemthugialap015@gmail.com,GET,/orders/me,33.613,200,ok,0,steady
1791234441.8656054,kiemthugialap097@gmail.com,GET,/orders/me,29.805,200,ok,0,steady
1791234441.8662486,kiemthugialap005@gmail.com,GET,/orders/me,13.581,200,ok,0,steady
1791234441.8667939,kiemthugialap034@gmail.com,GET,/orders/me,15.076,200,ok,0,steady
1791234441.8673193,kiemthugialap084@gmail.com,GET,/orders/me,12.727,200,ok,0,steady
1791234441.8680668,kiemthugialap035@gmail.com,GET,/orders/me,31.676,200,ok,0,steady
1791234441.8700013,kiemthugialap046@gmail.com,GET,/concerts,5.565,200,ok,0,steady
1791234441.8717952,kiemthugialap051@gmail.com,GET,/orders/me,7.842,200,ok,0,steady
1791234441.8730483,kiemthugialap056@gmail.com,GET,/concerts,2.883,200,ok,0,steady
1791234441.8916116,kiemthugialap091@gmail.com,GET,/concerts/{id},6.294,200,ok,0,steady
1791234441.892034,kiemthugialap036@gmail.com,GET,/concerts,4.654,200,ok,0,steady
1791234441.8923357,kiemthugialap058@gmail.com,GET,/concerts,5.902,200,ok,0,steady
1791234441.9069827,kiemthugialap063@gmail.com,GET,/concerts/{id},4.234,200,ok,0,steady
1791234441.9751613,kiemthugialap032@gmail.com,GET,/orders/me,6.133,200,ok,0,steady
1791234441.9792466,kiemthugialap048@gmail.com,GET,/orders/me,3.837,200,ok,0,steady
1791234442.026648,kiemthugialap068@gmail.com,GET,/concerts,7.589,200,ok,0,steady
1791234442.0448165,kiemthugialap071@gmail.com,GET,/orders/me,10.13,200,ok,0,steady
1791234442.0619855,kiemthugialap092@gmail.com,GET,/orders/me,16.873,200,ok,0,steady
1791234442.074831,kiemthugialap042@gmail.com,GET,/orders/me,14.373,200,ok,0,steady
1791234442.0809758,kiemthugialap026@gmail.com,GET,/orders/me,11.345,200,ok,0,steady
1791234442.1238632,kiemthugialap064@gmail.com,GET,/concerts,5.821,200,ok,0,steady
1791234442.1242101,kiemthugialap011@gmail.com,GET,/orders/me,21.382,200,ok,0,steady
1791234442.124509,kiemthugialap059@gmail.com,GET,/orders/me,22.255,200,ok,0,steady
1791234442.1247783,kiemthugialap020@gmail.com,GET,/orders/me,23.408,200,ok,0,steady
1791234442.127138,kiemthugialap053@gmail.com,GET,/orders/me,3.927,200,ok,0,steady
1791234442.1382906,kiemthugialap085@gmail.com,GET,/concerts?on_sale=true,3.532,200,ok,0,steady
1791234442.1907208,kiemthugialap052@gmail.com,GET,/orders/me,19.844,200,ok,0,steady
1791234442.1917605,kiemthugialap027@gmail.com,GET,/orders/me,22.02,200,ok,0,steady
1791234442.193924,kiemthugialap021@gmail.com,GET,/orders/me,3.047,200,ok,0,steady
1791234442.2267754,kiemthugialap082@gmail.com,GET,/orders/me,8.208,200,ok,0,steady
1791234442.2416527,kiemthugialap073@gmail.com,GET,/orders/me,5.513,200,ok,0,steady
1791234442.2574143,kiemthugialap077@gmail.com,GET,/orders/me,4.904,200,ok,0,steady
1791234442.2963488,kiemthugialap017@gmail.com,GET,/concerts/{id},8.919,200,ok,0,steady
1791234442.2974524,kiemthugialap100@gmail.com,GET,/orders/me,11.484,200,ok,0,steady
1791234442.297853,kiemthugialap028@gmail.com,GET,/orders/me,8.907,200,ok,0,steady
1791234442.300086,kiemthugialap004@gmail.com,GET,/orders/me,3.513,200,ok,0,steady
1791234442.3244395,kiemthugialap061@gmail.com,GET,/orders/me,5.978,200,ok,0,steady
1791234442.3428304,kiemthugialap054@gmail.com,GET,/orders/me,6.841,200,ok,0,steady
1791234442.343232,kiemthugialap075@gmail.com,GET,/orders/me,6.403,200,ok,0,steady
1791234442.394392,kiemthugialap038@gmail.com,GET,/orders/me,7.806,200,ok,0,steady
1791234442.3948636,kiemthugialap040@gmail.com,GET,/orders/me,7.154,200,ok,0,steady
1791234442.4075892,kiemthugialap039@gmail.com,GET,/concerts?on_sale=true,4.741,200,ok,0,steady
1791234442.411844,kiemthugialap047@gmail.com,GET,/orders/me,4.033,200,ok,0,steady
1791234442.4484234,kiemthugialap005@gmail.com,GET,/orders/me,11.844,200,ok,0,steady
1791234442.4490194,kiemthugialap051@gmail.com,GET,/orders/me,9.944,200,ok,0,steady
1791234442.449376,kiemthugialap002@gmail.com,GET,/orders/me,11.446,200,ok,0,steady
1791234442.4797502,kiemthugialap078@gmail.com,GET,/concerts/{id},10.135,200,ok,0,steady
1791234442.4824257,kiemthugialap008@gmail.com,GET,/orders/me,11.422,200,ok,0,steady
1791234442.482852,kiemthugialap093@gmail.com,GET,/orders/me,11.415,200,ok,0,steady
1791234442.483268,kiemthugialap007@gmail.com,GET,/orders/me,12.696,200,ok,0,steady
1791234442.487335,kiemthugialap065@gmail.com,GET,/orders/me,7.344,200,ok,0,steady
1791234442.4911947,kiemthugialap088@gmail.com,GET,/orders/me,6.903,200,ok,0,steady
1791234442.5396528,kiemthugialap015@gmail.com,GET,/orders/me,5.015,200,ok,0,steady
1791234442.5564888,kiemthugialap086@gmail.com,GET,/orders/me,4.949,200,ok,0,steady
1791234442.5929244,kiemthugialap033@gmail.com,GET,/concerts,6.499,200,ok,0,steady
1791234442.5944746,kiemthugialap001@gmail.com,GET,/orders/me,9.702,200,ok,0,steady
1791234442.5948772,kiemthugialap012@gmail.com,GET,/orders/me,8.878,200,ok,0,steady
1791234442.5976026,kiemthugialap049@gmail.com,GET,/orders/me,4.449,200,ok,0,steady
1791234442.6250803,kiemthugialap043@gmail.com,GET,/concerts/{id},6.468,200,ok,0,steady
1791234442.6255672,kiemthugialap066@gmail.com,GET,/orders/me,5.971,200,ok,0,steady
1791234442.6406612,kiemthugialap074@gmail.com,GET,/orders/me,5.837,200,ok,0,steady
1791234442.6410835,kiemthugialap022@gmail.com,GET,/concerts?on_sale=true,4.873,200,ok,0,steady
1791234442.6915066,kiemthugialap023@gmail.com,GET,/orders/me,22.459,200,ok,0,steady
1791234442.6920223,kiemthugialap031@gmail.com,GET,/orders/me,21.936,200,ok,0,steady
1791234442.6933036,kiemthugialap037@gmail.com,GET,/orders/me,6.425,200,ok,0,steady
1791234442.709468,kiemthugialap090@gmail.com,GET,/orders/me,6.729,200,ok,0,steady
1791234442.7242284,kiemthugialap006@gmail.com,GET,/orders/me,5.005,200,ok,0,steady
1791234442.7426748,kiemthugialap087@gmail.com,GET,/orders/me,6.436,200,ok,0,steady
1791234442.747148,kiemthugialap062@gmail.com,GET,/orders/me,4.277,200,ok,0,steady
1791234442.7578776,kiemthugialap052@gmail.com,GET,/concerts/{id},5.986,200,ok,0,steady
1791234442.758959,kiemthugialap030@gmail.com,GET,/orders/me,6.64,200,ok,0,steady
1791234442.794167,kiemthugialap070@gmail.com,GET,/orders/me,6.585,200,ok,0,steady
1791234442.7945876,kiemthugialap050@gmail.com,GET,/orders/me,6.23,200,ok,0,steady
1791234442.8252406,kiemthugialap083@gmail.com,GET,/concerts,5.362,200,ok,0,steady
1791234442.8268726,kiemthugialap018@gmail.com,GET,/orders/me,8.228,200,ok,0,steady
1791234442.8273163,kiemthugialap091@gmail.com,GET,/orders/me,7.807,200,ok,0,steady
1791234442.8431852,kiemthugialap060@gmail.com,GET,/orders/me,7.07,200,ok,0,steady
1791234442.862924,kiemthugialap041@gmail.com,GET,/concerts/{id},7.973,200,ok,0,steady
1791234442.864039,kiemthugialap016@gmail.com,GET,/orders/me,10.994,200,ok,0,steady
1791234442.8643508,kiemthugialap071@gmail.com,GET,/orders/me,10.276,200,ok,0,steady
1791234442.8646302,kiemthugialap072@gmail.com,GET,/orders/me,10.129,200,ok,0,steady
1791234442.8663316,kiemthugialap098@gmail.com,GET,/concerts?on_sale=true,3.228,200,ok,0,steady
1791234442.8672652,kiemthugialap055@gmail.com,GET,/concerts,2.533,200,ok,0,steady
1791234442.9257202,kiemthugialap045@gmail.com,GET,/concerts/{id},5.793,200,ok,0,steady
1791234442.9769235,kiemthugialap094@gmail.com,GET,/orders/me,7.997,200,ok,0,steady
1791234442.9774199,kiemthugialap057@gmail.com,GET,/orders/me,7.697,200,ok,0,steady
1791234443.0080366,kiemthugialap068@gmail.com,GET,/orders/me,5.028,200,ok,0,steady
1791234443.0111961,kiemthugialap011@gmail.com,GET,/orders/me,2.989,200,ok,0,steady
1791234443.0305145,kiemthugialap099@gmail.com,GET,/orders/me,10.109,200,ok,0,steady
1791234443.0317209,kiemthugialap092@gmail.com,GET,/orders/me,10.883,200,ok,0,steady
1791234443.0320308,kiemthugialap017@gmail.com,GET,/orders/me,12.542,200,ok,0,steady
1791234443.0323138,kiemthugialap010@gmail.com,GET,/orders/me,11.702,200,ok,0,steady
1791234443.0330553,kiemthugialap028@gmail.com,GET,/concerts,2.342,200,ok,0,steady
1791234443.0561497,kiemthugialap095@gmail.com,GET,/orders/me,4.859,200,ok,0,steady
1791234443.0738578,kiemthugialap063@gmail.com,GET,/concerts?on_sale=true,4.033,200,ok,0,steady
1791234443.093835,kiemthugialap069@gmail.com,GET,/orders/me,6.466,200,ok,0,steady
1791234443.0942087,kiemthugialap067@gmail.com,GET,/orders/me,7.852,200,ok,0,steady
1791234443.1089065,kiemthugialap048@gmail.com,GET,/orders/me,5.176,200,ok,0,steady
1791234443.1403224,kiemthugialap024@gmail.com,GET,/concerts/{id},5.805,200,ok,0,steady
1791234443.1957138,kiemthugialap054@gmail.com,GET,/concerts/{id},42.954,200,ok,0,steady
1791234443.1962764,kiemthugialap029@gmail.com,GET,/concerts?on_sale=true,44.443,200,ok,0,steady
1791234443.2231436,kiemthugialap025@gmail.com,GET,/orders/me,54.538,200,ok,0,steady
1791234443.2268608,kiemthugialap019@gmail.com,GET,/orders/me,30.351,200,ok,0,steady
1791234443.2274826,kiemthugialap096@gmail.com,GET,/orders/me,30.445,200,ok,0,steady
1791234443.2327757,kiemthugialap080@gmail.com,GET,/concerts,35.386,200,ok,0,steady
1791234443.233596,kiemthugialap013@gmail.com,GET,/orders/me,15.456,200,ok,0,steady
1791234443.235279,kiemthugialap001@gmail.com,GET,/orders/me,16.505,200,ok,0,steady
1791234443.2726216,kiemthugialap076@gmail.com,GET,/orders/me,21.152,200,ok,0,steady
1791234443.2730262,kiemthugialap075@gmail.com,GET,/orders/me,22.192,200,ok,0,steady
1791234443.2897995,kiemthugialap044@gmail.com,GET,/concerts,4.907,200,ok,0,steady
1791234443.2904828,kiemthugialap036@gmail.com,GET,/concerts?on_sale=true,6.186,200,ok,0,steady
1791234443.2972395,kiemthugialap022@gmail.com,GET,/concerts,6.496,200,ok,0,steady
1791234443.2982943,kiemthugialap090@gmail.com,GET,/orders/me,7.036,200,ok,0,steady
1791234443.3602216,kiemthugialap020@gmail.com,GET,/orders/me,8.728,200,ok,0,steady
1791234443.3606973,kiemthugialap058@gmail.com,GET,/orders/me,7.868,200,ok,0,steady
1791234443.3753598,kiemthugialap012@gmail.com,GET,/orders/me,6.172,200,ok,0,steady
1791234443.3784435,kiemthugialap079@gmail.com,GET,/concerts/{id},2.845,200,ok,0,steady
1791234443.3806958,kiemthugialap009@gmail.com,GET,/concerts,2.113,200,ok,0,steady
1791234443.4099917,kiemthugialap089@gmail.com,GET,/concerts/{id},5.667,200,ok,0,steady
1791234443.4105241,kiemthugialap064@gmail.com,GET,/orders/me,7.929,200,ok,0,steady
1791234443.4407797,kiemthugialap046@gmail.com,GET,/orders/me,4.946,200,ok,0,steady
1791234443.4580586,kiemthugialap042@gmail.com,GET,/concerts,3.525,200,ok,0,steady
1791234443.4593396,kiemthugialap002@gmail.com,GET,/orders/me,6.122,200,ok,0,steady
1791234443.4614866,kiemthugialap008@gmail.com,GET,/orders/me,3.285,200,ok,0,steady
1791234443.4912388,kiemthugialap047@gmail.com,GET,/orders/me,5.017,200,ok,0,steady
1791234443.5289419,kiemthugialap006@gmail.com,GET,/orders/me,7.418,200,ok,0,steady
1791234443.529375,kiemthugialap003@gmail.com,GET,/orders/me,8.468,200,ok,0,steady
1791234443.5296721,kiemthugialap043@gmail.com,GET,/orders/me,7.952,200,ok,0,steady
1791234443.5585444,kiemthugialap039@gmail.com,GET,/orders/me,5.864,200,ok,0,steady
1791234443.574354,kiemthugialap081@gmail.com,GET,/concerts?on_sale=true,4.435,200,ok,0,steady
1791234443.6111557,kiemthugialap050@gmail.com,GET,/orders/me,4.704,200,ok,0,steady
1791234443.6264737,kiemthugialap045@gmail.com,GET,/concerts/{id},6.013,200,ok,0,steady
1791234443.640046,kiemthugialap084@gmail.com,GET,/concerts,4.655,200,ok,0,steady
1791234443.6436584,kiemthugialap007@gmail.com,GET,/concerts/{id},3.364,200,ok,0,steady
1791234443.6576407,kiemthugialap097@gmail.com,GET,/orders/me,5.944,200,ok,0,steady
1791234443.6611118,kiemthugialap014@gmail.com,GET,/orders/me,3.24,200,ok,0,steady
1791234443.708586,kiemthugialap092@gmail.com,GET,/orders/me,20.99,200,ok,0,steady
1791234443.7089705,kiemthugialap015@gmail.com,GET,/orders/me,22.565,200,ok,0,steady
1791234443.7286327,kiemthugialap068@gmail.com,GET,/orders/me,4.295,200,ok,0,steady
1791234443.760202,kiemthugialap055@gmail.com,GET,/concerts,6.341,200,ok,0,steady
1791234443.7615566,kiemthugialap054@gmail.com,GET,/orders/me,8.682,200,ok,0,steady
1791234443.7620482,kiemthugialap062@gmail.com,GET,/orders/me,7.025,200,ok,0,steady
1791234443.7968588,kiemthugialap053@gmail.com,GET,/concerts/{id},7.993,200,ok,0,steady
1791234443.7989662,kiemthugialap052@gmail.com,GET,/concerts,11.652,200,ok,0,steady
1791234443.8008776,kiemthugialap037@gmail.com,GET,/orders/me,14.612,200,ok,0,steady
1791234443.8012664,kiemthugialap067@gmail.com,GET,/orders/me,13.622,200,ok,0,steady
1791234443.8014321,kiemthugialap085@gmail.com,GET,/orders/me,12.167,200,ok,0,steady
1791234443.805641,kiemthugialap093@gmail.com,GET,/orders/me,8.498,200,ok,0,steady
1791234443.8062437,kiemthugialap066@gmail.com,GET,/orders/me,8.63,200,ok,0,steady
1791234443.8263934,kiemthugialap035@gmail.com,GET,/concerts,5.737,200,ok,0,steady
1791234443.8279285,kiemthugialap087@gmail.com,GET,/orders/me,7.717,200,ok,0,steady
1791234443.828368,kiemthugialap094@gmail.com,GET,/orders/me,9.024,200,ok,0,steady
1791234443.846493,kiemthugialap034@gmail.com,GET,/concerts/{id},6.034,200,ok,0,steady
1791234443.8478339,kiemthugialap011@gmail.com,GET,/orders/me,8.61,200,ok,0,steady
1791234443.8512053,kiemthugialap032@gmail.com,GET,/concerts?on_sale=true,4.476,200,ok,0,steady
1791234443.852653,kiemthugialap074@gmail.com,GET,/orders/me,4.669,200,ok,0,steady
1791234443.9054303,kiemthugialap056@gmail.com,GET,/concerts/{id},35.333,200,ok,0,steady
1791234443.9056141,kiemthugialap091@gmail.com,GET,/concerts,36.329,200,ok,0,steady
1791234443.9067397,kiemthugialap004@gmail.com,GET,/concerts,37.094,200,ok,0,steady
1791234443.9073982,kiemthugialap058@gmail.com,GET,/orders/me,38.619,200,ok,0,steady
1791234443.9093812,kiemthugialap048@gmail.com,GET,/orders/me,7.372,200,ok,0,steady
1791234443.9403698,kiemthugialap005@gmail.com,GET,/orders/me,5.561,200,ok,0,steady
1791234443.944336,kiemthugialap051@gmail.com,GET,/orders/me,3.752,200,ok,0,steady
1791234443.9765801,kiemthugialap026@gmail.com,GET,/concerts?on_sale=true,5.577,200,ok,0,steady
1791234443.976913,kiemthugialap089@gmail.com,GET,/concerts,6.391,200,ok,0,steady
1791234443.9772053,kiemthugialap065@gmail.com,GET,/concerts/{id},7.554,200,ok,0,steady
1791234444.0086398,kiemthugialap072@gmail.com,GET,/concerts?on_sale=true,6.417,200,ok,0,steady
1791234444.0096679,kiemthugialap086@gmail.com,GET,/orders/me,8.05,200,ok,0,steady
1791234444.0130363,kiemthugialap023@gmail.com,GET,/orders/me,3.219,200,ok,0,steady
1791234444.0220098,kiemthugialap017@gmail.com,GET,/orders/me,4.239,200,ok,0,steady
1791234444.0439284,kiemthugialap082@gmail.com,GET,/orders/me,7.235,200,ok,0,steady
1791234444.0443938,kiemthugialap012@gmail.com,GET,/orders/me,8.973,200,ok,0,steady
1791234444.0456467,kiemthugialap059@gmail.com,GET,/orders/me,5.787,200,ok,0,steady
1791234444.076991,kiemthugialap064@gmail.com,GET,/concerts/{id},7.445,200,ok,0,steady
1791234444.07871,kiemthugialap061@gmail.com,GET,/orders/me,8.56,200,ok,0,steady
1791234444.080975,kiemthugialap006@gmail.com,GET,/concerts,3.762,200,ok,0,steady
1791234444.0823967,kiemthugialap073@gmail.com,GET,/orders/me,4.733,200,ok,0,steady
1791234444.083523,kiemthugialap069@gmail.com,GET,/concerts,2.411,200,ok,0,steady
1791234444.1075246,kiemthugialap021@gmail.com,GET,/orders/me,5.397,200,ok,0,steady
1791234444.1264353,kiemthugialap019@gmail.com,GET,/orders/me,5.624,200,ok,0,steady
1791234444.126891,kiemthugialap057@gmail.com,GET,/orders/me,7.261,200,ok,0,steady
1791234444.1601295,kiemthugialap075@gmail.com,GET,/concerts?on_sale=true,5.976,200,ok,0,steady
1791234444.161073,kiemthugialap043@gmail.com,GET,/orders/me,7.928,200,ok,0,steady
1791234444.194483,kiemthugialap077@gmail.com,GET,/concerts,7.412,200,ok,0,steady
1791234444.195694,kiemthugialap099@gmail.com,GET,/concerts,6.115,200,ok,0,steady
1791234444.196688,kiemthugialap080@gmail.com,GET,/orders/me,8.407,200,ok,0,steady
1791234444.1971254,kiemthugialap027@gmail.com,GET,/orders/me,7.924,200,ok,0,steady
1791234444.2247179,kiemthugialap046@gmail.com,GET,/orders/me,5.834,200,ok,0,steady
1791234444.2598844,kiemthugialap040@gmail.com,GET,/concerts/{id},6.289,200,ok,0,steady
1791234444.2605557,kiemthugialap076@gmail.com,GET,/orders/me,8.669,200,ok,0,steady
1791234444.2614727,kiemthugialap049@gmail.com,GET,/orders/me,7.566,200,ok,0,steady
1791234444.2635612,kiemthugialap016@gmail.com,GET,/orders/me,2.885,200,ok,0,steady
1791234444.2737353,kiemthugialap038@gmail.com,GET,/concerts?on_sale=true,3.749,200,ok,0,steady
1791234444.3130567,kiemthugialap008@gmail.com,GET,/orders/me,10.321,200,ok,0,steady
1791234444.3135202,kiemthugialap100@gmail.com,GET,/orders/me,11.846,200,ok,0,steady
1791234444.3138273,kiemthugialap033@gmail.com,GET,/orders/me,10.597,200,ok,0,steady
1791234444.3420339,kiemthugialap028@gmail.com,GET,/concerts/{id},6.85,200,ok,0,steady
1791234444.3771298,kiemthugialap088@gmail.com,GET,/orders/me,8.195,200,ok,0,steady
1791234444.3775408,kiemthugialap078@gmail.com,GET,/orders/me,7.994,200,ok,0,steady
1791234444.4088225,kiemthugialap055@gmail.com,GET,/concerts,5.471,200,ok,0,steady
1791234444.409827,kiemthugialap045@gmail.com,GET,/orders/me,7.711,200,ok,0,steady
1791234444.4484186,kiemthugialap054@gmail.com,GET,/orders/me,11.948,200,ok,0,steady
1791234444.4491491,kiemthugialap095@gmail.com,GET,/orders/me,12.3,200,ok,0,steady
1791234444.4495566,kiemthugialap010@gmail.com,GET,/orders/me,14.273,200,ok,0,steady
1791234444.474742,kiemthugialap070@gmail.com,GET,/concerts?on_sale=true,6.068,200,ok,0,steady
1791234444.4754634,kiemthugialap068@gmail.com,GET,/concerts,6.086,200,ok,0,steady
1791234444.507795,kiemthugialap060@gmail.com,GET,/orders/me,6.124,200,ok,0,steady
1791234444.5111191,kiemthugialap056@gmail.com,GET,/concerts?on_sale=true,3.122,200,ok,0,steady
1791234444.5227137,kiemthugialap013@gmail.com,GET,/orders/me,4.527,200,ok,0,steady
1791234444.540763,kiemthugialap079@gmail.com,GET,/orders/me,4.492,200,ok,0,steady
1791234444.5575166,kiemthugialap022@gmail.com,GET,/concerts/{id},5.678,200,ok,0,steady
1791234444.559223,kiemthugialap030@gmail.com,GET,/orders/me,6.496,200,ok,0,steady
1791234444.561399,kiemthugialap071@gmail.com,GET,/orders/me,3.754,200,ok,0,steady
1791234444.5730653,kiemthugialap053@gmail.com,GET,/orders/me,4.552,200,ok,0,steady
1791234444.5754428,kiemthugialap020@gmail.com,GET,/concerts,2.222,200,ok,0,steady
1791234444.6111782,kiemthugialap025@gmail.com,GET,/concerts/{id},6.168,200,ok,0,steady
1791234444.6129758,kiemthugialap001@gmail.com,GET,/orders/me,8.709,200,ok,0,steady
1791234444.6133287,kiemthugialap062@gmail.com,GET,/orders/me,8.112,200,ok,0,steady
1791234444.6152601,kiemthugialap031@gmail.com,GET,/orders/me,3.898,200,ok,0,steady
1791234444.6423726,kiemthugialap083@gmail.com,GET,/orders/me,5.744,200,ok,0,steady
1791234444.675202,kiemthugialap064@gmail.com,GET,/concerts,5.485,200,ok,0,steady
1791234444.6765442,kiemthugialap086@gmail.com,GET,/orders/me,6.036,200,ok,0,steady
1791234444.6783772,kiemthugialap026@gmail.com,GET,/concerts?on_sale=true,3.012,200,ok,0,steady
1791234444.7055411,kiemthugialap093@gmail.com,GET,/orders/me,18.27,200,ok,0,steady
1791234444.706185,kiemthugialap018@gmail.com,GET,/orders/me,19.742,200,ok,0,steady
1791234444.7089403,kiemthugialap011@gmail.com,GET,/concerts/{id},5.438,200,ok,0,steady
1791234444.7424302,kiemthugialap004@gmail.com,GET,/orders/me,5.505,200,ok,0,steady
1791234444.7461545,kiemthugialap017@gmail.com,GET,/orders/me,3.507,200,ok,0,steady
1791234444.7581735,kiemthugialap035@gmail.com,GET,/orders/me,6.376,200,ok,0,steady
1791234444.778448,kiemthugialap050@gmail.com,GET,/orders/me,8.833,200,ok,0,steady
1791234444.779042,kiemthugialap077@gmail.com,GET,/orders/me,10.746,200,ok,0,steady
1791234444.7793953,kiemthugialap041@gmail.com,GET,/orders/me,8.705,200,ok,0,steady
1791234444.784729,kiemthugialap072@gmail.com,GET,/concerts?on_sale=true,4.274,200,ok,0,steady
1791234444.7862458,kiemthugialap006@gmail.com,GET,/orders/me,6.695,200,ok,0,steady
1791234444.7982159,kiemthugialap058@gmail.com,GET,/concerts/{id},5.22,200,ok,0,steady
1791234444.8107638,kiemthugialap067@gmail.com,GET,/orders/me,7.823,200,ok,0,steady
1791234444.8171937,kiemthugialap029@gmail.com,GET,/orders/me,6.104,200,ok,0,steady
1791234444.8244889,kiemthugialap098@gmail.com,GET,/orders/me,4.738,200,ok,0,steady
1791234444.8568878,kiemthugialap066@gmail.com,GET,/orders/me,5.32,200,ok,0,steady
1791234444.8878448,kiemthugialap039@gmail.com,GET,/concerts,19.384,200,ok,0,steady
1791234444.8893187,kiemthugialap012@gmail.com,GET,/concerts?on_sale=true,19.231,200,ok,0,steady
1791234444.8914855,kiemthugialap002@gmail.com,GET,/concerts/{id},6.359,200,ok,0,steady
1791234444.892625,kiemthugialap065@gmail.com,GET,/orders/me,6.318,200,ok,0,steady
1791234444.9245117,kiemthugialap007@gmail.com,GET,/concerts/{id},3.592,200,ok,0,steady
1791234444.9458182,kiemthugialap096@gmail.com,GET,/concerts/{id},9.011,200,ok,0,steady
1791234444.9486778,kiemthugialap052@gmail.com,GET,/orders/me,10.841,200,ok,0,steady
1791234444.9497614,kiemthugialap032@gmail.com,GET,/orders/me,11.503,200,ok,0,steady
1791234444.9767585,kiemthugialap016@gmail.com,GET,/orders/me,5.749,200,ok,0,steady
1791234444.9777408,kiemthugialap063@gmail.com,GET,/orders/me,8.364,200,ok,0,steady
1791234444.9792721,kiemthugialap042@gmail.com,GET,/concerts,2.342,200,ok,0,steady
1791234444.9900494,kiemthugialap009@gmail.com,GET,/orders/me,4.262,200,ok,0,steady
1791234444.9921684,kiemthugialap014@gmail.com,GET,/concerts,1.977,200,ok,0,steady
1791234445.0083957,kiemthugialap049@gmail.com,GET,/orders/me,5.117,200,ok,0,steady
1791234445.0264075,kiemthugialap076@gmail.com,GET,/concerts,4.916,200,ok,0,steady
1791234445.0274255,kiemthugialap070@gmail.com,GET,/orders/me,6.587,200,ok,0,steady
1791234445.075749,kiemthugialap024@gmail.com,GET,/concerts/{id},3.886,200,ok,0,steady
1791234445.076741,kiemthugialap044@gmail.com,GET,/orders/me,6.307,200,ok,0,steady
1791234445.0930731,kiemthugialap081@gmail.com,GET,/orders/me,5.656,200,ok,0,steady
1791234445.0978072,kiemthugialap059@gmail.com,GET,/orders/me,4.565,200,ok,0,steady
1791234445.1245568,kiemthugialap038@gmail.com,GET,/concerts?on_sale=true,3.602,200,ok,0,steady
1791234445.1920533,kiemthugialap003@gmail.com,GET,/orders/me,5.222,200,ok,0,steady
1791234445.2110617,kiemthugialap073@gmail.com,GET,/orders/me,6.364,200,ok,0,steady
1791234445.2120206,kiemthugialap019@gmail.com,GET,/orders/me,8.283,200,ok,0,steady
1791234445.2130094,kiemthugialap036@gmail.com,GET,/orders/me,6.543,200,ok,0,steady
1791234445.2142487,kiemthugialap090@gmail.com,GET,/concerts/{id},3.011,200,ok,0,steady
1791234445.2235754,kiemthugialap043@gmail.com,GET,/orders/me,3.57,200,ok,0,steady
1791234445.2910824,kiemthugialap088@gmail.com,GET,/orders/me,5.539,200,ok,0,steady
1791234445.3246624,kiemthugialap037@gmail.com,GET,/concerts,5.044,200,ok,0,steady
1791234445.325141,kiemthugialap085@gmail.com,GET,/orders/me,6.498,200,ok,0,steady
1791234445.375638,kiemthugialap061@gmail.com,GET,/orders/me,6.318,200,ok,0,steady
1791234445.378434,kiemthugialap089@gmail.com,GET,/concerts,2.645,200,ok,0,steady
1791234445.391557,kiemthugialap097@gmail.com,GET,/concerts,3.355,200,ok,0,steady
1791234445.4000695,kiemthugialap055@gmail.com,GET,/orders/me,8.379,200,ok,0,steady
1791234445.4411182,kiemthugialap056@gmail.com,GET,/orders/me,22.656,200,ok,0,steady
1791234445.4415097,kiemthugialap084@gmail.com,GET,/orders/me,21.567,200,ok,0,steady
1791234445.442254,kiemthugialap047@gmail.com,GET,/orders/me,22.611,200,ok,0,steady
1791234445.4445026,kiemthugialap035@gmail.com,GET,/concerts/{id},7.973,200,ok,0,steady
1791234445.4460876,kiemthugialap028@gmail.com,GET,/concerts/{id},7.91,200,ok,0,steady
1791234445.4467328,kiemthugialap054@gmail.com,GET,/concerts?on_sale=true,8.94,200,ok,0,steady
1791234445.4477253,kiemthugialap002@gmail.com,GET,/orders/me,10.313,200,ok,0,steady
1791234445.5079632,kiemthugialap015@gmail.com,GET,/orders/me,6.191,200,ok,0,steady
1791234445.5257394,kiemthugialap067@gmail.com,GET,/orders/me,7.614,200,ok,0,steady
1791234445.5500855,kiemthugialap021@gmail.com,GET,/orders/me,15.058,200,ok,0,steady
1791234445.5637195,kiemthugialap027@gmail.com,GET,/orders/me,13.314,200,ok,0,steady
1791234445.6100075,kiemthugialap012@gmail.com,GET,/orders/me,6.715,200,ok,0,steady
1791234445.613618,kiemthugialap094@gmail.com,GET,/orders/me,3.408,200,ok,0,steady
1791234445.6166625,kiemthugialap099@gmail.com,GET,/orders/me,2.876,200,ok,0,steady
1791234445.6214006,kiemthugialap023@gmail.com,GET,/orders/me,4.573,200,ok,0,steady
1791234445.642437,kiemthugialap092@gmail.com,GET,/orders/me,7.714,200,ok,0,steady
1791234445.6591425,kiemthugialap009@gmail.com,GET,/orders/me,6.459,200,ok,0,steady
1791234445.6628299,kiemthugialap095@gmail.com,GET,/orders/me,3.46,200,ok,0,steady
1791234445.6721203,kiemthugialap050@gmail.com,GET,/orders/me,4.354,200,ok,0,steady
1791234445.6919365,kiemthugialap052@gmail.com,GET,/concerts,6.031,200,ok,0,steady
1791234445.6930263,kiemthugialap077@gmail.com,GET,/concerts/{id},6.017,200,ok,0,steady
1791234445.6937716,kiemthugialap057@gmail.com,GET,/orders/me,8.861,200,ok,0,steady
1791234445.6956801,kiemthugialap100@gmail.com,GET,/orders/me,3.578,200,ok,0,steady
1791234445.6983354,kiemthugialap075@gmail.com,GET,/orders/me,2.55,200,ok,0,steady
1791234445.7248938,kiemthugialap069@gmail.com,GET,/concerts,7.14,200,ok,0,steady
1791234445.72685,kiemthugialap006@gmail.com,GET,/orders/me,8.113,200,ok,0,steady
1791234445.7276404,kiemthugialap016@gmail.com,GET,/orders/me,7.47,200,ok,0,steady
1791234445.7287483,kiemthugialap087@gmail.com,GET,/concerts/{id},3.723,200,ok,0,steady
1791234445.7630925,kiemthugialap074@gmail.com,GET,/concerts/{id},9.965,200,ok,0,steady
1791234445.7646828,kiemthugialap032@gmail.com,GET,/concerts/{id},11.136,200,ok,0,steady
1791234445.7661898,kiemthugialap082@gmail.com,GET,/orders/me,10.911,200,ok,0,steady
1791234445.7666059,kiemthugialap053@gmail.com,GET,/orders/me,14.695,200,ok,0,steady
1791234445.766747,kiemthugialap024@gmail.com,GET,/orders/me,12.896,200,ok,0,steady
1791234445.7684362,kiemthugialap065@gmail.com,GET,/orders/me,5.11,200,ok,0,steady
1791234445.8102226,kiemthugialap034@gmail.com,GET,/concerts?on_sale=true,5.772,200,ok,0,steady
1791234445.8116286,kiemthugialap048@gmail.com,GET,/orders/me,8.562,200,ok,0,steady
1791234445.8120284,kiemthugialap091@gmail.com,GET,/orders/me,7.213,200,ok,0,steady
1791234445.8427837,kiemthugialap040@gmail.com,GET,/orders/me,6.556,200,ok,0,steady
1791234445.8584876,kiemthugialap086@gmail.com,GET,/orders/me,5.951,200,ok,0,steady
1791234445.875388,kiemthugialap062@gmail.com,GET,/orders/me,4.392,200,ok,0,steady
1791234445.880086,kiemthugialap039@gmail.com,GET,/concerts,4.537,200,ok,0,steady
1791234445.8815157,kiemthugialap014@gmail.com,GET,/orders/me,5.666,200,ok,0,steady
1791234445.8836687,kiemthugialap060@gmail.com,GET,/orders/me,3.434,200,ok,0,steady
1791234445.9079154,kiemthugialap005@gmail.com,GET,/concerts?on_sale=true,4.593,200,ok,0,steady
1791234445.9083285,kiemthugialap010@gmail.com,GET,/concerts/{id},6.151,200,ok,0,steady
1791234445.9421382,kiemthugialap073@gmail.com,GET,/concerts,5.414,200,ok,0,steady
1791234445.9441118,kiemthugialap079@gmail.com,GET,/orders/me,6.304,200,ok,0,steady
1791234445.9460568,kiemthugialap051@gmail.com,GET,/orders/me,3.784,200,ok,0,steady
1791234445.975146,kiemthugialap096@gmail.com,GET,/concerts,3.96,200,ok,0,steady
1791234445.9772944,kiemthugialap045@gmail.com,GET,/orders/me,5.048,200,ok,0,steady
1791234446.027331,kiemthugialap055@gmail.com,GET,/orders/me,6.489,200,ok,0,steady
1791234446.027935,kiemthugialap004@gmail.com,GET,/orders/me,8.166,200,ok,0,steady
1791234446.0584602,kiemthugialap017@gmail.com,GET,/concerts/{id},5.256,200,ok,0,steady
1791234446.0739133,kiemthugialap049@gmail.com,GET,/concerts,3.862,200,ok,0,steady
1791234446.0921628,kiemthugialap013@gmail.com,GET,/orders/me,4.259,200,ok,0,steady
1791234446.0954432,kiemthugialap080@gmail.com,GET,/orders/me,3.138,200,ok,0,steady
1791234446.0983348,kiemthugialap076@gmail.com,GET,/orders/me,2.782,200,ok,0,steady
1791234446.1249073,kiemthugialap028@gmail.com,GET,/orders/me,5.704,200,ok,0,steady
1791234446.1301186,kiemthugialap033@gmail.com,GET,/orders/me,4.973,200,ok,0,steady
1791234446.1306038,kiemthugialap078@gmail.com,GET,/orders/me,4.636,200,ok,0,steady
1791234446.1592753,kiemthugialap066@gmail.com,GET,/concerts/{id},5.058,200,ok,0,steady
1791234446.1596928,kiemthugialap084@gmail.com,GET,/orders/me,6.389,200,ok,0,steady
1791234446.1941833,kiemthugialap088@gmail.com,GET,/concerts?on_sale=true,5.921,200,ok,0,steady
1791234446.1951346,kiemthugialap068@gmail.com,GET,/orders/me,7.729,200,ok,0,steady
1791234446.1954527,kiemthugialap098@gmail.com,GET,/orders/me,6.313,200,ok,0,steady
1791234446.1976466,kiemthugialap001@gmail.com,GET,/orders/me,3.327,200,ok,0,steady
1791234446.2063725,kiemthugialap015@gmail.com,GET,/concerts,3.885,200,ok,0,steady
1791234446.2103791,kiemthugialap046@gmail.com,GET,/orders/me,3.852,200,ok,0,steady
1791234446.2418857,kiemthugialap026@gmail.com,GET,/concerts?on_sale=true,4.213,200,ok,0,steady
1791234446.2589598,kiemthugialap008@gmail.com,GET,/orders/me,5.924,200,ok,0,steady
1791234446.262362,kiemthugialap094@gmail.com,GET,/orders/me,3.25,200,ok,0,steady
1791234446.2655382,kiemthugialap038@gmail.com,GET,/orders/me,3.056,200,ok,0,steady
1791234446.2914183,kiemthugialap025@gmail.com,GET,/concerts/{id},5.292,200,ok,0,steady
1791234446.2923574,kiemthugialap011@gmail.com,GET,/orders/me,5.489,200,ok,0,steady
1791234446.3067193,kiemthugialap085@gmail.com,GET,/concerts?on_sale=true,4.203,200,ok,0,steady
1791234446.3076205,kiemthugialap043@gmail.com,GET,/orders/me,6.188,200,ok,0,steady
1791234446.360965,kiemthugialap072@gmail.com,GET,/orders/me,7.164,200,ok,0,steady
1791234446.3613906,kiemthugialap082@gmail.com,GET,/orders/me,8.546,200,ok,0,steady
1791234446.3637257,kiemthugialap037@gmail.com,GET,/concerts/{id},2.214,200,ok,0,steady
1791234446.3737888,kiemthugialap093@gmail.com,GET,/concerts/{id},4.794,200,ok,0,steady
1791234446.3748827,kiemthugialap063@gmail.com,GET,/orders/me,5.132,200,ok,0,steady
1791234446.4105134,kiemthugialap020@gmail.com,GET,/concerts,5.638,200,ok,0,steady
1791234446.4110222,kiemthugialap064@gmail.com,GET,/orders/me,5.598,200,ok,0,steady
1791234446.442027,kiemthugialap022@gmail.com,GET,/concerts?on_sale=true,4.489,200,ok,0,steady
1791234446.442559,kiemthugialap050@gmail.com,GET,/concerts/{id},4.564,200,ok,0,steady
1791234446.4651222,kiemthugialap087@gmail.com,GET,/orders/me,10.14,200,ok,0,steady
1791234446.4671032,kiemthugialap047@gmail.com,GET,/orders/me,12.383,200,ok,0,steady
1791234446.4677043,kiemthugialap031@gmail.com,GET,/orders/me,14.245,200,ok,0,steady
1791234446.4682786,kiemthugialap070@gmail.com,GET,/orders/me,13.841,200,ok,0,steady
1791234446.4707723,kiemthugialap030@gmail.com,GET,/concerts,5.289,200,ok,0,steady
1791234446.5249755,kiemthugialap071@gmail.com,GET,/orders/me,6.168,200,ok,0,steady
1791234446.5285814,kiemthugialap074@gmail.com,GET,/orders/me,3.447,200,ok,0,steady
1791234446.5334477,kiemthugialap036@gmail.com,GET,/orders/me,4.671,200,ok,0,steady
1791234446.5338657,kiemthugialap044@gmail.com,GET,/orders/me,4.49,200,ok,0,steady
1791234446.5656059,kiemthugialap035@gmail.com,GET,/orders/me,14.141,200,ok,0,steady
1791234446.566007,kiemthugialap018@gmail.com,GET,/concerts?on_sale=true,12.379,200,ok,0,steady
1791234446.566363,kiemthugialap021@gmail.com,GET,/orders/me,13.952,200,ok,0,steady
1791234446.5674102,kiemthugialap058@gmail.com,GET,/orders/me,14.325,200,ok,0,steady
1791234446.5677683,kiemthugialap092@gmail.com,GET,/orders/me,14.363,200,ok,0,steady
1791234446.568315,kiemthugialap079@gmail.com,GET,/orders/me,14.463,200,ok,0,steady
1791234446.59348,kiemthugialap095@gmail.com,GET,/concerts?on_sale=true,6.328,200,ok,0,steady
1791234446.5949175,kiemthugialap009@gmail.com,GET,/orders/me,8.863,200,ok,0,steady
1791234446.5981457,kiemthugialap041@gmail.com,GET,/orders/me,4.466,200,ok,0,steady
1791234446.5994127,kiemthugialap083@gmail.com,GET,/orders/me,4.365,200,ok,0,steady
1791234446.6011047,kiemthugialap067@gmail.com,GET,/concerts/{id},2.833,200,ok,0,steady
1791234446.6025321,kiemthugialap048@gmail.com,GET,/concerts/{id},2.989,200,ok,0,steady
1791234446.6270394,kiemthugialap096@gmail.com,GET,/orders/me,7.097,200,ok,0,steady
1791234446.658303,kiemthugialap060@gmail.com,GET,/orders/me,6.391,200,ok,0,steady
1791234446.6973898,kiemthugialap090@gmail.com,GET,/concerts,12.319,200,ok,0,steady
1791234446.699743,kiemthugialap062@gmail.com,GET,/orders/me,9.044,200,ok,0,steady
1791234446.703201,kiemthugialap059@gmail.com,GET,/concerts/{id},5.597,200,ok,0,steady
1791234446.7260711,kiemthugialap003@gmail.com,GET,/orders/me,6.526,200,ok,0,steady
1791234446.7387843,kiemthugialap029@gmail.com,GET,/concerts,3.8,200,ok,0,steady
1791234446.7422729,kiemthugialap061@gmail.com,GET,/concerts,3.278,200,ok,0,steady
1791234446.7902472,kiemthugialap046@gmail.com,GET,/orders/me,4.909,200,ok,0,steady
1791234446.8218398,kiemthugialap099@gmail.com,GET,/concerts,19.747,200,ok,0,steady
1791234446.8243232,kiemthugialap002@gmail.com,GET,/orders/me,22.883,200,ok,0,steady
1791234446.8248417,kiemthugialap012@gmail.com,GET,/concerts/{id},4.529,200,ok,0,steady
1791234446.8775842,kiemthugialap006@gmail.com,GET,/orders/me,7.941,200,ok,0,steady
1791234446.8787262,kiemthugialap069@gmail.com,GET,/orders/me,7.596,200,ok,0,steady
1791234446.8818636,kiemthugialap086@gmail.com,GET,/orders/me,4.084,200,ok,0,steady
1791234446.8828137,kiemthugialap057@gmail.com,GET,/orders/me,3.968,200,ok,0,steady
1791234446.9052644,kiemthugialap001@gmail.com,GET,/concerts/{id},20.274,200,ok,0,steady
1791234446.9228377,kiemthugialap005@gmail.com,GET,/orders/me,36.607,200,ok,0,steady
1791234446.92877,kiemthugialap063@gmail.com,GET,/orders/me,25.553,200,ok,0,steady
1791234446.930639,kiemthugialap007@gmail.com,GET,/concerts/{id},10.594,200,ok,0,steady
1791234446.932422,kiemthugialap015@gmail.com,GET,/orders/me,30.436,200,ok,0,steady
1791234446.9330037,kiemthugialap068@gmail.com,GET,/orders/me,13.886,200,ok,0,steady
1791234446.9758732,kiemthugialap081@gmail.com,GET,/concerts/{id},7.06,200,ok,0,steady
1791234446.9768412,kiemthugialap042@gmail.com,GET,/orders/me,7.499,200,ok,0,steady
1791234446.977213,kiemthugialap011@gmail.com,GET,/orders/me,7.569,200,ok,0,steady
1791234446.99058,kiemthugialap019@gmail.com,GET,/orders/me,5.764,200,ok,0,steady
1791234447.0087857,kiemthugialap016@gmail.com,GET,/concerts/{id},6.176,200,ok,0,steady
1791234447.0282373,kiemthugialap040@gmail.com,GET,/orders/me,8.728,200,ok,0,steady
1791234447.0293386,kiemthugialap100@gmail.com,GET,/orders/me,9.51,200,ok,0,steady
1791234447.029648,kiemthugialap052@gmail.com,GET,/orders/me,10.877,200,ok,0,steady
1791234447.0305917,kiemthugialap065@gmail.com,GET,/concerts/{id},2.143,200,ok,0,steady
1791234447.0491624,kiemthugialap033@gmail.com,GET,/concerts/{id},7.439,200,ok,0,steady
1791234447.050215,kiemthugialap089@gmail.com,GET,/orders/me,6.765,200,ok,0,steady
1791234447.0517461,kiemthugialap034@gmail.com,GET,/concerts/{id},2.398,200,ok,0,steady
1791234447.073426,kiemthugialap082@gmail.com,GET,/concerts/{id},4.792,200,ok,0,steady
1791234447.0779886,kiemthugialap094@gmail.com,GET,/orders/me,4.393,200,ok,0,steady
1791234447.0912316,kiemthugialap097@gmail.com,GET,/orders/me,5.206,200,ok,0,steady
1791234447.108634,kiemthugialap093@gmail.com,GET,/orders/me,5.786,200,ok,0,steady
1791234447.1471522,kiemthugialap075@gmail.com,GET,/orders/me,6.134,200,ok,0,steady
1791234447.2100992,kiemthugialap073@gmail.com,GET,/concerts,4.688,200,ok,0,steady
1791234447.2115774,kiemthugialap010@gmail.com,GET,/orders/me,7.329,200,ok,0,steady
1791234447.2119389,kiemthugialap054@gmail.com,GET,/orders/me,8.75,200,ok,0,steady
1791234447.241541,kiemthugialap070@gmail.com,GET,/orders/me,4.824,200,ok,0,steady
1791234447.258329,kiemthugialap008@gmail.com,GET,/orders/me,5.162,200,ok,0,steady
1791234447.277041,kiemthugialap037@gmail.com,GET,/concerts,6.636,200,ok,0,steady
1791234447.2780674,kiemthugialap087@gmail.com,GET,/concerts/{id},6.847,200,ok,0,steady
1791234447.27872,kiemthugialap055@gmail.com,GET,/orders/me,6.531,200,ok,0,steady
1791234447.280701,kiemthugialap024@gmail.com,GET,/orders/me,3.487,200,ok,0,steady
1791234447.29139,kiemthugialap043@gmail.com,GET,/orders/me,5.659,200,ok,0,steady
1791234447.2959883,kiemthugialap098@gmail.com,GET,/concerts,4.33,200,ok,0,steady
1791234447.3107471,kiemthugialap084@gmail.com,GET,/orders/me,9.168,200,ok,0,steady
1791234447.3112128,kiemthugialap056@gmail.com,GET,/orders/me,8.91,200,ok,0,steady
1791234447.3423853,kiemthugialap027@gmail.com,GET,/orders/me,6.373,200,ok,0,steady
1791234447.342979,kiemthugialap053@gmail.com,GET,/orders/me,5.856,200,ok,0,steady
1791234447.3781333,kiemthugialap096@gmail.com,GET,/orders/me,8.101,200,ok,0,steady
1791234447.378774,kiemthugialap077@gmail.com,GET,/orders/me,7.489,200,ok,0,steady
1791234447.4099894,kiemthugialap060@gmail.com,GET,/orders/me,6.202,200,ok,0,steady
1791234447.4103599,kiemthugialap069@gmail.com,GET,/orders/me,7.363,200,ok,0,steady
1791234447.4322762,kiemthugialap031@gmail.com,GET,/orders/me,11.587,200,ok,0,steady
1791234447.4337695,kiemthugialap045@gmail.com,GET,/orders/me,10.895,200,ok,0,steady
1791234447.4340684,kiemthugialap001@gmail.com,GET,/orders/me,12.272,200,ok,0,steady
1791234447.4343436,kiemthugialap012@gmail.com,GET,/orders/me,12.795,200,ok,0,steady
1791234447.4389327,kiemthugialap090@gmail.com,GET,/orders/me,6.038,200,ok,0,steady
1791234447.4402382,kiemthugialap005@gmail.com,GET,/orders/me,7.777,200,ok,0,steady
1791234447.4437199,kiemthugialap023@gmail.com,GET,/orders/me,4.544,200,ok,0,steady
1791234447.4447548,kiemthugialap083@gmail.com,GET,/orders/me,4.382,200,ok,0,steady
1791234447.4763403,kiemthugialap091@gmail.com,GET,/orders/me,4.648,200,ok,0,steady
1791234447.4926505,kiemthugialap076@gmail.com,GET,/concerts,5.747,200,ok,0,steady
1791234447.4938304,kiemthugialap072@gmail.com,GET,/orders/me,6.048,200,ok,0,steady
1791234447.4961333,kiemthugialap088@gmail.com,GET,/orders/me,3.278,200,ok,0,steady
1791234447.510819,kiemthugialap074@gmail.com,GET,/orders/me,6.318,200,ok,0,steady
1791234447.5415187,kiemthugialap080@gmail.com,GET,/orders/me,5.283,200,ok,0,steady
1791234447.5583699,kiemthugialap032@gmail.com,GET,/orders/me,5.274,200,ok,0,steady
1791234447.5761464,kiemthugialap078@gmail.com,GET,/orders/me,6.209,200,ok,0,steady
1791234447.5809014,kiemthugialap039@gmail.com,GET,/concerts,3.669,200,ok,0,steady
1791234447.5812805,kiemthugialap071@gmail.com,GET,/orders/me,4.926,200,ok,0,steady
1791234447.6125422,kiemthugialap099@gmail.com,GET,/concerts?on_sale=true,7.75,200,ok,0,steady
1791234447.6131616,kiemthugialap095@gmail.com,GET,/orders/me,10.703,200,ok,0,steady
1791234447.6136215,kiemthugialap026@gmail.com,GET,/orders/me,10.195,200,ok,0,steady
1791234447.658033,kiemthugialap014@gmail.com,GET,/orders/me,5.155,200,ok,0,steady
1791234447.6751125,kiemthugialap003@gmail.com,GET,/orders/me,5.288,200,ok,0,steady
1791234447.6775668,kiemthugialap059@gmail.com,GET,/concerts?on_sale=true,2.307,200,ok,0,steady
1791234447.6926525,kiemthugialap085@gmail.com,GET,/orders/me,5.436,200,ok,0,steady
1791234447.7089427,kiemthugialap017@gmail.com,GET,/orders/me,4.454,200,ok,0,steady
1791234447.7471213,kiemthugialap100@gmail.com,GET,/orders/me,11.047,200,ok,0,steady
1791234447.747736,kiemthugialap004@gmail.com,GET,/concerts/{id},10.549,200,ok,0,steady
1791234447.7485032,kiemthugialap007@gmail.com,GET,/orders/me,9.634,200,ok,0,steady
1791234447.749523,kiemthugialap051@gmail.com,GET,/orders/me,12.788,200,ok,0,steady
1791234447.7533512,kiemthugialap034@gmail.com,GET,/orders/me,3.684,200,ok,0,steady
1791234447.7973921,kiemthugialap058@gmail.com,GET,/concerts,12.159,200,ok,0,steady
1791234447.7981033,kiemthugialap067@gmail.com,GET,/orders/me,11.832,200,ok,0,steady
1791234447.7985866,kiemthugialap046@gmail.com,GET,/orders/me,11.927,200,ok,0,steady
1791234447.8262706,kiemthugialap066@gmail.com,GET,/orders/me,8.017,200,ok,0,steady
1791234447.8601296,kiemthugialap089@gmail.com,GET,/orders/me,8.41,200,ok,0,steady
1791234447.8662841,kiemthugialap030@gmail.com,GET,/orders/me,4.947,200,ok,0,steady
1791234447.867275,kiemthugialap021@gmail.com,GET,/orders/me,6.908,200,ok,0,steady
1791234447.869664,kiemthugialap086@gmail.com,GET,/concerts,3.2,200,ok,0,steady
1791234447.8924124,kiemthugialap044@gmail.com,GET,/concerts?on_sale=true,7.215,200,ok,0,steady
1791234447.897182,kiemthugialap098@gmail.com,GET,/concerts?on_sale=true,4.4,200,ok,0,steady
1791234447.924896,kiemthugialap029@gmail.com,GET,/orders/me,5.053,200,ok,0,steady
1791234447.956581,kiemthugialap075@gmail.com,GET,/orders/me,5.291,200,ok,0,steady
1791234447.9601674,kiemthugialap068@gmail.com,GET,/orders/me,3.425,200,ok,0,steady
1791234448.013764,kiemthugialap047@gmail.com,GET,/concerts/{id},8.662,200,ok,0,steady
1791234448.0151715,kiemthugialap016@gmail.com,GET,/orders/me,13.25,200,ok,0,steady
1791234448.0155249,kiemthugialap041@gmail.com,GET,/orders/me,12.339,200,ok,0,steady
1791234448.0158212,kiemthugialap022@gmail.com,GET,/orders/me,11.142,200,ok,0,steady
1791234448.0169818,kiemthugialap049@gmail.com,GET,/orders/me,12.635,200,ok,0,steady
1791234448.018845,kiemthugialap062@gmail.com,GET,/orders/me,4.831,200,ok,0,steady
1791234448.0434597,kiemthugialap038@gmail.com,GET,/orders/me,8.702,200,ok,0,steady
1791234448.044723,kiemthugialap013@gmail.com,GET,/orders/me,9.122,200,ok,0,steady
1791234448.04653,kiemthugialap097@gmail.com,GET,/concerts?on_sale=true,2.803,200,ok,0,steady
1791234448.049411,kiemthugialap056@gmail.com,GET,/orders/me,4.572,200,ok,0,steady
1791234448.0507941,kiemthugialap018@gmail.com,GET,/orders/me,4.128,200,ok,0,steady
1791234448.0532813,kiemthugialap028@gmail.com,GET,/orders/me,3.749,200,ok,0,steady
1791234448.075069,kiemthugialap063@gmail.com,GET,/orders/me,7.196,200,ok,0,steady
1791234448.075533,kiemthugialap092@gmail.com,GET,/orders/me,6.618,200,ok,0,steady
1791234448.111918,kiemthugialap025@gmail.com,GET,/orders/me,4.699,200,ok,0,steady
1791234448.1140547,kiemthugialap020@gmail.com,GET,/concerts,1.985,200,ok,0,steady
1791234448.1447995,kiemthugialap057@gmail.com,GET,/orders/me,8.035,200,ok,0,steady
1791234448.1457613,kiemthugialap084@gmail.com,GET,/concerts,7.982,200,ok,0,steady
1791234448.1460755,kiemthugialap009@gmail.com,GET,/orders/me,9.838,200,ok,0,steady
1791234448.147669,kiemthugialap035@gmail.com,GET,/orders/me,2.687,200,ok,0,steady
1791234448.191984,kiemthugialap052@gmail.com,GET,/concerts/{id},3.957,200,ok,0,steady
1791234448.1932366,kiemthugialap064@gmail.com,GET,/orders/me,6.958,200,ok,0,steady
1791234448.1958978,kiemthugialap099@gmail.com,GET,/orders/me,3.752,200,ok,0,steady
1791234448.2102993,kiemthugialap048@gmail.com,GET,/orders/me,7.025,200,ok,0,steady
1791234448.2107234,kiemthugialap010@gmail.com,GET,/orders/me,6.673,200,ok,0,steady
1791234448.2359862,kiemthugialap019@gmail.com,GET,/orders/me,9.524,200,ok,0,steady
1791234448.2384763,kiemthugialap012@gmail.com,GET,/orders/me,13.518,200,ok,0,steady
1791234448.2392914,kiemthugialap087@gmail.com,GET,/orders/me,13.251,200,ok,0,steady
1791234448.2470658,kiemthugialap094@gmail.com,GET,/concerts,10.801,200,ok,0,steady
1791234448.2482705,kiemthugialap081@gmail.com,GET,/concerts?on_sale=true,8.749,200,ok,0,steady
1791234448.2488067,kiemthugialap002@gmail.com,GET,/concerts?on_sale=true,8.008,200,ok,0,steady
1791234448.2745943,kiemthugialap024@gmail.com,GET,/orders/me,4.342,200,ok,0,steady
1791234448.3083394,kiemthugialap074@gmail.com,GET,/orders/me,5.105,200,ok,0,steady
1791234448.3257911,kiemthugialap014@gmail.com,GET,/orders/me,5.377,200,ok,0,steady
1791234448.3427837,kiemthugialap078@gmail.com,GET,/orders/me,4.612,200,ok,0,steady
1791234448.34505,kiemthugialap073@gmail.com,GET,/concerts?on_sale=true,2.102,200,ok,0,steady
1791234448.3769984,kiemthugialap079@gmail.com,GET,/orders/me,7.51,200,ok,0,steady
1791234448.377474,kiemthugialap067@gmail.com,GET,/orders/me,6.847,200,ok,0,steady
1791234448.3913484,kiemthugialap050@gmail.com,GET,/orders/me,4.908,200,ok,0,steady
1791234448.4249303,kiemthugialap055@gmail.com,GET,/concerts?on_sale=true,4.752,200,ok,0,steady
1791234448.4279134,kiemthugialap006@gmail.com,GET,/orders/me,4.458,200,ok,0,steady
1791234448.488353,kiemthugialap036@gmail.com,GET,/orders/me,18.882,200,ok,0,steady
1791234448.489258,kiemthugialap080@gmail.com,GET,/orders/me,18.329,200,ok,0,steady
1791234448.507497,kiemthugialap068@gmail.com,GET,/orders/me,5.549,200,ok,0,steady
1791234448.543158,kiemthugialap090@gmail.com,GET,/concerts?on_sale=true,5.387,200,ok,0,steady
1791234448.5435843,kiemthugialap030@gmail.com,GET,/concerts/{id},6.872,200,ok,0,steady
1791234448.5457573,kiemthugialap051@gmail.com,GET,/orders/me,4.691,200,ok,0,steady
1791234448.5769784,kiemthugialap007@gmail.com,GET,/concerts?on_sale=true,6.021,200,ok,0,steady
1791234448.5780513,kiemthugialap056@gmail.com,GET,/orders/me,6.851,200,ok,0,steady
1791234448.5784228,kiemthugialap032@gmail.com,GET,/orders/me,8.554,200,ok,0,steady
1791234448.5805635,kiemthugialap015@gmail.com,GET,/orders/me,3.412,200,ok,0,steady
1791234448.5920973,kiemthugialap082@gmail.com,GET,/concerts/{id},6.287,200,ok,0,steady
1791234448.6240773,kiemthugialap011@gmail.com,GET,/concerts,4.589,200,ok,0,steady
1791234448.626315,kiemthugialap043@gmail.com,GET,/concerts,2.073,200,ok,0,steady
1791234448.6421795,kiemthugialap065@gmail.com,GET,/orders/me,5.044,200,ok,0,steady
1791234448.6602695,kiemthugialap093@gmail.com,GET,/orders/me,4.627,200,ok,0,steady
1791234448.6607304,kiemthugialap049@gmail.com,GET,/orders/me,6.296,200,ok,0,steady
1791234448.675731,kiemthugialap022@gmail.com,GET,/orders/me,5.976,200,ok,0,steady
1791234448.6911623,kiemthugialap038@gmail.com,GET,/orders/me,5.045,200,ok,0,steady
1791234448.7077177,kiemthugialap086@gmail.com,GET,/orders/me,4.733,200,ok,0,steady
1791234448.7250495,kiemthugialap061@gmail.com,GET,/concerts/{id},5.263,200,ok,0,steady
1791234448.7260034,kiemthugialap064@gmail.com,GET,/orders/me,5.116,200,ok,0,steady
1791234448.792737,kiemthugialap075@gmail.com,GET,/orders/me,5.905,200,ok,0,steady
1791234448.8124619,kiemthugialap053@gmail.com,GET,/orders/me,5.676,200,ok,0,steady
1791234448.8642805,kiemthugialap088@gmail.com,GET,/orders/me,9.57,200,ok,0,steady
1791234448.8657367,kiemthugialap040@gmail.com,GET,/orders/me,12.264,200,ok,0,steady
1791234448.866116,kiemthugialap042@gmail.com,GET,/orders/me,11.945,200,ok,0,steady
1791234448.8664243,kiemthugialap037@gmail.com,GET,/orders/me,12.009,200,ok,0,steady
1791234448.8678727,kiemthugialap012@gmail.com,GET,/orders/me,3.353,200,ok,0,steady
1791234448.8947778,kiemthugialap062@gmail.com,GET,/orders/me,7.066,200,ok,0,steady
1791234448.8956604,kiemthugialap052@gmail.com,GET,/orders/me,9.745,200,ok,0,steady
1791234448.9075584,kiemthugialap077@gmail.com,GET,/orders/me,5.123,200,ok,0,steady
1791234448.9304047,kiemthugialap028@gmail.com,GET,/orders/me,9.519,200,ok,0,steady
1791234448.9309027,kiemthugialap003@gmail.com,GET,/orders/me,9.602,200,ok,0,steady
1791234448.9312205,kiemthugialap070@gmail.com,GET,/orders/me,11.233,200,ok,0,steady
1791234448.9327648,kiemthugialap039@gmail.com,GET,/concerts,4.754,200,ok,0,steady
1791234448.9332705,kiemthugialap096@gmail.com,GET,/concerts?on_sale=true,3.68,200,ok,0,steady
1791234448.9628623,kiemthugialap066@gmail.com,GET,/concerts?on_sale=true,9.165,200,ok,0,steady
1791234448.9650006,kiemthugialap002@gmail.com,GET,/orders/me,13.113,200,ok,0,steady
1791234448.9663765,kiemthugialap083@gmail.com,GET,/orders/me,11.149,200,ok,0,steady
1791234448.9667459,kiemthugialap008@gmail.com,GET,/orders/me,13.62,200,ok,0,steady
1791234448.9693725,kiemthugialap100@gmail.com,GET,/orders/me,6.177,200,ok,0,steady
1791234448.973433,kiemthugialap069@gmail.com,GET,/concerts/{id},3.851,200,ok,0,steady
1791234448.9909413,kiemthugialap048@gmail.com,GET,/concerts,5.878,200,ok,0,steady
1791234449.0101933,kiemthugialap072@gmail.com,GET,/concerts/{id},8.637,200,ok,0,steady
1791234449.0118475,kiemthugialap005@gmail.com,GET,/orders/me,8.292,200,ok,0,steady
1791234449.012335,kiemthugialap029@gmail.com,GET,/orders/me,10.028,200,ok,0,steady
1791234449.027535,kiemthugialap054@gmail.com,GET,/orders/me,8.698,200,ok,0,steady
1791234449.0334709,kiemthugialap033@gmail.com,GET,/orders/me,5.635,200,ok,0,steady
1791234449.0391521,kiemthugialap041@gmail.com,GET,/orders/me,5.457,200,ok,0,steady
1791234449.0618846,kiemthugialap044@gmail.com,GET,/concerts?on_sale=true,10.002,200,ok,0,steady
1791234449.0627942,kiemthugialap045@gmail.com,GET,/orders/me,9.913,200,ok,0,steady
1791234449.0907788,kiemthugialap095@gmail.com,GET,/orders/me,5.924,200,ok,0,steady
1791234449.13989,kiemthugialap078@gmail.com,GET,/orders/me,5.149,200,ok,0,steady
1791234449.157412,kiemthugialap059@gmail.com,GET,/orders/me,4.108,200,ok,0,steady
1791234449.1595106,kiemthugialap057@gmail.com,GET,/concerts,1.958,200,ok,0,steady
1791234449.1743674,kiemthugialap060@gmail.com,GET,/orders/me,5.855,200,ok,0,steady
1791234449.1956112,kiemthugialap023@gmail.com,GET,/orders/me,7.822,200,ok,0,steady
1791234449.197203,kiemthugialap098@gmail.com,GET,/orders/me,9.172,200,ok,0,steady
1791234449.1975179,kiemthugialap099@gmail.com,GET,/orders/me,10.708,200,ok,0,steady
1791234449.1996534,kiemthugialap046@gmail.com,GET,/concerts,3.856,200,ok,0,steady
1791234449.200193,kiemthugialap071@gmail.com,GET,/orders/me,4.02,200,ok,0,steady
1791234449.2235768,kiemthugialap021@gmail.com,GET,/orders/me,5.116,200,ok,0,steady
1791234449.2603638,kiemthugialap018@gmail.com,GET,/concerts/{id},5.707,200,ok,0,steady
1791234449.2627287,kiemthugialap032@gmail.com,GET,/orders/me,8.352,200,ok,0,steady
1791234449.263089,kiemthugialap026@gmail.com,GET,/orders/me,9.266,200,ok,0,steady
1791234449.265346,kiemthugialap058@gmail.com,GET,/concerts?on_sale=true,4.847,200,ok,0,steady
1791234449.2663524,kiemthugialap004@gmail.com,GET,/orders/me,5.2,200,ok,0,steady
1791234449.3112226,kiemthugialap091@gmail.com,GET,/concerts,6.964,200,ok,0,steady
1791234449.3121293,kiemthugialap027@gmail.com,GET,/orders/me,9.466,200,ok,0,steady
1791234449.3584168,kiemthugialap097@gmail.com,GET,/orders/me,5.322,200,ok,0,steady
1791234449.3606954,kiemthugialap079@gmail.com,GET,/concerts/{id},2.132,200,ok,0,steady
1791234449.3777788,kiemthugialap093@gmail.com,GET,/concerts,6.952,200,ok,0,steady
1791234449.3793051,kiemthugialap082@gmail.com,GET,/concerts,8.832,200,ok,0,steady
1791234449.380494,kiemthugialap006@gmail.com,GET,/orders/me,8.436,200,ok,0,steady
1791234449.3808496,kiemthugialap034@gmail.com,GET,/orders/me,11.078,200,ok,0,steady
1791234449.383773,kiemthugialap063@gmail.com,GET,/concerts/{id},4.336,200,ok,0,steady
1791234449.3841088,kiemthugialap031@gmail.com,GET,/orders/me,6.116,200,ok,0,steady
1791234449.4103043,kiemthugialap001@gmail.com,GET,/orders/me,6.554,200,ok,0,steady
1791234449.4115343,kiemthugialap076@gmail.com,GET,/orders/me,8.797,200,ok,0,steady
1791234449.4132097,kiemthugialap085@gmail.com,GET,/concerts/{id},2.668,200,ok,0,steady
1791234449.4582124,kiemthugialap036@gmail.com,GET,/orders/me,5.075,200,ok,0,steady
1791234449.4964173,kiemthugialap092@gmail.com,GET,/concerts?on_sale=true,8.707,200,ok,0,steady
1791234449.498423,kiemthugialap009@gmail.com,GET,/orders/me,10.488,200,ok,0,steady
1791234449.4987671,kiemthugialap043@gmail.com,GET,/orders/me,7.987,200,ok,0,steady
1791234449.499089,kiemthugialap094@gmail.com,GET,/orders/me,12.519,200,ok,0,steady
1791234449.5749938,kiemthugialap035@gmail.com,GET,/orders/me,5.089,200,ok,0,steady
1791234449.5776389,kiemthugialap047@gmail.com,GET,/concerts?on_sale=true,2.501,200,ok,0,steady
1791234449.579472,kiemthugialap084@gmail.com,GET,/orders/me,3.773,200,ok,0,steady
1791234449.5939543,kiemthugialap019@gmail.com,GET,/orders/me,6.186,200,ok,0,steady
1791234449.5954158,kiemthugialap089@gmail.com,GET,/orders/me,8.789,200,ok,0,steady
1791234449.5970354,kiemthugialap017@gmail.com,GET,/concerts/{id},2.832,200,ok,0,steady
1791234449.624328,kiemthugialap016@gmail.com,GET,/orders/me,5.191,200,ok,0,steady
1791234449.6418364,kiemthugialap014@gmail.com,GET,/orders/me,5.384,200,ok,0,steady
1791234449.6592448,kiemthugialap070@gmail.com,GET,/concerts/{id},5.611,200,ok,0,steady
1791234449.659601,kiemthugialap025@gmail.com,GET,/concerts,5.125,200,ok,0,steady
1791234449.7095654,kiemthugialap049@gmail.com,GET,/orders/me,5.222,200,ok,0,steady
1791234449.7426965,kiemthugialap081@gmail.com,GET,/concerts/{id},5.029,200,ok,0,steady
1791234449.743799,kiemthugialap060@gmail.com,GET,/orders/me,7.247,200,ok,0,steady
1791234449.7575836,kiemthugialap100@gmail.com,GET,/orders/me,5.05,200,ok,0,steady
1791234449.7970474,kiemthugialap086@gmail.com,GET,/concerts/{id},10.151,200,ok,0,steady
1791234449.7991688,kiemthugialap069@gmail.com,GET,/orders/me,11.952,200,ok,0,steady
1791234449.7996023,kiemthugialap033@gmail.com,GET,/orders/me,12.122,200,ok,0,steady
1791234449.8000038,kiemthugialap020@gmail.com,GET,/orders/me,14.02,200,ok,0,steady
1791234449.8599713,kiemthugialap013@gmail.com,GET,/concerts?on_sale=true,8.254,200,ok,0,steady
1791234449.8609948,kiemthugialap010@gmail.com,GET,/orders/me,8.097,200,ok,0,steady
1791234449.8745668,kiemthugialap007@gmail.com,GET,/orders/me,5.558,200,ok,0,steady
1791234449.9258964,kiemthugialap051@gmail.com,GET,/orders/me,4.868,200,ok,0,steady
1791234449.9763262,kiemthugialap097@gmail.com,GET,/orders/me,6.299,200,ok,0,steady
1791234449.9806252,kiemthugialap008@gmail.com,GET,/orders/me,4.146,200,ok,0,steady
1791234450.0073397,kiemthugialap002@gmail.com,GET,/orders/me,4.72,200,ok,0,steady
1791234450.0580335,kiemthugialap088@gmail.com,GET,/orders/me,4.696,200,ok,0,steady
1791234450.0789218,kiemthugialap032@gmail.com,GET,/concerts?on_sale=true,6.102,200,ok,0,steady
1791234450.0794218,kiemthugialap015@gmail.com,GET,/orders/me,8.701,200,ok,0,steady
1791234450.080466,kiemthugialap080@gmail.com,GET,/orders/me,8.312,200,ok,0,steady
1791234450.0915127,kiemthugialap012@gmail.com,GET,/orders/me,4.79,200,ok,0,steady
1791234450.0946586,kiemthugialap067@gmail.com,GET,/orders/me,2.994,200,ok,0,steady
1791234450.0975068,kiemthugialap091@gmail.com,GET,/orders/me,2.721,200,ok,0,steady
1791234450.1258674,kiemthugialap068@gmail.com,GET,/orders/me,6.035,200,ok,0,steady
1791234450.1493375,kiemthugialap027@gmail.com,GET,/orders/me,12.269,200,ok,0,steady
1791234450.149785,kiemthugialap071@gmail.com,GET,/orders/me,11.259,200,ok,0,steady
1791234450.1513128,kiemthugialap046@gmail.com,GET,/orders/me,12.033,200,ok,0,steady
1791234450.1516597,kiemthugialap024@gmail.com,GET,/orders/me,11.337,200,ok,0,steady
1791234450.1831746,kiemthugialap030@gmail.com,GET,/orders/me,11.968,200,ok,0,steady
1791234450.1847153,kiemthugialap073@gmail.com,GET,/concerts/{id},15.445,200,ok,0,steady
1791234450.1875353,kiemthugialap074@gmail.com,GET,/orders/me,16.001,200,ok,0,steady
1791234450.1895418,kiemthugialap082@gmail.com,GET,/orders/me,18.675,200,ok,0,steady
1791234450.196967,kiemthugialap055@gmail.com,GET,/orders/me,10.971,200,ok,0,steady
1791234450.1973865,kiemthugialap061@gmail.com,GET,/orders/me,13.998,200,ok,0,steady
1791234450.2108583,kiemthugialap042@gmail.com,GET,/orders/me,7.247,200,ok,0,steady
1791234450.2126987,kiemthugialap053@gmail.com,GET,/orders/me,9.663,200,ok,0,steady
1791234450.2171166,kiemthugialap098@gmail.com,GET,/orders/me,6.073,200,ok,0,steady
1791234450.2184267,kiemthugialap059@gmail.com,GET,/orders/me,6.955,200,ok,0,steady
1791234450.2218702,kiemthugialap044@gmail.com,GET,/orders/me,4.55,200,ok,0,steady
1791234450.227521,kiemthugialap087@gmail.com,GET,/orders/me,5.398,200,ok,0,steady
1791234450.231533,kiemthugialap005@gmail.com,GET,/orders/me,3.781,200,ok,0,steady
1791234450.257858,kiemthugialap077@gmail.com,GET,/concerts?on_sale=true,6.042,200,ok,0,steady
1791234450.2595599,kiemthugialap092@gmail.com,GET,/orders/me,7.024,200,ok,0,steady
1791234450.2616982,kiemthugialap004@gmail.com,GET,/concerts?on_sale=true,3.547,200,ok,0,steady
1791234450.2634578,kiemthugialap045@gmail.com,GET,/concerts/{id},3.724,200,ok,0,steady
1791234450.2732234,kiemthugialap022@gmail.com,GET,/orders/me,4.957,200,ok,0,steady
1791234450.2892404,kiemthugialap037@gmail.com,GET,/orders/me,4.463,200,ok,0,steady
1791234450.3048942,kiemthugialap023@gmail.com,GET,/concerts?on_sale=true,3.632,200,ok,0,steady
1791234450.3272734,kiemthugialap056@gmail.com,GET,/concerts/{id},7.355,200,ok,0,steady
1791234450.3291192,kiemthugialap063@gmail.com,GET,/concerts?on_sale=true,10.706,200,ok,0,steady
1791234450.329636,kiemthugialap054@gmail.com,GET,/orders/me,10.201,200,ok,0,steady
1791234450.3312962,kiemthugialap038@gmail.com,GET,/concerts,3.738,200,ok,0,steady
1791234450.3592126,kiemthugialap096@gmail.com,GET,/orders/me,5.365,200,ok,0,steady
1791234450.3740096,kiemthugialap050@gmail.com,GET,/concerts?on_sale=true,4.75,200,ok,0,steady
1791234450.4420042,kiemthugialap021@gmail.com,GET,/orders/me,5.515,200,ok,0,steady
1791234450.4598422,kiemthugialap065@gmail.com,GET,/concerts?on_sale=true,5.834,200,ok,0,steady
1791234450.4614363,kiemthugialap040@gmail.com,GET,/orders/me,8.076,200,ok,0,steady
1791234450.4638565,kiemthugialap033@gmail.com,GET,/orders/me,6.151,200,ok,0,steady
1791234450.4751058,kiemthugialap062@gmail.com,GET,/orders/me,4.762,200,ok,0,steady
1791234450.479676,kiemthugialap011@gmail.com,GET,/orders/me,4.393,200,ok,0,steady
1791234450.482872,kiemthugialap090@gmail.com,GET,/orders/me,3.033,200,ok,0,steady
1791234450.509714,kiemthugialap010@gmail.com,GET,/concerts?on_sale=true,7.053,200,ok,0,steady
1791234450.511359,kiemthugialap041@gmail.com,GET,/orders/me,6.804,200,ok,0,steady
1791234450.5117104,kiemthugialap052@gmail.com,GET,/orders/me,8.167,200,ok,0,steady
1791234450.5417826,kiemthugialap039@gmail.com,GET,/concerts/{id},5.106,200,ok,0,steady
1791234450.5585697,kiemthugialap064@gmail.com,GET,/orders/me,5.189,200,ok,0,steady
1791234450.590812,kiemthugialap078@gmail.com,GET,/concerts?on_sale=true,4.298,200,ok,0,steady
1791234450.6077514,kiemthugialap043@gmail.com,GET,/orders/me,5.318,200,ok,0,steady
1791234450.6140556,kiemthugialap083@gmail.com,GET,/orders/me,5.843,200,ok,0,steady
1791234450.6436543,kiemthugialap029@gmail.com,GET,/concerts?on_sale=true,6.736,200,ok,0,steady
1791234450.644869,kiemthugialap048@gmail.com,GET,/orders/me,9.287,200,ok,0,steady
1791234450.6463928,kiemthugialap002@gmail.com,GET,/orders/me,9.949,200,ok,0,steady
1791234450.6485763,kiemthugialap070@gmail.com,GET,/concerts/{id},3.57,200,ok,0,steady
1791234450.6494539,kiemthugialap025@gmail.com,GET,/orders/me,4.028,200,ok,0,steady
1791234450.6948915,kiemthugialap066@gmail.com,GET,/orders/me,24.255,200,ok,0,steady
1791234450.6956956,kiemthugialap060@gmail.com,GET,/orders/me,25.942,200,ok,0,steady
1791234450.696012,kiemthugialap006@gmail.com,GET,/orders/me,9.064,200,ok,0,steady
1791234450.696314,kiemthugialap003@gmail.com,GET,/orders/me,24.445,200,ok,0,steady
1791234450.725402,kiemthugialap001@gmail.com,GET,/orders/me,5.524,200,ok,0,steady
1791234450.7795694,kiemthugialap045@gmail.com,GET,/orders/me,9.352,200,ok,0,steady
1791234450.7809246,kiemthugialap047@gmail.com,GET,/orders/me,11.373,200,ok,0,steady
1791234450.7812428,kiemthugialap075@gmail.com,GET,/orders/me,7.24,200,ok,0,steady
1791234450.7825332,kiemthugialap095@gmail.com,GET,/concerts?on_sale=true,2.734,200,ok,0,steady
1791234450.8097057,kiemthugialap086@gmail.com,GET,/orders/me,6.41,200,ok,0,steady
1791234450.810162,kiemthugialap034@gmail.com,GET,/orders/me,6.366,200,ok,0,steady
1791234450.8425615,kiemthugialap008@gmail.com,GET,/orders/me,20.952,200,ok,0,steady
1791234450.8430324,kiemthugialap028@gmail.com,GET,/orders/me,22.717,200,ok,0,steady
1791234450.8463197,kiemthugialap092@gmail.com,GET,/concerts/{id},5.243,200,ok,0,steady
1791234450.8477635,kiemthugialap044@gmail.com,GET,/orders/me,7.45,200,ok,0,steady
1791234450.8758144,kiemthugialap099@gmail.com,GET,/orders/me,6.208,200,ok,0,steady
1791234450.909552,kiemthugialap005@gmail.com,GET,/concerts?on_sale=true,3.994,200,ok,0,steady
1791234450.910372,kiemthugialap072@gmail.com,GET,/concerts/{id},6.527,200,ok,0,steady
1791234450.912484,kiemthugialap085@gmail.com,GET,/orders/me,2.806,200,ok,0,steady
1791234450.9435835,kiemthugialap058@gmail.com,GET,/orders/me,5.723,200,ok,0,steady
1791234450.9439292,kiemthugialap030@gmail.com,GET,/orders/me,7.133,200,ok,0,steady
1791234450.9924126,kiemthugialap026@gmail.com,GET,/concerts,5.391,200,ok,0,steady
1791234450.993508,kiemthugialap057@gmail.com,GET,/orders/me,7.388,200,ok,0,steady
1791234451.0096266,kiemthugialap069@gmail.com,GET,/concerts?on_sale=true,4.075,200,ok,0,steady
1791234451.0107608,kiemthugialap020@gmail.com,GET,/orders/me,6.488,200,ok,0,steady
1791234451.042812,kiemthugialap076@gmail.com,GET,/orders/me,6.03,200,ok,0,steady
1791234451.0622153,kiemthugialap093@gmail.com,GET,/orders/me,8.647,200,ok,0,steady
1791234451.0651336,kiemthugialap079@gmail.com,GET,/orders/me,9.851,200,ok,0,steady
1791234451.067871,kiemthugialap096@gmail.com,GET,/orders/me,5.514,200,ok,0,steady
1791234451.1282258,kiemthugialap068@gmail.com,GET,/concerts?on_sale=true,9.527,200,ok,0,steady
1791234451.1296885,kiemthugialap017@gmail.com,GET,/orders/me,9.622,200,ok,0,steady
1791234451.130117,kiemthugialap097@gmail.com,GET,/orders/me,9.558,200,ok,0,steady
1791234451.157186,kiemthugialap053@gmail.com,GET,/concerts/{id},4.68,200,ok,0,steady
1791234451.1755154,kiemthugialap007@gmail.com,GET,/concerts?on_sale=true,5.971,200,ok,0,steady
1791234451.194929,kiemthugialap019@gmail.com,GET,/orders/me,8.329,200,ok,0,steady
1791234451.1953719,kiemthugialap018@gmail.com,GET,/orders/me,7.704,200,ok,0,steady
1791234451.2578802,kiemthugialap013@gmail.com,GET,/orders/me,4.694,200,ok,0,steady
1791234451.2782278,kiemthugialap089@gmail.com,GET,/orders/me,7.961,200,ok,0,steady
1791234451.278628,kiemthugialap040@gmail.com,GET,/orders/me,6.586,200,ok,0,steady
1791234451.278936,kiemthugialap022@gmail.com,GET,/orders/me,7.811,200,ok,0,steady
1791234451.3136556,kiemthugialap023@gmail.com,GET,/concerts/{id},10.594,200,ok,0,steady
1791234451.3145196,kiemthugialap094@gmail.com,GET,/orders/me,12.271,200,ok,0,steady
1791234451.3270645,kiemthugialap084@gmail.com,GET,/orders/me,6.483,200,ok,0,steady
1791234451.3311298,kiemthugialap073@gmail.com,GET,/orders/me,3.841,200,ok,0,steady
1791234451.3442543,kiemthugialap049@gmail.com,GET,/orders/me,7.578,200,ok,0,steady
1791234451.3447683,kiemthugialap065@gmail.com,GET,/orders/me,9.384,200,ok,0,steady
1791234451.3587885,kiemthugialap098@gmail.com,GET,/orders/me,5.549,200,ok,0,steady
1791234451.3976555,kiemthugialap009@gmail.com,GET,/concerts?on_sale=true,10.046,200,ok,0,steady
1791234451.3981245,kiemthugialap001@gmail.com,GET,/orders/me,11.022,200,ok,0,steady
1791234451.398491,kiemthugialap031@gmail.com,GET,/orders/me,12.707,200,ok,0,steady
1791234451.3988113,kiemthugialap060@gmail.com,GET,/orders/me,9.665,200,ok,0,steady
1791234451.4119263,kiemthugialap035@gmail.com,GET,/concerts/{id},10.59,200,ok,0,steady
1791234451.418979,kiemthugialap050@gmail.com,GET,/concerts?on_sale=true,11.49,200,ok,0,steady
1791234451.4195466,kiemthugialap071@gmail.com,GET,/concerts?on_sale=true,10.386,200,ok,0,steady
1791234451.4217937,kiemthugialap052@gmail.com,GET,/orders/me,13.359,200,ok,0,steady
1791234451.4223542,kiemthugialap095@gmail.com,GET,/orders/me,10.186,200,ok,0,steady
1791234451.4398284,kiemthugialap061@gmail.com,GET,/concerts/{id},4.616,200,ok,0,steady
1791234451.4437323,kiemthugialap047@gmail.com,GET,/concerts/{id},3.703,200,ok,0,steady
1791234451.4481418,kiemthugialap036@gmail.com,GET,/orders/me,4.198,200,ok,0,steady
1791234451.457625,kiemthugialap091@gmail.com,GET,/orders/me,4.467,200,ok,0,steady
1791234451.4617531,kiemthugialap059@gmail.com,GET,/orders/me,3.902,200,ok,0,steady
1791234451.4900038,kiemthugialap064@gmail.com,GET,/orders/me,5.233,200,ok,0,steady
1791234451.5270486,kiemthugialap032@gmail.com,GET,/concerts,5.497,200,ok,0,steady
1791234451.528578,kiemthugialap078@gmail.com,GET,/orders/me,8.446,200,ok,0,steady
1791234451.5289156,kiemthugialap077@gmail.com,GET,/orders/me,7.912,200,ok,0,steady
1791234451.5581164,kiemthugialap043@gmail.com,GET,/concerts/{id},4.837,200,ok,0,steady
1791234451.559058,kiemthugialap042@gmail.com,GET,/orders/me,6.851,200,ok,0,steady
1791234451.5613835,kiemthugialap056@gmail.com,GET,/orders/me,3.095,200,ok,0,steady
1791234451.5767953,kiemthugialap016@gmail.com,GET,/orders/me,5.509,200,ok,0,steady
1791234451.5778904,kiemthugialap082@gmail.com,GET,/orders/me,7.925,200,ok,0,steady
1791234451.5798392,kiemthugialap006@gmail.com,GET,/orders/me,2.863,200,ok,0,steady
1791234451.6089985,kiemthugialap014@gmail.com,GET,/orders/me,5.516,200,ok,0,steady
1791234451.6112814,kiemthugialap100@gmail.com,GET,/concerts/{id},2.129,200,ok,0,steady
1791234451.641747,kiemthugialap057@gmail.com,GET,/orders/me,4.564,200,ok,0,steady
1791234451.6589205,kiemthugialap048@gmail.com,GET,/orders/me,5.534,200,ok,0,steady
1791234451.6747978,kiemthugialap003@gmail.com,GET,/orders/me,4.924,200,ok,0,steady
1791234451.6785872,kiemthugialap011@gmail.com,GET,/concerts?on_sale=true,3.096,200,ok,0,steady
1791234451.6795137,kiemthugialap090@gmail.com,GET,/orders/me,4.576,200,ok,0,steady
1791234451.7083044,kiemthugialap081@gmail.com,GET,/orders/me,4.873,200,ok,0,steady
1791234451.762266,kiemthugialap068@gmail.com,GET,/concerts/{id},7.282,200,ok,0,steady
1791234451.762925,kiemthugialap088@gmail.com,GET,/concerts,8.302,200,ok,0,steady
1791234451.7632825,kiemthugialap062@gmail.com,GET,/orders/me,10.061,200,ok,0,steady
1791234451.7638738,kiemthugialap026@gmail.com,GET,/orders/me,9.708,200,ok,0,steady
1791234451.7735295,kiemthugialap019@gmail.com,GET,/concerts/{id},3.205,200,ok,0,steady
1791234451.807526,kiemthugialap041@gmail.com,GET,/concerts/{id},5.26,200,ok,0,steady
1791234451.8085856,kiemthugialap055@gmail.com,GET,/orders/me,5.578,200,ok,0,steady
1791234451.8122914,kiemthugialap015@gmail.com,GET,/concerts/{id},3.571,200,ok,0,steady
1791234451.8133073,kiemthugialap080@gmail.com,GET,/orders/me,4.215,200,ok,0,steady
1791234451.8256238,kiemthugialap096@gmail.com,GET,/orders/me,5.191,200,ok,0,steady
1791234451.8271801,kiemthugialap038@gmail.com,GET,/orders/me,8.364,200,ok,0,steady
1791234451.830459,kiemthugialap037@gmail.com,GET,/concerts,4.271,200,ok,0,steady
1791234451.8313925,kiemthugialap093@gmail.com,GET,/concerts?on_sale=true,4.073,200,ok,0,steady
1791234451.8322108,kiemthugialap087@gmail.com,GET,/orders/me,6.414,200,ok,0,steady
1791234451.8333898,kiemthugialap051@gmail.com,GET,/concerts,2.811,200,ok,0,steady
1791234451.8890479,kiemthugialap063@gmail.com,GET,/concerts/{id},19.738,200,ok,0,steady
1791234451.8911572,kiemthugialap002@gmail.com,GET,/orders/me,20.856,200,ok,0,steady
1791234451.8921409,kiemthugialap027@gmail.com,GET,/orders/me,20.602,200,ok,0,steady
1791234451.8943858,kiemthugialap039@gmail.com,GET,/orders/me,3.065,200,ok,0,steady
1791234451.912022,kiemthugialap012@gmail.com,GET,/orders/me,8.774,200,ok,0,steady
1791234451.912509,kiemthugialap024@gmail.com,GET,/orders/me,8.272,200,ok,0,steady
1791234451.9128075,kiemthugialap060@gmail.com,GET,/orders/me,7.274,200,ok,0,steady
1791234451.947499,kiemthugialap044@gmail.com,GET,/orders/me,10.605,200,ok,0,steady
1791234451.948444,kiemthugialap067@gmail.com,GET,/orders/me,11.365,200,ok,0,steady
1791234451.9489725,kiemthugialap033@gmail.com,GET,/orders/me,13.076,200,ok,0,steady
1791234451.9530582,kiemthugialap028@gmail.com,GET,/orders/me,3.893,200,ok,0,steady
1791234451.9557905,kiemthugialap004@gmail.com,GET,/concerts,2.594,200,ok,0,steady
1791234451.9759011,kiemthugialap079@gmail.com,GET,/orders/me,6.949,200,ok,0,steady
1791234451.9768345,kiemthugialap017@gmail.com,GET,/orders/me,6.628,200,ok,0,steady
1791234451.9782481,kiemthugialap074@gmail.com,GET,/concerts?on_sale=true,2.214,200,ok,0,steady
1791234452.0148141,kiemthugialap031@gmail.com,GET,/orders/me,11.278,200,ok,0,steady
1791234452.0202608,kiemthugialap034@gmail.com,GET,/orders/me,5.234,200,ok,0,steady
1791234452.0407689,kiemthugialap046@gmail.com,GET,/concerts/{id},4.639,200,ok,0,steady
1791234452.0789678,kiemthugialap010@gmail.com,GET,/concerts/{id},7.826,200,ok,0,steady
1791234452.0793798,kiemthugialap091@gmail.com,GET,/concerts?on_sale=true,7.759,200,ok,0,steady
1791234452.080239,kiemthugialap092@gmail.com,GET,/orders/me,10.436,200,ok,0,steady
1791234452.1079872,kiemthugialap083@gmail.com,GET,/orders/me,5.033,200,ok,0,steady
1791234452.1283727,kiemthugialap030@gmail.com,GET,/concerts?on_sale=true,8.86,200,ok,0,steady
1791234452.1289887,kiemthugialap049@gmail.com,GET,/orders/me,8.497,200,ok,0,steady
1791234452.1293364,kiemthugialap043@gmail.com,GET,/orders/me,8.551,200,ok,0,steady
1791234452.1303933,kiemthugialap029@gmail.com,GET,/orders/me,8.541,200,ok,0,steady
1791234452.15803,kiemthugialap075@gmail.com,GET,/concerts?on_sale=true,4.504,200,ok,0,steady
1791234452.1753895,kiemthugialap070@gmail.com,GET,/orders/me,5.579,200,ok,0,steady
1791234452.1930373,kiemthugialap086@gmail.com,GET,/orders/me,8.217,200,ok,0,steady
1791234452.1977646,kiemthugialap020@gmail.com,GET,/orders/me,4.43,200,ok,0,steady
1791234452.2786422,kiemthugialap021@gmail.com,GET,/orders/me,7.778,200,ok,0,steady
1791234452.2937412,kiemthugialap036@gmail.com,GET,/orders/me,7.542,200,ok,0,steady
1791234452.308663,kiemthugialap054@gmail.com,GET,/concerts?on_sale=true,3.991,200,ok,0,steady
1791234452.3096247,kiemthugialap032@gmail.com,GET,/orders/me,6.424,200,ok,0,steady
1791234452.3619108,kiemthugialap006@gmail.com,GET,/concerts?on_sale=true,6.191,200,ok,0,steady
1791234452.363384,kiemthugialap025@gmail.com,GET,/orders/me,9.629,200,ok,0,steady
1791234452.3639712,kiemthugialap085@gmail.com,GET,/orders/me,9.394,200,ok,0,steady
1791234452.3665967,kiemthugialap073@gmail.com,GET,/orders/me,4.469,200,ok,0,steady
1791234452.3924015,kiemthugialap093@gmail.com,GET,/concerts/{id},7.277,200,ok,0,steady
1791234452.3929007,kiemthugialap099@gmail.com,GET,/concerts,6.669,200,ok,0,steady
1791234452.4094281,kiemthugialap008@gmail.com,GET,/concerts/{id},7.031,200,ok,0,steady
1791234452.4257739,kiemthugialap040@gmail.com,GET,/orders/me,5.997,200,ok,0,steady
1791234452.4261358,kiemthugialap056@gmail.com,GET,/orders/me,5.841,200,ok,0,steady
1791234452.4401374,kiemthugialap066@gmail.com,GET,/concerts,3.429,200,ok,0,steady
1791234452.4930117,kiemthugialap100@gmail.com,GET,/concerts/{id},6.075,200,ok,0,steady
1791234452.5624027,kiemthugialap069@gmail.com,GET,/orders/me,9.209,200,ok,0,steady
1791234452.565359,kiemthugialap058@gmail.com,GET,/orders/me,12.541,200,ok,0,steady
1791234452.5658224,kiemthugialap011@gmail.com,GET,/orders/me,14.106,200,ok,0,steady
1791234452.5716324,kiemthugialap047@gmail.com,GET,/concerts?on_sale=true,8.3,200,ok,0,steady
1791234452.5739996,kiemthugialap076@gmail.com,GET,/orders/me,11.301,200,ok,0,steady
1791234452.5744722,kiemthugialap016@gmail.com,GET,/orders/me,10.829,200,ok,0,steady
1791234452.5785084,kiemthugialap071@gmail.com,GET,/orders/me,10.208,200,ok,0,steady
1791234452.5950243,kiemthugialap039@gmail.com,GET,/orders/me,8.287,200,ok,0,steady
1791234452.6076908,kiemthugialap005@gmail.com,GET,/orders/me,6.14,200,ok,0,steady
1791234452.631569,kiemthugialap068@gmail.com,GET,/concerts?on_sale=true,13.071,200,ok,0,steady
1791234452.6322432,kiemthugialap042@gmail.com,GET,/concerts?on_sale=true,12.672,200,ok,0,steady
1791234452.6429358,kiemthugialap045@gmail.com,GET,/concerts,6.489,200,ok,0,steady
1791234452.6443603,kiemthugialap079@gmail.com,GET,/orders/me,7.282,200,ok,0,steady
1791234452.647088,kiemthugialap002@gmail.com,GET,/orders/me,3.922,200,ok,0,steady
1791234452.6502328,kiemthugialap013@gmail.com,GET,/orders/me,2.993,200,ok,0,steady
1791234452.6551142,kiemthugialap024@gmail.com,GET,/concerts/{id},3.691,200,ok,0,steady
1791234452.6572433,kiemthugialap087@gmail.com,GET,/orders/me,4.459,200,ok,0,steady
1791234452.674008,kiemthugialap059@gmail.com,GET,/orders/me,5.157,200,ok,0,steady
1791234452.6932251,kiemthugialap004@gmail.com,GET,/orders/me,6.801,200,ok,0,steady
1791234452.693678,kiemthugialap065@gmail.com,GET,/orders/me,5.938,200,ok,0,steady
1791234452.6963913,kiemthugialap050@gmail.com,GET,/orders/me,4.353,200,ok,0,steady
1791234452.7243001,kiemthugialap078@gmail.com,GET,/orders/me,5.715,200,ok,0,steady
1791234452.7418957,kiemthugialap084@gmail.com,GET,/orders/me,5.551,200,ok,0,steady
1791234452.7766564,kiemthugialap092@gmail.com,GET,/concerts,5.221,200,ok,0,steady
1791234452.7783864,kiemthugialap072@gmail.com,GET,/orders/me,8.409,200,ok,0,steady
1791234452.7788358,kiemthugialap003@gmail.com,GET,/orders/me,7.687,200,ok,0,steady
1791234452.7942762,kiemthugialap060@gmail.com,GET,/concerts,3.53,200,ok,0,steady
1791234452.810773,kiemthugialap082@gmail.com,GET,/orders/me,6.061,200,ok,0,steady
1791234452.8149788,kiemthugialap064@gmail.com,GET,/orders/me,4.024,200,ok,0,steady
1791234452.8413928,kiemthugialap046@gmail.com,GET,/orders/me,6.334,200,ok,0,steady
1791234452.8613079,kiemthugialap041@gmail.com,GET,/orders/me,8.103,200,ok,0,steady
1791234452.861836,kiemthugialap075@gmail.com,GET,/orders/me,7.841,200,ok,0,steady
1791234452.862879,kiemthugialap043@gmail.com,GET,/orders/me,8.541,200,ok,0,steady
1791234452.893141,kiemthugialap010@gmail.com,GET,/orders/me,6.389,200,ok,0,steady
1791234452.895985,kiemthugialap083@gmail.com,GET,/orders/me,4.206,200,ok,0,steady
1791234452.9275727,kiemthugialap093@gmail.com,GET,/orders/me,7.369,200,ok,0,steady
1791234452.9304972,kiemthugialap053@gmail.com,GET,/concerts,2.727,200,ok,0,steady
1791234452.9407616,kiemthugialap018@gmail.com,GET,/orders/me,4.732,200,ok,0,steady
1791234453.0103862,kiemthugialap007@gmail.com,GET,/orders/me,6.44,200,ok,0,steady
1791234453.0254283,kiemthugialap098@gmail.com,GET,/orders/me,4.62,200,ok,0,steady
1791234453.0415723,kiemthugialap077@gmail.com,GET,/concerts,5.054,200,ok,0,steady
1791234453.0588741,kiemthugialap052@gmail.com,GET,/orders/me,4.599,200,ok,0,steady
1791234453.0950596,kiemthugialap074@gmail.com,GET,/orders/me,25.099,200,ok,0,steady
1791234453.0967212,kiemthugialap088@gmail.com,GET,/concerts/{id},24.114,200,ok,0,steady
1791234453.09784,kiemthugialap097@gmail.com,GET,/orders/me,27.412,200,ok,0,steady
1791234453.0980012,kiemthugialap100@gmail.com,GET,/orders/me,26.838,200,ok,0,steady
1791234453.09913,kiemthugialap015@gmail.com,GET,/orders/me,28.312,200,ok,0,steady
1791234453.1011417,kiemthugialap081@gmail.com,GET,/orders/me,12.256,200,ok,0,steady
1791234453.102278,kiemthugialap055@gmail.com,GET,/orders/me,15.028,200,ok,0,steady
1791234453.1053705,kiemthugialap090@gmail.com,GET,/orders/me,6.056,200,ok,0,steady
1791234453.1064131,kiemthugialap076@gmail.com,GET,/orders/me,5.11,200,ok,0,steady
1791234453.1143177,kiemthugialap080@gmail.com,GET,/orders/me,4.041,200,ok,0,steady
1791234453.1415057,kiemthugialap035@gmail.com,GET,/orders/me,5.012,200,ok,0,steady
1791234453.1594863,kiemthugialap037@gmail.com,GET,/orders/me,4.789,200,ok,0,steady
1791234453.1917174,kiemthugialap009@gmail.com,GET,/concerts,4.164,200,ok,0,steady
1791234453.1926908,kiemthugialap089@gmail.com,GET,/orders/me,6.014,200,ok,0,steady
1791234453.210756,kiemthugialap002@gmail.com,GET,/orders/me,8.054,200,ok,0,steady
1791234453.2224104,kiemthugialap023@gmail.com,GET,/orders/me,10.245,200,ok,0,steady
1791234453.223055,kiemthugialap019@gmail.com,GET,/orders/me,11.959,200,ok,0,steady
1791234453.2234483,kiemthugialap001@gmail.com,GET,/orders/me,10.837,200,ok,0,steady
1791234453.225881,kiemthugialap022@gmail.com,GET,/concerts,5.94,200,ok,0,steady
1791234453.2271075,kiemthugialap094@gmail.com,GET,/orders/me,6.637,200,ok,0,steady
1791234453.2760484,kiemthugialap034@gmail.com,GET,/orders/me,7.094,200,ok,0,steady
1791234453.2771716,kiemthugialap029@gmail.com,GET,/orders/me,7.206,200,ok,0,steady
1791234453.2791274,kiemthugialap057@gmail.com,GET,/orders/me,2.891,200,ok,0,steady
1791234453.2906806,kiemthugialap061@gmail.com,GET,/orders/me,6.115,200,ok,0,steady
1791234453.2911072,kiemthugialap051@gmail.com,GET,/orders/me,5.261,200,ok,0,steady
1791234453.3258839,kiemthugialap087@gmail.com,GET,/orders/me,5.731,200,ok,0,steady
1791234453.3584716,kiemthugialap095@gmail.com,GET,/orders/me,5.162,200,ok,0,steady
1791234453.3920307,kiemthugialap050@gmail.com,GET,/orders/me,5.257,200,ok,0,steady
1791234453.3972409,kiemthugialap075@gmail.com,GET,/orders/me,4.699,200,ok,0,steady
1791234453.3975925,kiemthugialap062@gmail.com,GET,/orders/me,5.397,200,ok,0,steady
1791234453.4004636,kiemthugialap042@gmail.com,GET,/orders/me,2.762,200,ok,0,steady
1791234453.4444036,kiemthugialap046@gmail.com,GET,/orders/me,6.293,200,ok,0,steady
1791234453.4522254,kiemthugialap048@gmail.com,GET,/concerts?on_sale=true,7.223,200,ok,0,steady
1791234453.4554737,kiemthugialap099@gmail.com,GET,/orders/me,7.642,200,ok,0,steady
1791234453.4593177,kiemthugialap054@gmail.com,GET,/orders/me,6.818,200,ok,0,steady
1791234453.4622233,kiemthugialap045@gmail.com,GET,/concerts,2.707,200,ok,0,steady
1791234453.4900281,kiemthugialap070@gmail.com,GET,/concerts?on_sale=true,4.273,200,ok,0,steady
1791234453.507734,kiemthugialap078@gmail.com,GET,/orders/me,5.466,200,ok,0,steady
1791234453.5273616,kiemthugialap012@gmail.com,GET,/concerts?on_sale=true,6.359,200,ok,0,steady
1791234453.5289402,kiemthugialap049@gmail.com,GET,/concerts/{id},7.642,200,ok,0,steady
1791234453.529237,kiemthugialap026@gmail.com,GET,/orders/me,9.537,200,ok,0,steady
1791234453.531931,kiemthugialap073@gmail.com,GET,/concerts,3.931,200,ok,0,steady
1791234453.5323584,kiemthugialap063@gmail.com,GET,/orders/me,4.819,200,ok,0,steady
1791234453.5916378,kiemthugialap083@gmail.com,GET,/orders/me,4.781,200,ok,0,steady
1791234453.609853,kiemthugialap014@gmail.com,GET,/orders/me,5.373,200,ok,0,steady
1791234453.6102214,kiemthugialap044@gmail.com,GET,/orders/me,6.737,200,ok,0,steady
1791234453.6129289,kiemthugialap098@gmail.com,GET,/orders/me,2.589,200,ok,0,steady
1791234453.6452515,kiemthugialap071@gmail.com,GET,/concerts,7.096,200,ok,0,steady
1791234453.6461382,kiemthugialap017@gmail.com,GET,/concerts?on_sale=true,8.573,200,ok,0,steady
1791234453.6465752,kiemthugialap096@gmail.com,GET,/concerts/{id},6.914,200,ok,0,steady
1791234453.6468844,kiemthugialap065@gmail.com,GET,/concerts,6.936,200,ok,0,steady
1791234453.6482155,kiemthugialap066@gmail.com,GET,/orders/me,9.87,200,ok,0,steady
1791234453.6933596,kiemthugialap072@gmail.com,GET,/orders/me,8.783,200,ok,0,steady
1791234453.693991,kiemthugialap093@gmail.com,GET,/orders/me,23.284,200,ok,0,steady
1791234453.6965213,kiemthugialap031@gmail.com,GET,/concerts/{id},11.401,200,ok,0,steady
1791234453.7011316,kiemthugialap027@gmail.com,GET,/concerts/{id},4.421,200,ok,0,steady
1791234453.712502,kiemthugialap076@gmail.com,GET,/orders/me,11.106,200,ok,0,steady
1791234453.7142272,kiemthugialap028@gmail.com,GET,/orders/me,45.465,200,ok,0,steady
1791234453.714753,kiemthugialap089@gmail.com,GET,/orders/me,12.92,200,ok,0,steady
1791234453.7236564,kiemthugialap053@gmail.com,GET,/orders/me,54.03,200,ok,0,steady
1791234453.7273657,kiemthugialap018@gmail.com,GET,/concerts/{id},12.441,200,ok,0,steady
1791234453.7280488,kiemthugialap064@gmail.com,GET,/orders/me,56.512,200,ok,0,steady
1791234453.746713,kiemthugialap067@gmail.com,GET,/orders/me,9.69,200,ok,0,steady
1791234453.748057,kiemthugialap032@gmail.com,GET,/orders/me,9.321,200,ok,0,steady
1791234453.7485144,kiemthugialap033@gmail.com,GET,/orders/me,9.324,200,ok,0,steady
1791234453.7935922,kiemthugialap055@gmail.com,GET,/orders/me,6.976,200,ok,0,steady
1791234453.8081145,kiemthugialap081@gmail.com,GET,/concerts,5.696,200,ok,0,steady
1791234453.8094022,kiemthugialap041@gmail.com,GET,/orders/me,7.643,200,ok,0,steady
1791234453.8243306,kiemthugialap038@gmail.com,GET,/orders/me,6.033,200,ok,0,steady
1791234453.8806233,kiemthugialap008@gmail.com,GET,/concerts/{id},9.937,200,ok,0,steady
1791234453.8817103,kiemthugialap040@gmail.com,GET,/concerts?on_sale=true,12.797,200,ok,0,steady
1791234453.883403,kiemthugialap030@gmail.com,GET,/orders/me,12.312,200,ok,0,steady
1791234453.8840828,kiemthugialap091@gmail.com,GET,/orders/me,13.775,200,ok,0,steady
1791234453.8844798,kiemthugialap019@gmail.com,GET,/orders/me,12.986,200,ok,0,steady
1791234453.8869252,kiemthugialap084@gmail.com,GET,/orders/me,6.102,200,ok,0,steady
1791234453.9103858,kiemthugialap100@gmail.com,GET,/orders/me,8.15,200,ok,0,steady
1791234453.9108243,kiemthugialap001@gmail.com,GET,/orders/me,7.568,200,ok,0,steady
1791234453.911123,kiemthugialap047@gmail.com,GET,/orders/me,8.178,200,ok,0,steady
1791234453.9135487,kiemthugialap042@gmail.com,GET,/concerts?on_sale=true,2.31,200,ok,0,steady
1791234453.9228365,kiemthugialap039@gmail.com,GET,/orders/me,4.497,200,ok,0,steady
1791234453.9425771,kiemthugialap056@gmail.com,GET,/orders/me,6.513,200,ok,0,steady
1791234453.9594874,kiemthugialap010@gmail.com,GET,/orders/me,6.112,200,ok,0,steady
1791234453.9598396,kiemthugialap024@gmail.com,GET,/orders/me,5.877,200,ok,0,steady
1791234453.9742727,kiemthugialap051@gmail.com,GET,/orders/me,5.272,200,ok,0,steady
1791234453.9924293,kiemthugialap068@gmail.com,GET,/concerts/{id},5.343,200,ok,0,steady
1791234453.993542,kiemthugialap002@gmail.com,GET,/orders/me,5.025,200,ok,0,steady
1791234454.007885,kiemthugialap025@gmail.com,GET,/concerts?on_sale=true,4.123,200,ok,0,steady
1791234454.043485,kiemthugialap006@gmail.com,GET,/orders/me,7.386,200,ok,0,steady
1791234454.046819,kiemthugialap005@gmail.com,GET,/orders/me,9.435,200,ok,0,steady
1791234454.049561,kiemthugialap036@gmail.com,GET,/concerts?on_sale=true,5.337,200,ok,0,steady
1791234454.0505514,kiemthugialap069@gmail.com,GET,/orders/me,6.821,200,ok,0,steady
1791234454.063942,kiemthugialap061@gmail.com,GET,/orders/me,7.989,200,ok,0,steady
1791234454.0659332,kiemthugialap022@gmail.com,GET,/orders/me,8.762,200,ok,0,steady
1791234454.0708447,kiemthugialap020@gmail.com,GET,/concerts?on_sale=true,6.699,200,ok,0,steady
1791234454.0716448,kiemthugialap074@gmail.com,GET,/orders/me,7.127,200,ok,0,steady
1791234454.0727654,kiemthugialap043@gmail.com,GET,/orders/me,7.984,200,ok,0,steady
1791234454.0750232,kiemthugialap086@gmail.com,GET,/orders/me,5.199,200,ok,0,steady
1791234454.1123202,kiemthugialap092@gmail.com,GET,/concerts/{id},8.032,200,ok,0,steady
1791234454.112885,kiemthugialap085@gmail.com,GET,/concerts,9.575,200,ok,0,steady
1791234454.1141167,kiemthugialap050@gmail.com,GET,/orders/me,9.375,200,ok,0,steady
1791234454.1145852,kiemthugialap063@gmail.com,GET,/orders/me,10.085,200,ok,0,steady
1791234454.1245852,kiemthugialap062@gmail.com,GET,/orders/me,4.061,200,ok,0,steady
1791234454.1410408,kiemthugialap035@gmail.com,GET,/concerts/{id},4.042,200,ok,0,steady
1791234454.1918032,kiemthugialap034@gmail.com,GET,/orders/me,31.611,200,ok,0,steady
1791234454.1924016,kiemthugialap060@gmail.com,GET,/orders/me,33.383,200,ok,0,steady
1791234454.1935444,kiemthugialap021@gmail.com,GET,/orders/me,7.755,200,ok,0,steady
1791234454.229286,kiemthugialap097@gmail.com,GET,/concerts,7.608,200,ok,0,steady
1791234454.230585,kiemthugialap046@gmail.com,GET,/orders/me,10.497,200,ok,0,steady
1791234454.2312403,kiemthugialap007@gmail.com,GET,/orders/me,10.063,200,ok,0,steady
1791234454.2599368,kiemthugialap089@gmail.com,GET,/orders/me,6.05,200,ok,0,steady
1791234454.2632651,kiemthugialap014@gmail.com,GET,/concerts?on_sale=true,3.163,200,ok,0,steady
1791234454.2781632,kiemthugialap070@gmail.com,GET,/concerts,5.521,200,ok,0,steady
1791234454.2917747,kiemthugialap058@gmail.com,GET,/orders/me,4.346,200,ok,0,steady
1791234454.342976,kiemthugialap072@gmail.com,GET,/concerts/{id},4.641,200,ok,0,steady
1791234454.3434844,kiemthugialap079@gmail.com,GET,/orders/me,6.019,200,ok,0,steady
1791234454.3763463,kiemthugialap012@gmail.com,GET,/orders/me,6.195,200,ok,0,steady
1791234454.4085279,kiemthugialap011@gmail.com,GET,/orders/me,5.262,200,ok,0,steady
1791234454.4118502,kiemthugialap095@gmail.com,GET,/orders/me,3.151,200,ok,0,steady
1791234454.445116,kiemthugialap013@gmail.com,GET,/orders/me,7.148,200,ok,0,steady
1791234454.4496315,kiemthugialap016@gmail.com,GET,/orders/me,12.728,200,ok,0,steady
1791234454.4509726,kiemthugialap054@gmail.com,GET,/orders/me,5.679,200,ok,0,steady
1791234454.4946742,kiemthugialap052@gmail.com,GET,/orders/me,24.842,200,ok,0,steady
1791234454.4948971,kiemthugialap049@gmail.com,GET,/concerts/{id},22.256,200,ok,0,steady
1791234454.496046,kiemthugialap099@gmail.com,GET,/orders/me,25.461,200,ok,0,steady
1791234454.496439,kiemthugialap010@gmail.com,GET,/orders/me,25.404,200,ok,0,steady
1791234454.4966114,kiemthugialap018@gmail.com,GET,/orders/me,25.789,200,ok,0,steady
1791234454.4980283,kiemthugialap028@gmail.com,GET,/concerts/{id},11.802,200,ok,0,steady
1791234454.5012763,kiemthugialap024@gmail.com,GET,/orders/me,4.492,200,ok,0,steady
1791234454.5259812,kiemthugialap004@gmail.com,GET,/concerts,5.934,200,ok,0,steady
1791234454.5270154,kiemthugialap059@gmail.com,GET,/orders/me,5.803,200,ok,0,steady
1791234454.5420241,kiemthugialap081@gmail.com,GET,/orders/me,5.073,200,ok,0,steady
1791234454.5604699,kiemthugialap069@gmail.com,GET,/orders/me,6.605,200,ok,0,steady
1791234454.5615242,kiemthugialap031@gmail.com,GET,/orders/me,6.848,200,ok,0,steady
1791234454.5649333,kiemthugialap041@gmail.com,GET,/orders/me,4.283,200,ok,0,steady
1791234454.566082,kiemthugialap008@gmail.com,GET,/orders/me,4.398,200,ok,0,steady
1791234454.5682962,kiemthugialap078@gmail.com,GET,/orders/me,3.235,200,ok,0,steady
1791234454.5966668,kiemthugialap090@gmail.com,GET,/orders/me,9.247,200,ok,0,steady
1791234454.597413,kiemthugialap006@gmail.com,GET,/orders/me,11.28,200,ok,0,steady
1791234454.6381743,kiemthugialap057@gmail.com,GET,/orders/me,18.858,200,ok,0,steady
1791234454.638652,kiemthugialap067@gmail.com,GET,/orders/me,20.009,200,ok,0,steady
1791234454.639034,kiemthugialap075@gmail.com,GET,/orders/me,18.53,200,ok,0,steady
1791234454.6418316,kiemthugialap074@gmail.com,GET,/orders/me,5.335,200,ok,0,steady
1791234454.664602,kiemthugialap071@gmail.com,GET,/concerts?on_sale=true,9.045,200,ok,0,steady
1791234454.665874,kiemthugialap033@gmail.com,GET,/concerts/{id},10.685,200,ok,0,steady
1791234454.6685266,kiemthugialap037@gmail.com,GET,/concerts,10.466,200,ok,0,steady
1791234454.67082,kiemthugialap077@gmail.com,GET,/orders/me,17.091,200,ok,0,steady
1791234454.672606,kiemthugialap082@gmail.com,GET,/orders/me,17.774,200,ok,0,steady
1791234454.6744168,kiemthugialap098@gmail.com,GET,/orders/me,15.64,200,ok,0,steady
1791234454.6747577,kiemthugialap056@gmail.com,GET,/orders/me,15.366,200,ok,0,steady
1791234454.6773427,kiemthugialap045@gmail.com,GET,/orders/me,6.118,200,ok,0,steady
1791234454.6799097,kiemthugialap055@gmail.com,GET,/concerts?on_sale=true,2.434,200,ok,0,steady
1791234454.6998904,kiemthugialap009@gmail.com,GET,/concerts/{id},6.486,200,ok,0,steady
1791234454.7007012,kiemthugialap062@gmail.com,GET,/orders/me,8.351,200,ok,0,steady
1791234454.7012146,kiemthugialap005@gmail.com,GET,/orders/me,7.434,200,ok,0,steady
1791234454.723832,kiemthugialap003@gmail.com,GET,/concerts,3.978,200,ok,0,steady
1791234454.7403653,kiemthugialap042@gmail.com,GET,/concerts/{id},3.322,200,ok,0,steady
1791234454.7752497,kiemthugialap047@gmail.com,GET,/orders/me,5.504,200,ok,0,steady
1791234454.7777307,kiemthugialap100@gmail.com,GET,/concerts,2.316,200,ok,0,steady
1791234454.8266068,kiemthugialap040@gmail.com,GET,/concerts?on_sale=true,5.939,200,ok,0,steady
1791234454.8309464,kiemthugialap063@gmail.com,GET,/orders/me,4.077,200,ok,0,steady
1791234454.8406527,kiemthugialap073@gmail.com,GET,/concerts?on_sale=true,5.386,200,ok,0,steady
1791234454.8434565,kiemthugialap032@gmail.com,GET,/concerts,2.551,200,ok,0,steady
1791234454.8566077,kiemthugialap088@gmail.com,GET,/concerts/{id},4.478,200,ok,0,steady
1791234454.8743808,kiemthugialap094@gmail.com,GET,/orders/me,5.893,200,ok,0,steady
1791234454.9087727,kiemthugialap072@gmail.com,GET,/concerts,4.92,200,ok,0,steady
1791234454.9104261,kiemthugialap087@gmail.com,GET,/orders/me,8.283,200,ok,0,steady
1791234454.9614165,kiemthugialap079@gmail.com,GET,/concerts,8.112,200,ok,0,steady
1791234454.9620113,kiemthugialap068@gmail.com,GET,/orders/me,9.122,200,ok,0,steady
1791234454.9624808,kiemthugialap039@gmail.com,GET,/orders/me,10.27,200,ok,0,steady
1791234454.9636586,kiemthugialap093@gmail.com,GET,/orders/me,9.396,200,ok,0,steady
1791234454.9659293,kiemthugialap051@gmail.com,GET,/orders/me,3.312,200,ok,0,steady
1791234454.9692523,kiemthugialap066@gmail.com,GET,/orders/me,3.186,200,ok,0,steady
1791234454.9963021,kiemthugialap080@gmail.com,GET,/orders/me,9.678,200,ok,0,steady
1791234454.9968162,kiemthugialap017@gmail.com,GET,/orders/me,11.305,200,ok,0,steady
1791234454.9971385,kiemthugialap083@gmail.com,GET,/orders/me,10.273,200,ok,0,steady
1791234455.026267,kiemthugialap015@gmail.com,GET,/orders/me,6.479,200,ok,0,steady
1791234455.0764103,kiemthugialap053@gmail.com,GET,/orders/me,5.516,200,ok,0,steady
1791234455.0769167,kiemthugialap016@gmail.com,GET,/orders/me,7.3,200,ok,0,steady
1791234455.1110673,kiemthugialap060@gmail.com,GET,/concerts,6.788,200,ok,0,steady
1791234455.1115525,kiemthugialap096@gmail.com,GET,/orders/me,7.699,200,ok,0,steady
1791234455.1119196,kiemthugialap089@gmail.com,GET,/orders/me,9.556,200,ok,0,steady
1791234455.1266785,kiemthugialap023@gmail.com,GET,/orders/me,6.906,200,ok,0,steady
1791234455.13161,kiemthugialap044@gmail.com,GET,/orders/me,7.029,200,ok,0,steady
1791234455.1326377,kiemthugialap026@gmail.com,GET,/orders/me,8.634,200,ok,0,steady
1791234455.134658,kiemthugialap078@gmail.com,GET,/orders/me,2.904,200,ok,0,steady
1791234455.1573992,kiemthugialap085@gmail.com,GET,/concerts?on_sale=true,4.763,200,ok,0,steady
1791234455.1596904,kiemthugialap029@gmail.com,GET,/concerts,2.119,200,ok,0,steady
1791234455.1747565,kiemthugialap027@gmail.com,GET,/concerts,4.949,200,ok,0,steady
1791234455.1935565,kiemthugialap055@gmail.com,GET,/orders/me,6.528,200,ok,0,steady
1791234455.2450833,kiemthugialap067@gmail.com,GET,/orders/me,7.922,200,ok,0,steady
1791234455.2485955,kiemthugialap069@gmail.com,GET,/orders/me,5.229,200,ok,0,steady
1791234455.2746167,kiemthugialap043@gmail.com,GET,/concerts/{id},5.077,200,ok,0,steady
1791234455.2749958,kiemthugialap033@gmail.com,GET,/concerts/{id},4.303,200,ok,0,steady
1791234455.2943072,kiemthugialap097@gmail.com,GET,/orders/me,7.75,200,ok,0,steady
1791234455.2947078,kiemthugialap071@gmail.com,GET,/orders/me,6.66,200,ok,0,steady
1791234455.2949927,kiemthugialap050@gmail.com,GET,/orders/me,7.75,200,ok,0,steady
1791234455.3254652,kiemthugialap045@gmail.com,GET,/concerts/{id},5.299,200,ok,0,steady
1791234455.3261068,kiemthugialap091@gmail.com,GET,/concerts?on_sale=true,6.855,200,ok,0,steady
1791234455.3414915,kiemthugialap008@gmail.com,GET,/orders/me,6.168,200,ok,0,steady
1791234455.357321,kiemthugialap022@gmail.com,GET,/concerts?on_sale=true,3.459,200,ok,0,steady
1791234455.3741133,kiemthugialap064@gmail.com,GET,/orders/me,4.848,200,ok,0,steady
1791234455.3929675,kiemthugialap084@gmail.com,GET,/orders/me,5.344,200,ok,0,steady
1791234455.3934052,kiemthugialap074@gmail.com,GET,/orders/me,7.008,200,ok,0,steady
1791234455.4140449,kiemthugialap019@gmail.com,GET,/concerts?on_sale=true,8.984,200,ok,0,steady
1791234455.4144628,kiemthugialap099@gmail.com,GET,/orders/me,10.732,200,ok,0,steady
1791234455.4149778,kiemthugialap092@gmail.com,GET,/orders/me,7.45,200,ok,0,steady
1791234455.4153454,kiemthugialap030@gmail.com,GET,/orders/me,9.993,200,ok,0,steady
1791234455.424842,kiemthugialap059@gmail.com,GET,/orders/me,4.249,200,ok,0,steady
1791234455.4399378,kiemthugialap081@gmail.com,GET,/concerts/{id},3.897,200,ok,0,steady
1791234455.4664912,kiemthugialap031@gmail.com,GET,/orders/me,10.51,200,ok,0,steady
1791234455.4669964,kiemthugialap012@gmail.com,GET,/orders/me,9.731,200,ok,0,steady
1791234455.4673443,kiemthugialap004@gmail.com,GET,/orders/me,11.824,200,ok,0,steady
1791234455.4676666,kiemthugialap048@gmail.com,GET,/orders/me,13.267,200,ok,0,steady
1791234455.4953158,kiemthugialap042@gmail.com,GET,/concerts?on_sale=true,8.203,200,ok,0,steady
1791234455.4971323,kiemthugialap028@gmail.com,GET,/orders/me,11.239,200,ok,0,steady
1791234455.497834,kiemthugialap034@gmail.com,GET,/orders/me,9.205,200,ok,0,steady
1791234455.4981458,kiemthugialap038@gmail.com,GET,/orders/me,10.61,200,ok,0,steady
1791234455.5084503,kiemthugialap024@gmail.com,GET,/orders/me,6.309,200,ok,0,steady
1791234455.526274,kiemthugialap070@gmail.com,GET,/concerts?on_sale=true,4.346,200,ok,0,steady
1791234455.5274675,kiemthugialap046@gmail.com,GET,/orders/me,7.062,200,ok,0,steady
1791234455.5305023,kiemthugialap011@gmail.com,GET,/orders/me,4.012,200,ok,0,steady
1791234455.5414917,kiemthugialap062@gmail.com,GET,/orders/me,5.173,200,ok,0,steady
1791234455.5446086,kiemthugialap035@gmail.com,GET,/orders/me,4.538,200,ok,0,steady
1791234455.5783498,kiemthugialap014@gmail.com,GET,/orders/me,8.268,200,ok,0,steady
1791234455.5928886,kiemthugialap041@gmail.com,GET,/orders/me,7.192,200,ok,0,steady
1791234455.6078053,kiemthugialap065@gmail.com,GET,/orders/me,5.134,200,ok,0,steady
1791234455.6111631,kiemthugialap040@gmail.com,GET,/orders/me,3.223,200,ok,0,steady
1791234455.6574354,kiemthugialap076@gmail.com,GET,/concerts,4.075,200,ok,0,steady
1791234455.6768746,kiemthugialap057@gmail.com,GET,/orders/me,5.919,200,ok,0,steady
1791234455.707781,kiemthugialap025@gmail.com,GET,/orders/me,4.647,200,ok,0,steady
1791234455.7415452,kiemthugialap009@gmail.com,GET,/orders/me,5.256,200,ok,0,steady
1791234455.7472756,kiemthugialap001@gmail.com,GET,/orders/me,5.228,200,ok,0,steady
1791234455.747647,kiemthugialap086@gmail.com,GET,/orders/me,5.96,200,ok,0,steady
1791234455.7912788,kiemthugialap100@gmail.com,GET,/orders/me,5.449,200,ok,0,steady
1791234455.8082206,kiemthugialap036@gmail.com,GET,/concerts,3.676,200,ok,0,steady
1791234455.8092704,kiemthugialap043@gmail.com,GET,/orders/me,6.111,200,ok,0,steady
1791234455.857557,kiemthugialap027@gmail.com,GET,/concerts?on_sale=true,4.402,200,ok,0,steady
1791234455.876649,kiemthugialap068@gmail.com,GET,/concerts?on_sale=true,5.21,200,ok,0,steady
1791234455.877685,kiemthugialap026@gmail.com,GET,/orders/me,5.777,200,ok,0,steady
1791234455.8801842,kiemthugialap077@gmail.com,GET,/orders/me,3.355,200,ok,0,steady
1791234455.9285522,kiemthugialap088@gmail.com,GET,/orders/me,8.153,200,ok,0,steady
1791234455.930502,kiemthugialap067@gmail.com,GET,/orders/me,11.621,200,ok,0,steady
1791234455.9339337,kiemthugialap090@gmail.com,GET,/orders/me,5.15,200,ok,0,steady
1791234455.9343166,kiemthugialap079@gmail.com,GET,/orders/me,5.039,200,ok,0,steady
1791234455.959968,kiemthugialap018@gmail.com,GET,/orders/me,6.785,200,ok,0,steady
1791234455.9646003,kiemthugialap053@gmail.com,GET,/orders/me,4.363,200,ok,0,steady
1791234455.9748213,kiemthugialap093@gmail.com,GET,/orders/me,5.472,200,ok,0,steady
1791234455.9944267,kiemthugialap021@gmail.com,GET,/concerts?on_sale=true,6.837,200,ok,0,steady
1791234455.9959142,kiemthugialap002@gmail.com,GET,/orders/me,8.988,200,ok,0,steady
1791234456.0005136,kiemthugialap078@gmail.com,GET,/orders/me,5.808,200,ok,0,steady
1791234456.0020273,kiemthugialap045@gmail.com,GET,/orders/me,6.995,200,ok,0,steady
1791234456.0067766,kiemthugialap058@gmail.com,GET,/orders/me,6.008,200,ok,0,steady
1791234456.08348,kiemthugialap020@gmail.com,GET,/orders/me,13.419,200,ok,0,steady
1791234456.084127,kiemthugialap061@gmail.com,GET,/concerts/{id},14.633,200,ok,0,steady
1791234456.0846841,kiemthugialap091@gmail.com,GET,/orders/me,15.977,200,ok,0,steady
1791234456.0870767,kiemthugialap052@gmail.com,GET,/orders/me,13.478,200,ok,0,steady
1791234456.0877566,kiemthugialap069@gmail.com,GET,/orders/me,17.987,200,ok,0,steady
1791234456.1246066,kiemthugialap024@gmail.com,GET,/orders/me,21.263,200,ok,0,steady
1791234456.125081,kiemthugialap010@gmail.com,GET,/orders/me,22.59,200,ok,0,steady
1791234456.1277916,kiemthugialap015@gmail.com,GET,/orders/me,24.814,200,ok,0,steady
1791234456.1300378,kiemthugialap016@gmail.com,GET,/orders/me,26.344,200,ok,0,steady
1791234456.1303713,kiemthugialap094@gmail.com,GET,/orders/me,26.254,200,ok,0,steady
1791234456.1305377,kiemthugialap085@gmail.com,GET,/orders/me,28.832,200,ok,0,steady
1791234456.130691,kiemthugialap049@gmail.com,GET,/orders/me,20.972,200,ok,0,steady
1791234456.1311908,kiemthugialap041@gmail.com,GET,/concerts/{id},12.786,200,ok,0,steady
1791234456.1403394,kiemthugialap042@gmail.com,GET,/concerts,5.133,200,ok,0,steady
1791234456.141631,kiemthugialap066@gmail.com,GET,/orders/me,5.44,200,ok,0,steady
1791234456.1470637,kiemthugialap072@gmail.com,GET,/concerts/{id},4.179,200,ok,0,steady
1791234456.1489906,kiemthugialap071@gmail.com,GET,/orders/me,6.745,200,ok,0,steady
1791234456.1500318,kiemthugialap003@gmail.com,GET,/orders/me,8.253,200,ok,0,steady
1791234456.150746,kiemthugialap012@gmail.com,GET,/concerts,3.546,200,ok,0,steady
1791234456.1789296,kiemthugialap083@gmail.com,GET,/orders/me,8.462,200,ok,0,steady
1791234456.1805692,kiemthugialap081@gmail.com,GET,/concerts,11.454,200,ok,0,steady
1791234456.1816967,kiemthugialap048@gmail.com,GET,/orders/me,9.811,200,ok,0,steady
1791234456.184188,kiemthugialap007@gmail.com,GET,/concerts,5.07,200,ok,0,steady
1791234456.184812,kiemthugialap098@gmail.com,GET,/orders/me,5.229,200,ok,0,steady
1791234456.2095752,kiemthugialap028@gmail.com,GET,/orders/me,5.199,200,ok,0,steady
1791234456.209934,kiemthugialap013@gmail.com,GET,/orders/me,7.025,200,ok,0,steady
1791234456.225462,kiemthugialap014@gmail.com,GET,/concerts?on_sale=true,5.013,200,ok,0,steady
1791234456.2270026,kiemthugialap046@gmail.com,GET,/orders/me,7.148,200,ok,0,steady
1791234456.227392,kiemthugialap031@gmail.com,GET,/orders/me,8.515,200,ok,0,steady
1791234456.2429543,kiemthugialap057@gmail.com,GET,/orders/me,6.497,200,ok,0,steady
1791234456.2436247,kiemthugialap080@gmail.com,GET,/orders/me,8.208,200,ok,0,steady
1791234456.2588136,kiemthugialap054@gmail.com,GET,/orders/me,6.044,200,ok,0,steady
1791234456.2762716,kiemthugialap038@gmail.com,GET,/concerts?on_sale=true,4.881,200,ok,0,steady
1791234456.2775812,kiemthugialap006@gmail.com,GET,/concerts,6.978,200,ok,0,steady
1791234456.2802641,kiemthugialap017@gmail.com,GET,/orders/me,3.844,200,ok,0,steady
1791234456.283502,kiemthugialap070@gmail.com,GET,/orders/me,3.086,200,ok,0,steady
1791234456.3114233,kiemthugialap051@gmail.com,GET,/concerts/{id},6.63,200,ok,0,steady
1791234456.3126328,kiemthugialap032@gmail.com,GET,/orders/me,7.36,200,ok,0,steady
1791234456.3258007,kiemthugialap075@gmail.com,GET,/concerts,4.145,200,ok,0,steady
1791234456.3272715,kiemthugialap074@gmail.com,GET,/orders/me,6.986,200,ok,0,steady
1791234456.3287137,kiemthugialap089@gmail.com,GET,/concerts,2.697,200,ok,0,steady
1791234456.3419175,kiemthugialap095@gmail.com,GET,/orders/me,5.512,200,ok,0,steady
1791234456.345507,kiemthugialap073@gmail.com,GET,/orders/me,3.43,200,ok,0,steady
1791234456.3576646,kiemthugialap082@gmail.com,GET,/orders/me,5.202,200,ok,0,steady
1791234456.392115,kiemthugialap063@gmail.com,GET,/orders/me,5.447,200,ok,0,steady
1791234456.4778364,kiemthugialap018@gmail.com,GET,/orders/me,7.548,200,ok,0,steady
1791234456.478267,kiemthugialap008@gmail.com,GET,/orders/me,6.962,200,ok,0,steady
1791234456.5246606,kiemthugialap090@gmail.com,GET,/concerts/{id},3.318,200,ok,0,steady
1791234456.5411372,kiemthugialap092@gmail.com,GET,/concerts?on_sale=true,4.398,200,ok,0,steady
1791234456.576068,kiemthugialap060@gmail.com,GET,/concerts/{id},6.616,200,ok,0,steady
1791234456.5764055,kiemthugialap037@gmail.com,GET,/concerts,5.815,200,ok,0,steady
1791234456.577523,kiemthugialap023@gmail.com,GET,/orders/me,7.319,200,ok,0,steady
1791234456.6218913,kiemthugialap026@gmail.com,GET,/concerts?on_sale=true,18.637,200,ok,0,steady
1791234456.6223903,kiemthugialap087@gmail.com,GET,/orders/me,18.003,200,ok,0,steady
1791234456.627462,kiemthugialap068@gmail.com,GET,/orders/me,7.023,200,ok,0,steady
1791234456.6285958,kiemthugialap062@gmail.com,GET,/orders/me,8.731,200,ok,0,steady
1791234456.6328216,kiemthugialap056@gmail.com,GET,/orders/me,5.211,200,ok,0,steady
1791234456.6332364,kiemthugialap005@gmail.com,GET,/orders/me,4.498,200,ok,0,steady
1791234456.6595676,kiemthugialap039@gmail.com,GET,/concerts/{id},6.429,200,ok,0,steady
1791234456.6608686,kiemthugialap044@gmail.com,GET,/orders/me,6.736,200,ok,0,steady
1791234456.6744883,kiemthugialap024@gmail.com,GET,/orders/me,4.668,200,ok,0,steady
1791234456.691782,kiemthugialap029@gmail.com,GET,/orders/me,5.381,200,ok,0,steady
1791234456.7079604,kiemthugialap035@gmail.com,GET,/concerts?on_sale=true,4.2,200,ok,0,steady
1791234456.7295446,kiemthugialap034@gmail.com,GET,/concerts?on_sale=true,4.248,200,ok,0,steady
1791234456.7305114,kiemthugialap007@gmail.com,GET,/orders/me,6.358,200,ok,0,steady
1791234456.7632124,kiemthugialap030@gmail.com,GET,/orders/me,8.968,200,ok,0,steady
1791234456.763833,kiemthugialap047@gmail.com,GET,/orders/me,9.147,200,ok,0,steady
1791234456.7643263,kiemthugialap084@gmail.com,GET,/orders/me,11.247,200,ok,0,steady
1791234456.7680056,kiemthugialap033@gmail.com,GET,/orders/me,3.492,200,ok,0,steady
1791234456.7915614,kiemthugialap009@gmail.com,GET,/orders/me,5.644,200,ok,0,steady
1791234456.825741,kiemthugialap020@gmail.com,GET,/orders/me,5.676,200,ok,0,steady
1791234456.876122,kiemthugialap027@gmail.com,GET,/concerts?on_sale=true,4.459,200,ok,0,steady
1791234456.8770728,kiemthugialap097@gmail.com,GET,/orders/me,6.412,200,ok,0,steady
1791234456.891976,kiemthugialap021@gmail.com,GET,/orders/me,4.75,200,ok,0,steady
1791234456.907866,kiemthugialap054@gmail.com,GET,/concerts/{id},4.06,200,ok,0,steady
1791234456.9756157,kiemthugialap059@gmail.com,GET,/orders/me,5.399,200,ok,0,steady
1791234456.993263,kiemthugialap016@gmail.com,GET,/orders/me,6.783,200,ok,0,steady
1791234456.993728,kiemthugialap004@gmail.com,GET,/orders/me,6.485,200,ok,0,steady
1791234457.0253334,kiemthugialap086@gmail.com,GET,/concerts,5.39,200,ok,0,steady
1791234457.026408,kiemthugialap057@gmail.com,GET,/orders/me,5.366,200,ok,0,steady
1791234457.0421045,kiemthugialap019@gmail.com,GET,/concerts?on_sale=true,4.758,200,ok,0,steady
1791234457.0451941,kiemthugialap022@gmail.com,GET,/concerts?on_sale=true,2.89,200,ok,0,steady
1791234457.0966966,kiemthugialap011@gmail.com,GET,/orders/me,25.904,200,ok,0,steady
1791234457.0971532,kiemthugialap071@gmail.com,GET,/orders/me,25.887,200,ok,0,steady
1791234457.0979297,kiemthugialap096@gmail.com,GET,/concerts?on_sale=true,9.987,200,ok,0,steady
1791234457.0986924,kiemthugialap050@gmail.com,GET,/concerts/{id},11.129,200,ok,0,steady
1791234457.0996063,kiemthugialap049@gmail.com,GET,/orders/me,12.769,200,ok,0,steady
1791234457.1001267,kiemthugialap090@gmail.com,GET,/orders/me,10.831,200,ok,0,steady
1791234457.1270828,kiemthugialap091@gmail.com,GET,/concerts,6.401,200,ok,0,steady
1791234457.1436684,kiemthugialap100@gmail.com,GET,/orders/me,24.016,200,ok,0,steady
1791234457.1442542,kiemthugialap078@gmail.com,GET,/orders/me,22.839,200,ok,0,steady
1791234457.159148,kiemthugialap046@gmail.com,GET,/concerts/{id},20.146,200,ok,0,steady
1791234457.160197,kiemthugialap012@gmail.com,GET,/orders/me,23.831,200,ok,0,steady
1791234457.160684,kiemthugialap088@gmail.com,GET,/concerts/{id},18.574,200,ok,0,steady
1791234457.1611567,kiemthugialap074@gmail.com,GET,/concerts,18.581,200,ok,0,steady
1791234457.161621,kiemthugialap040@gmail.com,GET,/orders/me,24.4,200,ok,0,steady
1791234457.1732163,kiemthugialap002@gmail.com,GET,/concerts?on_sale=true,4.516,200,ok,0,steady
1791234457.1794274,kiemthugialap055@gmail.com,GET,/orders/me,5.962,200,ok,0,steady
1791234457.1843555,kiemthugialap013@gmail.com,GET,/orders/me,4.709,200,ok,0,steady
1791234457.227924,kiemthugialap045@gmail.com,GET,/orders/me,9.079,200,ok,0,steady
1791234457.2619843,kiemthugialap010@gmail.com,GET,/orders/me,8.706,200,ok,0,steady
1791234457.2626092,kiemthugialap081@gmail.com,GET,/orders/me,10.623,200,ok,0,steady
1791234457.3286667,kiemthugialap037@gmail.com,GET,/concerts,9.171,200,ok,0,steady
1791234457.329473,kiemthugialap076@gmail.com,GET,/orders/me,10.962,200,ok,0,steady
1791234457.3610017,kiemthugialap099@gmail.com,GET,/concerts,6.68,200,ok,0,steady
1791234457.3626685,kiemthugialap064@gmail.com,GET,/orders/me,8.92,200,ok,0,steady
1791234457.3633456,kiemthugialap024@gmail.com,GET,/orders/me,9.309,200,ok,0,steady
1791234457.363656,kiemthugialap006@gmail.com,GET,/orders/me,10.734,200,ok,0,steady
1791234457.3917155,kiemthugialap025@gmail.com,GET,/orders/me,5.376,200,ok,0,steady
1791234457.395189,kiemthugialap058@gmail.com,GET,/orders/me,3.262,200,ok,0,steady
1791234457.4413085,kiemthugialap014@gmail.com,GET,/orders/me,4.779,200,ok,0,steady
1791234457.4959507,kiemthugialap063@gmail.com,GET,/orders/me,8.512,200,ok,0,steady
1791234457.4975464,kiemthugialap005@gmail.com,GET,/orders/me,9.895,200,ok,0,steady
1791234457.4978786,kiemthugialap035@gmail.com,GET,/orders/me,11.583,200,ok,0,steady
1791234457.499723,kiemthugialap026@gmail.com,GET,/orders/me,3.532,200,ok,0,steady
1791234457.5081763,kiemthugialap066@gmail.com,GET,/orders/me,4.607,200,ok,0,steady
1791234457.5251293,kiemthugialap095@gmail.com,GET,/orders/me,5.143,200,ok,0,steady
1791234457.5912657,kiemthugialap016@gmail.com,GET,/concerts?on_sale=true,21.525,200,ok,0,steady
1791234457.5916538,kiemthugialap052@gmail.com,GET,/concerts?on_sale=true,19.908,200,ok,0,steady
1791234457.5966458,kiemthugialap001@gmail.com,GET,/orders/me,8.337,200,ok,0,steady
1791234457.5970714,kiemthugialap065@gmail.com,GET,/orders/me,9.612,200,ok,0,steady
1791234457.5979106,kiemthugialap080@gmail.com,GET,/orders/me,6.149,200,ok,0,steady
1791234457.6258852,kiemthugialap077@gmail.com,GET,/concerts?on_sale=true,5.556,200,ok,0,steady
1791234457.6273994,kiemthugialap032@gmail.com,GET,/orders/me,5.546,200,ok,0,steady
1791234457.6310844,kiemthugialap092@gmail.com,GET,/concerts?on_sale=true,5.053,200,ok,0,steady
1791234457.6338828,kiemthugialap060@gmail.com,GET,/orders/me,7.527,200,ok,0,steady
1791234457.637449,kiemthugialap072@gmail.com,GET,/orders/me,9.913,200,ok,0,steady
1791234457.6376228,kiemthugialap094@gmail.com,GET,/orders/me,8.198,200,ok,0,steady
1791234457.6393497,kiemthugialap069@gmail.com,GET,/orders/me,8.11,200,ok,0,steady
1791234457.6412883,kiemthugialap008@gmail.com,GET,/concerts/{id},5.566,200,ok,0,steady
1791234457.658366,kiemthugialap036@gmail.com,GET,/orders/me,5.8,200,ok,0,steady
1791234457.6741662,kiemthugialap100@gmail.com,GET,/concerts,5.176,200,ok,0,steady
1791234457.674581,kiemthugialap029@gmail.com,GET,/orders/me,4.819,200,ok,0,steady
1791234457.6918182,kiemthugialap079@gmail.com,GET,/concerts/{id},4.404,200,ok,0,steady
1791234457.6921747,kiemthugialap085@gmail.com,GET,/concerts/{id},4.291,200,ok,0,steady
1791234457.7135365,kiemthugialap082@gmail.com,GET,/concerts/{id},8.543,200,ok,0,steady
1791234457.7140672,kiemthugialap015@gmail.com,GET,/concerts?on_sale=true,9.442,200,ok,0,steady
1791234457.7158394,kiemthugialap057@gmail.com,GET,/orders/me,11.695,200,ok,0,steady
1791234457.7161722,kiemthugialap003@gmail.com,GET,/orders/me,12.819,200,ok,0,steady
1791234457.7163365,kiemthugialap088@gmail.com,GET,/orders/me,11.929,200,ok,0,steady
1791234457.717888,kiemthugialap044@gmail.com,GET,/concerts?on_sale=true,3.688,200,ok,0,steady
1791234457.7232525,kiemthugialap055@gmail.com,GET,/orders/me,5.211,200,ok,0,steady
1791234457.723701,kiemthugialap061@gmail.com,GET,/concerts,5.129,200,ok,0,steady
1791234457.7445064,kiemthugialap053@gmail.com,GET,/concerts,8.028,200,ok,0,steady
1791234457.7450795,kiemthugialap096@gmail.com,GET,/concerts,7.733,200,ok,0,steady
1791234457.7454934,kiemthugialap051@gmail.com,GET,/orders/me,7.785,200,ok,0,steady
1791234457.775669,kiemthugialap073@gmail.com,GET,/concerts?on_sale=true,4.268,200,ok,0,steady
1791234457.7761357,kiemthugialap021@gmail.com,GET,/orders/me,6.133,200,ok,0,steady
1791234457.8135731,kiemthugialap093@gmail.com,GET,/concerts,8.632,200,ok,0,steady
1791234457.8151257,kiemthugialap041@gmail.com,GET,/concerts/{id},10.795,200,ok,0,steady
1791234457.815474,kiemthugialap043@gmail.com,GET,/orders/me,12.03,200,ok,0,steady
1791234457.815786,kiemthugialap067@gmail.com,GET,/orders/me,11.224,200,ok,0,steady
1791234457.8164418,kiemthugialap048@gmail.com,GET,/concerts,2.626,200,ok,0,steady
1791234457.8757515,kiemthugialap034@gmail.com,GET,/orders/me,4.53,200,ok,0,steady
1791234457.8761485,kiemthugialap031@gmail.com,GET,/orders/me,6.358,200,ok,0,steady
1791234457.8935046,kiemthugialap062@gmail.com,GET,/orders/me,5.815,200,ok,0,steady
1791234457.8939338,kiemthugialap083@gmail.com,GET,/orders/me,7.436,200,ok,0,steady
1791234457.9315503,kiemthugialap089@gmail.com,GET,/orders/me,10.034,200,ok,0,steady
1791234457.9331925,kiemthugialap068@gmail.com,GET,/orders/me,11.066,200,ok,0,steady
1791234457.9334905,kiemthugialap042@gmail.com,GET,/orders/me,10.918,200,ok,0,steady
1791234457.9354622,kiemthugialap087@gmail.com,GET,/orders/me,3.601,200,ok,0,steady
1791234457.9580612,kiemthugialap017@gmail.com,GET,/orders/me,5.231,200,ok,0,steady
1791234458.0127401,kiemthugialap098@gmail.com,GET,/orders/me,7.922,200,ok,0,steady
1791234458.0132494,kiemthugialap028@gmail.com,GET,/orders/me,9.334,200,ok,0,steady
1791234458.0135868,kiemthugialap070@gmail.com,GET,/orders/me,8.466,200,ok,0,steady
1791234458.0426922,kiemthugialap086@gmail.com,GET,/orders/me,4.53,200,ok,0,steady
1791234458.092338,kiemthugialap064@gmail.com,GET,/orders/me,6.129,200,ok,0,steady
1791234458.0926843,kiemthugialap091@gmail.com,GET,/orders/me,4.995,200,ok,0,steady
1791234458.1088119,kiemthugialap009@gmail.com,GET,/concerts/{id},4.097,200,ok,0,steady
1791234458.109786,kiemthugialap046@gmail.com,GET,/orders/me,6.233,200,ok,0,steady
1791234458.1610684,kiemthugialap058@gmail.com,GET,/concerts/{id},8.805,200,ok,0,steady
1791234458.1617339,kiemthugialap076@gmail.com,GET,/concerts/{id},7.837,200,ok,0,steady
1791234458.1621287,kiemthugialap039@gmail.com,GET,/concerts,9.17,200,ok,0,steady
1791234458.1909926,kiemthugialap007@gmail.com,GET,/orders/me,4.845,200,ok,0,steady
1791234458.210759,kiemthugialap018@gmail.com,GET,/orders/me,5.738,200,ok,0,steady
1791234458.211158,kiemthugialap075@gmail.com,GET,/orders/me,6.817,200,ok,0,steady
1791234458.2253249,kiemthugialap047@gmail.com,GET,/orders/me,4.868,200,ok,0,steady
1791234458.2441394,kiemthugialap084@gmail.com,GET,/orders/me,5.441,200,ok,0,steady
1791234458.2452571,kiemthugialap038@gmail.com,GET,/orders/me,8.033,200,ok,0,steady
1791234458.2485945,kiemthugialap003@gmail.com,GET,/orders/me,4.296,200,ok,0,steady
1791234458.2498302,kiemthugialap020@gmail.com,GET,/orders/me,4.37,200,ok,0,steady
1791234458.2777457,kiemthugialap026@gmail.com,GET,/orders/me,7.736,200,ok,0,steady
1791234458.278379,kiemthugialap056@gmail.com,GET,/orders/me,7.206,200,ok,0,steady
1791234458.310623,kiemthugialap011@gmail.com,GET,/orders/me,8.718,200,ok,0,steady
1791234458.3111026,kiemthugialap081@gmail.com,GET,/orders/me,7.889,200,ok,0,steady
1791234458.3255112,kiemthugialap006@gmail.com,GET,/orders/me,6.196,200,ok,0,steady
1791234458.3301213,kiemthugialap037@gmail.com,GET,/orders/me,4.328,200,ok,0,steady
1791234458.3446453,kiemthugialap035@gmail.com,GET,/concerts,5.443,200,ok,0,steady
1791234458.350181,kiemthugialap067@gmail.com,GET,/orders/me,14.693,200,ok,0,steady
1791234458.379423,kiemthugialap022@gmail.com,GET,/concerts/{id},11.524,200,ok,0,steady
1791234458.3799832,kiemthugialap078@gmail.com,GET,/orders/me,10.411,200,ok,0,steady
1791234458.3811982,kiemthugialap013@gmail.com,GET,/orders/me,10.958,200,ok,0,steady
1791234458.3829098,kiemthugialap008@gmail.com,GET,/concerts/{id},2.75,200,ok,0,steady
1791234458.3923287,kiemthugialap065@gmail.com,GET,/orders/me,6.993,200,ok,0,steady
1791234458.4091835,kiemthugialap080@gmail.com,GET,/orders/me,6.981,200,ok,0,steady
1791234458.4130728,kiemthugialap001@gmail.com,GET,/orders/me,3.639,200,ok,0,steady
1791234458.416643,kiemthugialap074@gmail.com,GET,/orders/me,3.378,200,ok,0,steady
1791234458.4434838,kiemthugialap072@gmail.com,GET,/orders/me,8.077,200,ok,0,steady
1791234458.4450765,kiemthugialap040@gmail.com,GET,/orders/me,8.876,200,ok,0,steady
1791234458.4500854,kiemthugialap049@gmail.com,GET,/orders/me,6.321,200,ok,0,steady
1791234458.4520292,kiemthugialap092@gmail.com,GET,/orders/me,6.783,200,ok,0,steady
1791234458.452506,kiemthugialap023@gmail.com,GET,/orders/me,6.505,200,ok,0,steady
1791234458.475882,kiemthugialap032@gmail.com,GET,/orders/me,5.905,200,ok,0,steady
1791234458.478974,kiemthugialap027@gmail.com,GET,/concerts/{id},2.859,200,ok,0,steady
1791234458.4903293,kiemthugialap100@gmail.com,GET,/concerts/{id},4.248,200,ok,0,steady
1791234458.4914298,kiemthugialap030@gmail.com,GET,/orders/me,6.326,200,ok,0,steady
1791234458.5072722,kiemthugialap033@gmail.com,GET,/concerts/{id},5.043,200,ok,0,steady
1791234458.5085235,kiemthugialap029@gmail.com,GET,/orders/me,4.897,200,ok,0,steady
1791234458.5896132,kiemthugialap004@gmail.com,GET,/orders/me,35.44,200,ok,0,steady
1791234458.5899563,kiemthugialap071@gmail.com,GET,/orders/me,36.119,200,ok,0,steady
1791234458.591565,kiemthugialap002@gmail.com,GET,/orders/me,38.595,200,ok,0,steady
1791234458.594304,kiemthugialap021@gmail.com,GET,/concerts?on_sale=true,6.576,200,ok,0,steady
1791234458.5953748,kiemthugialap083@gmail.com,GET,/orders/me,6.977,200,ok,0,steady
1791234458.625685,kiemthugialap025@gmail.com,GET,/concerts/{id},6.152,200,ok,0,steady
1791234458.6274748,kiemthugialap096@gmail.com,GET,/orders/me,6.848,200,ok,0,steady
1791234458.6284046,kiemthugialap055@gmail.com,GET,/orders/me,6.811,200,ok,0,steady
1791234458.6297684,kiemthugialap041@gmail.com,GET,/concerts?on_sale=true,2.164,200,ok,0,steady
1791234458.6626432,kiemthugialap005@gmail.com,GET,/orders/me,8.994,200,ok,0,steady
1791234458.6641693,kiemthugialap052@gmail.com,GET,/orders/me,9.439,200,ok,0,steady
1791234458.6645105,kiemthugialap017@gmail.com,GET,/orders/me,10.051,200,ok,0,steady
1791234458.6656353,kiemthugialap079@gmail.com,GET,/concerts/{id},2.774,200,ok,0,steady
1791234458.691602,kiemthugialap090@gmail.com,GET,/concerts?on_sale=true,4.373,200,ok,0,steady
1791234458.712029,kiemthugialap063@gmail.com,GET,/orders/me,8.042,200,ok,0,steady
1791234458.7124834,kiemthugialap045@gmail.com,GET,/orders/me,7.393,200,ok,0,steady
1791234458.741897,kiemthugialap094@gmail.com,GET,/concerts,5.467,200,ok,0,steady
1791234458.7764654,kiemthugialap060@gmail.com,GET,/concerts/{id},6.154,200,ok,0,steady
1791234458.7768548,kiemthugialap003@gmail.com,GET,/concerts,5.463,200,ok,0,steady
1791234458.7903059,kiemthugialap077@gmail.com,GET,/concerts/{id},4.427,200,ok,0,steady
1791234458.8091059,kiemthugialap095@gmail.com,GET,/orders/me,5.943,200,ok,0,steady
1791234458.8253696,kiemthugialap098@gmail.com,GET,/orders/me,4.918,200,ok,0,steady
1791234458.8705072,kiemthugialap050@gmail.com,GET,/concerts?on_sale=true,14.395,200,ok,0,steady
1791234458.873571,kiemthugialap053@gmail.com,GET,/orders/me,19.378,200,ok,0,steady
1791234458.8754976,kiemthugialap054@gmail.com,GET,/orders/me,20.384,200,ok,0,steady
1791234458.882543,kiemthugialap011@gmail.com,GET,/concerts,13.818,200,ok,0,steady
1791234458.8839815,kiemthugialap069@gmail.com,GET,/concerts/{id},14.771,200,ok,0,steady
1791234458.884298,kiemthugialap097@gmail.com,GET,/orders/me,15.986,200,ok,0,steady
1791234458.8844888,kiemthugialap099@gmail.com,GET,/orders/me,15.544,200,ok,0,steady
1791234458.8853233,kiemthugialap089@gmail.com,GET,/orders/me,9.494,200,ok,0,steady
1791234458.9082172,kiemthugialap059@gmail.com,GET,/orders/me,5.27,200,ok,0,steady
1791234458.9249868,kiemthugialap043@gmail.com,GET,/concerts?on_sale=true,5.003,200,ok,0,steady
1791234458.9424787,kiemthugialap067@gmail.com,GET,/orders/me,5.444,200,ok,0,steady
1791234458.9757457,kiemthugialap037@gmail.com,GET,/orders/me,5.066,200,ok,0,steady
1791234458.9937615,kiemthugialap019@gmail.com,GET,/concerts/{id},6.817,200,ok,0,steady
1791234458.99483,kiemthugialap016@gmail.com,GET,/orders/me,8.655,200,ok,0,steady
1791234459.007825,kiemthugialap012@gmail.com,GET,/orders/me,4.11,200,ok,0,steady
1791234459.023701,kiemthugialap051@gmail.com,GET,/concerts/{id},4.164,200,ok,0,steady
1791234459.0543568,kiemthugialap082@gmail.com,GET,/orders/me,30.47,200,ok,0,steady
1791234459.055266,kiemthugialap044@gmail.com,GET,/orders/me,7.978,200,ok,0,steady
1791234459.0557845,kiemthugialap087@gmail.com,GET,/orders/me,8.996,200,ok,0,steady
1791234459.0943155,kiemthugialap039@gmail.com,GET,/orders/me,4.319,200,ok,0,steady
1791234459.1271963,kiemthugialap064@gmail.com,GET,/concerts,5.686,200,ok,0,steady
1791234459.1286094,kiemthugialap029@gmail.com,GET,/orders/me,8.013,200,ok,0,steady
1791234459.1289494,kiemthugialap068@gmail.com,GET,/orders/me,7.085,200,ok,0,steady
1791234459.1603098,kiemthugialap047@gmail.com,GET,/orders/me,7.263,200,ok,0,steady
1791234459.161479,kiemthugialap001@gmail.com,GET,/orders/me,7.48,200,ok,0,steady
1791234459.1629076,kiemthugialap010@gmail.com,GET,/concerts,2.394,200,ok,0,steady
1791234459.1650903,kiemthugialap004@gmail.com,GET,/concerts,2.061,200,ok,0,steady
1791234459.2270248,kiemthugialap041@gmail.com,GET,/orders/me,7.215,200,ok,0,steady
1791234459.2747226,kiemthugialap096@gmail.com,GET,/concerts?on_sale=true,4.154,200,ok,0,steady
1791234459.2976897,kiemthugialap024@gmail.com,GET,/concerts/{id},10.893,200,ok,0,steady
1791234459.2991593,kiemthugialap048@gmail.com,GET,/orders/me,9.771,200,ok,0,steady
1791234459.2995026,kiemthugialap034@gmail.com,GET,/orders/me,11.585,200,ok,0,steady
1791234459.2998667,kiemthugialap091@gmail.com,GET,/orders/me,11.588,200,ok,0,steady
1791234459.301883,kiemthugialap093@gmail.com,GET,/orders/me,3.943,200,ok,0,steady
1791234459.3075807,kiemthugialap014@gmail.com,GET,/concerts,5.54,200,ok,0,steady
1791234459.3087761,kiemthugialap031@gmail.com,GET,/orders/me,6.052,200,ok,0,steady
1791234459.3579326,kiemthugialap088@gmail.com,GET,/orders/me,5.688,200,ok,0,steady
1791234459.3631551,kiemthugialap026@gmail.com,GET,/orders/me,4.698,200,ok,0,steady
1791234459.3635614,kiemthugialap066@gmail.com,GET,/orders/me,5.483,200,ok,0,steady
1791234459.3730733,kiemthugialap076@gmail.com,GET,/concerts?on_sale=true,4.168,200,ok,0,steady
1791234459.393475,kiemthugialap046@gmail.com,GET,/orders/me,6.648,200,ok,0,steady
1791234459.3938947,kiemthugialap022@gmail.com,GET,/orders/me,6.177,200,ok,0,steady
1791234459.4092386,kiemthugialap071@gmail.com,GET,/orders/me,5.561,200,ok,0,steady
1791234459.4258277,kiemthugialap009@gmail.com,GET,/concerts?on_sale=true,4.374,200,ok,0,steady
1791234459.4414604,kiemthugialap038@gmail.com,GET,/orders/me,4.304,200,ok,0,steady
1791234459.4454987,kiemthugialap085@gmail.com,GET,/concerts?on_sale=true,3.842,200,ok,0,steady
1791234459.4466338,kiemthugialap025@gmail.com,GET,/orders/me,4.18,200,ok,0,steady
1791234459.4631004,kiemthugialap092@gmail.com,GET,/orders/me,9.367,200,ok,0,steady
1791234459.467677,kiemthugialap033@gmail.com,GET,/orders/me,4.25,200,ok,0,steady
1791234459.472609,kiemthugialap049@gmail.com,GET,/orders/me,4.727,200,ok,0,steady
1791234459.511397,kiemthugialap073@gmail.com,GET,/concerts/{id},7.549,200,ok,0,steady
1791234459.5120842,kiemthugialap036@gmail.com,GET,/orders/me,8.512,200,ok,0,steady
1791234459.512487,kiemthugialap042@gmail.com,GET,/orders/me,9.712,200,ok,0,steady
1791234459.558613,kiemthugialap030@gmail.com,GET,/concerts?on_sale=true,6.513,200,ok,0,steady
1791234459.559102,kiemthugialap013@gmail.com,GET,/orders/me,6.208,200,ok,0,steady
1791234459.578157,kiemthugialap051@gmail.com,GET,/orders/me,8.282,200,ok,0,steady
1791234459.5817614,kiemthugialap061@gmail.com,GET,/orders/me,13.008,200,ok,0,steady
1791234459.5852444,kiemthugialap008@gmail.com,GET,/concerts?on_sale=true,6.738,200,ok,0,steady
1791234459.5917492,kiemthugialap099@gmail.com,GET,/orders/me,9.752,200,ok,0,steady
1791234459.5922534,kiemthugialap070@gmail.com,GET,/orders/me,9.704,200,ok,0,steady
1791234459.6084843,kiemthugialap006@gmail.com,GET,/orders/me,6.623,200,ok,0,steady
1791234459.625411,kiemthugialap059@gmail.com,GET,/orders/me,5.078,200,ok,0,steady
1791234459.6413317,kiemthugialap087@gmail.com,GET,/concerts?on_sale=true,5.585,200,ok,0,steady
1791234459.674965,kiemthugialap015@gmail.com,GET,/orders/me,5.107,200,ok,0,steady
1791234459.6919296,kiemthugialap058@gmail.com,GET,/orders/me,4.461,200,ok,0,steady
1791234459.7077272,kiemthugialap057@gmail.com,GET,/concerts,4.147,200,ok,0,steady
1791234459.7429605,kiemthugialap081@gmail.com,GET,/concerts,6.687,200,ok,0,steady
1791234459.744275,kiemthugialap060@gmail.com,GET,/orders/me,6.774,200,ok,0,steady
1791234459.7764344,kiemthugialap086@gmail.com,GET,/concerts,5.375,200,ok,0,steady
1791234459.7780697,kiemthugialap018@gmail.com,GET,/concerts?on_sale=true,7.316,200,ok,0,steady
1791234459.7783964,kiemthugialap023@gmail.com,GET,/orders/me,8.486,200,ok,0,steady
1791234459.7804825,kiemthugialap007@gmail.com,GET,/concerts,3.865,200,ok,0,steady
1791234459.781731,kiemthugialap062@gmail.com,GET,/orders/me,4.691,200,ok,0,steady
1791234459.8111537,kiemthugialap083@gmail.com,GET,/concerts,6.935,200,ok,0,steady
1791234459.813603,kiemthugialap080@gmail.com,GET,/orders/me,11.029,200,ok,0,steady
1791234459.8140476,kiemthugialap017@gmail.com,GET,/orders/me,10.279,200,ok,0,steady
1791234459.817646,kiemthugialap063@gmail.com,GET,/orders/me,5.456,200,ok,0,steady
1791234459.8185582,kiemthugialap040@gmail.com,GET,/orders/me,6.916,200,ok,0,steady
1791234459.8219178,kiemthugialap074@gmail.com,GET,/orders/me,3.224,200,ok,0,steady
1791234459.8634048,kiemthugialap078@gmail.com,GET,/orders/me,5.909,200,ok,0,steady
1791234459.8943121,kiemthugialap050@gmail.com,GET,/orders/me,8.274,200,ok,0,steady
1791234459.9012818,kiemthugialap028@gmail.com,GET,/orders/me,6.641,200,ok,0,steady
1791234459.9019184,kiemthugialap088@gmail.com,GET,/orders/me,6.306,200,ok,0,steady
1791234459.9325392,kiemthugialap019@gmail.com,GET,/orders/me,7.19,200,ok,0,steady
1791234459.9616015,kiemthugialap026@gmail.com,GET,/concerts,6.739,200,ok,0,steady
1791234459.9628072,kiemthugialap020@gmail.com,GET,/orders/me,10.263,200,ok,0,steady
1791234459.963245,kiemthugialap052@gmail.com,GET,/orders/me,9.539,200,ok,0,steady
1791234459.9650807,kiemthugialap031@gmail.com,GET,/orders/me,3.286,200,ok,0,steady
1791234459.9726913,kiemthugialap029@gmail.com,GET,/concerts,3.826,200,ok,0,steady
1791234460.0078013,kiemthugialap032@gmail.com,GET,/orders/me,5.576,200,ok,0,steady
1791234460.0140355,kiemthugialap003@gmail.com,GET,/concerts/{id},5.69,200,ok,0,steady
1791234460.0168371,kiemthugialap056@gmail.com,GET,/orders/me,7.747,200,ok,0,steady
1791234460.017284,kiemthugialap079@gmail.com,GET,/orders/me,9.305,200,ok,0,steady
1791234460.01922,kiemthugialap038@gmail.com,GET,/concerts?on_sale=true,4.38,200,ok,0,steady
1791234460.0202217,kiemthugialap091@gmail.com,GET,/concerts?on_sale=true,5.984,200,ok,0,steady
1791234460.0266702,kiemthugialap035@gmail.com,GET,/orders/me,6.227,200,ok,0,steady
1791234460.0446649,kiemthugialap082@gmail.com,GET,/orders/me,8.233,200,ok,0,steady
1791234460.0461829,kiemthugialap095@gmail.com,GET,/orders/me,8.948,200,ok,0,steady
1791234460.0483727,kiemthugialap075@gmail.com,GET,/orders/me,3.466,200,ok,0,steady
1791234460.0506706,kiemthugialap037@gmail.com,GET,/concerts/{id},2.168,200,ok,0,steady
1791234460.1101584,kiemthugialap012@gmail.com,GET,/orders/me,7.744,200,ok,0,steady
1791234460.1254103,kiemthugialap049@gmail.com,GET,/concerts/{id},6.049,200,ok,0,steady
1791234460.1303425,kiemthugialap039@gmail.com,GET,/orders/me,4.681,200,ok,0,steady
1791234460.1414177,kiemthugialap002@gmail.com,GET,/concerts?on_sale=true,4.95,200,ok,0,steady
1791234460.1480732,kiemthugialap099@gmail.com,GET,/orders/me,6.351,200,ok,0,steady
1791234460.1583877,kiemthugialap084@gmail.com,GET,/concerts,4.696,200,ok,0,steady
1791234460.1789627,kiemthugialap096@gmail.com,GET,/orders/me,10.008,200,ok,0,steady
1791234460.182977,kiemthugialap090@gmail.com,GET,/concerts/{id},3.683,200,ok,0,steady
1791234460.211244,kiemthugialap098@gmail.com,GET,/orders/me,7.735,200,ok,0,steady
1791234460.21595,kiemthugialap043@gmail.com,GET,/orders/me,4.437,200,ok,0,steady
1791234460.2198265,kiemthugialap065@gmail.com,GET,/orders/me,3.683,200,ok,0,steady
1791234460.2461739,kiemthugialap055@gmail.com,GET,/concerts,10.399,200,ok,0,steady
1791234460.2502568,kiemthugialap021@gmail.com,GET,/orders/me,13.332,200,ok,0,steady
1791234460.2515428,kiemthugialap047@gmail.com,GET,/orders/me,7.565,200,ok,0,steady
1791234460.2902763,kiemthugialap066@gmail.com,GET,/orders/me,4.863,200,ok,0,steady
1791234460.293163,kiemthugialap045@gmail.com,GET,/concerts?on_sale=true,2.732,200,ok,0,steady
1791234460.2957222,kiemthugialap048@gmail.com,GET,/concerts/{id},2.372,200,ok,0,steady
1791234460.30792,kiemthugialap073@gmail.com,GET,/orders/me,5.854,200,ok,0,steady
1791234460.3090677,kiemthugialap072@gmail.com,GET,/orders/me,5.033,200,ok,0,steady
1791234460.340102,kiemthugialap015@gmail.com,GET,/concerts?on_sale=true,4.785,200,ok,0,steady
1791234460.3584087,kiemthugialap093@gmail.com,GET,/concerts,6.0,200,ok,0,steady
1791234460.361138,kiemthugialap069@gmail.com,GET,/concerts,4.385,200,ok,0,steady
1791234460.3913407,kiemthugialap077@gmail.com,GET,/orders/me,5.362,200,ok,0,steady
1791234460.4083812,kiemthugialap027@gmail.com,GET,/orders/me,6.824,200,ok,0,steady
1791234460.4116175,kiemthugialap008@gmail.com,GET,/orders/me,3.07,200,ok,0,steady
1791234460.459186,kiemthugialap092@gmail.com,GET,/concerts,5.274,200,ok,0,steady
1791234460.4611275,kiemthugialap011@gmail.com,GET,/orders/me,7.845,200,ok,0,steady
1791234460.4623551,kiemthugialap010@gmail.com,GET,/concerts,3.018,200,ok,0,steady
1791234460.492448,kiemthugialap100@gmail.com,GET,/orders/me,5.905,200,ok,0,steady
1791234460.5421386,kiemthugialap054@gmail.com,GET,/orders/me,4.468,200,ok,0,steady
1791234460.5458102,kiemthugialap094@gmail.com,GET,/concerts?on_sale=true,3.52,200,ok,0,steady
1791234460.546767,kiemthugialap016@gmail.com,GET,/orders/me,4.152,200,ok,0,steady
1791234460.5608904,kiemthugialap095@gmail.com,GET,/orders/me,7.487,200,ok,0,steady
1791234460.5614522,kiemthugialap053@gmail.com,GET,/concerts,6.656,200,ok,0,steady
1791234460.5620267,kiemthugialap089@gmail.com,GET,/orders/me,6.821,200,ok,0,steady
1791234460.575279,kiemthugialap028@gmail.com,GET,/concerts?on_sale=true,5.153,200,ok,0,steady
1791234460.5780272,kiemthugialap004@gmail.com,GET,/concerts?on_sale=true,4.3,200,ok,0,steady
1791234460.5806732,kiemthugialap001@gmail.com,GET,/concerts/{id},2.502,200,ok,0,steady
1791234460.5919766,kiemthugialap062@gmail.com,GET,/orders/me,5.141,200,ok,0,steady
1791234460.608569,kiemthugialap064@gmail.com,GET,/orders/me,5.356,200,ok,0,steady
1791234460.6285796,kiemthugialap068@gmail.com,GET,/orders/me,8.467,200,ok,0,steady
1791234460.6291075,kiemthugialap024@gmail.com,GET,/orders/me,7.978,200,ok,0,steady
1791234460.6425433,kiemthugialap005@gmail.com,GET,/orders/me,6.594,200,ok,0,steady
1791234460.6783657,kiemthugialap088@gmail.com,GET,/concerts/{id},7.811,200,ok,0,steady
1791234460.6856513,kiemthugialap009@gmail.com,GET,/orders/me,16.094,200,ok,0,steady
1791234460.6876512,kiemthugialap022@gmail.com,GET,/orders/me,8.791,200,ok,0,steady
1791234460.6919005,kiemthugialap026@gmail.com,GET,/orders/me,5.729,200,ok,0,steady
1791234460.6964893,kiemthugialap052@gmail.com,GET,/orders/me,4.365,200,ok,0,steady
1791234460.7413094,kiemthugialap067@gmail.com,GET,/orders/me,5.943,200,ok,0,steady
1791234460.7590022,kiemthugialap044@gmail.com,GET,/orders/me,6.747,200,ok,0,steady
1791234460.7942033,kiemthugialap097@gmail.com,GET,/orders/me,7.975,200,ok,0,steady
1791234460.794621,kiemthugialap006@gmail.com,GET,/orders/me,7.177,200,ok,0,steady
1791234460.8086421,kiemthugialap040@gmail.com,GET,/orders/me,4.814,200,ok,0,steady
1791234460.8255847,kiemthugialap046@gmail.com,GET,/orders/me,6.705,200,ok,0,steady
1791234460.8403955,kiemthugialap087@gmail.com,GET,/concerts/{id},3.454,200,ok,0,steady
1791234460.8590705,kiemthugialap038@gmail.com,GET,/orders/me,4.889,200,ok,0,steady
1791234460.8599825,kiemthugialap012@gmail.com,GET,/orders/me,7.449,200,ok,0,steady
1791234460.862113,kiemthugialap082@gmail.com,GET,/orders/me,2.909,200,ok,0,steady
1791234460.873526,kiemthugialap074@gmail.com,GET,/concerts/{id},4.176,200,ok,0,steady
1791234460.892492,kiemthugialap034@gmail.com,GET,/orders/me,6.213,200,ok,0,steady
1791234460.9087942,kiemthugialap057@gmail.com,GET,/orders/me,4.451,200,ok,0,steady
1791234460.9464734,kiemthugialap070@gmail.com,GET,/orders/me,9.189,200,ok,0,steady
1791234460.9480338,kiemthugialap083@gmail.com,GET,/orders/me,9.51,200,ok,0,steady
1791234460.9754972,kiemthugialap030@gmail.com,GET,/concerts,28.476,200,ok,0,steady
1791234460.975866,kiemthugialap002@gmail.com,GET,/orders/me,29.23,200,ok,0,steady
1791234460.9768531,kiemthugialap072@gmail.com,GET,/orders/me,7.135,200,ok,0,steady
1791234460.979909,kiemthugialap020@gmail.com,GET,/orders/me,2.938,200,ok,0,steady
1791234461.0103633,kiemthugialap075@gmail.com,GET,/concerts/{id},5.793,200,ok,0,steady
1791234461.0114799,kiemthugialap042@gmail.com,GET,/orders/me,6.277,200,ok,0,steady
1791234461.0422835,kiemthugialap071@gmail.com,GET,/orders/me,5.414,200,ok,0,steady
1791234461.0584311,kiemthugialap041@gmail.com,GET,/orders/me,4.812,200,ok,0,steady
1791234461.0766659,kiemthugialap036@gmail.com,GET,/orders/me,5.862,200,ok,0,steady
1791234461.112327,kiemthugialap049@gmail.com,GET,/orders/me,25.062,200,ok,0,steady
1791234461.1128445,kiemthugialap086@gmail.com,GET,/orders/me,24.396,200,ok,0,steady
1791234461.113181,kiemthugialap025@gmail.com,GET,/orders/me,25.066,200,ok,0,steady
1791234461.1139452,kiemthugialap027@gmail.com,GET,/orders/me,9.705,200,ok,0,steady
1791234461.1409984,kiemthugialap051@gmail.com,GET,/concerts?on_sale=true,4.444,200,ok,0,steady
1791234461.1587396,kiemthugialap014@gmail.com,GET,/orders/me,5.545,200,ok,0,steady
1791234461.1754243,kiemthugialap050@gmail.com,GET,/orders/me,5.735,200,ok,0,steady
1791234461.2109873,kiemthugialap032@gmail.com,GET,/orders/me,6.706,200,ok,0,steady
1791234461.2113855,kiemthugialap037@gmail.com,GET,/orders/me,8.026,200,ok,0,steady
1791234461.243742,kiemthugialap058@gmail.com,GET,/orders/me,7.55,200,ok,0,steady
1791234461.2448006,kiemthugialap056@gmail.com,GET,/orders/me,6.531,200,ok,0,steady
1791234461.246922,kiemthugialap005@gmail.com,GET,/orders/me,2.998,200,ok,0,steady
1791234461.2573574,kiemthugialap043@gmail.com,GET,/orders/me,5.364,200,ok,0,steady
1791234461.292184,kiemthugialap048@gmail.com,GET,/concerts?on_sale=true,4.727,200,ok,0,steady
1791234461.293038,kiemthugialap008@gmail.com,GET,/orders/me,6.589,200,ok,0,steady
1791234461.311497,kiemthugialap055@gmail.com,GET,/concerts?on_sale=true,6.948,200,ok,0,steady
1791234461.3121934,kiemthugialap076@gmail.com,GET,/orders/me,7.318,200,ok,0,steady
1791234461.3133445,kiemthugialap013@gmail.com,GET,/orders/me,10.033,200,ok,0,steady
1791234461.3262553,kiemthugialap094@gmail.com,GET,/concerts?on_sale=true,6.491,200,ok,0,steady
1791234461.3272984,kiemthugialap085@gmail.com,GET,/orders/me,6.71,200,ok,0,steady
1791234461.346123,kiemthugialap095@gmail.com,GET,/orders/me,7.259,200,ok,0,steady
1791234461.346548,kiemthugialap098@gmail.com,GET,/orders/me,7.13,200,ok,0,steady
1791234461.3602712,kiemthugialap026@gmail.com,GET,/orders/me,5.808,200,ok,0,steady
1791234461.360694,kiemthugialap099@gmail.com,GET,/orders/me,7.034,200,ok,0,steady
1791234461.3756974,kiemthugialap035@gmail.com,GET,/orders/me,6.036,200,ok,0,steady
1791234461.4079645,kiemthugialap096@gmail.com,GET,/concerts,4.231,200,ok,0,steady
1791234461.4446726,kiemthugialap033@gmail.com,GET,/orders/me,6.192,200,ok,0,steady
1791234461.4451067,kiemthugialap061@gmail.com,GET,/orders/me,6.044,200,ok,0,steady
1791234461.4481223,kiemthugialap062@gmail.com,GET,/orders/me,2.891,200,ok,0,steady
1791234461.4561028,kiemthugialap083@gmail.com,GET,/concerts,2.998,200,ok,0,steady
1791234461.4796627,kiemthugialap023@gmail.com,GET,/orders/me,9.333,200,ok,0,steady
1791234461.4810944,kiemthugialap052@gmail.com,GET,/orders/me,11.96,200,ok,0,steady
1791234461.4862678,kiemthugialap034@gmail.com,GET,/orders/me,6.361,200,ok,0,steady
1791234461.4880023,kiemthugialap029@gmail.com,GET,/orders/me,6.776,200,ok,0,steady
1791234461.4885306,kiemthugialap073@gmail.com,GET,/orders/me,7.007,200,ok,0,steady
1791234461.5277305,kiemthugialap001@gmail.com,GET,/orders/me,5.962,200,ok,0,steady
1791234461.5288813,kiemthugialap039@gmail.com,GET,/orders/me,8.296,200,ok,0,steady
1791234461.5310998,kiemthugialap059@gmail.com,GET,/orders/me,3.21,200,ok,0,steady
1791234461.5419462,kiemthugialap018@gmail.com,GET,/concerts/{id},4.631,200,ok,0,steady
1791234461.5459867,kiemthugialap007@gmail.com,GET,/orders/me,5.506,200,ok,0,steady
1791234461.5494907,kiemthugialap079@gmail.com,GET,/orders/me,3.338,200,ok,0,steady
1791234461.5748196,kiemthugialap053@gmail.com,GET,/orders/me,4.7,200,ok,0,steady
1791234461.5922048,kiemthugialap065@gmail.com,GET,/concerts?on_sale=true,4.553,200,ok,0,steady
1791234461.593385,kiemthugialap081@gmail.com,GET,/orders/me,6.808,200,ok,0,steady
1791234461.59592,kiemthugialap010@gmail.com,GET,/orders/me,3.526,200,ok,0,steady
1791234461.643422,kiemthugialap020@gmail.com,GET,/concerts?on_sale=true,6.599,200,ok,0,steady
1791234461.6446025,kiemthugialap045@gmail.com,GET,/orders/me,6.758,200,ok,0,steady
1791234461.659162,kiemthugialap078@gmail.com,GET,/orders/me,4.262,200,ok,0,steady
1791234461.6789083,kiemthugialap080@gmail.com,GET,/orders/me,8.103,200,ok,0,steady
1791234461.6805189,kiemthugialap015@gmail.com,GET,/orders/me,8.402,200,ok,0,steady
1791234461.6808593,kiemthugialap091@gmail.com,GET,/orders/me,9.132,200,ok,0,steady
1791234461.6836503,kiemthugialap060@gmail.com,GET,/orders/me,4.545,200,ok,0,steady
1791234461.6839912,kiemthugialap070@gmail.com,GET,/orders/me,4.492,200,ok,0,steady
1791234461.6920574,kiemthugialap087@gmail.com,GET,/orders/me,5.802,200,ok,0,steady
1791234461.69472,kiemthugialap054@gmail.com,GET,/concerts?on_sale=true,2.469,200,ok,0,steady
1791234461.6977277,kiemthugialap084@gmail.com,GET,/orders/me,2.871,200,ok,0,steady
1791234461.6997964,kiemthugialap074@gmail.com,GET,/concerts?on_sale=true,1.948,200,ok,0,steady
1791234461.7612154,kiemthugialap003@gmail.com,GET,/concerts/{id},7.69,200,ok,0,steady
1791234461.7617404,kiemthugialap019@gmail.com,GET,/concerts/{id},7.017,200,ok,0,steady
1791234461.7638733,kiemthugialap063@gmail.com,GET,/orders/me,6.854,200,ok,0,steady
1791234461.7919898,kiemthugialap021@gmail.com,GET,/concerts,5.354,200,ok,0,steady
1791234461.7931926,kiemthugialap064@gmail.com,GET,/orders/me,5.356,200,ok,0,steady
1791234461.79487,kiemthugialap017@gmail.com,GET,/concerts?on_sale=true,2.737,200,ok,0,steady
1791234461.8083587,kiemthugialap031@gmail.com,GET,/concerts,4.337,200,ok,0,steady
1791234461.8406324,kiemthugialap009@gmail.com,GET,/concerts,5.1,200,ok,0,steady
1791234461.859485,kiemthugialap085@gmail.com,GET,/orders/me,6.814,200,ok,0,steady
1791234461.8638697,kiemthugialap004@gmail.com,GET,/orders/me,5.738,200,ok,0,steady
1791234461.8930233,kiemthugialap092@gmail.com,GET,/orders/me,6.649,200,ok,0,steady
1791234461.8968503,kiemthugialap077@gmail.com,GET,/orders/me,3.646,200,ok,0,steady
1791234461.9609404,kiemthugialap090@gmail.com,GET,/orders/me,8.257,200,ok,0,steady
1791234461.9650314,kiemthugialap066@gmail.com,GET,/concerts?on_sale=true,3.8,200,ok,0,steady
1791234462.0081284,kiemthugialap036@gmail.com,GET,/orders/me,5.627,200,ok,0,steady
1791234462.041444,kiemthugialap041@gmail.com,GET,/orders/me,5.151,200,ok,0,steady
1791234462.0600584,kiemthugialap097@gmail.com,GET,/orders/me,6.537,200,ok,0,steady
1791234462.0609813,kiemthugialap035@gmail.com,GET,/orders/me,8.625,200,ok,0,steady
1791234462.0647297,kiemthugialap069@gmail.com,GET,/orders/me,3.571,200,ok,0,steady
1791234462.128626,kiemthugialap024@gmail.com,GET,/orders/me,7.727,200,ok,0,steady
1791234462.1298292,kiemthugialap032@gmail.com,GET,/orders/me,7.65,200,ok,0,steady
1791234462.1331532,kiemthugialap100@gmail.com,GET,/orders/me,4.321,200,ok,0,steady
1791234462.134073,kiemthugialap079@gmail.com,GET,/orders/me,4.127,200,ok,0,steady
1791234462.1587653,kiemthugialap030@gmail.com,GET,/concerts,5.438,200,ok,0,steady
1791234462.1597848,kiemthugialap076@gmail.com,GET,/orders/me,5.618,200,ok,0,steady
1791234462.1926012,kiemthugialap057@gmail.com,GET,/orders/me,4.861,200,ok,0,steady
1791234462.197467,kiemthugialap058@gmail.com,GET,/orders/me,4.364,200,ok,0,steady
1791234462.197818,kiemthugialap094@gmail.com,GET,/orders/me,5.069,200,ok,0,steady
1791234462.209797,kiemthugialap011@gmail.com,GET,/orders/me,7.424,200,ok,0,steady
1791234462.2102318,kiemthugialap047@gmail.com,GET,/orders/me,6.107,200,ok,0,steady
1791234462.225643,kiemthugialap093@gmail.com,GET,/orders/me,5.055,200,ok,0,steady
1791234462.242595,kiemthugialap088@gmail.com,GET,/concerts/{id},4.456,200,ok,0,steady
1791234462.243632,kiemthugialap016@gmail.com,GET,/orders/me,6.56,200,ok,0,steady
1791234462.2753463,kiemthugialap050@gmail.com,GET,/concerts/{id},5.184,200,ok,0,steady
1791234462.2955582,kiemthugialap065@gmail.com,GET,/concerts,8.762,200,ok,0,steady
1791234462.2985096,kiemthugialap005@gmail.com,GET,/orders/me,10.454,200,ok,0,steady
1791234462.299011,kiemthugialap019@gmail.com,GET,/orders/me,11.318,200,ok,0,steady
1791234462.3012607,kiemthugialap038@gmail.com,GET,/orders/me,5.491,200,ok,0,steady
1791234462.3088205,kiemthugialap068@gmail.com,GET,/orders/me,4.827,200,ok,0,steady
1791234462.3250628,kiemthugialap070@gmail.com,GET,/concerts?on_sale=true,4.153,200,ok,0,steady
1791234462.3261395,kiemthugialap044@gmail.com,GET,/orders/me,6.085,200,ok,0,steady
1791234462.3418903,kiemthugialap091@gmail.com,GET,/orders/me,4.998,200,ok,0,steady
1791234462.3598678,kiemthugialap028@gmail.com,GET,/orders/me,6.292,200,ok,0,steady
1791234462.360751,kiemthugialap002@gmail.com,GET,/orders/me,6.305,200,ok,0,steady
1791234462.3627374,kiemthugialap074@gmail.com,GET,/orders/me,2.737,200,ok,0,steady
1791234462.3749554,kiemthugialap042@gmail.com,GET,/orders/me,4.951,200,ok,0,steady
1791234462.3926668,kiemthugialap013@gmail.com,GET,/orders/me,5.912,200,ok,0,steady
1791234462.4441144,kiemthugialap089@gmail.com,GET,/concerts/{id},4.906,200,ok,0,steady
1791234462.4457119,kiemthugialap027@gmail.com,GET,/orders/me,8.744,200,ok,0,steady
1791234462.4460566,kiemthugialap022@gmail.com,GET,/orders/me,8.277,200,ok,0,steady
1791234462.4605422,kiemthugialap072@gmail.com,GET,/orders/me,7.131,200,ok,0,steady
1791234462.476554,kiemthugialap055@gmail.com,GET,/concerts/{id},6.549,200,ok,0,steady
1791234462.4781463,kiemthugialap023@gmail.com,GET,/orders/me,8.666,200,ok,0,steady
1791234462.4787426,kiemthugialap014@gmail.com,GET,/orders/me,8.488,200,ok,0,steady
1791234462.5018454,kiemthugialap001@gmail.com,GET,/orders/me,7.702,200,ok,0,steady
1791234462.5023544,kiemthugialap034@gmail.com,GET,/orders/me,10.416,200,ok,0,steady
1791234462.5338116,kiemthugialap090@gmail.com,GET,/orders/me,13.75,200,ok,0,steady
1791234462.535702,kiemthugialap077@gmail.com,GET,/orders/me,10.953,200,ok,0,steady
1791234462.5362191,kiemthugialap096@gmail.com,GET,/orders/me,17.133,200,ok,0,steady
1791234462.5367,kiemthugialap029@gmail.com,GET,/orders/me,15.55,200,ok,0,steady
1791234462.5371745,kiemthugialap009@gmail.com,GET,/orders/me,15.631,200,ok,0,steady
1791234462.5409827,kiemthugialap031@gmail.com,GET,/concerts?on_sale=true,6.857,200,ok,0,steady
1791234462.5466053,kiemthugialap066@gmail.com,GET,/orders/me,5.395,200,ok,0,steady
1791234462.5592933,kiemthugialap004@gmail.com,GET,/orders/me,5.248,200,ok,0,steady
1791234462.5922456,kiemthugialap006@gmail.com,GET,/concerts,6.067,200,ok,0,steady
1791234462.5933168,kiemthugialap033@gmail.com,GET,/orders/me,6.072,200,ok,0,steady
1791234462.5956168,kiemthugialap064@gmail.com,GET,/orders/me,3.215,200,ok,0,steady
1791234462.6079688,kiemthugialap056@gmail.com,GET,/orders/me,5.162,200,ok,0,steady
1791234462.6405044,kiemthugialap043@gmail.com,GET,/concerts,4.009,200,ok,0,steady
1791234462.6596224,kiemthugialap062@gmail.com,GET,/orders/me,7.251,200,ok,0,steady
1791234462.6609895,kiemthugialap067@gmail.com,GET,/orders/me,7.782,200,ok,0,steady
1791234462.6631398,kiemthugialap012@gmail.com,GET,/orders/me,3.313,200,ok,0,steady
1791234462.6778748,kiemthugialap083@gmail.com,GET,/orders/me,7.28,200,ok,0,steady
1791234462.6800325,kiemthugialap095@gmail.com,GET,/orders/me,10.53,200,ok,0,steady
1791234462.684048,kiemthugialap040@gmail.com,GET,/orders/me,5.363,200,ok,0,steady
1791234462.6844175,kiemthugialap084@gmail.com,GET,/orders/me,6.294,200,ok,0,steady
1791234462.730189,kiemthugialap092@gmail.com,GET,/concerts?on_sale=true,7.767,200,ok,0,steady
1791234462.73072,kiemthugialap098@gmail.com,GET,/concerts?on_sale=true,9.03,200,ok,0,steady
1791234462.731979,kiemthugialap036@gmail.com,GET,/orders/me,9.231,200,ok,0,steady
1791234462.7339125,kiemthugialap069@gmail.com,GET,/concerts?on_sale=true,3.049,200,ok,0,steady
1791234462.7735202,kiemthugialap046@gmail.com,GET,/concerts/{id},4.332,200,ok,0,steady
1791234462.7911196,kiemthugialap037@gmail.com,GET,/orders/me,4.143,200,ok,0,steady
1791234462.8117664,kiemthugialap082@gmail.com,GET,/orders/me,8.053,200,ok,0,steady
1791234462.812877,kiemthugialap080@gmail.com,GET,/orders/me,8.267,200,ok,0,steady
1791234462.8131812,kiemthugialap071@gmail.com,GET,/orders/me,8.329,200,ok,0,steady
1791234462.8146992,kiemthugialap051@gmail.com,GET,/orders/me,2.743,200,ok,0,steady
1791234462.8426933,kiemthugialap099@gmail.com,GET,/orders/me,4.679,200,ok,0,steady
1791234462.859149,kiemthugialap057@gmail.com,GET,/concerts?on_sale=true,5.338,200,ok,0,steady
1791234462.86001,kiemthugialap025@gmail.com,GET,/concerts/{id},5.109,200,ok,0,steady
1791234462.8624506,kiemthugialap019@gmail.com,GET,/orders/me,3.174,200,ok,0,steady
1791234462.9073982,kiemthugialap047@gmail.com,GET,/concerts?on_sale=true,3.981,200,ok,0,steady
1791234462.9258904,kiemthugialap087@gmail.com,GET,/orders/me,6.109,200,ok,0,steady
1791234462.929425,kiemthugialap032@gmail.com,GET,/concerts,5.027,200,ok,0,steady
1791234462.9304214,kiemthugialap039@gmail.com,GET,/concerts,6.664,200,ok,0,steady
1791234462.9341853,kiemthugialap078@gmail.com,GET,/concerts?on_sale=true,8.121,200,ok,0,steady
1791234462.9343462,kiemthugialap015@gmail.com,GET,/concerts?on_sale=true,7.927,200,ok,0,steady
1791234462.935999,kiemthugialap068@gmail.com,GET,/orders/me,9.258,200,ok,0,steady
1791234462.9366007,kiemthugialap013@gmail.com,GET,/orders/me,7.025,200,ok,0,steady
1791234462.9588099,kiemthugialap075@gmail.com,GET,/orders/me,5.117,200,ok,0,steady
1791234462.9743807,kiemthugialap011@gmail.com,GET,/concerts,3.66,200,ok,0,steady
1791234462.9919777,kiemthugialap061@gmail.com,GET,/concerts/{id},4.705,200,ok,0,steady
1791234463.011104,kiemthugialap003@gmail.com,GET,/concerts,7.207,200,ok,0,steady
1791234463.0289505,kiemthugialap018@gmail.com,GET,/concerts/{id},16.173,200,ok,0,steady
1791234463.0297117,kiemthugialap058@gmail.com,GET,/concerts/{id},17.37,200,ok,0,steady
1791234463.032178,kiemthugialap073@gmail.com,GET,/orders/me,20.701,200,ok,0,steady
1791234463.0338938,kiemthugialap060@gmail.com,GET,/orders/me,14.926,200,ok,0,steady
1791234463.061622,kiemthugialap086@gmail.com,GET,/orders/me,9.262,200,ok,0,steady
1791234463.0968878,kiemthugialap028@gmail.com,GET,/orders/me,9.607,200,ok,0,steady
1791234463.0973718,kiemthugialap070@gmail.com,GET,/orders/me,10.68,200,ok,0,steady
1791234463.0977807,kiemthugialap027@gmail.com,GET,/orders/me,12.122,200,ok,0,steady
1791234463.0987716,kiemthugialap089@gmail.com,GET,/orders/me,11.172,200,ok,0,steady
1791234463.1121025,kiemthugialap049@gmail.com,GET,/orders/me,8.628,200,ok,0,steady
1791234463.1443076,kiemthugialap085@gmail.com,GET,/orders/me,4.869,200,ok,0,steady
1791234463.1594293,kiemthugialap002@gmail.com,GET,/orders/me,5.718,200,ok,0,steady
1791234463.1755097,kiemthugialap059@gmail.com,GET,/concerts?on_sale=true,5.51,200,ok,0,steady
1791234463.1770937,kiemthugialap056@gmail.com,GET,/concerts,7.945,200,ok,0,steady
1791234463.179827,kiemthugialap007@gmail.com,GET,/orders/me,4.041,200,ok,0,steady
1791234463.211135,kiemthugialap020@gmail.com,GET,/concerts/{id},7.862,200,ok,0,steady
1791234463.2122238,kiemthugialap065@gmail.com,GET,/concerts/{id},7.621,200,ok,0,steady
1791234463.2130182,kiemthugialap014@gmail.com,GET,/orders/me,6.939,200,ok,0,steady
1791234463.2144,kiemthugialap063@gmail.com,GET,/concerts?on_sale=true,3.102,200,ok,0,steady
1791234463.2446976,kiemthugialap081@gmail.com,GET,/concerts,7.06,200,ok,0,steady
1791234463.245968,kiemthugialap038@gmail.com,GET,/concerts/{id},8.108,200,ok,0,steady
1791234463.2468996,kiemthugialap097@gmail.com,GET,/orders/me,8.812,200,ok,0,steady
1791234463.247408,kiemthugialap052@gmail.com,GET,/orders/me,10.855,200,ok,0,steady
1791234463.2597096,kiemthugialap012@gmail.com,GET,/concerts,5.413,200,ok,0,steady
1791234463.2638922,kiemthugialap026@gmail.com,GET,/concerts/{id},3.938,200,ok,0,steady
1791234463.2969897,kiemthugialap041@gmail.com,GET,/concerts?on_sale=true,8.163,200,ok,0,steady
1791234463.2981071,kiemthugialap045@gmail.com,GET,/orders/me,11.84,200,ok,0,steady
1791234463.2985468,kiemthugialap048@gmail.com,GET,/orders/me,11.347,200,ok,0,steady
1791234463.299026,kiemthugialap008@gmail.com,GET,/orders/me,11.569,200,ok,0,steady
1791234463.3421607,kiemthugialap069@gmail.com,GET,/orders/me,5.339,200,ok,0,steady
1791234463.3466742,kiemthugialap010@gmail.com,GET,/orders/me,4.327,200,ok,0,steady
1791234463.3952663,kiemthugialap036@gmail.com,GET,/orders/me,7.332,200,ok,0,steady
1791234463.3957045,kiemthugialap064@gmail.com,GET,/orders/me,8.555,200,ok,0,steady
1791234463.395995,kiemthugialap054@gmail.com,GET,/orders/me,7.317,200,ok,0,steady
1791234463.3989267,kiemthugialap096@gmail.com,GET,/orders/me,2.827,200,ok,0,steady
1791234463.4283273,kiemthugialap019@gmail.com,GET,/orders/me,8.8,200,ok,0,steady
1791234463.4294786,kiemthugialap021@gmail.com,GET,/concerts/{id},8.51,200,ok,0,steady
1791234463.4299884,kiemthugialap055@gmail.com,GET,/orders/me,11.146,200,ok,0,steady
1791234463.4301584,kiemthugialap034@gmail.com,GET,/concerts/{id},9.624,200,ok,0,steady
1791234463.441171,kiemthugialap005@gmail.com,GET,/orders/me,5.308,200,ok,0,steady
1791234463.4600484,kiemthugialap053@gmail.com,GET,/orders/me,6.093,200,ok,0,steady
1791234463.4626274,kiemthugialap077@gmail.com,GET,/concerts,2.341,200,ok,0,steady
1791234463.5243406,kiemthugialap079@gmail.com,GET,/concerts,3.794,200,ok,0,steady
1791234463.5547378,kiemthugialap066@gmail.com,GET,/concerts?on_sale=true,19.1,200,ok,0,steady
1791234463.5563161,kiemthugialap023@gmail.com,GET,/orders/me,19.303,200,ok,0,steady
1791234463.5598207,kiemthugialap017@gmail.com,GET,/concerts?on_sale=true,7.537,200,ok,0,steady
1791234463.5608609,kiemthugialap084@gmail.com,GET,/orders/me,7.707,200,ok,0,steady
1791234463.5911088,kiemthugialap095@gmail.com,GET,/orders/me,5.348,200,ok,0,steady
1791234463.6087077,kiemthugialap006@gmail.com,GET,/orders/me,5.249,200,ok,0,steady
1791234463.6239562,kiemthugialap035@gmail.com,GET,/orders/me,4.735,200,ok,0,steady
1791234463.657713,kiemthugialap090@gmail.com,GET,/orders/me,5.609,200,ok,0,steady
1791234463.692319,kiemthugialap001@gmail.com,GET,/concerts/{id},6.661,200,ok,0,steady
1791234463.6944876,kiemthugialap007@gmail.com,GET,/orders/me,7.395,200,ok,0,steady
1791234463.6985693,kiemthugialap076@gmail.com,GET,/orders/me,5.508,200,ok,0,steady
1791234463.6995707,kiemthugialap062@gmail.com,GET,/orders/me,7.047,200,ok,0,steady
1791234463.7017148,kiemthugialap071@gmail.com,GET,/orders/me,3.012,200,ok,0,steady
1791234463.723458,kiemthugialap080@gmail.com,GET,/concerts,3.781,200,ok,0,steady
1791234463.7405875,kiemthugialap022@gmail.com,GET,/concerts,3.802,200,ok,0,steady
1791234463.7415462,kiemthugialap037@gmail.com,GET,/orders/me,5.87,200,ok,0,steady
1791234463.7582917,kiemthugialap029@gmail.com,GET,/concerts,5.736,200,ok,0,steady
1791234463.7594166,kiemthugialap042@gmail.com,GET,/orders/me,6.006,200,ok,0,steady
1791234463.7757185,kiemthugialap024@gmail.com,GET,/concerts/{id},6.283,200,ok,0,steady
1791234463.7769103,kiemthugialap049@gmail.com,GET,/orders/me,6.879,200,ok,0,steady
1791234463.7921858,kiemthugialap051@gmail.com,GET,/orders/me,4.723,200,ok,0,steady
1791234463.8256154,kiemthugialap082@gmail.com,GET,/orders/me,6.071,200,ok,0,steady
1791234463.8272655,kiemthugialap100@gmail.com,GET,/orders/me,8.728,200,ok,0,steady
1791234463.8302765,kiemthugialap068@gmail.com,GET,/orders/me,4.43,200,ok,0,steady
1791234463.8596876,kiemthugialap004@gmail.com,GET,/orders/me,6.941,200,ok,0,steady
1791234463.8610866,kiemthugialap012@gmail.com,GET,/orders/me,7.391,200,ok,0,steady
1791234463.8626146,kiemthugialap094@gmail.com,GET,/concerts/{id},2.694,200,ok,0,steady
1791234463.8769097,kiemthugialap033@gmail.com,GET,/orders/me,8.484,200,ok,0,steady
1791234463.8785355,kiemthugialap014@gmail.com,GET,/orders/me,9.242,200,ok,0,steady
1791234463.8814955,kiemthugialap088@gmail.com,GET,/orders/me,4.328,200,ok,0,steady
1791234463.9077768,kiemthugialap063@gmail.com,GET,/orders/me,4.953,200,ok,0,steady
1791234463.9296706,kiemthugialap010@gmail.com,GET,/concerts,8.781,200,ok,0,steady
1791234463.930089,kiemthugialap096@gmail.com,GET,/concerts/{id},7.317,200,ok,0,steady
1791234463.9306753,kiemthugialap031@gmail.com,GET,/concerts?on_sale=true,9.108,200,ok,0,steady
1791234463.9313362,kiemthugialap091@gmail.com,GET,/orders/me,7.532,200,ok,0,steady
1791234463.9344583,kiemthugialap009@gmail.com,GET,/orders/me,2.983,200,ok,0,steady
1791234463.9735656,kiemthugialap083@gmail.com,GET,/concerts/{id},4.299,200,ok,0,steady
1791234463.992547,kiemthugialap030@gmail.com,GET,/concerts?on_sale=true,5.205,200,ok,0,steady
1791234463.9959877,kiemthugialap047@gmail.com,GET,/orders/me,4.514,200,ok,0,steady
1791234464.0096865,kiemthugialap015@gmail.com,GET,/orders/me,5.213,200,ok,0,steady
1791234464.024496,kiemthugialap046@gmail.com,GET,/concerts/{id},4.084,200,ok,0,steady
1791234464.0589464,kiemthugialap011@gmail.com,GET,/concerts?on_sale=true,4.719,200,ok,0,steady
1791234464.0612476,kiemthugialap074@gmail.com,GET,/concerts/{id},2.151,200,ok,0,steady
1791234464.0784357,kiemthugialap023@gmail.com,GET,/orders/me,7.461,200,ok,0,steady
1791234464.0796533,kiemthugialap092@gmail.com,GET,/orders/me,7.615,200,ok,0,steady
1791234464.0818312,kiemthugialap044@gmail.com,GET,/orders/me,3.189,200,ok,0,steady
1791234464.0847807,kiemthugialap048@gmail.com,GET,/orders/me,2.83,200,ok,0,steady
1791234464.1116815,kiemthugialap093@gmail.com,GET,/orders/me,6.614,200,ok,0,steady
1791234464.1447117,kiemthugialap013@gmail.com,GET,/concerts,5.991,200,ok,0,steady
1791234464.1460268,kiemthugialap032@gmail.com,GET,/orders/me,8.613,200,ok,0,steady
1791234464.14815,kiemthugialap060@gmail.com,GET,/orders/me,3.2,200,ok,0,steady
1791234464.1590457,kiemthugialap016@gmail.com,GET,/orders/me,5.722,200,ok,0,steady
1791234464.2276614,kiemthugialap097@gmail.com,GET,/orders/me,8.075,200,ok,0,steady
1791234464.2282565,kiemthugialap050@gmail.com,GET,/orders/me,6.873,200,ok,0,steady
1791234464.2454062,kiemthugialap057@gmail.com,GET,/concerts/{id},9.879,200,ok,0,steady
1791234464.2482827,kiemthugialap041@gmail.com,GET,/orders/me,10.017,200,ok,0,steady
1791234464.2487576,kiemthugialap043@gmail.com,GET,/orders/me,11.627,200,ok,0,steady
1791234464.2500808,kiemthugialap072@gmail.com,GET,/concerts,4.431,200,ok,0,steady
1791234464.2616234,kiemthugialap081@gmail.com,GET,/orders/me,6.77,200,ok,0,steady
1791234464.2621381,kiemthugialap028@gmail.com,GET,/orders/me,8.623,200,ok,0,steady
1791234464.3303955,kiemthugialap018@gmail.com,GET,/concerts?on_sale=true,9.49,200,ok,0,steady
1791234464.3321207,kiemthugialap045@gmail.com,GET,/orders/me,8.274,200,ok,0,steady
1791234464.3328068,kiemthugialap039@gmail.com,GET,/orders/me,10.964,200,ok,0,steady
1791234464.359574,kiemthugialap069@gmail.com,GET,/orders/me,7.721,200,ok,0,steady
1791234464.430035,kiemthugialap080@gmail.com,GET,/orders/me,6.245,200,ok,0,steady
1791234464.4420302,kiemthugialap098@gmail.com,GET,/concerts/{id},4.161,200,ok,0,steady
1791234464.459001,kiemthugialap006@gmail.com,GET,/orders/me,5.352,200,ok,0,steady
1791234464.4975035,kiemthugialap040@gmail.com,GET,/orders/me,8.308,200,ok,0,steady
1791234464.4980547,kiemthugialap087@gmail.com,GET,/orders/me,9.369,200,ok,0,steady
1791234464.498373,kiemthugialap059@gmail.com,GET,/orders/me,10.688,200,ok,0,steady
1791234464.5097425,kiemthugialap003@gmail.com,GET,/orders/me,5.3,200,ok,0,steady
1791234464.5442197,kiemthugialap091@gmail.com,GET,/orders/me,5.891,200,ok,0,steady
1791234464.5446146,kiemthugialap027@gmail.com,GET,/orders/me,5.814,200,ok,0,steady
1791234464.5789254,kiemthugialap056@gmail.com,GET,/orders/me,7.201,200,ok,0,steady
1791234464.5795085,kiemthugialap037@gmail.com,GET,/orders/me,9.04,200,ok,0,steady
1791234464.6110566,kiemthugialap008@gmail.com,GET,/concerts?on_sale=true,5.802,200,ok,0,steady
1791234464.6129332,kiemthugialap061@gmail.com,GET,/orders/me,7.377,200,ok,0,steady
1791234464.613983,kiemthugialap030@gmail.com,GET,/orders/me,9.734,200,ok,0,steady
1791234464.6162739,kiemthugialap049@gmail.com,GET,/concerts/{id},5.045,200,ok,0,steady
1791234464.6180067,kiemthugialap073@gmail.com,GET,/orders/me,6.132,200,ok,0,steady
1791234464.619236,kiemthugialap001@gmail.com,GET,/orders/me,5.1,200,ok,0,steady
1791234464.6459002,kiemthugialap064@gmail.com,GET,/orders/me,8.488,200,ok,0,steady
1791234464.646334,kiemthugialap088@gmail.com,GET,/orders/me,8.246,200,ok,0,steady
1791234464.6771674,kiemthugialap067@gmail.com,GET,/orders/me,7.133,200,ok,0,steady
1791234464.6776361,kiemthugialap051@gmail.com,GET,/orders/me,6.534,200,ok,0,steady
1791234464.6841202,kiemthugialap052@gmail.com,GET,/orders/me,6.357,200,ok,0,steady
1791234464.6850922,kiemthugialap042@gmail.com,GET,/orders/me,6.226,200,ok,0,steady
1791234464.6853852,kiemthugialap022@gmail.com,GET,/orders/me,6.836,200,ok,0,steady
1791234464.6869402,kiemthugialap015@gmail.com,GET,/concerts/{id},2.68,200,ok,0,steady
1791234464.7087827,kiemthugialap084@gmail.com,GET,/concerts,4.919,200,ok,0,steady
1791234464.7097907,kiemthugialap086@gmail.com,GET,/orders/me,5.321,200,ok,0,steady
1791234464.7439117,kiemthugialap076@gmail.com,GET,/concerts/{id},5.367,200,ok,0,steady
1791234464.745216,kiemthugialap099@gmail.com,GET,/concerts/{id},7.485,200,ok,0,steady
1791234464.7477422,kiemthugialap013@gmail.com,GET,/orders/me,3.628,200,ok,0,steady
1791234464.785789,kiemthugialap019@gmail.com,GET,/orders/me,14.35,200,ok,0,steady
1791234464.7893522,kiemthugialap085@gmail.com,GET,/orders/me,17.207,200,ok,0,steady
1791234464.7900634,kiemthugialap055@gmail.com,GET,/orders/me,17.666,200,ok,0,steady
1791234464.7905366,kiemthugialap034@gmail.com,GET,/orders/me,18.797,200,ok,0,steady
1791234464.7908661,kiemthugialap026@gmail.com,GET,/orders/me,20.782,200,ok,0,steady
1791234464.806992,kiemthugialap070@gmail.com,GET,/concerts?on_sale=true,20.932,200,ok,0,steady
1791234464.8111978,kiemthugialap017@gmail.com,GET,/orders/me,24.387,200,ok,0,steady
1791234464.8118591,kiemthugialap025@gmail.com,GET,/orders/me,24.619,200,ok,0,steady
1791234464.8133614,kiemthugialap020@gmail.com,GET,/orders/me,8.98,200,ok,0,steady
1791234464.813858,kiemthugialap002@gmail.com,GET,/orders/me,10.672,200,ok,0,steady
1791234464.8613544,kiemthugialap007@gmail.com,GET,/concerts/{id},6.356,200,ok,0,steady
1791234464.8621716,kiemthugialap094@gmail.com,GET,/concerts/{id},6.663,200,ok,0,steady
1791234464.8624923,kiemthugialap060@gmail.com,GET,/concerts,5.774,200,ok,0,steady
1791234464.862616,kiemthugialap078@gmail.com,GET,/concerts?on_sale=true,6.874,200,ok,0,steady
1791234464.893573,kiemthugialap011@gmail.com,GET,/orders/me,5.748,200,ok,0,steady
1791234464.8940372,kiemthugialap048@gmail.com,GET,/orders/me,7.258,200,ok,0,steady
1791234464.927442,kiemthugialap075@gmail.com,GET,/orders/me,6.987,200,ok,0,steady
1791234464.9278724,kiemthugialap010@gmail.com,GET,/orders/me,5.796,200,ok,0,steady
1791234464.943841,kiemthugialap063@gmail.com,GET,/orders/me,6.934,200,ok,0,steady
1791234464.9468005,kiemthugialap009@gmail.com,GET,/orders/me,5.835,200,ok,0,steady
1791234464.979243,kiemthugialap005@gmail.com,GET,/concerts,6.781,200,ok,0,steady
1791234464.9812334,kiemthugialap054@gmail.com,GET,/orders/me,10.333,200,ok,0,steady
1791234464.9824305,kiemthugialap016@gmail.com,GET,/orders/me,8.602,200,ok,0,steady
1791234464.9828525,kiemthugialap100@gmail.com,GET,/orders/me,10.804,200,ok,0,steady
1791234464.984718,kiemthugialap058@gmail.com,GET,/orders/me,3.33,200,ok,0,steady
1791234465.0099463,kiemthugialap089@gmail.com,GET,/concerts,7.498,200,ok,0,steady
1791234465.0244908,kiemthugialap021@gmail.com,GET,/orders/me,5.274,200,ok,0,steady
1791234465.0416126,kiemthugialap023@gmail.com,GET,/orders/me,4.793,200,ok,0,steady
1791234465.072569,kiemthugialap028@gmail.com,GET,/concerts?on_sale=true,19.147,200,ok,0,steady
1791234465.0736418,kiemthugialap079@gmail.com,GET,/orders/me,19.262,200,ok,0,steady
1791234465.1086912,kiemthugialap065@gmail.com,GET,/orders/me,5.347,200,ok,0,steady
1791234465.144591,kiemthugialap074@gmail.com,GET,/concerts?on_sale=true,5.834,200,ok,0,steady
1791234465.145541,kiemthugialap066@gmail.com,GET,/orders/me,8.069,200,ok,0,steady
1791234465.1478863,kiemthugialap039@gmail.com,GET,/concerts?on_sale=true,2.214,200,ok,0,steady
1791234465.159314,kiemthugialap038@gmail.com,GET,/orders/me,5.624,200,ok,0,steady
1791234465.176357,kiemthugialap071@gmail.com,GET,/concerts,4.232,200,ok,0,steady
1791234465.1914272,kiemthugialap045@gmail.com,GET,/concerts,3.515,200,ok,0,steady
1791234465.2108524,kiemthugialap027@gmail.com,GET,/concerts/{id},6.388,200,ok,0,steady
1791234465.2119753,kiemthugialap097@gmail.com,GET,/orders/me,6.539,200,ok,0,steady
1791234465.241642,kiemthugialap081@gmail.com,GET,/concerts?on_sale=true,4.321,200,ok,0,steady
1791234465.2932665,kiemthugialap047@gmail.com,GET,/orders/me,23.397,200,ok,0,steady
1791234465.294771,kiemthugialap095@gmail.com,GET,/orders/me,24.037,200,ok,0,steady
1791234465.2965267,kiemthugialap090@gmail.com,GET,/orders/me,8.878,200,ok,0,steady
1791234465.2976558,kiemthugialap031@gmail.com,GET,/orders/me,9.085,200,ok,0,steady
1791234465.298823,kiemthugialap036@gmail.com,GET,/concerts,2.161,200,ok,0,steady
1791234465.3249683,kiemthugialap077@gmail.com,GET,/orders/me,4.724,200,ok,0,steady
1791234465.34216,kiemthugialap062@gmail.com,GET,/concerts,3.723,200,ok,0,steady
1791234465.3433542,kiemthugialap053@gmail.com,GET,/orders/me,6.336,200,ok,0,steady
1791234465.3450067,kiemthugialap068@gmail.com,GET,/concerts,2.699,200,ok,0,steady
1791234465.392885,kiemthugialap099@gmail.com,GET,/concerts/{id},5.164,200,ok,0,steady
1791234465.4424965,kiemthugialap043@gmail.com,GET,/orders/me,22.721,200,ok,0,steady
1791234465.4443138,kiemthugialap020@gmail.com,GET,/orders/me,23.526,200,ok,0,steady
1791234465.44583,kiemthugialap085@gmail.com,GET,/concerts/{id},9.499,200,ok,0,steady
1791234465.448263,kiemthugialap093@gmail.com,GET,/orders/me,11.021,200,ok,0,steady
1791234465.449653,kiemthugialap072@gmail.com,GET,/orders/me,8.932,200,ok,0,steady
1791234465.4524772,kiemthugialap046@gmail.com,GET,/orders/me,4.024,200,ok,0,steady
1791234465.4790554,kiemthugialap002@gmail.com,GET,/orders/me,8.298,200,ok,0,steady
1791234465.4796865,kiemthugialap080@gmail.com,GET,/orders/me,10.512,200,ok,0,steady
1791234465.491346,kiemthugialap052@gmail.com,GET,/concerts?on_sale=true,14.05,200,ok,0,steady
1791234465.4945645,kiemthugialap083@gmail.com,GET,/orders/me,6.993,200,ok,0,steady
1791234465.527573,kiemthugialap025@gmail.com,GET,/orders/me,6.347,200,ok,0,steady
1791234465.528948,kiemthugialap096@gmail.com,GET,/orders/me,9.294,200,ok,0,steady
1791234465.530322,kiemthugialap035@gmail.com,GET,/concerts/{id},2.527,200,ok,0,steady
1791234465.5578825,kiemthugialap034@gmail.com,GET,/orders/me,5.222,200,ok,0,steady
1791234465.5741973,kiemthugialap024@gmail.com,GET,/orders/me,4.541,200,ok,0,steady
1791234465.5913393,kiemthugialap004@gmail.com,GET,/orders/me,5.317,200,ok,0,steady
1791234465.6245778,kiemthugialap079@gmail.com,GET,/orders/me,4.773,200,ok,0,steady
1791234465.6300461,kiemthugialap033@gmail.com,GET,/orders/me,5.265,200,ok,0,steady
1791234465.6305861,kiemthugialap067@gmail.com,GET,/orders/me,5.362,200,ok,0,steady
1791234465.6486573,kiemthugialap029@gmail.com,GET,/orders/me,11.289,200,ok,0,steady
1791234465.6492267,kiemthugialap058@gmail.com,GET,/orders/me,9.927,200,ok,0,steady
1791234465.6496797,kiemthugialap032@gmail.com,GET,/orders/me,11.407,200,ok,0,steady
1791234465.6974025,kiemthugialap008@gmail.com,GET,/orders/me,5.995,200,ok,0,steady
1791234465.6986897,kiemthugialap074@gmail.com,GET,/orders/me,6.237,200,ok,0,steady
1791234465.7000797,kiemthugialap041@gmail.com,GET,/concerts?on_sale=true,2.451,200,ok,0,steady
1791234465.7248142,kiemthugialap014@gmail.com,GET,/concerts/{id},5.719,200,ok,0,steady
1791234465.7287214,kiemthugialap055@gmail.com,GET,/concerts/{id},3.707,200,ok,0,steady
1791234465.7292361,kiemthugialap013@gmail.com,GET,/concerts,3.433,200,ok,0,steady
1791234465.7445965,kiemthugialap021@gmail.com,GET,/concerts,6.988,200,ok,0,steady
1791234465.7451818,kiemthugialap091@gmail.com,GET,/orders/me,8.468,200,ok,0,steady
1791234465.7931545,kiemthugialap084@gmail.com,GET,/orders/me,4.727,200,ok,0,steady
1791234465.7935693,kiemthugialap069@gmail.com,GET,/orders/me,6.623,200,ok,0,steady
1791234465.815353,kiemthugialap082@gmail.com,GET,/orders/me,11.674,200,ok,0,steady
1791234465.8160176,kiemthugialap012@gmail.com,GET,/orders/me,11.354,200,ok,0,steady
1791234465.8163772,kiemthugialap006@gmail.com,GET,/orders/me,11.254,200,ok,0,steady
1791234465.8176694,kiemthugialap044@gmail.com,GET,/orders/me,12.754,200,ok,0,steady
1791234465.8200297,kiemthugialap036@gmail.com,GET,/orders/me,3.533,200,ok,0,steady
1791234465.892554,kiemthugialap086@gmail.com,GET,/orders/me,5.378,200,ok,0,steady
1791234465.9096708,kiemthugialap087@gmail.com,GET,/orders/me,5.493,200,ok,0,steady
1791234465.9306655,kiemthugialap047@gmail.com,GET,/orders/me,8.656,200,ok,0,steady
1791234465.9316688,kiemthugialap049@gmail.com,GET,/orders/me,9.046,200,ok,0,steady
1791234465.9437644,kiemthugialap060@gmail.com,GET,/orders/me,6.877,200,ok,0,steady
1791234465.9470897,kiemthugialap057@gmail.com,GET,/orders/me,3.168,200,ok,0,steady
1791234465.9746647,kiemthugialap059@gmail.com,GET,/orders/me,5.21,200,ok,0,steady
1791234466.022249,kiemthugialap071@gmail.com,GET,/concerts,6.458,200,ok,0,steady
1791234466.0237377,kiemthugialap026@gmail.com,GET,/orders/me,6.989,200,ok,0,steady
1791234466.039651,kiemthugialap090@gmail.com,GET,/orders/me,8.678,200,ok,0,steady
1791234466.040451,kiemthugialap081@gmail.com,GET,/orders/me,8.828,200,ok,0,steady
1791234466.052143,kiemthugialap051@gmail.com,GET,/orders/me,5.691,200,ok,0,steady
1791234466.0951524,kiemthugialap002@gmail.com,GET,/concerts,7.632,200,ok,0,steady
1791234466.0957854,kiemthugialap015@gmail.com,GET,/concerts,10.496,200,ok,0,steady
1791234466.0964804,kiemthugialap092@gmail.com,GET,/orders/me,10.152,200,ok,0,steady
1791234466.11195,kiemthugialap007@gmail.com,GET,/concerts,8.524,200,ok,0,steady
1791234466.1143281,kiemthugialap056@gmail.com,GET,/orders/me,12.043,200,ok,0,steady
1791234466.1148155,kiemthugialap018@gmail.com,GET,/orders/me,9.635,200,ok,0,steady
1791234466.126614,kiemthugialap050@gmail.com,GET,/orders/me,5.569,200,ok,0,steady
1791234466.1769266,kiemthugialap075@gmail.com,GET,/orders/me,6.907,200,ok,0,steady
1791234466.1819007,kiemthugialap037@gmail.com,GET,/orders/me,4.643,200,ok,0,steady
1791234466.1902559,kiemthugialap072@gmail.com,GET,/concerts,4.501,200,ok,0,steady
1791234466.1915445,kiemthugialap073@gmail.com,GET,/orders/me,6.322,200,ok,0,steady
1791234466.1943877,kiemthugialap093@gmail.com,GET,/orders/me,3.957,200,ok,0,steady
1791234466.196675,kiemthugialap076@gmail.com,GET,/concerts,2.154,200,ok,0,steady
1791234466.2285247,kiemthugialap041@gmail.com,GET,/concerts,8.983,200,ok,0,steady
1791234466.2302203,kiemthugialap022@gmail.com,GET,/orders/me,9.699,200,ok,0,steady
1791234466.2307072,kiemthugialap064@gmail.com,GET,/orders/me,8.877,200,ok,0,steady
1791234466.2621071,kiemthugialap005@gmail.com,GET,/concerts,6.621,200,ok,0,steady
1791234466.2631326,kiemthugialap048@gmail.com,GET,/concerts/{id},7.953,200,ok,0,steady
1791234466.2634954,kiemthugialap003@gmail.com,GET,/orders/me,9.128,200,ok,0,steady
1791234466.2638018,kiemthugialap030@gmail.com,GET,/orders/me,10.774,200,ok,0,steady
1791234466.2646239,kiemthugialap077@gmail.com,GET,/concerts?on_sale=true,2.34,200,ok,0,steady
1791234466.290511,kiemthugialap063@gmail.com,GET,/orders/me,4.623,200,ok,0,steady
1791234466.308146,kiemthugialap013@gmail.com,GET,/orders/me,4.35,200,ok,0,steady
1791234466.3272526,kiemthugialap070@gmail.com,GET,/orders/me,7.769,200,ok,0,steady
1791234466.3282018,kiemthugialap098@gmail.com,GET,/orders/me,5.913,200,ok,0,steady
1791234466.3658016,kiemthugialap040@gmail.com,GET,/orders/me,7.939,200,ok,0,steady
1791234466.36725,kiemthugialap096@gmail.com,GET,/orders/me,11.871,200,ok,0,steady
1791234466.368454,kiemthugialap065@gmail.com,GET,/orders/me,12.419,200,ok,0,steady
1791234466.3734694,kiemthugialap097@gmail.com,GET,/orders/me,7.395,200,ok,0,steady
1791234466.3751614,kiemthugialap001@gmail.com,GET,/orders/me,7.748,200,ok,0,steady
1791234466.3796759,kiemthugialap061@gmail.com,GET,/orders/me,5.827,200,ok,0,steady
1791234466.3802419,kiemthugialap043@gmail.com,GET,/orders/me,4.917,200,ok,0,steady
1791234466.3949308,kiemthugialap089@gmail.com,GET,/orders/me,7.43,200,ok,0,steady
1791234466.4306145,kiemthugialap095@gmail.com,GET,/orders/me,9.161,200,ok,0,steady
1791234466.431068,kiemthugialap031@gmail.com,GET,/orders/me,11.103,200,ok,0,steady
1791234466.433655,kiemthugialap046@gmail.com,GET,/concerts/{id},2.453,200,ok,0,steady
1791234466.4510674,kiemthugialap068@gmail.com,GET,/concerts?on_sale=true,6.481,200,ok,0,steady
1791234466.4523811,kiemthugialap033@gmail.com,GET,/orders/me,8.683,200,ok,0,steady
1791234466.4546657,kiemthugialap017@gmail.com,GET,/concerts?on_sale=true,3.382,200,ok,0,steady
1791234466.4913654,kiemthugialap019@gmail.com,GET,/concerts,4.689,200,ok,0,steady
1791234466.4917219,kiemthugialap047@gmail.com,GET,/concerts/{id},3.806,200,ok,0,steady
1791234466.5259278,kiemthugialap021@gmail.com,GET,/orders/me,6.296,200,ok,0,steady
1791234466.5651002,kiemthugialap060@gmail.com,GET,/concerts,8.941,200,ok,0,steady
1791234466.5669558,kiemthugialap074@gmail.com,GET,/concerts/{id},10.45,200,ok,0,steady
1791234466.56749,kiemthugialap038@gmail.com,GET,/concerts/{id},9.644,200,ok,0,steady
1791234466.5691636,kiemthugialap009@gmail.com,GET,/orders/me,14.84,200,ok,0,steady
1791234466.5703828,kiemthugialap029@gmail.com,GET,/orders/me,15.058,200,ok,0,steady
1791234466.5708735,kiemthugialap049@gmail.com,GET,/orders/me,15.14,200,ok,0,steady
1791234466.61201,kiemthugialap088@gmail.com,GET,/concerts,7.362,200,ok,0,steady
1791234466.6130934,kiemthugialap094@gmail.com,GET,/orders/me,9.791,200,ok,0,steady
1791234466.6243033,kiemthugialap008@gmail.com,GET,/orders/me,5.634,200,ok,0,steady
1791234466.644235,kiemthugialap011@gmail.com,GET,/orders/me,8.421,200,ok,0,steady
1791234466.648076,kiemthugialap015@gmail.com,GET,/orders/me,6.859,200,ok,0,steady
1791234466.649154,kiemthugialap042@gmail.com,GET,/orders/me,7.388,200,ok,0,steady
1791234466.650946,kiemthugialap025@gmail.com,GET,/concerts/{id},2.714,200,ok,0,steady
1791234466.656713,kiemthugialap083@gmail.com,GET,/concerts,4.903,200,ok,0,steady
1791234466.6571565,kiemthugialap067@gmail.com,GET,/orders/me,6.077,200,ok,0,steady
1791234466.711383,kiemthugialap092@gmail.com,GET,/concerts/{id},7.109,200,ok,0,steady
1791234466.7126496,kiemthugialap024@gmail.com,GET,/orders/me,8.888,200,ok,0,steady
1791234466.7129984,kiemthugialap052@gmail.com,GET,/orders/me,10.397,200,ok,0,steady
1791234466.714728,kiemthugialap028@gmail.com,GET,/concerts/{id},3.118,200,ok,0,steady
1791234466.7157974,kiemthugialap078@gmail.com,GET,/concerts,2.683,200,ok,0,steady
1791234466.7639494,kiemthugialap062@gmail.com,GET,/concerts,8.973,200,ok,0,steady
1791234466.7657862,kiemthugialap045@gmail.com,GET,/orders/me,12.255,200,ok,0,steady
1791234466.7662044,kiemthugialap039@gmail.com,GET,/orders/me,11.754,200,ok,0,steady
1791234466.7665596,kiemthugialap010@gmail.com,GET,/orders/me,10.523,200,ok,0,steady
1791234466.7776918,kiemthugialap091@gmail.com,GET,/orders/me,6.722,200,ok,0,steady
1791234466.79208,kiemthugialap023@gmail.com,GET,/orders/me,6.287,200,ok,0,steady
1791234466.7957473,kiemthugialap002@gmail.com,GET,/concerts,3.389,200,ok,0,steady
1791234466.7994156,kiemthugialap051@gmail.com,GET,/orders/me,3.512,200,ok,0,steady
1791234466.8076563,kiemthugialap100@gmail.com,GET,/orders/me,5.281,200,ok,0,steady
1791234466.8582532,kiemthugialap005@gmail.com,GET,/concerts,3.733,200,ok,0,steady
1791234466.8764377,kiemthugialap048@gmail.com,GET,/orders/me,4.625,200,ok,0,steady
1791234466.8961031,kiemthugialap082@gmail.com,GET,/concerts?on_sale=true,7.429,200,ok,0,steady
1791234466.8972938,kiemthugialap034@gmail.com,GET,/orders/me,7.317,200,ok,0,steady
1791234466.8978002,kiemthugialap054@gmail.com,GET,/orders/me,10.109,200,ok,0,steady
1791234466.9253116,kiemthugialap018@gmail.com,GET,/concerts?on_sale=true,5.417,200,ok,0,steady
1791234466.926316,kiemthugialap056@gmail.com,GET,/orders/me,5.484,200,ok,0,steady
1791234466.943943,kiemthugialap016@gmail.com,GET,/orders/me,6.644,200,ok,0,steady
1791234466.9443665,kiemthugialap065@gmail.com,GET,/orders/me,6.255,200,ok,0,steady
1791234466.9604383,kiemthugialap080@gmail.com,GET,/orders/me,5.829,200,ok,0,steady
1791234466.9668875,kiemthugialap084@gmail.com,GET,/orders/me,6.274,200,ok,0,steady
1791234466.9672563,kiemthugialap099@gmail.com,GET,/orders/me,6.015,200,ok,0,steady
1791234466.9843147,kiemthugialap037@gmail.com,GET,/orders/me,8.141,200,ok,0,steady
1791234466.9847286,kiemthugialap017@gmail.com,GET,/orders/me,7.781,200,ok,0,steady
1791234467.0106316,kiemthugialap027@gmail.com,GET,/orders/me,6.647,200,ok,0,steady
1791234467.011162,kiemthugialap079@gmail.com,GET,/orders/me,8.104,200,ok,0,steady
1791234467.0418391,kiemthugialap004@gmail.com,GET,/concerts/{id},4.817,200,ok,0,steady
1791234467.0590458,kiemthugialap072@gmail.com,GET,/orders/me,5.082,200,ok,0,steady
1791234467.0612762,kiemthugialap044@gmail.com,GET,/concerts,2.078,200,ok,0,steady
1791234467.1095748,kiemthugialap085@gmail.com,GET,/orders/me,5.371,200,ok,0,steady
1791234467.1254241,kiemthugialap019@gmail.com,GET,/orders/me,4.581,200,ok,0,steady
1791234467.1441097,kiemthugialap093@gmail.com,GET,/concerts/{id},5.128,200,ok,0,steady
1791234467.145425,kiemthugialap077@gmail.com,GET,/orders/me,6.715,200,ok,0,steady
1791234467.145929,kiemthugialap066@gmail.com,GET,/orders/me,8.202,200,ok,0,steady
1791234467.189447,kiemthugialap055@gmail.com,GET,/concerts?on_sale=true,18.26,200,ok,0,steady
1791234467.1908598,kiemthugialap035@gmail.com,GET,/orders/me,18.893,200,ok,0,steady
1791234467.2417161,kiemthugialap071@gmail.com,GET,/orders/me,36.401,200,ok,0,steady
1791234467.2422876,kiemthugialap053@gmail.com,GET,/orders/me,36.415,200,ok,0,steady
1791234467.2609537,kiemthugialap020@gmail.com,GET,/orders/me,6.042,200,ok,0,steady
1791234467.2778208,kiemthugialap064@gmail.com,GET,/orders/me,5.65,200,ok,0,steady
1791234467.278274,kiemthugialap022@gmail.com,GET,/orders/me,7.642,200,ok,0,steady
1791234467.2939267,kiemthugialap092@gmail.com,GET,/concerts/{id},5.291,200,ok,0,steady
1791234467.295386,kiemthugialap057@gmail.com,GET,/orders/me,7.728,200,ok,0,steady
1791234467.2968035,kiemthugialap032@gmail.com,GET,/concerts,2.635,200,ok,0,steady
1791234467.300011,kiemthugialap001@gmail.com,GET,/orders/me,3.085,200,ok,0,steady
1791234467.3087516,kiemthugialap087@gmail.com,GET,/concerts?on_sale=true,4.536,200,ok,0,steady
1791234467.3099349,kiemthugialap012@gmail.com,GET,/orders/me,4.83,200,ok,0,steady
1791234467.3275123,kiemthugialap089@gmail.com,GET,/orders/me,5.915,200,ok,0,steady
1791234467.3279798,kiemthugialap028@gmail.com,GET,/orders/me,7.493,200,ok,0,steady
1791234467.396606,kiemthugialap088@gmail.com,GET,/concerts?on_sale=true,8.713,200,ok,0,steady
1791234467.399438,kiemthugialap050@gmail.com,GET,/orders/me,10.504,200,ok,0,steady
1791234467.400863,kiemthugialap073@gmail.com,GET,/orders/me,5.819,200,ok,0,steady
1791234467.424906,kiemthugialap043@gmail.com,GET,/orders/me,4.717,200,ok,0,steady
1791234467.427661,kiemthugialap007@gmail.com,GET,/concerts/{id},2.561,200,ok,0,steady
1791234467.4609861,kiemthugialap068@gmail.com,GET,/concerts?on_sale=true,5.439,200,ok,0,steady
1791234467.461623,kiemthugialap014@gmail.com,GET,/orders/me,7.584,200,ok,0,steady
1791234467.462279,kiemthugialap026@gmail.com,GET,/orders/me,7.573,200,ok,0,steady
1791234467.4949205,kiemthugialap006@gmail.com,GET,/concerts?on_sale=true,6.835,200,ok,0,steady
1791234467.496588,kiemthugialap003@gmail.com,GET,/orders/me,8.18,200,ok,0,steady
1791234467.4974692,kiemthugialap095@gmail.com,GET,/orders/me,10.272,200,ok,0,steady
1791234467.5166767,kiemthugialap038@gmail.com,GET,/orders/me,6.648,200,ok,0,steady
1791234467.5176973,kiemthugialap081@gmail.com,GET,/orders/me,9.475,200,ok,0,steady
1791234467.5190291,kiemthugialap086@gmail.com,GET,/concerts/{id},2.163,200,ok,0,steady
1791234467.5422337,kiemthugialap097@gmail.com,GET,/concerts,5.798,200,ok,0,steady
1791234467.5433757,kiemthugialap090@gmail.com,GET,/orders/me,5.863,200,ok,0,steady
1791234467.5594008,kiemthugialap030@gmail.com,GET,/orders/me,4.929,200,ok,0,steady
1791234467.5626078,kiemthugialap058@gmail.com,GET,/orders/me,3.043,200,ok,0,steady
1791234467.611075,kiemthugialap046@gmail.com,GET,/concerts?on_sale=true,5.776,200,ok,0,steady
1791234467.6129584,kiemthugialap054@gmail.com,GET,/orders/me,8.82,200,ok,0,steady
1791234467.6139402,kiemthugialap051@gmail.com,GET,/orders/me,6.318,200,ok,0,steady
1791234467.6301033,kiemthugialap005@gmail.com,GET,/concerts/{id},9.81,200,ok,0,steady
1791234467.6315904,kiemthugialap017@gmail.com,GET,/orders/me,10.271,200,ok,0,steady
1791234467.631939,kiemthugialap096@gmail.com,GET,/orders/me,11.03,200,ok,0,steady
1791234467.6410186,kiemthugialap031@gmail.com,GET,/concerts,3.645,200,ok,0,steady
1791234467.6436868,kiemthugialap061@gmail.com,GET,/concerts?on_sale=true,2.51,200,ok,0,steady
1791234467.6608505,kiemthugialap059@gmail.com,GET,/concerts,5.864,200,ok,0,steady
1791234467.662596,kiemthugialap074@gmail.com,GET,/orders/me,8.551,200,ok,0,steady
1791234467.66564,kiemthugialap004@gmail.com,GET,/orders/me,4.489,200,ok,0,steady
1791234467.6764114,kiemthugialap021@gmail.com,GET,/orders/me,5.522,200,ok,0,steady
1791234467.71339,kiemthugialap011@gmail.com,GET,/orders/me,9.296,200,ok,0,steady
1791234467.7151866,kiemthugialap070@gmail.com,GET,/orders/me,12.156,200,ok,0,steady
1791234467.7182848,kiemthugialap066@gmail.com,GET,/orders/me,4.6,200,ok,0,steady
1791234467.744542,kiemthugialap094@gmail.com,GET,/orders/me,8.558,200,ok,0,steady
1791234467.7451391,kiemthugialap048@gmail.com,GET,/orders/me,8.43,200,ok,0,steady
1791234467.7454226,kiemthugialap036@gmail.com,GET,/orders/me,8.269,200,ok,0,steady
1791234467.779267,kiemthugialap084@gmail.com,GET,/concerts?on_sale=true,9.559,200,ok,0,steady
1791234467.7816377,kiemthugialap035@gmail.com,GET,/orders/me,11.69,200,ok,0,steady
1791234467.7820115,kiemthugialap075@gmail.com,GET,/orders/me,11.052,200,ok,0,steady
1791234467.7823284,kiemthugialap060@gmail.com,GET,/orders/me,13.159,200,ok,0,steady
1791234467.810952,kiemthugialap039@gmail.com,GET,/concerts?on_sale=true,7.497,200,ok,0,steady
1791234467.812659,kiemthugialap079@gmail.com,GET,/orders/me,8.41,200,ok,0,steady
1791234467.8130023,kiemthugialap069@gmail.com,GET,/orders/me,10.456,200,ok,0,steady
1791234467.815612,kiemthugialap077@gmail.com,GET,/concerts,4.018,200,ok,0,steady
1791234467.8166008,kiemthugialap010@gmail.com,GET,/orders/me,5.447,200,ok,0,steady
1791234467.8450975,kiemthugialap083@gmail.com,GET,/concerts?on_sale=true,7.023,200,ok,0,steady
1791234467.8460598,kiemthugialap087@gmail.com,GET,/orders/me,9.13,200,ok,0,steady
1791234467.8752773,kiemthugialap063@gmail.com,GET,/concerts/{id},5.753,200,ok,0,steady
1791234467.8910944,kiemthugialap067@gmail.com,GET,/orders/me,5.113,200,ok,0,steady
1791234467.8951209,kiemthugialap082@gmail.com,GET,/orders/me,3.796,200,ok,0,steady
1791234467.8979452,kiemthugialap029@gmail.com,GET,/orders/me,2.715,200,ok,0,steady
1791234467.9066277,kiemthugialap001@gmail.com,GET,/concerts?on_sale=true,3.767,200,ok,0,steady
1791234467.9257565,kiemthugialap041@gmail.com,GET,/orders/me,5.299,200,ok,0,steady
1791234467.9595149,kiemthugialap091@gmail.com,GET,/concerts,5.114,200,ok,0,steady
1791234467.9604504,kiemthugialap016@gmail.com,GET,/orders/me,5.125,200,ok,0,steady
1791234467.9663177,kiemthugialap007@gmail.com,GET,/orders/me,5.735,200,ok,0,steady
1791234467.9671717,kiemthugialap056@gmail.com,GET,/orders/me,5.777,200,ok,0,steady
1791234467.992051,kiemthugialap044@gmail.com,GET,/orders/me,4.891,200,ok,0,steady
1791234468.0261521,kiemthugialap076@gmail.com,GET,/orders/me,5.165,200,ok,0,steady
1791234468.042608,kiemthugialap023@gmail.com,GET,/concerts,4.224,200,ok,0,steady
1791234468.0772016,kiemthugialap026@gmail.com,GET,/concerts?on_sale=true,5.195,200,ok,0,steady
1791234468.0781405,kiemthugialap098@gmail.com,GET,/orders/me,7.157,200,ok,0,steady
1791234468.0804954,kiemthugialap078@gmail.com,GET,/orders/me,3.102,200,ok,0,steady
1791234468.0849068,kiemthugialap040@gmail.com,GET,/orders/me,4.273,200,ok,0,steady
1791234468.0927868,kiemthugialap058@gmail.com,GET,/orders/me,7.642,200,ok,0,steady
1791234468.1273317,kiemthugialap020@gmail.com,GET,/orders/me,5.505,200,ok,0,steady
1791234468.128271,kiemthugialap047@gmail.com,GET,/orders/me,7.738,200,ok,0,steady
1791234468.131528,kiemthugialap022@gmail.com,GET,/orders/me,4.037,200,ok,0,steady
1791234468.1324723,kiemthugialap057@gmail.com,GET,/orders/me,4.094,200,ok,0,steady
1791234468.1489756,kiemthugialap008@gmail.com,GET,/concerts?on_sale=true,5.538,200,ok,0,steady
1791234468.149875,kiemthugialap014@gmail.com,GET,/orders/me,7.735,200,ok,0,steady
1791234468.1802378,kiemthugialap019@gmail.com,GET,/orders/me,9.283,200,ok,0,steady
1791234468.1806965,kiemthugialap013@gmail.com,GET,/concerts?on_sale=true,7.336,200,ok,0,steady
1791234468.181038,kiemthugialap053@gmail.com,GET,/orders/me,8.452,200,ok,0,steady
1791234468.2086668,kiemthugialap006@gmail.com,GET,/orders/me,5.326,200,ok,0,steady
1791234468.2115154,kiemthugialap062@gmail.com,GET,/concerts?on_sale=true,2.644,200,ok,0,steady
1791234468.2618184,kiemthugialap071@gmail.com,GET,/concerts/{id},5.727,200,ok,0,steady
1791234468.2637444,kiemthugialap043@gmail.com,GET,/orders/me,8.016,200,ok,0,steady
1791234468.2641761,kiemthugialap002@gmail.com,GET,/orders/me,9.072,200,ok,0,steady
1791234468.2760012,kiemthugialap009@gmail.com,GET,/orders/me,5.996,200,ok,0,steady
1791234468.2794766,kiemthugialap055@gmail.com,GET,/orders/me,3.292,200,ok,0,steady
1791234468.292481,kiemthugialap025@gmail.com,GET,/orders/me,5.357,200,ok,0,steady
1791234468.2959466,kiemthugialap005@gmail.com,GET,/orders/me,3.256,200,ok,0,steady
1791234468.3275008,kiemthugialap024@gmail.com,GET,/orders/me,7.282,200,ok,0,steady
1791234468.331065,kiemthugialap099@gmail.com,GET,/orders/me,3.349,200,ok,0,steady
1791234468.3491786,kiemthugialap033@gmail.com,GET,/concerts,7.477,200,ok,0,steady
1791234468.3500626,kiemthugialap046@gmail.com,GET,/orders/me,7.633,200,ok,0,steady
1791234468.377091,kiemthugialap042@gmail.com,GET,/concerts?on_sale=true,5.832,200,ok,0,steady
1791234468.3785927,kiemthugialap093@gmail.com,GET,/orders/me,8.441,200,ok,0,steady
1791234468.3791227,kiemthugialap074@gmail.com,GET,/orders/me,6.866,200,ok,0,steady
1791234468.3931484,kiemthugialap021@gmail.com,GET,/orders/me,6.35,200,ok,0,steady
1791234468.3989725,kiemthugialap072@gmail.com,GET,/orders/me,5.582,200,ok,0,steady
1791234468.3998134,kiemthugialap030@gmail.com,GET,/concerts/{id},5.677,200,ok,0,steady
1791234468.4002647,kiemthugialap060@gmail.com,GET,/orders/me,5.809,200,ok,0,steady
1791234468.4079368,kiemthugialap010@gmail.com,GET,/orders/me,5.154,200,ok,0,steady
1791234468.4417162,kiemthugialap095@gmail.com,GET,/orders/me,4.606,200,ok,0,steady
1791234468.4578092,kiemthugialap034@gmail.com,GET,/orders/me,4.944,200,ok,0,steady
1791234468.4617043,kiemthugialap015@gmail.com,GET,/concerts/{id},3.683,200,ok,0,steady
1791234468.4927034,kiemthugialap049@gmail.com,GET,/orders/me,5.807,200,ok,0,steady
1791234468.5407403,kiemthugialap052@gmail.com,GET,/orders/me,18.885,200,ok,0,steady
1791234468.5411274,kiemthugialap011@gmail.com,GET,/orders/me,20.332,200,ok,0,steady
1791234468.5573914,kiemthugialap032@gmail.com,GET,/concerts/{id},4.139,200,ok,0,steady
1791234468.5753944,kiemthugialap003@gmail.com,GET,/concerts,3.386,200,ok,0,steady
1791234468.5924075,kiemthugialap081@gmail.com,GET,/orders/me,4.774,200,ok,0,steady
1791234468.6258926,kiemthugialap045@gmail.com,GET,/orders/me,4.773,200,ok,0,steady
1791234468.6282513,kiemthugialap094@gmail.com,GET,/concerts?on_sale=true,2.198,200,ok,0,steady
1791234468.6434925,kiemthugialap067@gmail.com,GET,/concerts/{id},5.055,200,ok,0,steady
1791234468.6448538,kiemthugialap092@gmail.com,GET,/orders/me,6.711,200,ok,0,steady
1791234468.6452665,kiemthugialap068@gmail.com,GET,/orders/me,7.939,200,ok,0,steady
1791234468.6946237,kiemthugialap035@gmail.com,GET,/concerts/{id},5.275,200,ok,0,steady
1791234468.6957772,kiemthugialap037@gmail.com,GET,/orders/me,7.07,200,ok,0,steady
1791234468.6987314,kiemthugialap082@gmail.com,GET,/orders/me,3.92,200,ok,0,steady
1791234468.701712,kiemthugialap054@gmail.com,GET,/orders/me,2.858,200,ok,0,steady
1791234468.7434866,kiemthugialap065@gmail.com,GET,/concerts/{id},4.664,200,ok,0,steady
1791234468.744558,kiemthugialap051@gmail.com,GET,/orders/me,6.853,200,ok,0,steady
1791234468.778338,kiemthugialap038@gmail.com,GET,/orders/me,6.429,200,ok,0,steady
1791234468.7787945,kiemthugialap039@gmail.com,GET,/orders/me,8.012,200,ok,0,steady
1791234468.7944946,kiemthugialap100@gmail.com,GET,/concerts,5.815,200,ok,0,steady
1791234468.7956398,kiemthugialap097@gmail.com,GET,/concerts?on_sale=true,5.766,200,ok,0,steady
1791234468.7969103,kiemthugialap080@gmail.com,GET,/orders/me,8.927,200,ok,0,steady
1791234468.7989888,kiemthugialap018@gmail.com,GET,/orders/me,4.305,200,ok,0,steady
1791234468.801883,kiemthugialap075@gmail.com,GET,/orders/me,2.748,200,ok,0,steady
1791234468.859635,kiemthugialap053@gmail.com,GET,/orders/me,6.836,200,ok,0,steady
1791234468.8636851,kiemthugialap078@gmail.com,GET,/orders/me,3.801,200,ok,0,steady
1791234468.8948245,kiemthugialap016@gmail.com,GET,/orders/me,7.124,200,ok,0,steady
1791234468.9008307,kiemthugialap096@gmail.com,GET,/orders/me,4.85,200,ok,0,steady
1791234468.9012256,kiemthugialap084@gmail.com,GET,/orders/me,6.176,200,ok,0,steady
1791234468.9435499,kiemthugialap027@gmail.com,GET,/concerts/{id},6.795,200,ok,0,steady
1791234468.9451075,kiemthugialap033@gmail.com,GET,/orders/me,8.93,200,ok,0,steady
1791234468.945489,kiemthugialap025@gmail.com,GET,/orders/me,8.516,200,ok,0,steady
1791234468.9511347,kiemthugialap044@gmail.com,GET,/concerts,5.505,200,ok,0,steady
1791234468.9518933,kiemthugialap020@gmail.com,GET,/orders/me,8.082,200,ok,0,steady
1791234468.9536889,kiemthugialap005@gmail.com,GET,/orders/me,7.426,200,ok,0,steady
1791234468.9769073,kiemthugialap015@gmail.com,GET,/orders/me,7.498,200,ok,0,steady
1791234468.990299,kiemthugialap085@gmail.com,GET,/orders/me,4.436,200,ok,0,steady
1791234469.0127697,kiemthugialap013@gmail.com,GET,/concerts?on_sale=true,7.639,200,ok,0,steady
1791234469.0149593,kiemthugialap049@gmail.com,GET,/orders/me,10.583,200,ok,0,steady
1791234469.0153544,kiemthugialap028@gmail.com,GET,/orders/me,9.897,200,ok,0,steady
1791234469.016542,kiemthugialap064@gmail.com,GET,/concerts?on_sale=true,3.503,200,ok,0,steady
1791234469.0429611,kiemthugialap050@gmail.com,GET,/orders/me,6.521,200,ok,0,steady
1791234469.0434375,kiemthugialap089@gmail.com,GET,/orders/me,7.647,200,ok,0,steady
1791234469.0583966,kiemthugialap098@gmail.com,GET,/concerts?on_sale=true,5.75,200,ok,0,steady
1791234469.0602689,kiemthugialap088@gmail.com,GET,/orders/me,5.433,200,ok,0,steady
1791234469.0623007,kiemthugialap090@gmail.com,GET,/orders/me,3.766,200,ok,0,steady
1791234469.0926967,kiemthugialap029@gmail.com,GET,/orders/me,6.493,200,ok,0,steady
1791234469.0954747,kiemthugialap036@gmail.com,GET,/concerts/{id},2.568,200,ok,0,steady
1791234469.1271105,kiemthugialap070@gmail.com,GET,/orders/me,6.77,200,ok,0,steady
1791234469.1303792,kiemthugialap072@gmail.com,GET,/concerts?on_sale=true,3.061,200,ok,0,steady
1791234469.1792614,kiemthugialap066@gmail.com,GET,/orders/me,8.188,200,ok,0,steady
1791234469.1838708,kiemthugialap071@gmail.com,GET,/orders/me,4.412,200,ok,0,steady
1791234469.2110224,kiemthugialap007@gmail.com,GET,/concerts/{id},5.474,200,ok,0,steady
1791234469.2131152,kiemthugialap034@gmail.com,GET,/orders/me,7.311,200,ok,0,steady
1791234469.2134771,kiemthugialap067@gmail.com,GET,/orders/me,8.957,200,ok,0,steady
1791234469.215356,kiemthugialap021@gmail.com,GET,/concerts,4.177,200,ok,0,steady
1791234469.2171714,kiemthugialap079@gmail.com,GET,/orders/me,3.573,200,ok,0,steady
1791234469.243126,kiemthugialap057@gmail.com,GET,/orders/me,4.86,200,ok,0,steady
1791234469.246433,kiemthugialap093@gmail.com,GET,/orders/me,3.154,200,ok,0,steady
1791234469.277379,kiemthugialap012@gmail.com,GET,/concerts/{id},5.546,200,ok,0,steady
1791234469.2795,kiemthugialap076@gmail.com,GET,/orders/me,6.857,200,ok,0,steady
1791234469.2798653,kiemthugialap069@gmail.com,GET,/orders/me,8.998,200,ok,0,steady
1791234469.281117,kiemthugialap074@gmail.com,GET,/concerts/{id},3.58,200,ok,0,steady
1791234469.2841582,kiemthugialap063@gmail.com,GET,/orders/me,2.922,200,ok,0,steady
1791234469.287528,kiemthugialap099@gmail.com,GET,/orders/me,3.24,200,ok,0,steady
1791234469.2947638,kiemthugialap001@gmail.com,GET,/orders/me,6.255,200,ok,0,steady
1791234469.295749,kiemthugialap073@gmail.com,GET,/orders/me,8.066,200,ok,0,steady
1791234469.2977462,kiemthugialap058@gmail.com,GET,/orders/me,2.833,200,ok,0,steady
1791234469.316317,kiemthugialap017@gmail.com,GET,/orders/me,6.766,200,ok,0,steady
1791234469.3586245,kiemthugialap048@gmail.com,GET,/concerts/{id},21.077,200,ok,0,steady
1791234469.360672,kiemthugialap023@gmail.com,GET,/concerts,6.683,200,ok,0,steady
1791234469.3612046,kiemthugialap047@gmail.com,GET,/orders/me,22.552,200,ok,0,steady
1791234469.3931592,kiemthugialap086@gmail.com,GET,/orders/me,6.803,200,ok,0,steady
1791234469.3979154,kiemthugialap019@gmail.com,GET,/orders/me,4.552,200,ok,0,steady
1791234469.442564,kiemthugialap068@gmail.com,GET,/orders/me,4.879,200,ok,0,steady
1791234469.4472268,kiemthugialap061@gmail.com,GET,/orders/me,4.513,200,ok,0,steady
1791234469.4480975,kiemthugialap043@gmail.com,GET,/orders/me,4.815,200,ok,0,steady
1791234469.450456,kiemthugialap016@gmail.com,GET,/orders/me,3.113,200,ok,0,steady
1791234469.4538732,kiemthugialap035@gmail.com,GET,/orders/me,3.261,200,ok,0,steady
1791234469.5104172,kiemthugialap056@gmail.com,GET,/orders/me,5.767,200,ok,0,steady
1791234469.5264728,kiemthugialap004@gmail.com,GET,/concerts?on_sale=true,5.08,200,ok,0,steady
1791234469.527456,kiemthugialap041@gmail.com,GET,/orders/me,5.508,200,ok,0,steady
1791234469.5427852,kiemthugialap031@gmail.com,GET,/concerts/{id},4.435,200,ok,0,steady
1791234469.5620441,kiemthugialap094@gmail.com,GET,/orders/me,7.326,200,ok,0,steady
1791234469.5632267,kiemthugialap062@gmail.com,GET,/orders/me,7.483,200,ok,0,steady
1791234469.5647163,kiemthugialap077@gmail.com,GET,/concerts/{id},2.464,200,ok,0,steady
1791234469.6124725,kiemthugialap065@gmail.com,GET,/concerts,6.946,200,ok,0,steady
1791234469.613099,kiemthugialap006@gmail.com,GET,/orders/me,8.684,200,ok,0,steady
1791234469.6446962,kiemthugialap026@gmail.com,GET,/concerts,5.103,200,ok,0,steady
1791234469.645289,kiemthugialap059@gmail.com,GET,/concerts?on_sale=true,6.663,200,ok,0,steady
1791234469.6464124,kiemthugialap087@gmail.com,GET,/orders/me,6.055,200,ok,0,steady
1791234469.6600912,kiemthugialap060@gmail.com,GET,/concerts,5.047,200,ok,0,steady
1791234469.6611211,kiemthugialap022@gmail.com,GET,/orders/me,7.203,200,ok,0,steady
1791234469.710618,kiemthugialap032@gmail.com,GET,/concerts,6.052,200,ok,0,steady
1791234469.711664,kiemthugialap083@gmail.com,GET,/orders/me,5.772,200,ok,0,steady
1791234469.7617252,kiemthugialap072@gmail.com,GET,/orders/me,6.237,200,ok,0,steady
1791234469.7621238,kiemthugialap042@gmail.com,GET,/orders/me,6.036,200,ok,0,steady
1791234469.7919102,kiemthugialap037@gmail.com,GET,/orders/me,4.908,200,ok,0,steady
1791234469.809928,kiemthugialap071@gmail.com,GET,/orders/me,6.026,200,ok,0,steady
1791234469.8280232,kiemthugialap014@gmail.com,GET,/orders/me,7.252,200,ok,0,steady
1791234469.8285067,kiemthugialap029@gmail.com,GET,/orders/me,6.609,200,ok,0,steady
1791234469.8322046,kiemthugialap036@gmail.com,GET,/orders/me,3.575,200,ok,0,steady
1791234469.841809,kiemthugialap001@gmail.com,GET,/orders/me,4.982,200,ok,0,steady
1791234469.8489091,kiemthugialap091@gmail.com,GET,/orders/me,6.713,200,ok,0,steady
1791234469.8493254,kiemthugialap008@gmail.com,GET,/orders/me,5.432,200,ok,0,steady
1791234469.858962,kiemthugialap045@gmail.com,GET,/concerts/{id},4.895,200,ok,0,steady
1791234469.8619769,kiemthugialap018@gmail.com,GET,/concerts/{id},2.824,200,ok,0,steady
1791234469.876408,kiemthugialap064@gmail.com,GET,/orders/me,5.242,200,ok,0,steady
1791234469.8822465,kiemthugialap095@gmail.com,GET,/orders/me,5.608,200,ok,0,steady
1791234469.8826764,kiemthugialap100@gmail.com,GET,/orders/me,5.563,200,ok,0,steady
1791234469.9077075,kiemthugialap028@gmail.com,GET,/orders/me,5.104,200,ok,0,steady
1791234469.910941,kiemthugialap046@gmail.com,GET,/orders/me,3.094,200,ok,0,steady
1791234469.9247682,kiemthugialap069@gmail.com,GET,/orders/me,4.553,200,ok,0,steady
1791234469.9448884,kiemthugialap039@gmail.com,GET,/orders/me,7.872,200,ok,0,steady
1791234469.9453132,kiemthugialap088@gmail.com,GET,/orders/me,7.233,200,ok,0,steady
1791234469.9456112,kiemthugialap085@gmail.com,GET,/orders/me,7.841,200,ok,0,steady
1791234469.9773905,kiemthugialap003@gmail.com,GET,/concerts,4.805,200,ok,0,steady
1791234469.9828227,kiemthugialap009@gmail.com,GET,/orders/me,9.381,200,ok,0,steady
1791234469.9849343,kiemthugialap096@gmail.com,GET,/orders/me,7.299,200,ok,0,steady
1791234470.0104249,kiemthugialap024@gmail.com,GET,/orders/me,7.711,200,ok,0,steady
1791234470.044563,kiemthugialap078@gmail.com,GET,/orders/me,8.503,200,ok,0,steady
1791234470.0815852,kiemthugialap040@gmail.com,GET,/orders/me,18.619,200,ok,0,steady
1791234470.0857706,kiemthugialap025@gmail.com,GET,/concerts,3.93,200,ok,0,steady
1791234470.1103375,kiemthugialap049@gmail.com,GET,/orders/me,7.881,200,ok,0,steady
1791234470.115297,kiemthugialap073@gmail.com,GET,/concerts?on_sale=true,4.048,200,ok,0,steady
1791234470.1157713,kiemthugialap016@gmail.com,GET,/concerts/{id},5.176,200,ok,0,steady
1791234470.1433995,kiemthugialap055@gmail.com,GET,/orders/me,6.873,200,ok,0,steady
1791234470.1446042,kiemthugialap033@gmail.com,GET,/orders/me,8.688,200,ok,0,steady
1791234470.147069,kiemthugialap080@gmail.com,GET,/orders/me,3.493,200,ok,0,steady
1791234470.150095,kiemthugialap092@gmail.com,GET,/orders/me,2.879,200,ok,0,steady
1791234470.1608796,kiemthugialap034@gmail.com,GET,/orders/me,4.58,200,ok,0,steady
1791234470.2311475,kiemthugialap089@gmail.com,GET,/orders/me,11.46,200,ok,0,steady
1791234470.231764,kiemthugialap074@gmail.com,GET,/orders/me,10.381,200,ok,0,steady
1791234470.232327,kiemthugialap002@gmail.com,GET,/orders/me,11.44,200,ok,0,steady
1791234470.2576213,kiemthugialap005@gmail.com,GET,/concerts,4.39,200,ok,0,steady
1791234470.2927268,kiemthugialap048@gmail.com,GET,/orders/me,4.75,200,ok,0,steady
1791234470.2958217,kiemthugialap010@gmail.com,GET,/orders/me,2.95,200,ok,0,steady
1791234470.2986515,kiemthugialap093@gmail.com,GET,/orders/me,2.716,200,ok,0,steady
1791234470.3059971,kiemthugialap098@gmail.com,GET,/concerts,3.171,200,ok,0,steady
1791234470.3428695,kiemthugialap094@gmail.com,GET,/concerts/{id},3.958,200,ok,0,steady
1791234470.3440263,kiemthugialap021@gmail.com,GET,/orders/me,7.039,200,ok,0,steady
1791234470.3767514,kiemthugialap045@gmail.com,GET,/concerts/{id},4.376,200,ok,0,steady
1791234470.3777409,kiemthugialap031@gmail.com,GET,/orders/me,6.819,200,ok,0,steady
1791234470.3935611,kiemthugialap056@gmail.com,GET,/orders/me,4.685,200,ok,0,steady
1791234470.399221,kiemthugialap047@gmail.com,GET,/orders/me,5.055,200,ok,0,steady
1791234470.3996363,kiemthugialap030@gmail.com,GET,/orders/me,5.889,200,ok,0,steady
1791234470.457383,kiemthugialap067@gmail.com,GET,/concerts?on_sale=true,19.156,200,ok,0,steady
1791234470.4579003,kiemthugialap044@gmail.com,GET,/concerts?on_sale=true,19.06,200,ok,0,steady
1791234470.4805555,kiemthugialap051@gmail.com,GET,/concerts,6.697,200,ok,0,steady
1791234470.482033,kiemthugialap011@gmail.com,GET,/concerts?on_sale=true,10.137,200,ok,0,steady
1791234470.4853528,kiemthugialap064@gmail.com,GET,/orders/me,14.484,200,ok,0,steady
1791234470.4857712,kiemthugialap050@gmail.com,GET,/orders/me,13.506,200,ok,0,steady
1791234470.4878113,kiemthugialap038@gmail.com,GET,/orders/me,7.014,200,ok,0,steady
1791234470.4894476,kiemthugialap081@gmail.com,GET,/orders/me,5.828,200,ok,0,steady
1791234470.5104687,kiemthugialap054@gmail.com,GET,/concerts,4.44,200,ok,0,steady
1791234470.5114925,kiemthugialap026@gmail.com,GET,/orders/me,6.122,200,ok,0,steady
1791234470.5323288,kiemthugialap052@gmail.com,GET,/orders/me,11.445,200,ok,0,steady
1791234470.53293,kiemthugialap043@gmail.com,GET,/orders/me,11.511,200,ok,0,steady
1791234470.5335627,kiemthugialap022@gmail.com,GET,/concerts,10.074,200,ok,0,steady
1791234470.5348184,kiemthugialap077@gmail.com,GET,/orders/me,11.976,200,ok,0,steady
1791234470.560059,kiemthugialap004@gmail.com,GET,/orders/me,6.18,200,ok,0,steady
1791234470.593835,kiemthugialap086@gmail.com,GET,/concerts?on_sale=true,6.096,200,ok,0,steady
1791234470.5942054,kiemthugialap013@gmail.com,GET,/concerts?on_sale=true,5.365,200,ok,0,steady
1791234470.6098268,kiemthugialap082@gmail.com,GET,/orders/me,4.542,200,ok,0,steady
1791234470.6128936,kiemthugialap014@gmail.com,GET,/orders/me,2.93,200,ok,0,steady
1791234470.6442776,kiemthugialap075@gmail.com,GET,/concerts,5.173,200,ok,0,steady
1791234470.646112,kiemthugialap084@gmail.com,GET,/orders/me,8.244,200,ok,0,steady
1791234470.6465135,kiemthugialap063@gmail.com,GET,/orders/me,7.71,200,ok,0,steady
1791234470.6483302,kiemthugialap041@gmail.com,GET,/orders/me,3.918,200,ok,0,steady
1791234470.6773689,kiemthugialap053@gmail.com,GET,/orders/me,6.535,200,ok,0,steady
1791234470.694554,kiemthugialap019@gmail.com,GET,/concerts,7.494,200,ok,0,steady
1791234470.695136,kiemthugialap088@gmail.com,GET,/concerts,6.18,200,ok,0,steady
1791234470.6958046,kiemthugialap058@gmail.com,GET,/orders/me,7.687,200,ok,0,steady
1791234470.7292585,kiemthugialap097@gmail.com,GET,/concerts?on_sale=true,6.743,200,ok,0,steady
1791234470.729755,kiemthugialap095@gmail.com,GET,/orders/me,7.92,200,ok,0,steady
1791234470.7300992,kiemthugialap018@gmail.com,GET,/orders/me,6.637,200,ok,0,steady
1791234470.7324965,kiemthugialap027@gmail.com,GET,/concerts/{id},2.266,200,ok,0,steady
1791234470.7596776,kiemthugialap061@gmail.com,GET,/orders/me,4.635,200,ok,0,steady
1791234470.796422,kiemthugialap002@gmail.com,GET,/concerts/{id},6.655,200,ok,0,steady
1791234470.7999296,kiemthugialap046@gmail.com,GET,/orders/me,11.096,200,ok,0,steady
1791234470.8005404,kiemthugialap090@gmail.com,GET,/orders/me,10.176,200,ok,0,steady
1791234470.8015823,kiemthugialap065@gmail.com,GET,/orders/me,13.818,200,ok,0,steady
1791234470.8031476,kiemthugialap012@gmail.com,GET,/orders/me,6.537,200,ok,0,steady
1791234470.8159401,kiemthugialap076@gmail.com,GET,/concerts?on_sale=true,6.213,200,ok,0,steady
1791234470.825492,kiemthugialap039@gmail.com,GET,/orders/me,8.857,200,ok,0,steady
1791234470.8259304,kiemthugialap020@gmail.com,GET,/orders/me,8.553,200,ok,0,steady
1791234470.826253,kiemthugialap016@gmail.com,GET,/orders/me,10.134,200,ok,0,steady
1791234470.8281407,kiemthugialap023@gmail.com,GET,/orders/me,7.601,200,ok,0,steady
1791234470.8432577,kiemthugialap100@gmail.com,GET,/orders/me,5.846,200,ok,0,steady
1791234470.859769,kiemthugialap070@gmail.com,GET,/concerts/{id},4.363,200,ok,0,steady
1791234470.8609192,kiemthugialap099@gmail.com,GET,/orders/me,6.73,200,ok,0,steady
1791234470.8761168,kiemthugialap017@gmail.com,GET,/orders/me,5.125,200,ok,0,steady
1791234470.893814,kiemthugialap035@gmail.com,GET,/orders/me,5.994,200,ok,0,steady
1791234470.9131176,kiemthugialap068@gmail.com,GET,/orders/me,5.335,200,ok,0,steady
1791234470.960395,kiemthugialap079@gmail.com,GET,/concerts/{id},4.404,200,ok,0,steady
1791234470.9615052,kiemthugialap029@gmail.com,GET,/orders/me,7.236,200,ok,0,steady
1791234470.9774494,kiemthugialap008@gmail.com,GET,/concerts?on_sale=true,6.404,200,ok,0,steady
1791234470.9787889,kiemthugialap066@gmail.com,GET,/orders/me,6.715,200,ok,0,steady
1791234470.979221,kiemthugialap015@gmail.com,GET,/orders/me,7.394,200,ok,0,steady
1791234471.0252244,kiemthugialap059@gmail.com,GET,/concerts/{id},3.98,200,ok,0,steady
1791234471.0429237,kiemthugialap021@gmail.com,GET,/orders/me,5.899,200,ok,0,steady
1791234471.0463822,kiemthugialap030@gmail.com,GET,/orders/me,3.211,200,ok,0,steady
1791234471.0929596,kiemthugialap034@gmail.com,GET,/concerts/{id},4.144,200,ok,0,steady
1791234471.095296,kiemthugialap089@gmail.com,GET,/concerts/{id},2.19,200,ok,0,steady
1791234471.124488,kiemthugialap052@gmail.com,GET,/orders/me,20.383,200,ok,0,steady
1791234471.1249237,kiemthugialap001@gmail.com,GET,/orders/me,19.318,200,ok,0,steady
1791234471.1400874,kiemthugialap083@gmail.com,GET,/concerts,19.849,200,ok,0,steady
1791234471.1405272,kiemthugialap006@gmail.com,GET,/concerts/{id},19.507,200,ok,0,steady
1791234471.1419382,kiemthugialap037@gmail.com,GET,/orders/me,20.47,200,ok,0,steady
1791234471.159856,kiemthugialap096@gmail.com,GET,/orders/me,6.327,200,ok,0,steady
1791234471.1960971,kiemthugialap032@gmail.com,GET,/concerts/{id},8.41,200,ok,0,steady
1791234471.1981318,kiemthugialap057@gmail.com,GET,/orders/me,10.097,200,ok,0,steady
1791234471.1985404,kiemthugialap036@gmail.com,GET,/orders/me,11.584,200,ok,0,steady
1791234471.2005002,kiemthugialap007@gmail.com,GET,/orders/me,4.22,200,ok,0,steady
1791234471.2441874,kiemthugialap003@gmail.com,GET,/orders/me,6.38,200,ok,0,steady
1791234471.2599547,kiemthugialap055@gmail.com,GET,/orders/me,7.07,200,ok,0,steady
1791234471.30762,kiemthugialap044@gmail.com,GET,/orders/me,5.12,200,ok,0,steady
1791234471.3262954,kiemthugialap014@gmail.com,GET,/orders/me,6.787,200,ok,0,steady
1791234471.3483667,kiemthugialap093@gmail.com,GET,/orders/me,7.429,200,ok,0,steady
1791234471.3589783,kiemthugialap062@gmail.com,GET,/concerts,4.821,200,ok,0,steady
1791234471.3921402,kiemthugialap099@gmail.com,GET,/concerts?on_sale=true,6.109,200,ok,0,steady
1791234471.3939388,kiemthugialap086@gmail.com,GET,/orders/me,6.766,200,ok,0,steady
1791234471.4251983,kiemthugialap053@gmail.com,GET,/concerts,5.609,200,ok,0,steady
1791234471.4255624,kiemthugialap072@gmail.com,GET,/concerts?on_sale=true,4.878,200,ok,0,steady
1791234471.4770012,kiemthugialap091@gmail.com,GET,/concerts/{id},4.918,200,ok,0,steady
1791234471.47856,kiemthugialap060@gmail.com,GET,/orders/me,7.415,200,ok,0,steady
1791234471.4789062,kiemthugialap042@gmail.com,GET,/orders/me,7.099,200,ok,0,steady
1791234471.4929733,kiemthugialap056@gmail.com,GET,/orders/me,5.493,200,ok,0,steady
1791234471.5288358,kiemthugialap071@gmail.com,GET,/concerts?on_sale=true,8.34,200,ok,0,steady
1791234471.5298839,kiemthugialap090@gmail.com,GET,/concerts?on_sale=true,8.805,200,ok,0,steady
1791234471.5302505,kiemthugialap009@gmail.com,GET,/concerts/{id},8.872,200,ok,0,steady
1791234471.5319855,kiemthugialap075@gmail.com,GET,/orders/me,10.225,200,ok,0,steady
1791234471.5335987,kiemthugialap049@gmail.com,GET,/orders/me,4.568,200,ok,0,steady
1791234471.5358322,kiemthugialap015@gmail.com,GET,/orders/me,3.663,200,ok,0,steady
1791234471.550673,kiemthugialap078@gmail.com,GET,/concerts/{id},6.611,200,ok,0,steady
1791234471.579681,kiemthugialap070@gmail.com,GET,/concerts/{id},6.825,200,ok,0,steady
1791234471.581378,kiemthugialap085@gmail.com,GET,/orders/me,10.428,200,ok,0,steady
1791234471.5818946,kiemthugialap040@gmail.com,GET,/orders/me,9.694,200,ok,0,steady
1791234471.6104202,kiemthugialap051@gmail.com,GET,/orders/me,6.274,200,ok,0,steady
1791234471.6629832,kiemthugialap087@gmail.com,GET,/orders/me,8.441,200,ok,0,steady
1791234471.663536,kiemthugialap028@gmail.com,GET,/orders/me,10.28,200,ok,0,steady
1791234471.6638777,kiemthugialap068@gmail.com,GET,/orders/me,9.716,200,ok,0,steady
1791234471.678382,kiemthugialap063@gmail.com,GET,/orders/me,6.664,200,ok,0,steady
1791234471.6794217,kiemthugialap082@gmail.com,GET,/orders/me,7.162,200,ok,0,steady
1791234471.6814363,kiemthugialap001@gmail.com,GET,/orders/me,2.87,200,ok,0,steady
1791234471.708907,kiemthugialap025@gmail.com,GET,/concerts/{id},4.487,200,ok,0,steady
1791234471.7100258,kiemthugialap026@gmail.com,GET,/orders/me,6.668,200,ok,0,steady
1791234471.7266238,kiemthugialap067@gmail.com,GET,/orders/me,5.756,200,ok,0,steady
1791234471.7432177,kiemthugialap050@gmail.com,GET,/concerts,5.157,200,ok,0,steady
1791234471.744157,kiemthugialap023@gmail.com,GET,/orders/me,5.1,200,ok,0,steady
1791234471.7653503,kiemthugialap089@gmail.com,GET,/concerts,9.497,200,ok,0,steady
1791234471.7691858,kiemthugialap004@gmail.com,GET,/orders/me,14.876,200,ok,0,steady
1791234471.7721424,kiemthugialap100@gmail.com,GET,/concerts,12.014,200,ok,0,steady
1791234471.7740107,kiemthugialap011@gmail.com,GET,/orders/me,17.073,200,ok,0,steady
1791234471.776457,kiemthugialap080@gmail.com,GET,/orders/me,16.942,200,ok,0,steady
1791234471.779356,kiemthugialap033@gmail.com,GET,/orders/me,13.758,200,ok,0,steady
1791234471.7804408,kiemthugialap010@gmail.com,GET,/orders/me,14.198,200,ok,0,steady
1791234471.7819908,kiemthugialap073@gmail.com,GET,/orders/me,7.767,200,ok,0,steady
1791234471.784027,kiemthugialap017@gmail.com,GET,/orders/me,4.54,200,ok,0,steady
1791234471.7859287,kiemthugialap027@gmail.com,GET,/orders/me,3.811,200,ok,0,steady
1791234471.825814,kiemthugialap069@gmail.com,GET,/orders/me,5.076,200,ok,0,steady
1791234471.8434007,kiemthugialap046@gmail.com,GET,/orders/me,5.357,200,ok,0,steady
1791234471.8757408,kiemthugialap008@gmail.com,GET,/concerts?on_sale=true,3.642,200,ok,0,steady
1791234471.9267533,kiemthugialap092@gmail.com,GET,/concerts/{id},4.435,200,ok,0,steady
1791234471.9277852,kiemthugialap016@gmail.com,GET,/orders/me,6.762,200,ok,0,steady
1791234471.9425757,kiemthugialap006@gmail.com,GET,/concerts?on_sale=true,4.125,200,ok,0,steady
1791234471.9478464,kiemthugialap024@gmail.com,GET,/orders/me,5.085,200,ok,0,steady
1791234471.959201,kiemthugialap077@gmail.com,GET,/concerts?on_sale=true,3.758,200,ok,0,steady
1791234471.9620142,kiemthugialap064@gmail.com,GET,/concerts,2.593,200,ok,0,steady
1791234471.9940739,kiemthugialap055@gmail.com,GET,/concerts?on_sale=true,6.322,200,ok,0,steady
1791234471.9950469,kiemthugialap061@gmail.com,GET,/orders/me,8.181,200,ok,0,steady
1791234472.0084577,kiemthugialap045@gmail.com,GET,/orders/me,5.545,200,ok,0,steady
1791234472.0248837,kiemthugialap043@gmail.com,GET,/orders/me,4.741,200,ok,0,steady
1791234472.0450332,kiemthugialap097@gmail.com,GET,/orders/me,6.697,200,ok,0,steady
1791234472.045488,kiemthugialap031@gmail.com,GET,/orders/me,7.988,200,ok,0,steady
1791234472.0806086,kiemthugialap058@gmail.com,GET,/orders/me,9.498,200,ok,0,steady
1791234472.081139,kiemthugialap074@gmail.com,GET,/orders/me,9.057,200,ok,0,steady
1791234472.0814755,kiemthugialap005@gmail.com,GET,/orders/me,8.932,200,ok,0,steady
1791234472.145336,kiemthugialap098@gmail.com,GET,/orders/me,7.796,200,ok,0,steady
1791234472.1457548,kiemthugialap099@gmail.com,GET,/orders/me,7.138,200,ok,0,steady
1791234472.183322,kiemthugialap096@gmail.com,GET,/concerts,11.166,200,ok,0,steady
1791234472.1856868,kiemthugialap038@gmail.com,GET,/orders/me,14.851,200,ok,0,steady
1791234472.1883328,kiemthugialap047@gmail.com,GET,/orders/me,16.684,200,ok,0,steady
1791234472.1951196,kiemthugialap039@gmail.com,GET,/orders/me,11.378,200,ok,0,steady
1791234472.2166588,kiemthugialap036@gmail.com,GET,/orders/me,12.536,200,ok,0,steady
1791234472.2189107,kiemthugialap095@gmail.com,GET,/orders/me,13.445,200,ok,0,steady
1791234472.2400398,kiemthugialap020@gmail.com,GET,/concerts?on_sale=true,23.137,200,ok,0,steady
1791234472.2423656,kiemthugialap091@gmail.com,GET,/orders/me,24.898,200,ok,0,steady
1791234472.2432933,kiemthugialap094@gmail.com,GET,/orders/me,6.106,200,ok,0,steady
1791234472.2782326,kiemthugialap062@gmail.com,GET,/orders/me,8.879,200,ok,0,steady
1791234472.2786298,kiemthugialap035@gmail.com,GET,/orders/me,8.086,200,ok,0,steady
1791234472.2789645,kiemthugialap088@gmail.com,GET,/orders/me,8.687,200,ok,0,steady
1791234472.2917638,kiemthugialap048@gmail.com,GET,/orders/me,4.335,200,ok,0,steady
1791234472.3110194,kiemthugialap049@gmail.com,GET,/concerts/{id},6.936,200,ok,0,steady
1791234472.3132484,kiemthugialap018@gmail.com,GET,/orders/me,10.168,200,ok,0,steady
1791234472.3175137,kiemthugialap083@gmail.com,GET,/concerts,6.122,200,ok,0,steady
1791234472.320795,kiemthugialap010@gmail.com,GET,/orders/me,7.324,200,ok,0,steady
1791234472.324587,kiemthugialap002@gmail.com,GET,/orders/me,5.115,200,ok,0,steady
1791234472.345389,kiemthugialap019@gmail.com,GET,/orders/me,8.966,200,ok,0,steady
1791234472.3475945,kiemthugialap054@gmail.com,GET,/orders/me,9.303,200,ok,0,steady
1791234472.3480763,kiemthugialap001@gmail.com,GET,/orders/me,10.817,200,ok,0,steady
1791234472.350346,kiemthugialap022@gmail.com,GET,/orders/me,4.59,200,ok,0,steady
1791234472.3747385,kiemthugialap041@gmail.com,GET,/concerts?on_sale=true,4.428,200,ok,0,steady
1791234472.4592283,kiemthugialap081@gmail.com,GET,/orders/me,5.625,200,ok,0,steady
1791234472.477023,kiemthugialap076@gmail.com,GET,/concerts/{id},7.192,200,ok,0,steady
1791234472.4774811,kiemthugialap037@gmail.com,GET,/concerts/{id},6.646,200,ok,0,steady
1791234472.478619,kiemthugialap084@gmail.com,GET,/orders/me,6.697,200,ok,0,steady
1791234472.49173,kiemthugialap030@gmail.com,GET,/concerts,4.565,200,ok,0,steady
1791234472.492773,kiemthugialap070@gmail.com,GET,/orders/me,6.575,200,ok,0,steady
1791234472.5109935,kiemthugialap013@gmail.com,GET,/orders/me,7.186,200,ok,0,steady
1791234472.5122342,kiemthugialap009@gmail.com,GET,/orders/me,7.909,200,ok,0,steady
1791234472.514333,kiemthugialap042@gmail.com,GET,/orders/me,3.144,200,ok,0,steady
1791234472.5232766,kiemthugialap057@gmail.com,GET,/concerts?on_sale=true,3.728,200,ok,0,steady
1791234472.5460758,kiemthugialap100@gmail.com,GET,/concerts/{id},8.38,200,ok,0,steady
1791234472.5480735,kiemthugialap004@gmail.com,GET,/orders/me,11.113,200,ok,0,steady
1791234472.5485744,kiemthugialap087@gmail.com,GET,/orders/me,10.512,200,ok,0,steady
1791234472.5779276,kiemthugialap006@gmail.com,GET,/concerts,6.629,200,ok,0,steady
1791234472.5794158,kiemthugialap078@gmail.com,GET,/orders/me,8.746,200,ok,0,steady
1791234472.5797827,kiemthugialap059@gmail.com,GET,/orders/me,10.271,200,ok,0,steady
1791234472.5831153,kiemthugialap092@gmail.com,GET,/orders/me,4.919,200,ok,0,steady
1791234472.5876892,kiemthugialap063@gmail.com,GET,/orders/me,4.38,200,ok,0,steady
1791234472.6110854,kiemthugialap012@gmail.com,GET,/orders/me,6.755,200,ok,0,steady
1791234472.6276567,kiemthugialap015@gmail.com,GET,/concerts,6.491,200,ok,0,steady
1791234472.6308615,kiemthugialap079@gmail.com,GET,/orders/me,11.046,200,ok,0,steady
1791234472.6335378,kiemthugialap082@gmail.com,GET,/orders/me,5.616,200,ok,0,steady
1791234472.6645515,kiemthugialap093@gmail.com,GET,/concerts?on_sale=true,11.264,200,ok,0,steady
1791234472.6651597,kiemthugialap021@gmail.com,GET,/concerts,10.765,200,ok,0,steady
1791234472.666798,kiemthugialap065@gmail.com,GET,/orders/me,10.497,200,ok,0,steady
1791234472.676853,kiemthugialap072@gmail.com,GET,/orders/me,7.553,200,ok,0,steady
1791234472.7092137,kiemthugialap032@gmail.com,GET,/orders/me,4.661,200,ok,0,steady
1791234472.723479,kiemthugialap067@gmail.com,GET,/concerts,3.758,200,ok,0,steady
1791234472.7408228,kiemthugialap099@gmail.com,GET,/concerts?on_sale=true,4.762,200,ok,0,steady
1791234472.774322,kiemthugialap007@gmail.com,GET,/orders/me,4.789,200,ok,0,steady
1791234472.8606038,kiemthugialap046@gmail.com,GET,/orders/me,6.949,200,ok,0,steady
1791234472.8612869,kiemthugialap047@gmail.com,GET,/orders/me,8.592,200,ok,0,steady
1791234472.8789062,kiemthugialap018@gmail.com,GET,/orders/me,8.37,200,ok,0,steady
1791234472.8802114,kiemthugialap033@gmail.com,GET,/orders/me,10.808,200,ok,0,steady
1791234472.880542,kiemthugialap066@gmail.com,GET,/orders/me,9.119,200,ok,0,steady
1791234472.8818839,kiemthugialap058@gmail.com,GET,/concerts?on_sale=true,2.757,200,ok,0,steady
1791234472.9110897,kiemthugialap069@gmail.com,GET,/orders/me,7.485,200,ok,0,steady
1791234472.9115674,kiemthugialap005@gmail.com,GET,/orders/me,7.077,200,ok,0,steady
1791234472.9444132,kiemthugialap031@gmail.com,GET,/concerts/{id},5.117,200,ok,0,steady
1791234472.945986,kiemthugialap080@gmail.com,GET,/orders/me,8.126,200,ok,0,steady
1791234472.9463499,kiemthugialap060@gmail.com,GET,/orders/me,7.331,200,ok,0,steady
1791234472.9770987,kiemthugialap001@gmail.com,GET,/concerts,6.089,200,ok,0,steady
1791234472.9789493,kiemthugialap020@gmail.com,GET,/orders/me,6.888,200,ok,0,steady
1791234472.9798205,kiemthugialap029@gmail.com,GET,/orders/me,8.066,200,ok,0,steady
1791234472.9814095,kiemthugialap026@gmail.com,GET,/concerts,4.125,200,ok,0,steady
1791234472.9819262,kiemthugialap083@gmail.com,GET,/concerts/{id},2.847,200,ok,0,steady
1791234473.0100813,kiemthugialap025@gmail.com,GET,/orders/me,5.622,200,ok,0,steady
1791234473.028518,kiemthugialap003@gmail.com,GET,/concerts,6.272,200,ok,0,steady
1791234473.0303855,kiemthugialap090@gmail.com,GET,/orders/me,7.233,200,ok,0,steady
1791234473.0307183,kiemthugialap034@gmail.com,GET,/orders/me,6.361,200,ok,0,steady
1791234473.0319464,kiemthugialap024@gmail.com,GET,/concerts,3.254,200,ok,0,steady
1791234473.0452008,kiemthugialap052@gmail.com,GET,/concerts,6.563,200,ok,0,steady
1791234473.046229,kiemthugialap086@gmail.com,GET,/orders/me,8.185,200,ok,0,steady
1791234473.0590336,kiemthugialap041@gmail.com,GET,/orders/me,5.359,200,ok,0,steady
1791234473.1101956,kiemthugialap054@gmail.com,GET,/concerts?on_sale=true,7.427,200,ok,0,steady
1791234473.110923,kiemthugialap055@gmail.com,GET,/concerts,6.737,200,ok,0,steady
1791234473.112125,kiemthugialap075@gmail.com,GET,/orders/me,8.34,200,ok,0,steady
1791234473.142319,kiemthugialap059@gmail.com,GET,/concerts,5.821,200,ok,0,steady
1791234473.1433003,kiemthugialap002@gmail.com,GET,/orders/me,5.685,200,ok,0,steady
1791234473.1598823,kiemthugialap098@gmail.com,GET,/concerts/{id},7.082,200,ok,0,steady
1791234473.1615312,kiemthugialap014@gmail.com,GET,/orders/me,7.699,200,ok,0,steady
1791234473.1619904,kiemthugialap053@gmail.com,GET,/orders/me,7.732,200,ok,0,steady
1791234473.1934624,kiemthugialap061@gmail.com,GET,/orders/me,4.85,200,ok,0,steady
1791234473.2265968,kiemthugialap036@gmail.com,GET,/orders/me,7.247,200,ok,0,steady
1791234473.2595723,kiemthugialap044@gmail.com,GET,/orders/me,5.083,200,ok,0,steady
1791234473.294466,kiemthugialap081@gmail.com,GET,/orders/me,7.609,200,ok,0,steady
1791234473.2950478,kiemthugialap070@gmail.com,GET,/orders/me,7.468,200,ok,0,steady
1791234473.3122184,kiemthugialap019@gmail.com,GET,/orders/me,7.764,200,ok,0,steady
1791234473.3127117,kiemthugialap050@gmail.com,GET,/orders/me,7.216,200,ok,0,steady
1791234473.3616955,kiemthugialap008@gmail.com,GET,/orders/me,6.688,200,ok,0,steady
1791234473.3628242,kiemthugialap071@gmail.com,GET,/orders/me,6.494,200,ok,0,steady
1791234473.3658493,kiemthugialap068@gmail.com,GET,/concerts,2.901,200,ok,0,steady
1791234473.3661942,kiemthugialap084@gmail.com,GET,/orders/me,4.312,200,ok,0,steady
1791234473.4094825,kiemthugialap047@gmail.com,GET,/orders/me,5.34,200,ok,0,steady
1791234473.443199,kiemthugialap027@gmail.com,GET,/orders/me,4.444,200,ok,0,steady
1791234473.4461665,kiemthugialap056@gmail.com,GET,/orders/me,2.829,200,ok,0,steady
1791234473.4803643,kiemthugialap035@gmail.com,GET,/orders/me,8.738,200,ok,0,steady
1791234473.4810243,kiemthugialap010@gmail.com,GET,/orders/me,10.287,200,ok,0,steady
1791234473.4936252,kiemthugialap089@gmail.com,GET,/orders/me,6.822,200,ok,0,steady
1791234473.5067813,kiemthugialap067@gmail.com,GET,/concerts,12.308,200,ok,0,steady
1791234473.5099447,kiemthugialap011@gmail.com,GET,/orders/me,16.027,200,ok,0,steady
1791234473.5137143,kiemthugialap040@gmail.com,GET,/orders/me,10.887,200,ok,0,steady
1791234473.538837,kiemthugialap016@gmail.com,GET,/concerts/{id},8.551,200,ok,0,steady
1791234473.5430133,kiemthugialap051@gmail.com,GET,/orders/me,14.822,200,ok,0,steady
1791234473.543558,kiemthugialap015@gmail.com,GET,/concerts/{id},12.862,200,ok,0,steady
1791234473.5440261,kiemthugialap006@gmail.com,GET,/concerts/{id},15.185,200,ok,0,steady
1791234473.5597591,kiemthugialap085@gmail.com,GET,/concerts?on_sale=true,6.798,200,ok,0,steady
1791234473.5603821,kiemthugialap099@gmail.com,GET,/concerts?on_sale=true,5.965,200,ok,0,steady
1791234473.6075678,kiemthugialap033@gmail.com,GET,/concerts/{id},21.237,200,ok,0,steady
1791234473.6081705,kiemthugialap026@gmail.com,GET,/concerts?on_sale=true,21.162,200,ok,0,steady
1791234473.6631615,kiemthugialap042@gmail.com,GET,/orders/me,8.866,200,ok,0,steady
1791234473.6637824,kiemthugialap028@gmail.com,GET,/orders/me,11.247,200,ok,0,steady
1791234473.6651154,kiemthugialap018@gmail.com,GET,/orders/me,11.98,200,ok,0,steady
1791234473.668334,kiemthugialap057@gmail.com,GET,/orders/me,4.41,200,ok,0,steady
1791234473.6694431,kiemthugialap034@gmail.com,GET,/orders/me,4.193,200,ok,0,steady
1791234473.6960244,kiemthugialap049@gmail.com,GET,/concerts?on_sale=true,7.997,200,ok,0,steady
1791234473.6981642,kiemthugialap041@gmail.com,GET,/concerts,8.324,200,ok,0,steady
1791234473.6993055,kiemthugialap054@gmail.com,GET,/orders/me,12.442,200,ok,0,steady
1791234473.699691,kiemthugialap023@gmail.com,GET,/orders/me,11.279,200,ok,0,steady
1791234473.7008383,kiemthugialap007@gmail.com,GET,/orders/me,11.357,200,ok,0,steady
1791234473.7037227,kiemthugialap074@gmail.com,GET,/concerts?on_sale=true,3.898,200,ok,0,steady
1791234473.704784,kiemthugialap038@gmail.com,GET,/concerts?on_sale=true,6.467,200,ok,0,steady
1791234473.7085836,kiemthugialap078@gmail.com,GET,/orders/me,4.696,200,ok,0,steady
1791234473.7270644,kiemthugialap037@gmail.com,GET,/concerts,6.908,200,ok,0,steady
1791234473.7275996,kiemthugialap091@gmail.com,GET,/concerts,5.828,200,ok,0,steady
1791234473.744892,kiemthugialap073@gmail.com,GET,/orders/me,4.368,200,ok,0,steady
1791234473.7807598,kiemthugialap030@gmail.com,GET,/concerts?on_sale=true,8.217,200,ok,0,steady
1791234473.7822318,kiemthugialap077@gmail.com,GET,/concerts?on_sale=true,8.377,200,ok,0,steady
1791234473.7827199,kiemthugialap043@gmail.com,GET,/orders/me,10.799,200,ok,0,steady
1791234473.7831297,kiemthugialap017@gmail.com,GET,/orders/me,12.796,200,ok,0,steady
1791234473.7855296,kiemthugialap094@gmail.com,GET,/orders/me,4.542,200,ok,0,steady
1791234473.8445396,kiemthugialap009@gmail.com,GET,/orders/me,6.008,200,ok,0,steady
1791234473.8449204,kiemthugialap093@gmail.com,GET,/orders/me,7.219,200,ok,0,steady
1791234473.8481138,kiemthugialap039@gmail.com,GET,/orders/me,3.091,200,ok,0,steady
1791234473.850352,kiemthugialap097@gmail.com,GET,/concerts?on_sale=true,2.126,200,ok,0,steady
1791234473.9086204,kiemthugialap024@gmail.com,GET,/concerts?on_sale=true,4.081,200,ok,0,steady
1791234473.9267807,kiemthugialap045@gmail.com,GET,/orders/me,5.408,200,ok,0,steady
1791234473.9293125,kiemthugialap072@gmail.com,GET,/concerts,2.381,200,ok,0,steady
1791234473.9324372,kiemthugialap064@gmail.com,GET,/orders/me,3.01,200,ok,0,steady
1791234473.9591713,kiemthugialap095@gmail.com,GET,/orders/me,4.337,200,ok,0,steady
1791234473.9920092,kiemthugialap031@gmail.com,GET,/concerts,4.431,200,ok,0,steady
1791234474.0097163,kiemthugialap071@gmail.com,GET,/orders/me,6.716,200,ok,0,steady
1791234474.0101924,kiemthugialap096@gmail.com,GET,/orders/me,6.557,200,ok,0,steady
1791234474.0421016,kiemthugialap084@gmail.com,GET,/concerts,4.505,200,ok,0,steady
1791234474.0603185,kiemthugialap100@gmail.com,GET,/orders/me,5.857,200,ok,0,steady
1791234474.0944748,kiemthugialap092@gmail.com,GET,/orders/me,6.472,200,ok,0,steady
1791234474.094957,kiemthugialap029@gmail.com,GET,/orders/me,5.417,200,ok,0,steady
1791234474.1285527,kiemthugialap090@gmail.com,GET,/orders/me,5.712,200,ok,0,steady
1791234474.1290374,kiemthugialap019@gmail.com,GET,/orders/me,8.054,200,ok,0,steady
1791234474.1583364,kiemthugialap088@gmail.com,GET,/concerts,4.202,200,ok,0,steady
1791234474.162417,kiemthugialap069@gmail.com,GET,/concerts/{id},3.92,200,ok,0,steady
1791234474.177989,kiemthugialap048@gmail.com,GET,/orders/me,5.846,200,ok,0,steady
1791234474.225847,kiemthugialap098@gmail.com,GET,/orders/me,21.323,200,ok,0,steady
1791234474.2260294,kiemthugialap049@gmail.com,GET,/orders/me,20.308,200,ok,0,steady
1791234474.2262988,kiemthugialap051@gmail.com,GET,/orders/me,20.867,200,ok,0,steady
1791234474.2309935,kiemthugialap028@gmail.com,GET,/concerts,10.447,200,ok,0,steady
1791234474.2313523,kiemthugialap035@gmail.com,GET,/concerts?on_sale=true,7.995,200,ok,0,steady
1791234474.2321796,kiemthugialap083@gmail.com,GET,/orders/me,7.597,200,ok,0,steady
1791234474.2327483,kiemthugialap021@gmail.com,GET,/orders/me,11.258,200,ok,0,steady
1791234474.2403514,kiemthugialap082@gmail.com,GET,/concerts/{id},4.117,200,ok,0,steady
1791234474.2439272,kiemthugialap032@gmail.com,GET,/orders/me,3.402,200,ok,0,steady
1791234474.2468102,kiemthugialap020@gmail.com,GET,/orders/me,2.754,200,ok,0,steady
1791234474.2764194,kiemthugialap010@gmail.com,GET,/concerts/{id},6.413,200,ok,0,steady
1791234474.277441,kiemthugialap076@gmail.com,GET,/orders/me,6.252,200,ok,0,steady
1791234474.279789,kiemthugialap062@gmail.com,GET,/orders/me,3.213,200,ok,0,steady
1791234474.3102384,kiemthugialap022@gmail.com,GET,/orders/me,5.945,200,ok,0,steady
1791234474.325055,kiemthugialap004@gmail.com,GET,/concerts,3.662,200,ok,0,steady
1791234474.3586035,kiemthugialap079@gmail.com,GET,/orders/me,20.634,200,ok,0,steady
1791234474.3590314,kiemthugialap065@gmail.com,GET,/orders/me,20.193,200,ok,0,steady
1791234474.4274993,kiemthugialap013@gmail.com,GET,/orders/me,5.779,200,ok,0,steady
1791234474.4418838,kiemthugialap056@gmail.com,GET,/concerts?on_sale=true,4.22,200,ok,0,steady
1791234474.4607255,kiemthugialap078@gmail.com,GET,/concerts/{id},7.163,200,ok,0,steady
1791234474.462755,kiemthugialap087@gmail.com,GET,/orders/me,7.862,200,ok,0,steady
1791234474.4757187,kiemthugialap042@gmail.com,GET,/concerts?on_sale=true,4.194,200,ok,0,steady
1791234474.4956,kiemthugialap046@gmail.com,GET,/orders/me,4.264,200,ok,0,steady
1791234474.5105846,kiemthugialap050@gmail.com,GET,/concerts/{id},5.088,200,ok,0,steady
1791234474.5116625,kiemthugialap030@gmail.com,GET,/orders/me,5.524,200,ok,0,steady
1791234474.5261536,kiemthugialap086@gmail.com,GET,/orders/me,5.297,200,ok,0,steady
1791234474.5305352,kiemthugialap063@gmail.com,GET,/concerts?on_sale=true,4.21,200,ok,0,steady
1791234474.531074,kiemthugialap074@gmail.com,GET,/orders/me,4.455,200,ok,0,steady
1791234474.543384,kiemthugialap002@gmail.com,GET,/concerts/{id},4.994,200,ok,0,steady
1791234474.5438526,kiemthugialap005@gmail.com,GET,/concerts,5.896,200,ok,0,steady
1791234474.5450122,kiemthugialap023@gmail.com,GET,/orders/me,5.667,200,ok,0,steady
1791234474.577988,kiemthugialap075@gmail.com,GET,/orders/me,6.792,200,ok,0,steady
1791234474.5820138,kiemthugialap018@gmail.com,GET,/orders/me,3.83,200,ok,0,steady
1791234474.6131077,kiemthugialap014@gmail.com,GET,/concerts,7.482,200,ok,0,steady
1791234474.6150541,kiemthugialap012@gmail.com,GET,/orders/me,10.448,200,ok,0,steady
1791234474.6154287,kiemthugialap040@gmail.com,GET,/orders/me,8.416,200,ok,0,steady
1791234474.617404,kiemthugialap037@gmail.com,GET,/orders/me,4.091,200,ok,0,steady
1791234474.621409,kiemthugialap072@gmail.com,GET,/orders/me,3.865,200,ok,0,steady
1791234474.6493742,kiemthugialap029@gmail.com,GET,/concerts?on_sale=true,8.122,200,ok,0,steady
1791234474.6500971,kiemthugialap054@gmail.com,GET,/orders/me,11.033,200,ok,0,steady
1791234474.651517,kiemthugialap094@gmail.com,GET,/orders/me,13.466,200,ok,0,steady
1791234474.65477,kiemthugialap067@gmail.com,GET,/orders/me,4.496,200,ok,0,steady
1791234474.693583,kiemthugialap060@gmail.com,GET,/concerts,6.933,200,ok,0,steady
1791234474.702866,kiemthugialap097@gmail.com,GET,/orders/me,8.941,200,ok,0,steady
1791234474.7044864,kiemthugialap052@gmail.com,GET,/concerts,7.607,200,ok,0,steady
1791234474.7100382,kiemthugialap055@gmail.com,GET,/orders/me,6.953,200,ok,0,steady
1791234474.7151544,kiemthugialap001@gmail.com,GET,/orders/me,6.676,200,ok,0,steady
1791234474.7161524,kiemthugialap080@gmail.com,GET,/orders/me,8.3,200,ok,0,steady
1791234474.7168114,kiemthugialap038@gmail.com,GET,/orders/me,6.567,200,ok,0,steady
1791234474.7440095,kiemthugialap036@gmail.com,GET,/orders/me,7.5,200,ok,0,steady
1791234474.7448323,kiemthugialap092@gmail.com,GET,/orders/me,6.681,200,ok,0,steady
1791234474.7585676,kiemthugialap058@gmail.com,GET,/orders/me,5.522,200,ok,0,steady
1791234474.7782843,kiemthugialap007@gmail.com,GET,/orders/me,7.909,200,ok,0,steady
1791234474.778781,kiemthugialap035@gmail.com,GET,/orders/me,9.365,200,ok,0,steady
1791234474.7914116,kiemthugialap044@gmail.com,GET,/concerts/{id},5.376,200,ok,0,steady
1791234474.7955294,kiemthugialap059@gmail.com,GET,/orders/me,3.937,200,ok,0,steady
1791234474.843218,kiemthugialap003@gmail.com,GET,/orders/me,6.904,200,ok,0,steady
1791234474.8445194,kiemthugialap066@gmail.com,GET,/orders/me,6.824,200,ok,0,steady
1791234474.8462436,kiemthugialap091@gmail.com,GET,/concerts,2.802,200,ok,0,steady
1791234474.8483863,kiemthugialap025@gmail.com,GET,/orders/me,3.739,200,ok,0,steady
1791234474.8581872,kiemthugialap095@gmail.com,GET,/concerts/{id},4.527,200,ok,0,steady
1791234474.8918505,kiemthugialap081@gmail.com,GET,/orders/me,5.511,200,ok,0,steady
1791234474.9272187,kiemthugialap062@gmail.com,GET,/orders/me,4.317,200,ok,0,steady
1791234474.9307117,kiemthugialap100@gmail.com,GET,/orders/me,3.324,200,ok,0,steady
1791234474.9461877,kiemthugialap082@gmail.com,GET,/concerts?on_sale=true,7.525,200,ok,0,steady
1791234474.9479263,kiemthugialap006@gmail.com,GET,/orders/me,9.831,200,ok,0,steady
1791234474.9483542,kiemthugialap068@gmail.com,GET,/orders/me,11.111,200,ok,0,steady
1791234474.9502325,kiemthugialap099@gmail.com,GET,/orders/me,3.87,200,ok,0,steady
1791234474.9743721,kiemthugialap017@gmail.com,GET,/concerts,4.266,200,ok,0,steady
1791234474.9925458,kiemthugialap064@gmail.com,GET,/orders/me,5.696,200,ok,0,steady
1791234474.9972613,kiemthugialap021@gmail.com,GET,/concerts,4.569,200,ok,0,steady
1791234474.9977245,kiemthugialap011@gmail.com,GET,/concerts?on_sale=true,4.483,200,ok,0,steady
1791234474.9980097,kiemthugialap047@gmail.com,GET,/concerts/{id},5.006,200,ok,0,steady
1791234475.0292437,kiemthugialap026@gmail.com,GET,/orders/me,8.003,200,ok,0,steady
1791234475.0343199,kiemthugialap033@gmail.com,GET,/concerts/{id},4.81,200,ok,0,steady
1791234475.0359836,kiemthugialap050@gmail.com,GET,/concerts/{id},5.32,200,ok,0,steady
1791234475.037668,kiemthugialap057@gmail.com,GET,/orders/me,7.369,200,ok,0,steady
1791234475.0410016,kiemthugialap015@gmail.com,GET,/orders/me,4.853,200,ok,0,steady
1791234475.0623639,kiemthugialap016@gmail.com,GET,/orders/me,8.018,200,ok,0,steady
1791234475.0649853,kiemthugialap034@gmail.com,GET,/orders/me,9.39,200,ok,0,steady
1791234475.0664086,kiemthugialap010@gmail.com,GET,/concerts,3.862,200,ok,0,steady
1791234475.1123385,kiemthugialap089@gmail.com,GET,/concerts,8.434,200,ok,0,steady
1791234475.1127605,kiemthugialap049@gmail.com,GET,/concerts/{id},7.541,200,ok,0,steady
1791234475.1145084,kiemthugialap086@gmail.com,GET,/orders/me,8.057,200,ok,0,steady
1791234475.1151524,kiemthugialap028@gmail.com,GET,/orders/me,8.246,200,ok,0,steady
1791234475.145862,kiemthugialap056@gmail.com,GET,/orders/me,6.318,200,ok,0,steady
1791234475.1463046,kiemthugialap088@gmail.com,GET,/orders/me,7.744,200,ok,0,steady
1791234475.1581829,kiemthugialap022@gmail.com,GET,/concerts,4.11,200,ok,0,steady
1791234475.1777875,kiemthugialap053@gmail.com,GET,/concerts?on_sale=true,6.477,200,ok,0,steady
1791234475.196953,kiemthugialap070@gmail.com,GET,/concerts?on_sale=true,9.266,200,ok,0,steady
1791234475.1989894,kiemthugialap074@gmail.com,GET,/orders/me,8.671,200,ok,0,steady
1791234475.1993384,kiemthugialap061@gmail.com,GET,/orders/me,10.489,200,ok,0,steady
1791234475.199804,kiemthugialap085@gmail.com,GET,/orders/me,11.368,200,ok,0,steady
1791234475.2266102,kiemthugialap051@gmail.com,GET,/orders/me,5.325,200,ok,0,steady
1791234475.2588582,kiemthugialap008@gmail.com,GET,/concerts/{id},3.402,200,ok,0,steady
1791234475.275816,kiemthugialap040@gmail.com,GET,/concerts/{id},4.424,200,ok,0,steady
1791234475.292637,kiemthugialap093@gmail.com,GET,/orders/me,5.625,200,ok,0,steady
1791234475.3076677,kiemthugialap079@gmail.com,GET,/orders/me,4.956,200,ok,0,steady
1791234475.3262203,kiemthugialap031@gmail.com,GET,/orders/me,5.429,200,ok,0,steady
1791234475.344152,kiemthugialap084@gmail.com,GET,/orders/me,6.35,200,ok,0,steady
1791234475.360862,kiemthugialap041@gmail.com,GET,/orders/me,5.224,200,ok,0,steady
1791234475.393476,kiemthugialap027@gmail.com,GET,/orders/me,5.559,200,ok,0,steady
1791234475.4258156,kiemthugialap009@gmail.com,GET,/orders/me,5.301,200,ok,0,steady
1791234475.4436786,kiemthugialap083@gmail.com,GET,/concerts/{id},5.409,200,ok,0,steady
1791234475.4447255,kiemthugialap095@gmail.com,GET,/orders/me,7.548,200,ok,0,steady
1791234475.4751236,kiemthugialap100@gmail.com,GET,/concerts,4.257,200,ok,0,steady
1791234475.4761674,kiemthugialap004@gmail.com,GET,/orders/me,6.004,200,ok,0,steady
1791234475.478719,kiemthugialap044@gmail.com,GET,/orders/me,3.427,200,ok,0,steady
1791234475.4808362,kiemthugialap096@gmail.com,GET,/concerts/{id},1.995,200,ok,0,steady
1791234475.4909275,kiemthugialap002@gmail.com,GET,/orders/me,5.087,200,ok,0,steady
1791234475.494634,kiemthugialap073@gmail.com,GET,/orders/me,3.503,200,ok,0,steady
1791234475.509761,kiemthugialap072@gmail.com,GET,/orders/me,5.582,200,ok,0,steady
1791234475.5131385,kiemthugialap043@gmail.com,GET,/orders/me,3.214,200,ok,0,steady
1791234475.5157948,kiemthugialap090@gmail.com,GET,/concerts?on_sale=true,2.509,200,ok,0,steady
1791234475.543104,kiemthugialap054@gmail.com,GET,/concerts/{id},3.668,200,ok,0,steady
1791234475.5442548,kiemthugialap039@gmail.com,GET,/orders/me,6.311,200,ok,0,steady
1791234475.5623221,kiemthugialap078@gmail.com,GET,/orders/me,6.702,200,ok,0,steady
1791234475.5627038,kiemthugialap077@gmail.com,GET,/orders/me,6.39,200,ok,0,steady
1791234475.612774,kiemthugialap050@gmail.com,GET,/orders/me,7.984,200,ok,0,steady
1791234475.6168587,kiemthugialap024@gmail.com,GET,/orders/me,3.84,200,ok,0,steady
1791234475.623891,kiemthugialap098@gmail.com,GET,/orders/me,4.237,200,ok,0,steady
1791234475.6431017,kiemthugialap019@gmail.com,GET,/orders/me,4.763,200,ok,0,steady
1791234475.664159,kiemthugialap033@gmail.com,GET,/orders/me,8.107,200,ok,0,steady
1791234475.6646304,kiemthugialap029@gmail.com,GET,/orders/me,10.608,200,ok,0,steady
1791234475.6813297,kiemthugialap014@gmail.com,GET,/orders/me,8.649,200,ok,0,steady
1791234475.6818871,kiemthugialap006@gmail.com,GET,/orders/me,10.263,200,ok,0,steady
1791234475.6822972,kiemthugialap055@gmail.com,GET,/orders/me,11.591,200,ok,0,steady
1791234475.6929588,kiemthugialap060@gmail.com,GET,/concerts,4.841,200,ok,0,steady
1791234475.7088754,kiemthugialap069@gmail.com,GET,/concerts?on_sale=true,4.406,200,ok,0,steady
1791234475.7265975,kiemthugialap035@gmail.com,GET,/concerts/{id},5.803,200,ok,0,steady
1791234475.731076,kiemthugialap037@gmail.com,GET,/orders/me,4.235,200,ok,0,steady
1791234475.7603981,kiemthugialap013@gmail.com,GET,/orders/me,6.331,200,ok,0,steady
1791234475.777828,kiemthugialap071@gmail.com,GET,/concerts?on_sale=true,6.984,200,ok,0,steady
1791234475.7786257,kiemthugialap076@gmail.com,GET,/orders/me,5.882,200,ok,0,steady
1791234475.8069077,kiemthugialap088@gmail.com,GET,/orders/me,7.347,200,ok,0,steady
1791234475.8279104,kiemthugialap042@gmail.com,GET,/orders/me,8.617,200,ok,0,steady
1791234475.861144,kiemthugialap091@gmail.com,GET,/concerts,7.412,200,ok,0,steady
1791234475.8620543,kiemthugialap097@gmail.com,GET,/orders/me,7.127,200,ok,0,steady
1791234475.8745694,kiemthugialap020@gmail.com,GET,/concerts,4.822,200,ok,0,steady
1791234475.8978329,kiemthugialap007@gmail.com,GET,/orders/me,10.762,200,ok,0,steady
1791234475.898587,kiemthugialap087@gmail.com,GET,/orders/me,10.983,200,ok,0,steady
1791234475.9099703,kiemthugialap045@gmail.com,GET,/orders/me,5.574,200,ok,0,steady
1791234475.9133642,kiemthugialap027@gmail.com,GET,/concerts?on_sale=true,3.161,200,ok,0,steady
1791234475.9272876,kiemthugialap012@gmail.com,GET,/concerts,6.228,200,ok,0,steady
1791234475.9288387,kiemthugialap062@gmail.com,GET,/orders/me,8.918,200,ok,0,steady
1791234475.9321337,kiemthugialap080@gmail.com,GET,/orders/me,4.61,200,ok,0,steady
1791234475.9620364,kiemthugialap022@gmail.com,GET,/concerts,8.261,200,ok,0,steady
1791234475.9625936,kiemthugialap070@gmail.com,GET,/orders/me,9.595,200,ok,0,steady
1791234475.9633293,kiemthugialap046@gmail.com,GET,/orders/me,9.208,200,ok,0,steady
1791234475.9928384,kiemthugialap028@gmail.com,GET,/concerts,6.447,200,ok,0,steady
1791234475.9943323,kiemthugialap074@gmail.com,GET,/orders/me,7.231,200,ok,0,steady
1791234476.0102015,kiemthugialap038@gmail.com,GET,/concerts?on_sale=true,5.414,200,ok,0,steady
1791234476.0765355,kiemthugialap053@gmail.com,GET,/concerts,6.745,200,ok,0,steady
1791234476.0778162,kiemthugialap075@gmail.com,GET,/orders/me,5.782,200,ok,0,steady
1791234476.0810468,kiemthugialap030@gmail.com,GET,/orders/me,3.105,200,ok,0,steady
1791234476.1131039,kiemthugialap015@gmail.com,GET,/orders/me,6.995,200,ok,0,steady
1791234476.1135666,kiemthugialap023@gmail.com,GET,/orders/me,8.366,200,ok,0,steady
1791234476.1262636,kiemthugialap032@gmail.com,GET,/orders/me,5.667,200,ok,0,steady
1791234476.1432776,kiemthugialap049@gmail.com,GET,/orders/me,4.824,200,ok,0,steady
1791234476.1618078,kiemthugialap048@gmail.com,GET,/concerts/{id},5.96,200,ok,0,steady
1791234476.163663,kiemthugialap002@gmail.com,GET,/orders/me,8.187,200,ok,0,steady
1791234476.164424,kiemthugialap073@gmail.com,GET,/orders/me,9.964,200,ok,0,steady
1791234476.1955433,kiemthugialap026@gmail.com,GET,/orders/me,7.51,200,ok,0,steady
1791234476.1965194,kiemthugialap063@gmail.com,GET,/orders/me,7.559,200,ok,0,steady
1791234476.1979187,kiemthugialap039@gmail.com,GET,/concerts/{id},2.222,200,ok,0,steady
1791234476.2104816,kiemthugialap086@gmail.com,GET,/concerts,5.507,200,ok,0,steady
1791234476.211523,kiemthugialap082@gmail.com,GET,/orders/me,5.84,200,ok,0,steady
1791234476.2258055,kiemthugialap081@gmail.com,GET,/orders/me,5.063,200,ok,0,steady
1791234476.2456203,kiemthugialap069@gmail.com,GET,/orders/me,9.089,200,ok,0,steady
1791234476.2493005,kiemthugialap079@gmail.com,GET,/concerts/{id},3.34,200,ok,0,steady
1791234476.2952387,kiemthugialap089@gmail.com,GET,/orders/me,6.402,200,ok,0,steady
1791234476.295671,kiemthugialap065@gmail.com,GET,/orders/me,7.845,200,ok,0,steady
1791234476.3108542,kiemthugialap017@gmail.com,GET,/orders/me,5.608,200,ok,0,steady
1791234476.3123205,kiemthugialap018@gmail.com,GET,/orders/me,5.734,200,ok,0,steady
1791234476.3152747,kiemthugialap009@gmail.com,GET,/concerts/{id},3.926,200,ok,0,steady
1791234476.3156145,kiemthugialap067@gmail.com,GET,/concerts?on_sale=true,4.627,200,ok,0,steady
1791234476.317335,kiemthugialap025@gmail.com,GET,/orders/me,4.877,200,ok,0,steady
1791234476.342667,kiemthugialap033@gmail.com,GET,/orders/me,5.155,200,ok,0,steady
1791234476.3592327,kiemthugialap096@gmail.com,GET,/orders/me,6.09,200,ok,0,steady
1791234476.3637605,kiemthugialap072@gmail.com,GET,/orders/me,4.291,200,ok,0,steady
1791234476.3665278,kiemthugialap094@gmail.com,GET,/orders/me,6.152,200,ok,0,steady
1791234476.3941486,kiemthugialap093@gmail.com,GET,/orders/me,5.66,200,ok,0,steady
1791234476.3973522,kiemthugialap077@gmail.com,GET,/concerts/{id},3.024,200,ok,0,steady
1791234476.4446816,kiemthugialap057@gmail.com,GET,/concerts,22.053,200,ok,0,steady
1791234476.4469478,kiemthugialap051@gmail.com,GET,/concerts/{id},25.397,200,ok,0,steady
1791234476.4471803,kiemthugialap019@gmail.com,GET,/orders/me,24.238,200,ok,0,steady
1791234476.4489744,kiemthugialap010@gmail.com,GET,/concerts/{id},11.2,200,ok,0,steady
1791234476.4502108,kiemthugialap021@gmail.com,GET,/orders/me,13.265,200,ok,0,steady
1791234476.4516218,kiemthugialap058@gmail.com,GET,/concerts,2.456,200,ok,0,steady
1791234476.476992,kiemthugialap092@gmail.com,GET,/concerts,4.592,200,ok,0,steady
1791234476.4781055,kiemthugialap045@gmail.com,GET,/orders/me,7.316,200,ok,0,steady
1791234476.4804323,kiemthugialap060@gmail.com,GET,/orders/me,3.286,200,ok,0,steady
1791234476.524987,kiemthugialap005@gmail.com,GET,/concerts,3.818,200,ok,0,steady
1791234476.5443027,kiemthugialap008@gmail.com,GET,/orders/me,5.111,200,ok,0,steady
1791234476.558343,kiemthugialap078@gmail.com,GET,/orders/me,5.295,200,ok,0,steady
1791234476.5945528,kiemthugialap070@gmail.com,GET,/orders/me,7.244,200,ok,0,steady
1791234476.5951414,kiemthugialap088@gmail.com,GET,/orders/me,6.34,200,ok,0,steady
1791234476.6078439,kiemthugialap003@gmail.com,GET,/concerts,4.08,200,ok,0,steady
1791234476.6272707,kiemthugialap016@gmail.com,GET,/concerts?on_sale=true,5.02,200,ok,0,steady
1791234476.6281755,kiemthugialap040@gmail.com,GET,/orders/me,5.165,200,ok,0,steady
1791234476.6305346,kiemthugialap059@gmail.com,GET,/orders/me,3.136,200,ok,0,steady
1791234476.642039,kiemthugialap071@gmail.com,GET,/concerts,3.859,200,ok,0,steady
1791234476.660412,kiemthugialap052@gmail.com,GET,/orders/me,5.674,200,ok,0,steady
1791234476.6659331,kiemthugialap084@gmail.com,GET,/orders/me,5.294,200,ok,0,steady
1791234476.6668074,kiemthugialap036@gmail.com,GET,/orders/me,5.332,200,ok,0,steady
1791234476.6686797,kiemthugialap098@gmail.com,GET,/orders/me,2.621,200,ok,0,steady
1791234476.6932447,kiemthugialap004@gmail.com,GET,/orders/me,5.698,200,ok,0,steady
1791234476.6967695,kiemthugialap099@gmail.com,GET,/orders/me,3.306,200,ok,0,steady
1791234476.7287285,kiemthugialap001@gmail.com,GET,/orders/me,6.549,200,ok,0,steady
1791234476.7297666,kiemthugialap013@gmail.com,GET,/orders/me,5.898,200,ok,0,steady
1791234476.7316694,kiemthugialap083@gmail.com,GET,/orders/me,2.728,200,ok,0,steady
1791234476.7609682,kiemthugialap066@gmail.com,GET,/orders/me,5.53,200,ok,0,steady
1791234476.77641,kiemthugialap074@gmail.com,GET,/orders/me,5.871,200,ok,0,steady
1791234476.8095267,kiemthugialap030@gmail.com,GET,/orders/me,5.784,200,ok,0,steady
1791234476.8251204,kiemthugialap048@gmail.com,GET,/orders/me,5.254,200,ok,0,steady
1791234476.8425744,kiemthugialap035@gmail.com,GET,/orders/me,5.054,200,ok,0,steady
1791234476.8600137,kiemthugialap076@gmail.com,GET,/orders/me,5.05,200,ok,0,steady
1791234476.8755336,kiemthugialap029@gmail.com,GET,/concerts?on_sale=true,3.97,200,ok,0,steady
1791234476.8788075,kiemthugialap041@gmail.com,GET,/orders/me,3.128,200,ok,0,steady
1791234476.892611,kiemthugialap097@gmail.com,GET,/concerts,4.583,200,ok,0,steady
1791234476.893498,kiemthugialap047@gmail.com,GET,/concerts,4.026,200,ok,0,steady
1791234476.8959246,kiemthugialap011@gmail.com,GET,/orders/me,3.188,200,ok,0,steady
1791234476.911332,kiemthugialap039@gmail.com,GET,/concerts,6.707,200,ok,0,steady
1791234476.9131074,kiemthugialap006@gmail.com,GET,/orders/me,7.555,200,ok,0,steady
1791234476.9132948,kiemthugialap054@gmail.com,GET,/orders/me,8.177,200,ok,0,steady
1791234476.9153452,kiemthugialap034@gmail.com,GET,/orders/me,3.819,200,ok,0,steady
1791234476.9293082,kiemthugialap032@gmail.com,GET,/concerts,3.505,200,ok,0,steady
1791234476.9333873,kiemthugialap064@gmail.com,GET,/orders/me,3.882,200,ok,0,steady
1791234476.9363031,kiemthugialap068@gmail.com,GET,/orders/me,2.784,200,ok,0,steady
1791234476.9606435,kiemthugialap014@gmail.com,GET,/orders/me,6.399,200,ok,0,steady
1791234477.0088377,kiemthugialap017@gmail.com,GET,/orders/me,21.128,200,ok,0,steady
1791234477.010761,kiemthugialap050@gmail.com,GET,/concerts?on_sale=true,6.853,200,ok,0,steady
1791234477.0221622,kiemthugialap090@gmail.com,GET,/orders/me,33.748,200,ok,0,steady
1791234477.0380375,kiemthugialap056@gmail.com,GET,/orders/me,9.17,200,ok,0,steady
1791234477.0460567,kiemthugialap085@gmail.com,GET,/concerts/{id},7.226,200,ok,0,steady
1791234477.0602133,kiemthugialap031@gmail.com,GET,/concerts/{id},7.627,200,ok,0,steady
1791234477.0655437,kiemthugialap061@gmail.com,GET,/concerts?on_sale=true,4.947,200,ok,0,steady
1791234477.0743873,kiemthugialap092@gmail.com,GET,/orders/me,8.565,200,ok,0,steady
1791234477.109499,kiemthugialap024@gmail.com,GET,/orders/me,5.736,200,ok,0,steady
1791234477.115642,kiemthugialap089@gmail.com,GET,/concerts/{id},5.879,200,ok,0,steady
1791234477.1169136,kiemthugialap095@gmail.com,GET,/orders/me,4.769,200,ok,0,steady
1791234477.142728,kiemthugialap025@gmail.com,GET,/orders/me,5.232,200,ok,0,steady
1791234477.1596773,kiemthugialap082@gmail.com,GET,/orders/me,6.411,200,ok,0,steady
1791234477.199463,kiemthugialap012@gmail.com,GET,/concerts?on_sale=true,11.048,200,ok,0,steady
1791234477.203659,kiemthugialap098@gmail.com,GET,/orders/me,13.143,200,ok,0,steady
1791234477.2040725,kiemthugialap044@gmail.com,GET,/orders/me,17.742,200,ok,0,steady
1791234477.2050576,kiemthugialap087@gmail.com,GET,/orders/me,17.533,200,ok,0,steady
1791234477.2052655,kiemthugialap078@gmail.com,GET,/orders/me,17.291,200,ok,0,steady
1791234477.2099817,kiemthugialap026@gmail.com,GET,/orders/me,9.857,200,ok,0,steady
1791234477.2105176,kiemthugialap065@gmail.com,GET,/orders/me,10.846,200,ok,0,steady
1791234477.2110956,kiemthugialap071@gmail.com,GET,/orders/me,6.888,200,ok,0,steady
1791234477.2244043,kiemthugialap100@gmail.com,GET,/orders/me,4.758,200,ok,0,steady
1791234477.241989,kiemthugialap033@gmail.com,GET,/concerts,3.939,200,ok,0,steady
1791234477.2449715,kiemthugialap081@gmail.com,GET,/concerts/{id},2.815,200,ok,0,steady
1791234477.2481284,kiemthugialap004@gmail.com,GET,/orders/me,3.022,200,ok,0,steady
1791234477.276582,kiemthugialap072@gmail.com,GET,/concerts/{id},4.534,200,ok,0,steady
1791234477.277579,kiemthugialap043@gmail.com,GET,/orders/me,6.466,200,ok,0,steady
1791234477.3104866,kiemthugialap053@gmail.com,GET,/concerts?on_sale=true,4.379,200,ok,0,steady
1791234477.311436,kiemthugialap052@gmail.com,GET,/orders/me,6.486,200,ok,0,steady
1791234477.325852,kiemthugialap020@gmail.com,GET,/orders/me,4.738,200,ok,0,steady
1791234477.3785164,kiemthugialap037@gmail.com,GET,/concerts/{id},7.072,200,ok,0,steady
1791234477.3789673,kiemthugialap042@gmail.com,GET,/concerts,5.588,200,ok,0,steady
1791234477.3800128,kiemthugialap040@gmail.com,GET,/orders/me,7.079,200,ok,0,steady
1791234477.4921813,kiemthugialap055@gmail.com,GET,/orders/me,5.961,200,ok,0,steady
1791234477.509267,kiemthugialap002@gmail.com,GET,/orders/me,5.04,200,ok,0,steady
1791234477.526629,kiemthugialap027@gmail.com,GET,/concerts?on_sale=true,5.089,200,ok,0,steady
1791234477.5444229,kiemthugialap091@gmail.com,GET,/orders/me,5.298,200,ok,0,steady
1791234477.544773,kiemthugialap022@gmail.com,GET,/orders/me,6.553,200,ok,0,steady
1791234477.577687,kiemthugialap016@gmail.com,GET,/orders/me,4.883,200,ok,0,steady
1791234477.593009,kiemthugialap008@gmail.com,GET,/orders/me,5.171,200,ok,0,steady
1791234477.5959077,kiemthugialap068@gmail.com,GET,/orders/me,2.743,200,ok,0,steady
1791234477.6276968,kiemthugialap094@gmail.com,GET,/concerts?on_sale=true,21.287,200,ok,0,steady
1791234477.631821,kiemthugialap038@gmail.com,GET,/concerts/{id},9.041,200,ok,0,steady
1791234477.6321938,kiemthugialap073@gmail.com,GET,/concerts,10.095,200,ok,0,steady
1791234477.6323786,kiemthugialap063@gmail.com,GET,/orders/me,27.094,200,ok,0,steady
1791234477.6334574,kiemthugialap007@gmail.com,GET,/orders/me,9.57,200,ok,0,steady
1791234477.6762593,kiemthugialap023@gmail.com,GET,/orders/me,6.123,200,ok,0,steady
1791234477.7121215,kiemthugialap028@gmail.com,GET,/orders/me,5.917,200,ok,0,steady
1791234477.7132635,kiemthugialap050@gmail.com,GET,/orders/me,7.736,200,ok,0,steady
1791234477.7153964,kiemthugialap070@gmail.com,GET,/orders/me,3.082,200,ok,0,steady
1791234477.7239535,kiemthugialap092@gmail.com,GET,/concerts/{id},3.427,200,ok,0,steady
1791234477.742471,kiemthugialap015@gmail.com,GET,/concerts?on_sale=true,4.727,200,ok,0,steady
1791234477.7589688,kiemthugialap039@gmail.com,GET,/concerts/{id},4.238,200,ok,0,steady
1791234477.7599213,kiemthugialap062@gmail.com,GET,/orders/me,5.791,200,ok,0,steady
1791234477.776004,kiemthugialap013@gmail.com,GET,/orders/me,6.095,200,ok,0,steady
1791234477.778684,kiemthugialap047@gmail.com,GET,/orders/me,4.726,200,ok,0,steady
1791234477.808637,kiemthugialap086@gmail.com,GET,/concerts?on_sale=true,3.888,200,ok,0,steady
1791234477.8404996,kiemthugialap019@gmail.com,GET,/concerts?on_sale=true,19.148,200,ok,0,steady
1791234477.8422053,kiemthugialap049@gmail.com,GET,/concerts,20.034,200,ok,0,steady
1791234477.8464165,kiemthugialap031@gmail.com,GET,/orders/me,7.364,200,ok,0,steady
1791234477.8469079,kiemthugialap005@gmail.com,GET,/orders/me,8.9,200,ok,0,steady
1791234477.875777,kiemthugialap069@gmail.com,GET,/orders/me,5.324,200,ok,0,steady
1791234477.8944373,kiemthugialap021@gmail.com,GET,/concerts?on_sale=true,4.266,200,ok,0,steady
1791234477.895421,kiemthugialap078@gmail.com,GET,/orders/me,5.88,200,ok,0,steady
1791234477.9321525,kiemthugialap075@gmail.com,GET,/orders/me,9.494,200,ok,0,steady
1791234477.9333034,kiemthugialap079@gmail.com,GET,/orders/me,13.275,200,ok,0,steady
1791234477.933621,kiemthugialap080@gmail.com,GET,/orders/me,12.652,200,ok,0,steady
1791234477.9339035,kiemthugialap025@gmail.com,GET,/orders/me,12.542,200,ok,0,steady
1791234477.9350443,kiemthugialap095@gmail.com,GET,/concerts?on_sale=true,2.69,200,ok,0,steady
1791234477.979103,kiemthugialap046@gmail.com,GET,/concerts?on_sale=true,7.793,200,ok,0,steady
1791234477.9797058,kiemthugialap044@gmail.com,GET,/concerts/{id},7.382,200,ok,0,steady
1791234477.9810035,kiemthugialap100@gmail.com,GET,/orders/me,8.075,200,ok,0,steady
1791234477.9813597,kiemthugialap057@gmail.com,GET,/orders/me,8.695,200,ok,0,steady
1791234477.9921997,kiemthugialap058@gmail.com,GET,/orders/me,4.905,200,ok,0,steady
1791234477.994896,kiemthugialap089@gmail.com,GET,/orders/me,4.057,200,ok,0,steady
1791234478.0081594,kiemthugialap084@gmail.com,GET,/concerts,3.875,200,ok,0,steady
1791234478.025105,kiemthugialap053@gmail.com,GET,/concerts?on_sale=true,4.489,200,ok,0,steady
1791234478.027297,kiemthugialap001@gmail.com,GET,/concerts/{id},2.021,200,ok,0,steady
1791234478.0300941,kiemthugialap048@gmail.com,GET,/orders/me,2.681,200,ok,0,steady
1791234478.042615,kiemthugialap067@gmail.com,GET,/orders/me,4.679,200,ok,0,steady
1791234478.059672,kiemthugialap093@gmail.com,GET,/concerts,4.637,200,ok,0,steady
1791234478.061232,kiemthugialap076@gmail.com,GET,/orders/me,7.084,200,ok,0,steady
1791234478.064102,kiemthugialap032@gmail.com,GET,/orders/me,4.293,200,ok,0,steady
1791234478.0748546,kiemthugialap083@gmail.com,GET,/orders/me,4.435,200,ok,0,steady
1791234478.0954888,kiemthugialap091@gmail.com,GET,/concerts/{id},3.574,200,ok,0,steady
1791234478.109414,kiemthugialap026@gmail.com,GET,/orders/me,4.441,200,ok,0,steady
1791234478.1286259,kiemthugialap059@gmail.com,GET,/orders/me,7.371,200,ok,0,steady
1791234478.1290739,kiemthugialap068@gmail.com,GET,/orders/me,6.644,200,ok,0,steady
1791234478.1452813,kiemthugialap051@gmail.com,GET,/concerts,7.447,200,ok,0,steady
1791234478.1467195,kiemthugialap071@gmail.com,GET,/orders/me,7.268,200,ok,0,steady
1791234478.1471803,kiemthugialap055@gmail.com,GET,/orders/me,8.152,200,ok,0,steady
1791234478.1605575,kiemthugialap036@gmail.com,GET,/orders/me,5.588,200,ok,0,steady
1791234478.1935391,kiemthugialap088@gmail.com,GET,/concerts,5.796,200,ok,0,steady
1791234478.1992953,kiemthugialap052@gmail.com,GET,/concerts,4.99,200,ok,0,steady
1791234478.2008607,kiemthugialap096@gmail.com,GET,/orders/me,7.099,200,ok,0,steady
1791234478.203322,kiemthugialap077@gmail.com,GET,/orders/me,3.871,200,ok,0,steady
1791234478.2295403,kiemthugialap060@gmail.com,GET,/orders/me,8.149,200,ok,0,steady
1791234478.2306504,kiemthugialap074@gmail.com,GET,/orders/me,8.26,200,ok,0,steady
1791234478.2309709,kiemthugialap002@gmail.com,GET,/orders/me,8.964,200,ok,0,steady
1791234478.232919,kiemthugialap009@gmail.com,GET,/concerts?on_sale=true,3.195,200,ok,0,steady
1791234478.2939944,kiemthugialap098@gmail.com,GET,/orders/me,22.397,200,ok,0,steady
1791234478.2950635,kiemthugialap018@gmail.com,GET,/orders/me,24.646,200,ok,0,steady
1791234478.2976906,kiemthugialap010@gmail.com,GET,/orders/me,3.51,200,ok,0,steady
1791234478.318346,kiemthugialap063@gmail.com,GET,/concerts/{id},6.669,200,ok,0,steady
1791234478.3193276,kiemthugialap013@gmail.com,GET,/orders/me,9.044,200,ok,0,steady
1791234478.3454454,kiemthugialap039@gmail.com,GET,/orders/me,7.344,200,ok,0,steady
1791234478.3626044,kiemthugialap054@gmail.com,GET,/orders/me,9.681,200,ok,0,steady
1791234478.3648493,kiemthugialap011@gmail.com,GET,/orders/me,10.726,200,ok,0,steady
1791234478.365174,kiemthugialap008@gmail.com,GET,/orders/me,10.608,200,ok,0,steady
1791234478.3703425,kiemthugialap099@gmail.com,GET,/concerts/{id},7.528,200,ok,0,steady
1791234478.3706722,kiemthugialap094@gmail.com,GET,/concerts/{id},7.422,200,ok,0,steady
1791234478.3709712,kiemthugialap028@gmail.com,GET,/concerts/{id},7.442,200,ok,0,steady
1791234478.3735468,kiemthugialap003@gmail.com,GET,/orders/me,8.225,200,ok,0,steady
1791234478.3740842,kiemthugialap085@gmail.com,GET,/concerts?on_sale=true,4.443,200,ok,0,steady
1791234478.3948164,kiemthugialap024@gmail.com,GET,/orders/me,8.329,200,ok,0,steady
1791234478.3962388,kiemthugialap030@gmail.com,GET,/orders/me,7.641,200,ok,0,steady
1791234478.3966017,kiemthugialap043@gmail.com,GET,/orders/me,9.248,200,ok,0,steady
1791234478.4298842,kiemthugialap045@gmail.com,GET,/orders/me,4.699,200,ok,0,steady
1791234478.475069,kiemthugialap041@gmail.com,GET,/orders/me,20.39,200,ok,0,steady
1791234478.4899766,kiemthugialap023@gmail.com,GET,/orders/me,33.573,200,ok,0,steady
1791234478.490768,kiemthugialap035@gmail.com,GET,/orders/me,34.057,200,ok,0,steady
1791234478.4933522,kiemthugialap004@gmail.com,GET,/concerts,22.359,200,ok,0,steady
1791234478.5108876,kiemthugialap015@gmail.com,GET,/concerts/{id},6.135,200,ok,0,steady
1791234478.51154,kiemthugialap082@gmail.com,GET,/concerts,4.721,200,ok,0,steady
1791234478.5128057,kiemthugialap080@gmail.com,GET,/orders/me,7.196,200,ok,0,steady
1791234478.5142472,kiemthugialap090@gmail.com,GET,/concerts,2.581,200,ok,0,steady
1791234478.5767822,kiemthugialap061@gmail.com,GET,/orders/me,5.447,200,ok,0,steady
1791234478.6127613,kiemthugialap048@gmail.com,GET,/concerts,6.552,200,ok,0,steady
1791234478.614916,kiemthugialap066@gmail.com,GET,/orders/me,9.786,200,ok,0,steady
1791234478.6153646,kiemthugialap056@gmail.com,GET,/orders/me,8.813,200,ok,0,steady
1791234478.6174598,kiemthugialap086@gmail.com,GET,/orders/me,4.554,200,ok,0,steady
1791234478.6247623,kiemthugialap025@gmail.com,GET,/orders/me,4.359,200,ok,0,steady
1791234478.660518,kiemthugialap026@gmail.com,GET,/orders/me,4.8,200,ok,0,steady
1791234478.693781,kiemthugialap097@gmail.com,GET,/concerts/{id},5.467,200,ok,0,steady
1791234478.6948404,kiemthugialap053@gmail.com,GET,/orders/me,5.515,200,ok,0,steady
1791234478.6976712,kiemthugialap006@gmail.com,GET,/orders/me,2.72,200,ok,0,steady
1791234478.7097642,kiemthugialap033@gmail.com,GET,/concerts,4.283,200,ok,0,steady
1791234478.726427,kiemthugialap047@gmail.com,GET,/concerts?on_sale=true,4.516,200,ok,0,steady
1791234478.7268074,kiemthugialap017@gmail.com,GET,/concerts,5.445,200,ok,0,steady
1791234478.7621565,kiemthugialap052@gmail.com,GET,/orders/me,6.168,200,ok,0,steady
1791234478.7626257,kiemthugialap058@gmail.com,GET,/orders/me,8.227,200,ok,0,steady
1791234478.8085144,kiemthugialap072@gmail.com,GET,/concerts?on_sale=true,19.558,200,ok,0,steady
1791234478.8088794,kiemthugialap027@gmail.com,GET,/concerts,20.791,200,ok,0,steady
1791234478.8108008,kiemthugialap029@gmail.com,GET,/orders/me,6.201,200,ok,0,steady
1791234478.8148494,kiemthugialap002@gmail.com,GET,/concerts?on_sale=true,3.925,200,ok,0,steady
1791234478.8165967,kiemthugialap079@gmail.com,GET,/orders/me,4.842,200,ok,0,steady
1791234478.8176281,kiemthugialap014@gmail.com,GET,/concerts?on_sale=true,2.656,200,ok,0,steady
1791234478.849444,kiemthugialap034@gmail.com,GET,/orders/me,7.286,200,ok,0,steady
1791234478.875208,kiemthugialap093@gmail.com,GET,/concerts?on_sale=true,4.106,200,ok,0,steady
1791234478.9119241,kiemthugialap064@gmail.com,GET,/concerts,6.817,200,ok,0,steady
1791234478.91306,kiemthugialap095@gmail.com,GET,/orders/me,7.064,200,ok,0,steady
1791234478.927822,kiemthugialap020@gmail.com,GET,/orders/me,5.779,200,ok,0,steady
1791234478.9454489,kiemthugialap087@gmail.com,GET,/orders/me,6.725,200,ok,0,steady
1791234478.946276,kiemthugialap063@gmail.com,GET,/concerts?on_sale=true,5.213,200,ok,0,steady
1791234478.9469216,kiemthugialap077@gmail.com,GET,/orders/me,8.761,200,ok,0,steady
1791234478.9594886,kiemthugialap028@gmail.com,GET,/orders/me,5.375,200,ok,0,steady
1791234478.9641914,kiemthugialap068@gmail.com,GET,/concerts,3.566,200,ok,0,steady
1791234478.9646146,kiemthugialap042@gmail.com,GET,/concerts?on_sale=true,4.921,200,ok,0,steady
1791234478.9922714,kiemthugialap011@gmail.com,GET,/orders/me,5.734,200,ok,0,steady
1791234479.0079,kiemthugialap074@gmail.com,GET,/concerts?on_sale=true,4.8,200,ok,0,steady
1791234479.0261111,kiemthugialap001@gmail.com,GET,/concerts?on_sale=true,4.233,200,ok,0,steady
1791234479.0270016,kiemthugialap045@gmail.com,GET,/orders/me,6.316,200,ok,0,steady
1791234479.046831,kiemthugialap023@gmail.com,GET,/concerts?on_sale=true,6.842,200,ok,0,steady
1791234479.0487516,kiemthugialap092@gmail.com,GET,/orders/me,10.561,200,ok,0,steady
1791234479.0491078,kiemthugialap024@gmail.com,GET,/orders/me,9.835,200,ok,0,steady
1791234479.0493999,kiemthugialap075@gmail.com,GET,/orders/me,9.776,200,ok,0,steady
1791234479.1130898,kiemthugialap050@gmail.com,GET,/orders/me,7.363,200,ok,0,steady
1791234479.113557,kiemthugialap012@gmail.com,GET,/orders/me,8.67,200,ok,0,steady
1791234479.113862,kiemthugialap089@gmail.com,GET,/orders/me,7.887,200,ok,0,steady
1791234479.1257284,kiemthugialap078@gmail.com,GET,/concerts,4.81,200,ok,0,steady
1791234479.1433682,kiemthugialap055@gmail.com,GET,/orders/me,5.498,200,ok,0,steady
1791234479.194458,kiemthugialap018@gmail.com,GET,/concerts/{id},4.869,200,ok,0,steady
1791234479.1955051,kiemthugialap065@gmail.com,GET,/orders/me,6.765,200,ok,0,steady
1791234479.2101989,kiemthugialap040@gmail.com,GET,/orders/me,5.69,200,ok,0,steady
1791234479.215021,kiemthugialap016@gmail.com,GET,/concerts/{id},4.12,200,ok,0,steady
1791234479.2165332,kiemthugialap037@gmail.com,GET,/orders/me,6.132,200,ok,0,steady
1791234479.221058,kiemthugialap081@gmail.com,GET,/orders/me,5.335,200,ok,0,steady
1791234479.2215269,kiemthugialap080@gmail.com,GET,/orders/me,6.365,200,ok,0,steady
1791234479.2261763,kiemthugialap036@gmail.com,GET,/concerts/{id},4.47,200,ok,0,steady
1791234479.2273438,kiemthugialap067@gmail.com,GET,/orders/me,7.217,200,ok,0,steady
1791234479.2294374,kiemthugialap048@gmail.com,GET,/orders/me,3.108,200,ok,0,steady
1791234479.2762053,kiemthugialap071@gmail.com,GET,/orders/me,4.836,200,ok,0,steady
1791234479.312625,kiemthugialap005@gmail.com,GET,/concerts?on_sale=true,7.657,200,ok,0,steady
1791234479.3134136,kiemthugialap073@gmail.com,GET,/orders/me,9.787,200,ok,0,steady
1791234479.329157,kiemthugialap038@gmail.com,GET,/orders/me,8.576,200,ok,0,steady
1791234479.3296714,kiemthugialap022@gmail.com,GET,/orders/me,7.856,200,ok,0,steady
1791234479.3410888,kiemthugialap082@gmail.com,GET,/concerts,4.808,200,ok,0,steady
1791234479.3948708,kiemthugialap032@gmail.com,GET,/orders/me,6.907,200,ok,0,steady
1791234479.4074657,kiemthugialap021@gmail.com,GET,/concerts,4.409,200,ok,0,steady
1791234479.441212,kiemthugialap076@gmail.com,GET,/concerts/{id},5.054,200,ok,0,steady
1791234479.4474277,kiemthugialap007@gmail.com,GET,/orders/me,5.892,200,ok,0,steady
1791234479.4513843,kiemthugialap008@gmail.com,GET,/orders/me,3.748,200,ok,0,steady
1791234479.4561238,kiemthugialap041@gmail.com,GET,/orders/me,4.576,200,ok,0,steady
1791234479.4771712,kiemthugialap062@gmail.com,GET,/orders/me,7.094,200,ok,0,steady
1791234479.478356,kiemthugialap051@gmail.com,GET,/orders/me,7.649,200,ok,0,steady
1791234479.481609,kiemthugialap094@gmail.com,GET,/orders/me,4.266,200,ok,0,steady
1791234479.5068855,kiemthugialap046@gmail.com,GET,/concerts?on_sale=true,3.626,200,ok,0,steady
1791234479.5468166,kiemthugialap070@gmail.com,GET,/orders/me,9.927,200,ok,0,steady
1791234479.5489624,kiemthugialap054@gmail.com,GET,/orders/me,10.193,200,ok,0,steady
1791234479.549379,kiemthugialap066@gmail.com,GET,/orders/me,10.975,200,ok,0,steady
1791234479.551628,kiemthugialap031@gmail.com,GET,/concerts?on_sale=true,3.899,200,ok,0,steady
1791234479.5526211,kiemthugialap013@gmail.com,GET,/orders/me,5.551,200,ok,0,steady
1791234479.5929558,kiemthugialap069@gmail.com,GET,/orders/me,5.691,200,ok,0,steady
1791234479.6143425,kiemthugialap096@gmail.com,GET,/orders/me,8.525,200,ok,0,steady
1791234479.6155567,kiemthugialap015@gmail.com,GET,/orders/me,8.818,200,ok,0,steady
1791234479.6158748,kiemthugialap006@gmail.com,GET,/orders/me,9.485,200,ok,0,steady
1791234479.6177566,kiemthugialap100@gmail.com,GET,/orders/me,3.225,200,ok,0,steady
1791234479.643585,kiemthugialap019@gmail.com,GET,/orders/me,5.276,200,ok,0,steady
1791234479.6594229,kiemthugialap057@gmail.com,GET,/concerts?on_sale=true,3.627,200,ok,0,steady
1791234479.6616585,kiemthugialap030@gmail.com,GET,/concerts/{id},2.097,200,ok,0,steady
1791234479.6795738,kiemthugialap060@gmail.com,GET,/orders/me,7.806,200,ok,0,steady
1791234479.68131,kiemthugialap084@gmail.com,GET,/orders/me,7.862,200,ok,0,steady
1791234479.6833,kiemthugialap091@gmail.com,GET,/concerts?on_sale=true,3.077,200,ok,0,steady
1791234479.6836462,kiemthugialap090@gmail.com,GET,/concerts?on_sale=true,3.884,200,ok,0,steady
1791234479.7109115,kiemthugialap089@gmail.com,GET,/concerts/{id},5.131,200,ok,0,steady
1791234479.714799,kiemthugialap095@gmail.com,GET,/orders/me,3.454,200,ok,0,steady
1791234479.766539,kiemthugialap014@gmail.com,GET,/orders/me,9.792,200,ok,0,steady
1791234479.767005,kiemthugialap049@gmail.com,GET,/orders/me,10.584,200,ok,0,steady
1791234479.7673185,kiemthugialap081@gmail.com,GET,/orders/me,12.306,200,ok,0,steady
1791234479.7675946,kiemthugialap017@gmail.com,GET,/orders/me,11.549,200,ok,0,steady
1791234479.8100991,kiemthugialap083@gmail.com,GET,/concerts/{id},4.336,200,ok,0,steady
1791234479.8105843,kiemthugialap058@gmail.com,GET,/orders/me,5.802,200,ok,0,steady
1791234479.8423743,kiemthugialap061@gmail.com,GET,/concerts?on_sale=true,4.582,200,ok,0,steady
1791234479.8782024,kiemthugialap098@gmail.com,GET,/concerts,5.736,200,ok,0,steady
1791234479.879336,kiemthugialap011@gmail.com,GET,/concerts?on_sale=true,6.492,200,ok,0,steady
1791234479.8803926,kiemthugialap018@gmail.com,GET,/orders/me,8.816,200,ok,0,steady
1791234479.8823318,kiemthugialap056@gmail.com,GET,/orders/me,3.999,200,ok,0,steady
1791234479.9092987,kiemthugialap080@gmail.com,GET,/concerts?on_sale=true,3.487,200,ok,0,steady
1791234479.9423616,kiemthugialap064@gmail.com,GET,/concerts/{id},4.241,200,ok,0,steady
1791234479.945499,kiemthugialap009@gmail.com,GET,/orders/me,2.992,200,ok,0,steady
1791234479.9593742,kiemthugialap059@gmail.com,GET,/orders/me,5.126,200,ok,0,steady
1791234479.976964,kiemthugialap044@gmail.com,GET,/concerts,5.563,200,ok,0,steady
1791234479.977952,kiemthugialap002@gmail.com,GET,/orders/me,5.148,200,ok,0,steady
1791234479.9805038,kiemthugialap074@gmail.com,GET,/orders/me,3.41,200,ok,0,steady
1791234480.0123558,kiemthugialap048@gmail.com,GET,/orders/me,6.577,200,ok,0,steady
1791234480.046212,kiemthugialap021@gmail.com,GET,/orders/me,7.519,200,ok,0,steady
1791234480.0466835,kiemthugialap012@gmail.com,GET,/orders/me,9.332,200,ok,0,steady
1791234480.0469892,kiemthugialap078@gmail.com,GET,/orders/me,8.835,200,ok,0,steady
1791234480.050447,kiemthugialap023@gmail.com,GET,/orders/me,3.344,200,ok,0,steady
1791234480.096388,kiemthugialap040@gmail.com,GET,/orders/me,7.891,200,ok,0,steady
1791234480.0968084,kiemthugialap077@gmail.com,GET,/orders/me,9.502,200,ok,0,steady
1791234480.0977318,kiemthugialap088@gmail.com,GET,/orders/me,7.224,200,ok,0,steady
1791234480.1292176,kiemthugialap025@gmail.com,GET,/concerts?on_sale=true,5.549,200,ok,0,steady
1791234480.1308901,kiemthugialap097@gmail.com,GET,/orders/me,8.27,200,ok,0,steady
1791234480.1347878,kiemthugialap042@gmail.com,GET,/concerts,3.727,200,ok,0,steady
1791234480.1352458,kiemthugialap010@gmail.com,GET,/orders/me,5.788,200,ok,0,steady
1791234480.1609495,kiemthugialap043@gmail.com,GET,/orders/me,7.446,200,ok,0,steady
1791234480.1613579,kiemthugialap029@gmail.com,GET,/orders/me,6.697,200,ok,0,steady
1791234480.1928906,kiemthugialap045@gmail.com,GET,/orders/me,4.973,200,ok,0,steady
1791234480.2106256,kiemthugialap099@gmail.com,GET,/orders/me,5.931,200,ok,0,steady
1791234480.2258356,kiemthugialap079@gmail.com,GET,/concerts?on_sale=true,4.389,200,ok,0,steady
1791234480.243913,kiemthugialap091@gmail.com,GET,/orders/me,6.006,200,ok,0,steady
1791234480.2763703,kiemthugialap085@gmail.com,GET,/orders/me,5.191,200,ok,0,steady
1791234480.2795143,kiemthugialap003@gmail.com,GET,/orders/me,2.998,200,ok,0,steady
1791234480.2945168,kiemthugialap037@gmail.com,GET,/orders/me,6.91,200,ok,0,steady
1791234480.2949924,kiemthugialap055@gmail.com,GET,/orders/me,6.542,200,ok,0,steady
1791234480.326422,kiemthugialap030@gmail.com,GET,/orders/me,5.063,200,ok,0,steady
1791234480.3434398,kiemthugialap039@gmail.com,GET,/orders/me,4.231,200,ok,0,steady
1791234480.3606417,kiemthugialap035@gmail.com,GET,/orders/me,5.701,200,ok,0,steady
1791234480.3955877,kiemthugialap007@gmail.com,GET,/concerts/{id},6.117,200,ok,0,steady
1791234480.3966587,kiemthugialap036@gmail.com,GET,/concerts/{id},8.57,200,ok,0,steady
1791234480.3988736,kiemthugialap054@gmail.com,GET,/orders/me,9.073,200,ok,0,steady
1791234480.3995717,kiemthugialap016@gmail.com,GET,/orders/me,10.608,200,ok,0,steady
1791234480.4004757,kiemthugialap083@gmail.com,GET,/orders/me,4.677,200,ok,0,steady
1791234480.426111,kiemthugialap026@gmail.com,GET,/orders/me,5.12,200,ok,0,steady
1791234480.4465737,kiemthugialap047@gmail.com,GET,/orders/me,8.034,200,ok,0,steady
1791234480.4470313,kiemthugialap004@gmail.com,GET,/orders/me,9.349,200,ok,0,steady
1791234480.4477735,kiemthugialap018@gmail.com,GET,/orders/me,9.006,200,ok,0,steady
1791234480.4591837,kiemthugialap086@gmail.com,GET,/concerts?on_sale=true,3.914,200,ok,0,steady
1791234480.478091,kiemthugialap020@gmail.com,GET,/orders/me,7.206,200,ok,0,steady
1791234480.4971488,kiemthugialap068@gmail.com,GET,/orders/me,9.698,200,ok,0,steady
1791234480.5140517,kiemthugialap015@gmail.com,GET,/concerts,9.347,200,ok,0,steady
1791234480.5164447,kiemthugialap062@gmail.com,GET,/orders/me,11.321,200,ok,0,steady
1791234480.5169122,kiemthugialap027@gmail.com,GET,/orders/me,11.476,200,ok,0,steady
1791234480.5172331,kiemthugialap073@gmail.com,GET,/orders/me,13.353,200,ok,0,steady
1791234480.520521,kiemthugialap032@gmail.com,GET,/concerts,3.145,200,ok,0,steady
1791234480.5774033,kiemthugialap087@gmail.com,GET,/concerts/{id},5.475,200,ok,0,steady
1791234480.5793023,kiemthugialap051@gmail.com,GET,/orders/me,9.019,200,ok,0,steady
1791234480.5812533,kiemthugialap093@gmail.com,GET,/concerts?on_sale=true,3.561,200,ok,0,steady
1791234480.5863938,kiemthugialap081@gmail.com,GET,/orders/me,4.94,200,ok,0,steady
1791234480.591655,kiemthugialap065@gmail.com,GET,/concerts/{id},5.02,200,ok,0,steady
1791234480.6081297,kiemthugialap098@gmail.com,GET,/concerts,4.737,200,ok,0,steady
1791234480.6128182,kiemthugialap058@gmail.com,GET,/orders/me,4.4,200,ok,0,steady
1791234480.6302984,kiemthugialap050@gmail.com,GET,/concerts?on_sale=true,9.67,200,ok,0,steady
1791234480.6311584,kiemthugialap033@gmail.com,GET,/orders/me,10.147,200,ok,0,steady
1791234480.6315017,kiemthugialap075@gmail.com,GET,/orders/me,12.275,200,ok,0,steady
1791234480.6327596,kiemthugialap094@gmail.com,GET,/orders/me,11.498,200,ok,0,steady
1791234480.6340303,kiemthugialap069@gmail.com,GET,/concerts?on_sale=true,2.388,200,ok,0,steady
1791234480.6362076,kiemthugialap034@gmail.com,GET,/concerts/{id},2.036,200,ok,0,steady
1791234480.6604676,kiemthugialap092@gmail.com,GET,/orders/me,5.793,200,ok,0,steady
1791234480.660908,kiemthugialap066@gmail.com,GET,/orders/me,7.378,200,ok,0,steady
1791234480.677678,kiemthugialap053@gmail.com,GET,/orders/me,6.218,200,ok,0,steady
1791234480.6909418,kiemthugialap052@gmail.com,GET,/concerts?on_sale=true,4.392,200,ok,0,steady
1791234480.7099507,kiemthugialap009@gmail.com,GET,/orders/me,6.079,200,ok,0,steady
1791234480.7109354,kiemthugialap048@gmail.com,GET,/orders/me,5.7,200,ok,0,steady
1791234480.7246418,kiemthugialap014@gmail.com,GET,/concerts/{id},3.911,200,ok,0,steady
1791234480.7448854,kiemthugialap038@gmail.com,GET,/orders/me,7.711,200,ok,0,steady
1791234480.748142,kiemthugialap059@gmail.com,GET,/orders/me,9.985,200,ok,0,steady
1791234480.7510908,kiemthugialap008@gmail.com,GET,/concerts,5.996,200,ok,0,steady
1791234480.7523694,kiemthugialap029@gmail.com,GET,/orders/me,6.826,200,ok,0,steady
1791234480.765568,kiemthugialap100@gmail.com,GET,/orders/me,6.225,200,ok,0,steady
1791234480.792719,kiemthugialap002@gmail.com,GET,/orders/me,5.266,200,ok,0,steady
1791234480.8109472,kiemthugialap072@gmail.com,GET,/orders/me,5.845,200,ok,0,steady
1791234480.8424175,kiemthugialap017@gmail.com,GET,/orders/me,4.454,200,ok,0,steady
1791234480.8454692,kiemthugialap041@gmail.com,GET,/orders/me,2.912,200,ok,0,steady
1791234480.8595839,kiemthugialap031@gmail.com,GET,/orders/me,4.894,200,ok,0,steady
1791234480.87573,kiemthugialap096@gmail.com,GET,/concerts/{id},4.637,200,ok,0,steady
1791234480.8947577,kiemthugialap028@gmail.com,GET,/orders/me,4.926,200,ok,0,steady
1791234480.9114313,kiemthugialap049@gmail.com,GET,/concerts/{id},5.072,200,ok,0,steady
1791234480.91246,kiemthugialap001@gmail.com,GET,/orders/me,6.997,200,ok,0,steady
1791234480.9502773,kiemthugialap005@gmail.com,GET,/orders/me,10.751,200,ok,0,steady
1791234480.9508572,kiemthugialap063@gmail.com,GET,/orders/me,12.672,200,ok,0,steady
1791234480.951294,kiemthugialap012@gmail.com,GET,/orders/me,10.43,200,ok,0,steady
1791234480.9516752,kiemthugialap078@gmail.com,GET,/orders/me,12.55,200,ok,0,steady
1791234480.954338,kiemthugialap077@gmail.com,GET,/concerts,2.526,200,ok,0,steady
1791234480.9792202,kiemthugialap089@gmail.com,GET,/orders/me,9.402,200,ok,0,steady
1791234480.9798114,kiemthugialap042@gmail.com,GET,/orders/me,9.54,200,ok,0,steady
1791234480.9963171,kiemthugialap064@gmail.com,GET,/orders/me,7.192,200,ok,0,steady
1791234481.0259554,kiemthugialap046@gmail.com,GET,/concerts,4.355,200,ok,0,steady
1791234481.0291328,kiemthugialap010@gmail.com,GET,/orders/me,2.991,200,ok,0,steady
1791234481.0455296,kiemthugialap024@gmail.com,GET,/orders/me,6.753,200,ok,0,steady
1791234481.045931,kiemthugialap019@gmail.com,GET,/orders/me,6.17,200,ok,0,steady
1791234481.0783036,kiemthugialap027@gmail.com,GET,/orders/me,6.376,200,ok,0,steady
1791234481.0919607,kiemthugialap044@gmail.com,GET,/orders/me,4.155,200,ok,0,steady
1791234481.1100214,kiemthugialap068@gmail.com,GET,/concerts,5.076,200,ok,0,steady
1791234481.1110778,kiemthugialap076@gmail.com,GET,/concerts,7.41,200,ok,0,steady
1791234481.1135092,kiemthugialap032@gmail.com,GET,/orders/me,3.324,200,ok,0,steady
1791234481.125541,kiemthugialap067@gmail.com,GET,/orders/me,4.473,200,ok,0,steady
1791234481.147008,kiemthugialap070@gmail.com,GET,/concerts/{id},7.01,200,ok,0,steady
1791234481.1495912,kiemthugialap082@gmail.com,GET,/orders/me,10.116,200,ok,0,steady
1791234481.1499236,kiemthugialap022@gmail.com,GET,/orders/me,12.028,200,ok,0,steady
1791234481.1502469,kiemthugialap035@gmail.com,GET,/orders/me,11.234,200,ok,0,steady
1791234481.1518111,kiemthugialap091@gmail.com,GET,/concerts?on_sale=true,4.575,200,ok,0,steady
1791234481.1540027,kiemthugialap098@gmail.com,GET,/orders/me,3.631,200,ok,0,steady
1791234481.1781752,kiemthugialap071@gmail.com,GET,/orders/me,7.565,200,ok,0,steady
1791234481.1824794,kiemthugialap081@gmail.com,GET,/orders/me,4.043,200,ok,0,steady
1791234481.2105105,kiemthugialap013@gmail.com,GET,/orders/me,4.971,200,ok,0,steady
1791234481.2434893,kiemthugialap016@gmail.com,GET,/concerts,5.046,200,ok,0,steady
1791234481.244719,kiemthugialap084@gmail.com,GET,/orders/me,5.434,200,ok,0,steady
1791234481.2470489,kiemthugialap006@gmail.com,GET,/orders/me,3.426,200,ok,0,steady
1791234481.259385,kiemthugialap034@gmail.com,GET,/orders/me,4.804,200,ok,0,steady
1791234481.2778327,kiemthugialap087@gmail.com,GET,/concerts,5.953,200,ok,0,steady
1791234481.2789822,kiemthugialap043@gmail.com,GET,/orders/me,6.112,200,ok,0,steady
1791234481.293735,kiemthugialap080@gmail.com,GET,/orders/me,5.519,200,ok,0,steady
1791234481.309102,kiemthugialap050@gmail.com,GET,/orders/me,5.182,200,ok,0,steady
1791234481.3259797,kiemthugialap045@gmail.com,GET,/orders/me,5.561,200,ok,0,steady
1791234481.329026,kiemthugialap009@gmail.com,GET,/orders/me,2.878,200,ok,0,steady
1791234481.3586287,kiemthugialap053@gmail.com,GET,/concerts?on_sale=true,4.123,200,ok,0,steady
1791234481.3969297,kiemthugialap074@gmail.com,GET,/orders/me,8.734,200,ok,0,steady
1791234481.3976567,kiemthugialap099@gmail.com,GET,/orders/me,8.816,200,ok,0,steady
1791234481.4101424,kiemthugialap061@gmail.com,GET,/orders/me,4.702,200,ok,0,steady
1791234481.4268584,kiemthugialap036@gmail.com,GET,/orders/me,5.464,200,ok,0,steady
1791234481.442465,kiemthugialap100@gmail.com,GET,/concerts/{id},5.197,200,ok,0,steady
1791234481.4433985,kiemthugialap057@gmail.com,GET,/orders/me,5.669,200,ok,0,steady
1791234481.478584,kiemthugialap011@gmail.com,GET,/concerts,6.673,200,ok,0,steady
1791234481.4795465,kiemthugialap097@gmail.com,GET,/orders/me,6.624,200,ok,0,steady
1791234481.526624,kiemthugialap038@gmail.com,GET,/orders/me,5.213,200,ok,0,steady
1791234481.557395,kiemthugialap060@gmail.com,GET,/concerts?on_sale=true,17.996,200,ok,0,steady
1791234481.5738075,kiemthugialap095@gmail.com,GET,/orders/me,35.333,200,ok,0,steady
1791234481.5751982,kiemthugialap090@gmail.com,GET,/concerts,20.708,200,ok,0,steady
1791234481.5775802,kiemthugialap064@gmail.com,GET,/orders/me,21.884,200,ok,0,steady
1791234481.5791013,kiemthugialap003@gmail.com,GET,/orders/me,7.157,200,ok,0,steady
1791234481.612168,kiemthugialap054@gmail.com,GET,/orders/me,6.23,200,ok,0,steady
1791234481.6125603,kiemthugialap015@gmail.com,GET,/orders/me,7.639,200,ok,0,steady
1791234481.6278813,kiemthugialap078@gmail.com,GET,/orders/me,5.63,200,ok,0,steady
1791234481.6442983,kiemthugialap056@gmail.com,GET,/orders/me,6.733,200,ok,0,steady
1791234481.6912475,kiemthugialap018@gmail.com,GET,/concerts,20.631,200,ok,0,steady
1791234481.6939485,kiemthugialap023@gmail.com,GET,/orders/me,24.187,200,ok,0,steady
1791234481.6943662,kiemthugialap035@gmail.com,GET,/orders/me,7.827,200,ok,0,steady
1791234481.7106655,kiemthugialap089@gmail.com,GET,/orders/me,7.317,200,ok,0,steady
1791234481.7275503,kiemthugialap088@gmail.com,GET,/orders/me,6.344,200,ok,0,steady
1791234481.7436683,kiemthugialap002@gmail.com,GET,/orders/me,6.65,200,ok,0,steady
1791234481.7487836,kiemthugialap004@gmail.com,GET,/orders/me,4.839,200,ok,0,steady
1791234481.7769284,kiemthugialap091@gmail.com,GET,/orders/me,7.135,200,ok,0,steady
1791234481.8437274,kiemthugialap077@gmail.com,GET,/orders/me,22.449,200,ok,0,steady
1791234481.8444717,kiemthugialap021@gmail.com,GET,/orders/me,21.573,200,ok,0,steady
1791234481.8449256,kiemthugialap059@gmail.com,GET,/orders/me,23.254,200,ok,0,steady
1791234481.8454006,kiemthugialap096@gmail.com,GET,/orders/me,24.866,200,ok,0,steady
1791234481.8574505,kiemthugialap037@gmail.com,GET,/concerts?on_sale=true,3.657,200,ok,0,steady
1791234481.875114,kiemthugialap084@gmail.com,GET,/orders/me,5.094,200,ok,0,steady
1791234481.890267,kiemthugialap065@gmail.com,GET,/concerts?on_sale=true,3.791,200,ok,0,steady
1791234481.9138942,kiemthugialap048@gmail.com,GET,/orders/me,10.429,200,ok,0,steady
1791234481.9144838,kiemthugialap031@gmail.com,GET,/orders/me,10.208,200,ok,0,steady
1791234481.9149458,kiemthugialap030@gmail.com,GET,/orders/me,9.469,200,ok,0,steady
1791234481.9176753,kiemthugialap079@gmail.com,GET,/concerts,2.597,200,ok,0,steady
1791234481.9297209,kiemthugialap086@gmail.com,GET,/concerts?on_sale=true,4.58,200,ok,0,steady
1791234481.9467764,kiemthugialap069@gmail.com,GET,/orders/me,7.699,200,ok,0,steady
1791234481.9595096,kiemthugialap033@gmail.com,GET,/orders/me,4.916,200,ok,0,steady
1791234481.9654536,kiemthugialap040@gmail.com,GET,/orders/me,5.736,200,ok,0,steady
1791234481.966203,kiemthugialap025@gmail.com,GET,/concerts/{id},5.762,200,ok,0,steady
1791234481.9667776,kiemthugialap093@gmail.com,GET,/orders/me,6.013,200,ok,0,steady
1791234481.9764621,kiemthugialap010@gmail.com,GET,/orders/me,5.796,200,ok,0,steady
1791234482.0292182,kiemthugialap072@gmail.com,GET,/concerts/{id},8.979,200,ok,0,steady
1791234482.0301723,kiemthugialap068@gmail.com,GET,/orders/me,8.694,200,ok,0,steady
1791234482.0308173,kiemthugialap053@gmail.com,GET,/orders/me,9.822,200,ok,0,steady
1791234482.043333,kiemthugialap028@gmail.com,GET,/orders/me,4.632,200,ok,0,steady
1791234482.060462,kiemthugialap007@gmail.com,GET,/concerts,4.127,200,ok,0,steady
1791234482.0615108,kiemthugialap085@gmail.com,GET,/orders/me,6.238,200,ok,0,steady
1791234482.0775008,kiemthugialap083@gmail.com,GET,/concerts/{id},4.38,200,ok,0,steady
1791234482.077919,kiemthugialap014@gmail.com,GET,/concerts/{id},5.818,200,ok,0,steady
1791234482.112834,kiemthugialap062@gmail.com,GET,/orders/me,7.136,200,ok,0,steady
1791234482.113299,kiemthugialap098@gmail.com,GET,/orders/me,8.841,200,ok,0,steady
1791234482.1135955,kiemthugialap061@gmail.com,GET,/orders/me,7.635,200,ok,0,steady
1791234482.132142,kiemthugialap008@gmail.com,GET,/concerts/{id},6.518,200,ok,0,steady
1791234482.1336133,kiemthugialap026@gmail.com,GET,/orders/me,8.328,200,ok,0,steady
1791234482.133952,kiemthugialap005@gmail.com,GET,/orders/me,9.31,200,ok,0,steady
1791234482.158377,kiemthugialap045@gmail.com,GET,/concerts?on_sale=true,4.346,200,ok,0,steady
1791234482.1782231,kiemthugialap039@gmail.com,GET,/orders/me,7.528,200,ok,0,steady
1791234482.1786587,kiemthugialap043@gmail.com,GET,/orders/me,6.837,200,ok,0,steady
1791234482.181136,kiemthugialap027@gmail.com,GET,/concerts?on_sale=true,2.352,200,ok,0,steady
1791234482.2119825,kiemthugialap055@gmail.com,GET,/concerts/{id},6.941,200,ok,0,steady
1791234482.2135437,kiemthugialap051@gmail.com,GET,/orders/me,8.056,200,ok,0,steady
1791234482.2139413,kiemthugialap020@gmail.com,GET,/orders/me,10.058,200,ok,0,steady
1791234482.2446795,kiemthugialap019@gmail.com,GET,/orders/me,5.402,200,ok,0,steady
1791234482.2608063,kiemthugialap009@gmail.com,GET,/orders/me,6.581,200,ok,0,steady
1791234482.2749927,kiemthugialap047@gmail.com,GET,/concerts/{id},4.661,200,ok,0,steady
1791234482.3092144,kiemthugialap075@gmail.com,GET,/orders/me,5.591,200,ok,0,steady
1791234482.3246408,kiemthugialap052@gmail.com,GET,/concerts?on_sale=true,4.851,200,ok,0,steady
1791234482.3283043,kiemthugialap066@gmail.com,GET,/orders/me,3.496,200,ok,0,steady
1791234482.3599322,kiemthugialap073@gmail.com,GET,/orders/me,5.395,200,ok,0,steady
1791234482.451844,kiemthugialap012@gmail.com,GET,/concerts/{id},61.706,200,ok,0,steady
1791234482.4584553,kiemthugialap049@gmail.com,GET,/concerts?on_sale=true,53.657,200,ok,0,steady
1791234482.4641743,kiemthugialap001@gmail.com,GET,/orders/me,75.799,200,ok,0,steady
1791234482.4646564,kiemthugialap017@gmail.com,GET,/concerts/{id},42.589,200,ok,0,steady
1791234482.4718254,kiemthugialap058@gmail.com,GET,/orders/me,6.966,200,ok,0,steady
1791234482.4779654,kiemthugialap003@gmail.com,GET,/orders/me,88.305,200,ok,0,steady
1791234482.4789522,kiemthugialap092@gmail.com,GET,/orders/me,74.913,200,ok,0,steady
1791234482.4792895,kiemthugialap041@gmail.com,GET,/orders/me,59.281,200,ok,0,steady
1791234482.4798725,kiemthugialap034@gmail.com,GET,/orders/me,58.942,200,ok,0,steady
1791234482.5113385,kiemthugialap010@gmail.com,GET,/concerts?on_sale=true,6.116,200,ok,0,steady
1791234482.5130353,kiemthugialap074@gmail.com,GET,/orders/me,6.732,200,ok,0,steady
1791234482.5134144,kiemthugialap080@gmail.com,GET,/orders/me,9.39,200,ok,0,steady
1791234482.5427914,kiemthugialap094@gmail.com,GET,/concerts?on_sale=true,5.63,200,ok,0,steady
1791234482.5460396,kiemthugialap071@gmail.com,GET,/orders/me,3.098,200,ok,0,steady
1791234482.5771325,kiemthugialap067@gmail.com,GET,/orders/me,4.503,200,ok,0,steady
1791234482.5796554,kiemthugialap029@gmail.com,GET,/concerts,2.368,200,ok,0,steady
1791234482.5928824,kiemthugialap056@gmail.com,GET,/concerts,4.907,200,ok,0,steady
1791234482.5939143,kiemthugialap032@gmail.com,GET,/concerts?on_sale=true,4.581,200,ok,0,steady
1791234482.596438,kiemthugialap044@gmail.com,GET,/orders/me,3.414,200,ok,0,steady
1791234482.6261926,kiemthugialap002@gmail.com,GET,/orders/me,5.643,200,ok,0,steady
1791234482.6295314,kiemthugialap022@gmail.com,GET,/orders/me,3.176,200,ok,0,steady
1791234482.6451113,kiemthugialap076@gmail.com,GET,/concerts/{id},6.18,200,ok,0,steady
1791234482.6467211,kiemthugialap060@gmail.com,GET,/orders/me,8.689,200,ok,0,steady
1791234482.647067,kiemthugialap046@gmail.com,GET,/orders/me,6.955,200,ok,0,steady
1791234482.6806684,kiemthugialap024@gmail.com,GET,/concerts/{id},5.774,200,ok,0,steady
1791234482.6821983,kiemthugialap082@gmail.com,GET,/orders/me,8.345,200,ok,0,steady
1791234482.682547,kiemthugialap013@gmail.com,GET,/orders/me,9.807,200,ok,0,steady
1791234482.6931777,kiemthugialap005@gmail.com,GET,/concerts,5.656,200,ok,0,steady
1791234482.7086303,kiemthugialap007@gmail.com,GET,/orders/me,4.896,200,ok,0,steady
1791234482.7466748,kiemthugialap020@gmail.com,GET,/orders/me,7.233,200,ok,0,steady
1791234482.7470899,kiemthugialap090@gmail.com,GET,/orders/me,8.781,200,ok,0,steady
1791234482.7788343,kiemthugialap038@gmail.com,GET,/concerts,7.457,200,ok,0,steady
1791234482.780246,kiemthugialap100@gmail.com,GET,/orders/me,9.243,200,ok,0,steady
1791234482.780646,kiemthugialap095@gmail.com,GET,/orders/me,10.275,200,ok,0,steady
1791234482.8095179,kiemthugialap009@gmail.com,GET,/concerts,6.228,200,ok,0,steady
1791234482.8105583,kiemthugialap063@gmail.com,GET,/orders/me,5.506,200,ok,0,steady
1791234482.8420498,kiemthugialap037@gmail.com,GET,/orders/me,5.231,200,ok,0,steady
1791234482.8463576,kiemthugialap059@gmail.com,GET,/orders/me,4.07,200,ok,0,steady
1791234482.8966227,kiemthugialap030@gmail.com,GET,/concerts?on_sale=true,5.912,200,ok,0,steady
1791234482.9297109,kiemthugialap045@gmail.com,GET,/orders/me,9.962,200,ok,0,steady
1791234482.9311907,kiemthugialap099@gmail.com,GET,/orders/me,10.379,200,ok,0,steady
1791234482.9328256,kiemthugialap042@gmail.com,GET,/concerts/{id},2.855,200,ok,0,steady
1791234482.9922345,kiemthugialap004@gmail.com,GET,/orders/me,5.466,200,ok,0,steady
1791234483.0090058,kiemthugialap081@gmail.com,GET,/concerts?on_sale=true,4.762,200,ok,0,steady
1791234483.0101638,kiemthugialap040@gmail.com,GET,/orders/me,5.466,200,ok,0,steady
1791234483.029307,kiemthugialap006@gmail.com,GET,/orders/me,7.817,200,ok,0,steady
1791234483.0439703,kiemthugialap014@gmail.com,GET,/orders/me,5.898,200,ok,0,steady
1791234483.0444055,kiemthugialap016@gmail.com,GET,/orders/me,7.753,200,ok,0,steady
1791234483.0767162,kiemthugialap031@gmail.com,GET,/orders/me,6.234,200,ok,0,steady
1791234483.1144855,kiemthugialap087@gmail.com,GET,/concerts?on_sale=true,8.253,200,ok,0,steady
1791234483.1169055,kiemthugialap070@gmail.com,GET,/orders/me,9.493,200,ok,0,steady
1791234483.1173413,kiemthugialap057@gmail.com,GET,/orders/me,10.276,200,ok,0,steady
1791234483.1194148,kiemthugialap079@gmail.com,GET,/orders/me,4.697,200,ok,0,steady
1791234483.1490111,kiemthugialap053@gmail.com,GET,/orders/me,12.361,200,ok,0,steady
1791234483.1496966,kiemthugialap032@gmail.com,GET,/orders/me,12.044,200,ok,0,steady
1791234483.1524618,kiemthugialap072@gmail.com,GET,/concerts,2.595,200,ok,0,steady
1791234483.1780376,kiemthugialap061@gmail.com,GET,/orders/me,7.115,200,ok,0,steady
1791234483.1811428,kiemthugialap050@gmail.com,GET,/concerts?on_sale=true,2.926,200,ok,0,steady
1791234483.2265604,kiemthugialap013@gmail.com,GET,/orders/me,6.089,200,ok,0,steady
1791234483.2460735,kiemthugialap027@gmail.com,GET,/orders/me,9.339,200,ok,0,steady
1791234483.2473876,kiemthugialap069@gmail.com,GET,/orders/me,9.717,200,ok,0,steady
1791234483.2477152,kiemthugialap052@gmail.com,GET,/orders/me,9.331,200,ok,0,steady
1791234483.2488031,kiemthugialap054@gmail.com,GET,/concerts?on_sale=true,2.505,200,ok,0,steady
1791234483.2767982,kiemthugialap088@gmail.com,GET,/concerts?on_sale=true,4.47,200,ok,0,steady
1791234483.2777603,kiemthugialap056@gmail.com,GET,/orders/me,6.6,200,ok,0,steady
1791234483.294594,kiemthugialap068@gmail.com,GET,/orders/me,6.049,200,ok,0,steady
1791234483.2994707,kiemthugialap096@gmail.com,GET,/orders/me,4.336,200,ok,0,steady
1791234483.3024724,kiemthugialap008@gmail.com,GET,/orders/me,2.841,200,ok,0,steady
1791234483.3269584,kiemthugialap011@gmail.com,GET,/concerts,6.464,200,ok,0,steady
1791234483.3273993,kiemthugialap046@gmail.com,GET,/concerts,6.081,200,ok,0,steady
1791234483.3436325,kiemthugialap049@gmail.com,GET,/orders/me,5.39,200,ok,0,steady
1791234483.3610258,kiemthugialap059@gmail.com,GET,/concerts,4.765,200,ok,0,steady
1791234483.3624926,kiemthugialap084@gmail.com,GET,/orders/me,8.262,200,ok,0,steady
1791234483.365347,kiemthugialap071@gmail.com,GET,/orders/me,4.095,200,ok,0,steady
1791234483.3750458,kiemthugialap039@gmail.com,GET,/concerts,4.581,200,ok,0,steady
1791234483.3809462,kiemthugialap062@gmail.com,GET,/orders/me,5.698,200,ok,0,steady
1791234483.3813467,kiemthugialap078@gmail.com,GET,/orders/me,5.673,200,ok,0,steady
1791234483.3983529,kiemthugialap023@gmail.com,GET,/orders/me,8.738,200,ok,0,steady
1791234483.3993962,kiemthugialap025@gmail.com,GET,/orders/me,10.852,200,ok,0,steady
1791234483.3997371,kiemthugialap035@gmail.com,GET,/orders/me,11.896,200,ok,0,steady
1791234483.4006295,kiemthugialap028@gmail.com,GET,/orders/me,10.351,200,ok,0,steady
1791234483.4032798,kiemthugialap048@gmail.com,GET,/concerts,3.385,200,ok,0,steady
1791234483.404059,kiemthugialap097@gmail.com,GET,/orders/me,5.522,200,ok,0,steady
1791234483.4172864,kiemthugialap036@gmail.com,GET,/orders/me,7.173,200,ok,0,steady
1791234483.4590554,kiemthugialap094@gmail.com,GET,/orders/me,4.689,200,ok,0,steady
1791234483.4775836,kiemthugialap024@gmail.com,GET,/concerts?on_sale=true,4.9,200,ok,0,steady
1791234483.4793353,kiemthugialap092@gmail.com,GET,/orders/me,8.145,200,ok,0,steady
1791234483.4800763,kiemthugialap022@gmail.com,GET,/orders/me,7.682,200,ok,0,steady
1791234483.4819338,kiemthugialap077@gmail.com,GET,/orders/me,4.206,200,ok,0,steady
1791234483.5106926,kiemthugialap044@gmail.com,GET,/orders/me,5.912,200,ok,0,steady
1791234483.5259898,kiemthugialap010@gmail.com,GET,/concerts,3.621,200,ok,0,steady
1791234483.5639832,kiemthugialap065@gmail.com,GET,/orders/me,26.09,200,ok,0,steady
1791234483.5678074,kiemthugialap064@gmail.com,GET,/orders/me,28.005,200,ok,0,steady
1791234483.5689862,kiemthugialap089@gmail.com,GET,/concerts?on_sale=true,14.196,200,ok,0,steady
1791234483.5754352,kiemthugialap058@gmail.com,GET,/orders/me,17.181,200,ok,0,steady
1791234483.5775015,kiemthugialap018@gmail.com,GET,/concerts/{id},21.565,200,ok,0,steady
1791234483.579079,kiemthugialap067@gmail.com,GET,/orders/me,14.919,200,ok,0,steady
1791234483.580832,kiemthugialap004@gmail.com,GET,/orders/me,24.152,200,ok,0,steady
1791234483.5812547,kiemthugialap043@gmail.com,GET,/concerts/{id},10.646,200,ok,0,steady
1791234483.5819855,kiemthugialap085@gmail.com,GET,/orders/me,14.019,200,ok,0,steady
1791234483.6094873,kiemthugialap015@gmail.com,GET,/orders/me,5.104,200,ok,0,steady
1791234483.6267374,kiemthugialap042@gmail.com,GET,/concerts?on_sale=true,6.483,200,ok,0,steady
1791234483.6279233,kiemthugialap030@gmail.com,GET,/orders/me,6.378,200,ok,0,steady
1791234483.6300075,kiemthugialap040@gmail.com,GET,/orders/me,4.51,200,ok,0,steady
1791234483.6329243,kiemthugialap091@gmail.com,GET,/orders/me,2.807,200,ok,0,steady
1791234483.6790748,kiemthugialap032@gmail.com,GET,/concerts/{id},8.192,200,ok,0,steady
1791234483.68015,kiemthugialap001@gmail.com,GET,/orders/me,7.347,200,ok,0,steady
1791234483.7300503,kiemthugialap026@gmail.com,GET,/orders/me,8.034,200,ok,0,steady
1791234483.7304306,kiemthugialap079@gmail.com,GET,/orders/me,7.494,200,ok,0,steady
1791234483.7485409,kiemthugialap098@gmail.com,GET,/orders/me,9.626,200,ok,0,steady
1791234483.7489526,kiemthugialap073@gmail.com,GET,/orders/me,8.778,200,ok,0,steady
1791234483.749256,kiemthugialap021@gmail.com,GET,/orders/me,9.401,200,ok,0,steady
1791234483.810658,kiemthugialap037@gmail.com,GET,/concerts?on_sale=true,5.418,200,ok,0,steady
1791234483.8122406,kiemthugialap033@gmail.com,GET,/orders/me,7.906,200,ok,0,steady
1791234483.8125818,kiemthugialap019@gmail.com,GET,/orders/me,9.14,200,ok,0,steady
1791234483.8252995,kiemthugialap086@gmail.com,GET,/concerts?on_sale=true,4.369,200,ok,0,steady
1791234483.8299818,kiemthugialap005@gmail.com,GET,/concerts/{id},4.048,200,ok,0,steady
1791234483.8309412,kiemthugialap083@gmail.com,GET,/orders/me,5.43,200,ok,0,steady
1791234483.8935518,kiemthugialap061@gmail.com,GET,/orders/me,5.074,200,ok,0,steady
1791234483.9096894,kiemthugialap100@gmail.com,GET,/orders/me,4.76,200,ok,0,steady
1791234483.9266894,kiemthugialap093@gmail.com,GET,/concerts,5.541,200,ok,0,steady
1791234483.9278655,kiemthugialap090@gmail.com,GET,/orders/me,5.611,200,ok,0,steady
1791234483.9301932,kiemthugialap088@gmail.com,GET,/orders/me,3.303,200,ok,0,steady
1791234483.949858,kiemthugialap076@gmail.com,GET,/concerts?on_sale=true,7.009,200,ok,0,steady
1791234483.9502664,kiemthugialap075@gmail.com,GET,/concerts?on_sale=true,5.738,200,ok,0,steady
1791234483.951459,kiemthugialap017@gmail.com,GET,/orders/me,7.807,200,ok,0,steady
1791234483.9596314,kiemthugialap027@gmail.com,GET,/concerts,4.679,200,ok,0,steady
1791234483.9643552,kiemthugialap051@gmail.com,GET,/orders/me,4.519,200,ok,0,steady
1791234483.967767,kiemthugialap047@gmail.com,GET,/orders/me,3.258,200,ok,0,steady
1791234483.9927037,kiemthugialap062@gmail.com,GET,/orders/me,5.952,200,ok,0,steady
1791234484.0097506,kiemthugialap028@gmail.com,GET,/orders/me,6.981,200,ok,0,steady
1791234484.0265822,kiemthugialap055@gmail.com,GET,/orders/me,13.982,200,ok,0,steady
1791234484.02719,kiemthugialap099@gmail.com,GET,/orders/me,16.546,200,ok,0,steady
1791234484.0288267,kiemthugialap080@gmail.com,GET,/orders/me,17.023,200,ok,0,steady
1791234484.0292835,kiemthugialap074@gmail.com,GET,/orders/me,19.186,200,ok,0,steady
1791234484.0313148,kiemthugialap059@gmail.com,GET,/orders/me,11.498,200,ok,0,steady
1791234484.0479085,kiemthugialap003@gmail.com,GET,/concerts,5.156,200,ok,0,steady
1791234484.0532277,kiemthugialap038@gmail.com,GET,/orders/me,4.932,200,ok,0,steady
1791234484.0954194,kiemthugialap052@gmail.com,GET,/concerts/{id},25.48,200,ok,0,steady
1791234484.0966663,kiemthugialap065@gmail.com,GET,/orders/me,25.887,200,ok,0,steady
1791234484.1114588,kiemthugialap060@gmail.com,GET,/orders/me,7.308,200,ok,0,steady
1791234484.1237288,kiemthugialap039@gmail.com,GET,/concerts?on_sale=true,4.219,200,ok,0,steady
1791234484.1595237,kiemthugialap095@gmail.com,GET,/orders/me,5.974,200,ok,0,steady
1791234484.1797714,kiemthugialap096@gmail.com,GET,/orders/me,8.597,200,ok,0,steady
1791234484.2080503,kiemthugialap035@gmail.com,GET,/concerts,4.196,200,ok,0,steady
1791234484.2114675,kiemthugialap040@gmail.com,GET,/orders/me,3.265,200,ok,0,steady
1791234484.2246277,kiemthugialap094@gmail.com,GET,/orders/me,4.66,200,ok,0,steady
1791234484.2454891,kiemthugialap034@gmail.com,GET,/orders/me,7.94,200,ok,0,steady
1791234484.2460015,kiemthugialap064@gmail.com,GET,/orders/me,7.483,200,ok,0,steady
1791234484.2766063,kiemthugialap042@gmail.com,GET,/concerts/{id},4.778,200,ok,0,steady
1791234484.2950463,kiemthugialap015@gmail.com,GET,/orders/me,6.201,200,ok,0,steady
1791234484.295485,kiemthugialap066@gmail.com,GET,/orders/me,7.691,200,ok,0,steady
1791234484.3116982,kiemthugialap009@gmail.com,GET,/orders/me,6.502,200,ok,0,steady
1791234484.3643303,kiemthugialap013@gmail.com,GET,/concerts,8.059,200,ok,0,steady
1791234484.3647912,kiemthugialap050@gmail.com,GET,/concerts/{id},6.876,200,ok,0,steady
1791234484.3659816,kiemthugialap029@gmail.com,GET,/concerts?on_sale=true,9.372,200,ok,0,steady
1791234484.3666484,kiemthugialap041@gmail.com,GET,/orders/me,9.017,200,ok,0,steady
1791234484.3670242,kiemthugialap069@gmail.com,GET,/orders/me,11.508,200,ok,0,steady
1791234484.37675,kiemthugialap012@gmail.com,GET,/orders/me,5.087,200,ok,0,steady
1791234484.3819861,kiemthugialap079@gmail.com,GET,/concerts/{id},5.07,200,ok,0,steady
1791234484.3835719,kiemthugialap002@gmail.com,GET,/orders/me,5.456,200,ok,0,steady
1791234484.3839014,kiemthugialap037@gmail.com,GET,/orders/me,6.555,200,ok,0,steady
1791234484.392151,kiemthugialap020@gmail.com,GET,/concerts/{id},4.107,200,ok,0,steady
1791234484.3961723,kiemthugialap011@gmail.com,GET,/orders/me,3.813,200,ok,0,steady
1791234484.4270213,kiemthugialap087@gmail.com,GET,/orders/me,4.542,200,ok,0,steady
1791234484.4433305,kiemthugialap046@gmail.com,GET,/concerts/{id},4.742,200,ok,0,steady
1791234484.463161,kiemthugialap044@gmail.com,GET,/orders/me,7.418,200,ok,0,steady
1791234484.4684947,kiemthugialap007@gmail.com,GET,/concerts,4.278,200,ok,0,steady
1791234484.4695675,kiemthugialap014@gmail.com,GET,/concerts/{id},6.21,200,ok,0,steady
1791234484.4932902,kiemthugialap084@gmail.com,GET,/orders/me,6.203,200,ok,0,steady
1791234484.5278976,kiemthugialap082@gmail.com,GET,/orders/me,5.099,200,ok,0,steady
1791234484.5282767,kiemthugialap024@gmail.com,GET,/orders/me,7.46,200,ok,0,steady
1791234484.545876,kiemthugialap054@gmail.com,GET,/concerts?on_sale=true,5.195,200,ok,0,steady
1791234484.5462725,kiemthugialap100@gmail.com,GET,/concerts?on_sale=true,6.562,200,ok,0,steady
1791234484.5466022,kiemthugialap078@gmail.com,GET,/orders/me,8.657,200,ok,0,steady
1791234484.5499127,kiemthugialap004@gmail.com,GET,/orders/me,3.194,200,ok,0,steady
1791234484.5773878,kiemthugialap023@gmail.com,GET,/orders/me,5.7,200,ok,0,steady
1791234484.5931883,kiemthugialap063@gmail.com,GET,/concerts?on_sale=true,3.747,200,ok,0,steady
1791234484.627704,kiemthugialap057@gmail.com,GET,/orders/me,5.778,200,ok,0,steady
1791234484.6282825,kiemthugialap075@gmail.com,GET,/orders/me,7.351,200,ok,0,steady
1791234484.695075,kiemthugialap043@gmail.com,GET,/orders/me,7.455,200,ok,0,steady
1791234484.7105815,kiemthugialap049@gmail.com,GET,/concerts/{id},6.836,200,ok,0,steady
1791234484.7129242,kiemthugialap073@gmail.com,GET,/orders/me,8.17,200,ok,0,steady
1791234484.7134483,kiemthugialap068@gmail.com,GET,/orders/me,7.536,200,ok,0,steady
1791234484.7152822,kiemthugialap031@gmail.com,GET,/orders/me,4.475,200,ok,0,steady
1791234484.7251995,kiemthugialap081@gmail.com,GET,/orders/me,4.918,200,ok,0,steady
1791234484.7276459,kiemthugialap053@gmail.com,GET,/concerts,2.275,200,ok,0,steady
1791234484.7426267,kiemthugialap074@gmail.com,GET,/orders/me,5.141,200,ok,0,steady
1791234484.7588499,kiemthugialap036@gmail.com,GET,/concerts/{id},4.481,200,ok,0,steady
1791234484.7938805,kiemthugialap025@gmail.com,GET,/orders/me,4.408,200,ok,0,steady
1791234484.7964725,kiemthugialap016@gmail.com,GET,/concerts?on_sale=true,2.386,200,ok,0,steady
1791234484.8090115,kiemthugialap094@gmail.com,GET,/concerts/{id},4.004,200,ok,0,steady
1791234484.827881,kiemthugialap018@gmail.com,GET,/orders/me,5.239,200,ok,0,steady
1791234484.829017,kiemthugialap045@gmail.com,GET,/orders/me,7.903,200,ok,0,steady
1791234484.8303192,kiemthugialap005@gmail.com,GET,/concerts,2.218,200,ok,0,steady
1791234484.8426461,kiemthugialap030@gmail.com,GET,/orders/me,4.793,200,ok,0,steady
1791234484.8771281,kiemthugialap070@gmail.com,GET,/orders/me,6.946,200,ok,0,steady
1791234484.8937309,kiemthugialap009@gmail.com,GET,/orders/me,4.788,200,ok,0,steady
1791234484.8993492,kiemthugialap076@gmail.com,GET,/orders/me,5.417,200,ok,0,steady
1791234484.8999398,kiemthugialap029@gmail.com,GET,/orders/me,5.29,200,ok,0,steady
1791234484.9270496,kiemthugialap027@gmail.com,GET,/orders/me,6.251,200,ok,0,steady
1791234484.9594378,kiemthugialap095@gmail.com,GET,/orders/me,4.869,200,ok,0,steady
1791234484.9791305,kiemthugialap072@gmail.com,GET,/orders/me,7.928,200,ok,0,steady
1791234484.9808843,kiemthugialap096@gmail.com,GET,/orders/me,9.141,200,ok,0,steady
1791234484.9837813,kiemthugialap099@gmail.com,GET,/orders/me,4.414,200,ok,0,steady
1791234484.988652,kiemthugialap098@gmail.com,GET,/concerts/{id},4.711,200,ok,0,steady
1791234484.9897275,kiemthugialap010@gmail.com,GET,/orders/me,5.374,200,ok,0,steady
1791234484.9988823,kiemthugialap071@gmail.com,GET,/orders/me,5.28,200,ok,0,steady
1791234485.0261793,kiemthugialap006@gmail.com,GET,/orders/me,5.306,200,ok,0,steady
1791234485.0285609,kiemthugialap047@gmail.com,GET,/concerts?on_sale=true,2.211,200,ok,0,steady
1791234485.0437663,kiemthugialap003@gmail.com,GET,/concerts,5.667,200,ok,0,steady
1791234485.044827,kiemthugialap097@gmail.com,GET,/orders/me,5.876,200,ok,0,steady
1791234485.0794404,kiemthugialap055@gmail.com,GET,/orders/me,5.793,200,ok,0,steady
1791234485.0798745,kiemthugialap021@gmail.com,GET,/orders/me,7.144,200,ok,0,steady
1791234485.0944326,kiemthugialap012@gmail.com,GET,/orders/me,6.734,200,ok,0,steady
1791234485.1274633,kiemthugialap033@gmail.com,GET,/orders/me,6.565,200,ok,0,steady
1791234485.1622653,kiemthugialap032@gmail.com,GET,/orders/me,8.812,200,ok,0,steady
1791234485.1627276,kiemthugialap040@gmail.com,GET,/orders/me,8.343,200,ok,0,steady
1791234485.1743767,kiemthugialap056@gmail.com,GET,/concerts/{id},5.0,200,ok,0,steady
1791234485.194385,kiemthugialap008@gmail.com,GET,/orders/me,7.372,200,ok,0,steady
1791234485.1999395,kiemthugialap002@gmail.com,GET,/orders/me,5.219,200,ok,0,steady
1791234485.2121437,kiemthugialap039@gmail.com,GET,/concerts?on_sale=true,4.226,200,ok,0,steady
1791234485.2294497,kiemthugialap092@gmail.com,GET,/orders/me,7.263,200,ok,0,steady
1791234485.2299616,kiemthugialap019@gmail.com,GET,/orders/me,6.715,200,ok,0,steady
1791234485.2623014,kiemthugialap048@gmail.com,GET,/orders/me,8.685,200,ok,0,steady
1791234485.2629738,kiemthugialap058@gmail.com,GET,/orders/me,8.468,200,ok,0,steady
1791234485.2773957,kiemthugialap035@gmail.com,GET,/orders/me,7.962,200,ok,0,steady
1791234485.2976975,kiemthugialap089@gmail.com,GET,/orders/me,9.65,200,ok,0,steady
1791234485.2981381,kiemthugialap020@gmail.com,GET,/orders/me,8.672,200,ok,0,steady
1791234485.2984693,kiemthugialap043@gmail.com,GET,/orders/me,11.23,200,ok,0,steady
1791234485.3255732,kiemthugialap026@gmail.com,GET,/concerts/{id},4.122,200,ok,0,steady
1791234485.3552842,kiemthugialap036@gmail.com,GET,/concerts/{id},17.217,200,ok,0,steady
1791234485.3584616,kiemthugialap085@gmail.com,GET,/orders/me,21.693,200,ok,0,steady
1791234485.3616588,kiemthugialap025@gmail.com,GET,/orders/me,8.552,200,ok,0,steady
1791234485.3773265,kiemthugialap093@gmail.com,GET,/concerts,6.901,200,ok,0,steady
1791234485.378457,kiemthugialap083@gmail.com,GET,/orders/me,6.966,200,ok,0,steady
1791234485.4123013,kiemthugialap074@gmail.com,GET,/orders/me,7.288,200,ok,0,steady
1791234485.4140186,kiemthugialap077@gmail.com,GET,/orders/me,10.148,200,ok,0,steady
1791234485.419487,kiemthugialap066@gmail.com,GET,/orders/me,6.956,200,ok,0,steady
1791234485.41992,kiemthugialap094@gmail.com,GET,/orders/me,5.403,200,ok,0,steady
1791234485.4468231,kiemthugialap022@gmail.com,GET,/concerts,6.601,200,ok,0,steady
1791234485.4482496,kiemthugialap001@gmail.com,GET,/concerts,9.069,200,ok,0,steady
1791234485.449237,kiemthugialap086@gmail.com,GET,/orders/me,11.355,200,ok,0,steady
1791234485.4496057,kiemthugialap079@gmail.com,GET,/orders/me,10.793,200,ok,0,steady
1791234485.4539232,kiemthugialap067@gmail.com,GET,/orders/me,6.889,200,ok,0,steady
1791234485.4556625,kiemthugialap070@gmail.com,GET,/concerts?on_sale=true,5.917,200,ok,0,steady
1791234485.4561956,kiemthugialap076@gmail.com,GET,/orders/me,7.794,200,ok,0,steady
1791234485.476478,kiemthugialap080@gmail.com,GET,/orders/me,5.711,200,ok,0,steady
1791234485.4942276,kiemthugialap017@gmail.com,GET,/orders/me,4.765,200,ok,0,steady
1791234485.495375,kiemthugialap072@gmail.com,GET,/orders/me,7.543,200,ok,0,steady
1791234485.4975452,kiemthugialap014@gmail.com,GET,/orders/me,3.135,200,ok,0,steady
1791234485.509672,kiemthugialap090@gmail.com,GET,/orders/me,5.44,200,ok,0,steady
1791234485.5151808,kiemthugialap034@gmail.com,GET,/orders/me,5.229,200,ok,0,steady
1791234485.5261645,kiemthugialap041@gmail.com,GET,/concerts,4.02,200,ok,0,steady
1791234485.5452204,kiemthugialap013@gmail.com,GET,/orders/me,6.034,200,ok,0,steady
1791234485.5461726,kiemthugialap028@gmail.com,GET,/orders/me,8.021,200,ok,0,steady
1791234485.5475473,kiemthugialap010@gmail.com,GET,/concerts?on_sale=true,2.174,200,ok,0,steady
1791234485.614223,kiemthugialap042@gmail.com,GET,/orders/me,7.396,200,ok,0,steady
1791234485.6147115,kiemthugialap060@gmail.com,GET,/orders/me,9.774,200,ok,0,steady
1791234485.6150076,kiemthugialap088@gmail.com,GET,/orders/me,7.515,200,ok,0,steady
1791234485.6178741,kiemthugialap082@gmail.com,GET,/orders/me,2.74,200,ok,0,steady
1791234485.646817,kiemthugialap061@gmail.com,GET,/orders/me,7.645,200,ok,0,steady
1791234485.6472297,kiemthugialap091@gmail.com,GET,/orders/me,9.091,200,ok,0,steady
1791234485.6956463,kiemthugialap009@gmail.com,GET,/orders/me,8.324,200,ok,0,steady
1791234485.6965842,kiemthugialap062@gmail.com,GET,/orders/me,8.219,200,ok,0,steady
1791234485.6971583,kiemthugialap021@gmail.com,GET,/orders/me,9.249,200,ok,0,steady
1791234485.7012937,kiemthugialap065@gmail.com,GET,/orders/me,3.961,200,ok,0,steady
1791234485.705397,kiemthugialap087@gmail.com,GET,/orders/me,3.918,200,ok,0,steady
1791234485.7279236,kiemthugialap046@gmail.com,GET,/orders/me,6.37,200,ok,0,steady
1791234485.7282975,kiemthugialap055@gmail.com,GET,/orders/me,7.743,200,ok,0,steady
1791234485.760107,kiemthugialap015@gmail.com,GET,/orders/me,4.996,200,ok,0,steady
1791234485.7623098,kiemthugialap030@gmail.com,GET,/concerts,2.061,200,ok,0,steady
1791234485.7959661,kiemthugialap027@gmail.com,GET,/concerts?on_sale=true,6.215,200,ok,0,steady
1791234485.7969062,kiemthugialap049@gmail.com,GET,/orders/me,8.411,200,ok,0,steady
1791234485.808894,kiemthugialap011@gmail.com,GET,/orders/me,4.113,200,ok,0,steady
1791234485.826125,kiemthugialap059@gmail.com,GET,/concerts,4.971,200,ok,0,steady
1791234485.8271437,kiemthugialap053@gmail.com,GET,/orders/me,4.614,200,ok,0,steady
1791234485.8590336,kiemthugialap016@gmail.com,GET,/concerts,3.238,200,ok,0,steady
1791234485.8763492,kiemthugialap007@gmail.com,GET,/orders/me,4.924,200,ok,0,steady
1791234485.9105945,kiemthugialap038@gmail.com,GET,/orders/me,5.351,200,ok,0,steady
1791234485.9137504,kiemthugialap037@gmail.com,GET,/orders/me,3.012,200,ok,0,steady
1791234485.926098,kiemthugialap051@gmail.com,GET,/concerts,4.657,200,ok,0,steady
1791234485.9271631,kiemthugialap040@gmail.com,GET,/orders/me,5.248,200,ok,0,steady
1791234485.9442716,kiemthugialap098@gmail.com,GET,/concerts?on_sale=true,5.688,200,ok,0,steady
1791234485.9456704,kiemthugialap064@gmail.com,GET,/orders/me,8.092,200,ok,0,steady
1791234485.9487963,kiemthugialap073@gmail.com,GET,/orders/me,4.303,200,ok,0,steady
1791234485.9491396,kiemthugialap052@gmail.com,GET,/concerts,3.341,200,ok,0,steady
1791234486.0580347,kiemthugialap023@gmail.com,GET,/concerts?on_sale=true,18.593,200,ok,0,steady
1791234486.0592606,kiemthugialap063@gmail.com,GET,/orders/me,21.857,200,ok,0,steady
1791234486.0768547,kiemthugialap036@gmail.com,GET,/orders/me,4.879,200,ok,0,steady
1791234486.1267104,kiemthugialap078@gmail.com,GET,/concerts,20.766,200,ok,0,steady
1791234486.128558,kiemthugialap096@gmail.com,GET,/orders/me,22.293,200,ok,0,steady
1791234486.1298492,kiemthugialap018@gmail.com,GET,/concerts,8.33,200,ok,0,steady
1791234486.1302054,kiemthugialap100@gmail.com,GET,/orders/me,25.222,200,ok,0,steady
1791234486.1311598,kiemthugialap043@gmail.com,GET,/concerts,2.439,200,ok,0,steady
1791234486.1633162,kiemthugialap092@gmail.com,GET,/orders/me,7.968,200,ok,0,steady
1791234486.2443154,kiemthugialap069@gmail.com,GET,/concerts/{id},5.415,200,ok,0,steady
1791234486.2452724,kiemthugialap045@gmail.com,GET,/orders/me,7.584,200,ok,0,steady
1791234486.2611501,kiemthugialap047@gmail.com,GET,/concerts,6.163,200,ok,0,steady
1791234486.2615354,kiemthugialap039@gmail.com,GET,/concerts,5.84,200,ok,0,steady
1791234486.2624054,kiemthugialap024@gmail.com,GET,/orders/me,8.634,200,ok,0,steady
1791234486.2672858,kiemthugialap084@gmail.com,GET,/orders/me,4.432,200,ok,0,steady
1791234486.2676404,kiemthugialap050@gmail.com,GET,/orders/me,5.121,200,ok,0,steady
1791234486.2706292,kiemthugialap085@gmail.com,GET,/orders/me,2.876,200,ok,0,steady
1791234486.2920332,kiemthugialap004@gmail.com,GET,/concerts,4.284,200,ok,0,steady
1791234486.311233,kiemthugialap057@gmail.com,GET,/concerts,5.591,200,ok,0,steady
1791234486.3125725,kiemthugialap032@gmail.com,GET,/orders/me,8.426,200,ok,0,steady
1791234486.315109,kiemthugialap021@gmail.com,GET,/orders/me,3.647,200,ok,0,steady
1791234486.3816948,kiemthugialap012@gmail.com,GET,/orders/me,9.544,200,ok,0,steady
1791234486.3822248,kiemthugialap030@gmail.com,GET,/orders/me,9.296,200,ok,0,steady
1791234486.4113564,kiemthugialap049@gmail.com,GET,/orders/me,7.884,200,ok,0,steady
1791234486.441213,kiemthugialap005@gmail.com,GET,/concerts/{id},20.694,200,ok,0,steady
1791234486.4448705,kiemthugialap031@gmail.com,GET,/orders/me,25.228,200,ok,0,steady
1791234486.449922,kiemthugialap044@gmail.com,GET,/orders/me,29.077,200,ok,0,steady
1791234486.473269,kiemthugialap095@gmail.com,GET,/orders/me,33.907,200,ok,0,steady
1791234486.4736745,kiemthugialap015@gmail.com,GET,/orders/me,35.682,200,ok,0,steady
1791234486.4738352,kiemthugialap013@gmail.com,GET,/orders/me,34.821,200,ok,0,steady
1791234486.4769716,kiemthugialap071@gmail.com,GET,/orders/me,38.299,200,ok,0,steady
1791234486.4772952,kiemthugialap048@gmail.com,GET,/orders/me,35.93,200,ok,0,steady
1791234486.4779723,kiemthugialap087@gmail.com,GET,/orders/me,29.241,200,ok,0,steady
1791234486.478975,kiemthugialap082@gmail.com,GET,/orders/me,21.497,200,ok,0,steady
1791234486.5113215,kiemthugialap025@gmail.com,GET,/orders/me,7.561,200,ok,0,steady
1791234486.511841,kiemthugialap041@gmail.com,GET,/orders/me,7.221,200,ok,0,steady
1791234486.526425,kiemthugialap093@gmail.com,GET,/orders/me,4.967,200,ok,0,steady
1791234486.5423493,kiemthugialap081@gmail.com,GET,/concerts,4.141,200,ok,0,steady
1791234486.5427878,kiemthugialap054@gmail.com,GET,/concerts?on_sale=true,5.716,200,ok,0,steady
1791234486.581399,kiemthugialap016@gmail.com,GET,/orders/me,4.573,200,ok,0,steady
1791234486.6177099,kiemthugialap061@gmail.com,GET,/orders/me,11.183,200,ok,0,steady
1791234486.6195574,kiemthugialap010@gmail.com,GET,/orders/me,14.71,200,ok,0,steady
1791234486.6216807,kiemthugialap056@gmail.com,GET,/orders/me,15.517,200,ok,0,steady
1791234486.622144,kiemthugialap033@gmail.com,GET,/orders/me,14.281,200,ok,0,steady
1791234486.6225636,kiemthugialap075@gmail.com,GET,/orders/me,15.831,200,ok,0,steady
1791234486.6227763,kiemthugialap065@gmail.com,GET,/orders/me,14.594,200,ok,0,steady
1791234486.62423,kiemthugialap020@gmail.com,GET,/concerts,6.291,200,ok,0,steady
1791234486.6431117,kiemthugialap029@gmail.com,GET,/concerts,5.389,200,ok,0,steady
1791234486.6604364,kiemthugialap099@gmail.com,GET,/orders/me,5.895,200,ok,0,steady
1791234486.66367,kiemthugialap019@gmail.com,GET,/orders/me,3.076,200,ok,0,steady
1791234486.6868923,kiemthugialap083@gmail.com,GET,/orders/me,11.218,200,ok,0,steady
1791234486.6874206,kiemthugialap070@gmail.com,GET,/orders/me,10.771,200,ok,0,steady
1791234486.688605,kiemthugialap068@gmail.com,GET,/orders/me,9.921,200,ok,0,steady
1791234486.6908002,kiemthugialap026@gmail.com,GET,/concerts?on_sale=true,3.243,200,ok,0,steady
1791234486.708398,kiemthugialap053@gmail.com,GET,/concerts,4.029,200,ok,0,steady
1791234486.7124898,kiemthugialap073@gmail.com,GET,/orders/me,3.932,200,ok,0,steady
1791234486.744011,kiemthugialap037@gmail.com,GET,/orders/me,5.603,200,ok,0,steady
1791234486.7479277,kiemthugialap077@gmail.com,GET,/concerts,3.42,200,ok,0,steady
1791234486.7489674,kiemthugialap059@gmail.com,GET,/orders/me,4.81,200,ok,0,steady
1791234486.796185,kiemthugialap035@gmail.com,GET,/concerts/{id},6.59,200,ok,0,steady
1791234486.7971816,kiemthugialap090@gmail.com,GET,/orders/me,8.655,200,ok,0,steady
1791234486.799843,kiemthugialap046@gmail.com,GET,/orders/me,3.502,200,ok,0,steady
1791234486.82673,kiemthugialap072@gmail.com,GET,/orders/me,4.422,200,ok,0,steady
1791234486.8608255,kiemthugialap022@gmail.com,GET,/concerts?on_sale=true,5.516,200,ok,0,steady
1791234486.8622172,kiemthugialap003@gmail.com,GET,/concerts?on_sale=true,5.877,200,ok,0,steady
1791234486.865348,kiemthugialap052@gmail.com,GET,/orders/me,4.353,200,ok,0,steady
1791234486.8698792,kiemthugialap045@gmail.com,GET,/orders/me,4.362,200,ok,0,steady
1791234486.875507,kiemthugialap032@gmail.com,GET,/orders/me,5.47,200,ok,0,steady
1791234486.879425,kiemthugialap062@gmail.com,GET,/orders/me,3.686,200,ok,0,steady
1791234486.882344,kiemthugialap091@gmail.com,GET,/orders/me,2.787,200,ok,0,steady
1791234486.8922114,kiemthugialap014@gmail.com,GET,/orders/me,5.228,200,ok,0,steady
1791234486.8961136,kiemthugialap080@gmail.com,GET,/orders/me,3.657,200,ok,0,steady
1791234486.9432085,kiemthugialap086@gmail.com,GET,/orders/me,4.894,200,ok,0,steady
1791234486.9622557,kiemthugialap027@gmail.com,GET,/concerts,5.915,200,ok,0,steady
1791234486.9637506,kiemthugialap051@gmail.com,GET,/orders/me,7.183,200,ok,0,steady
1791234486.964117,kiemthugialap006@gmail.com,GET,/orders/me,8.902,200,ok,0,steady
1791234486.9932554,kiemthugialap007@gmail.com,GET,/orders/me,5.148,200,ok,0,steady
1791234487.0232844,kiemthugialap079@gmail.com,GET,/concerts?on_sale=true,18.368,200,ok,0,steady
1791234487.0236456,kiemthugialap008@gmail.com,GET,/concerts/{id},16.725,200,ok,0,steady
1791234487.0266361,kiemthugialap002@gmail.com,GET,/orders/me,20.217,200,ok,0,steady
1791234487.0277693,kiemthugialap031@gmail.com,GET,/orders/me,21.064,200,ok,0,steady
1791234487.0279303,kiemthugialap009@gmail.com,GET,/orders/me,21.935,200,ok,0,steady
1791234487.029434,kiemthugialap097@gmail.com,GET,/orders/me,7.789,200,ok,0,steady
1791234487.0603576,kiemthugialap058@gmail.com,GET,/orders/me,4.93,200,ok,0,steady
1791234487.0983615,kiemthugialap082@gmail.com,GET,/orders/me,7.358,200,ok,0,steady
1791234487.098866,kiemthugialap098@gmail.com,GET,/concerts/{id},9.077,200,ok,0,steady
1791234487.0998957,kiemthugialap015@gmail.com,GET,/orders/me,11.636,200,ok,0,steady
1791234487.1109643,kiemthugialap017@gmail.com,GET,/orders/me,6.931,200,ok,0,steady
1791234487.1263666,kiemthugialap094@gmail.com,GET,/orders/me,4.703,200,ok,0,steady
1791234487.1587148,kiemthugialap018@gmail.com,GET,/orders/me,5.036,200,ok,0,steady
1791234487.2106657,kiemthugialap088@gmail.com,GET,/orders/me,5.523,200,ok,0,steady
1791234487.2307858,kiemthugialap034@gmail.com,GET,/orders/me,7.967,200,ok,0,steady
1791234487.2312427,kiemthugialap055@gmail.com,GET,/orders/me,9.46,200,ok,0,steady
1791234487.2316053,kiemthugialap043@gmail.com,GET,/orders/me,9.181,200,ok,0,steady
1791234487.2347279,kiemthugialap085@gmail.com,GET,/orders/me,2.971,200,ok,0,steady
1791234487.258109,kiemthugialap076@gmail.com,GET,/concerts,4.254,200,ok,0,steady
1791234487.2613506,kiemthugialap025@gmail.com,GET,/orders/me,3.087,200,ok,0,steady
1791234487.2762916,kiemthugialap067@gmail.com,GET,/orders/me,5.313,200,ok,0,steady
1791234487.2947123,kiemthugialap089@gmail.com,GET,/concerts?on_sale=true,4.537,200,ok,0,steady
1791234487.2959092,kiemthugialap065@gmail.com,GET,/orders/me,7.412,200,ok,0,steady
1791234487.2989185,kiemthugialap069@gmail.com,GET,/orders/me,4.039,200,ok,0,steady
1791234487.3026216,kiemthugialap063@gmail.com,GET,/concerts,3.214,200,ok,0,steady
1791234487.3036923,kiemthugialap074@gmail.com,GET,/orders/me,4.645,200,ok,0,steady
1791234487.3074582,kiemthugialap046@gmail.com,GET,/orders/me,3.627,200,ok,0,steady
1791234487.3416746,kiemthugialap001@gmail.com,GET,/concerts,4.137,200,ok,0,steady
1791234487.377137,kiemthugialap004@gmail.com,GET,/concerts/{id},6.219,200,ok,0,steady
1791234487.378856,kiemthugialap038@gmail.com,GET,/orders/me,7.094,200,ok,0,steady
1791234487.3792076,kiemthugialap066@gmail.com,GET,/orders/me,7.72,200,ok,0,steady
1791234487.4088724,kiemthugialap077@gmail.com,GET,/concerts,4.556,200,ok,0,steady
1791234487.460437,kiemthugialap028@gmail.com,GET,/orders/me,5.331,200,ok,0,steady
1791234487.4819558,kiemthugialap084@gmail.com,GET,/orders/me,10.04,200,ok,0,steady
1791234487.4825423,kiemthugialap059@gmail.com,GET,/orders/me,9.268,200,ok,0,steady
1791234487.4829452,kiemthugialap078@gmail.com,GET,/orders/me,10.063,200,ok,0,steady
1791234487.5268512,kiemthugialap054@gmail.com,GET,/orders/me,6.932,200,ok,0,steady
1791234487.5781245,kiemthugialap056@gmail.com,GET,/concerts,23.435,200,ok,0,steady
1791234487.579322,kiemthugialap042@gmail.com,GET,/orders/me,25.79,200,ok,0,steady
1791234487.5807111,kiemthugialap029@gmail.com,GET,/orders/me,24.441,200,ok,0,steady
1791234487.5932093,kiemthugialap060@gmail.com,GET,/concerts?on_sale=true,5.482,200,ok,0,steady
1791234487.5981028,kiemthugialap061@gmail.com,GET,/orders/me,4.641,200,ok,0,steady
1791234487.6269429,kiemthugialap023@gmail.com,GET,/orders/me,7.027,200,ok,0,steady
1791234487.6316721,kiemthugialap091@gmail.com,GET,/orders/me,4.495,200,ok,0,steady
1791234487.646769,kiemthugialap087@gmail.com,GET,/orders/me,8.046,200,ok,0,steady
1791234487.6473973,kiemthugialap047@gmail.com,GET,/orders/me,9.342,200,ok,0,steady
1791234487.657659,kiemthugialap040@gmail.com,GET,/concerts,4.098,200,ok,0,steady
1791234487.7081738,kiemthugialap044@gmail.com,GET,/orders/me,21.554,200,ok,0,steady
1791234487.7092707,kiemthugialap005@gmail.com,GET,/orders/me,21.288,200,ok,0,steady
1791234487.7274053,kiemthugialap072@gmail.com,GET,/orders/me,7.278,200,ok,0,steady
1791234487.7280235,kiemthugialap036@gmail.com,GET,/orders/me,6.78,200,ok,0,steady
1791234487.7617888,kiemthugialap011@gmail.com,GET,/concerts/{id},5.209,200,ok,0,steady
1791234487.7630365,kiemthugialap058@gmail.com,GET,/orders/me,7.626,200,ok,0,steady
1791234487.7927966,kiemthugialap030@gmail.com,GET,/orders/me,5.587,200,ok,0,steady
1791234487.7986703,kiemthugialap049@gmail.com,GET,/orders/me,5.318,200,ok,0,steady
1791234487.7998817,kiemthugialap013@gmail.com,GET,/orders/me,6.925,200,ok,0,steady
1791234487.8012655,kiemthugialap086@gmail.com,GET,/concerts/{id},2.398,200,ok,0,steady
1791234487.804501,kiemthugialap068@gmail.com,GET,/orders/me,3.112,200,ok,0,steady
1791234487.8076236,kiemthugialap024@gmail.com,GET,/concerts/{id},2.954,200,ok,0,steady
1791234487.8427775,kiemthugialap088@gmail.com,GET,/orders/me,5.478,200,ok,0,steady
1791234487.8633356,kiemthugialap081@gmail.com,GET,/orders/me,5.866,200,ok,0,steady
1791234487.8690827,kiemthugialap032@gmail.com,GET,/orders/me,5.522,200,ok,0,steady
1791234487.8711178,kiemthugialap021@gmail.com,GET,/orders/me,6.789,200,ok,0,steady
1791234487.8717232,kiemthugialap090@gmail.com,GET,/orders/me,7.068,200,ok,0,steady
1791234487.8945541,kiemthugialap080@gmail.com,GET,/concerts/{id},6.996,200,ok,0,steady
1791234487.8961043,kiemthugialap008@gmail.com,GET,/orders/me,7.513,200,ok,0,steady
1791234487.8967116,kiemthugialap079@gmail.com,GET,/orders/me,7.833,200,ok,0,steady
1791234487.9097908,kiemthugialap095@gmail.com,GET,/orders/me,5.189,200,ok,0,steady
1791234487.9278808,kiemthugialap052@gmail.com,GET,/concerts,5.527,200,ok,0,steady
1791234487.9295647,kiemthugialap064@gmail.com,GET,/orders/me,8.057,200,ok,0,steady
1791234487.933494,kiemthugialap075@gmail.com,GET,/orders/me,5.028,200,ok,0,steady
1791234487.9343984,kiemthugialap026@gmail.com,GET,/orders/me,6.355,200,ok,0,steady
1791234487.936345,kiemthugialap045@gmail.com,GET,/orders/me,2.724,200,ok,0,steady
1791234487.9623628,kiemthugialap043@gmail.com,GET,/concerts/{id},9.014,200,ok,0,steady
1791234487.9890573,kiemthugialap085@gmail.com,GET,/orders/me,33.208,200,ok,0,steady
1791234487.9895656,kiemthugialap096@gmail.com,GET,/orders/me,34.94,200,ok,0,steady
1791234487.993448,kiemthugialap009@gmail.com,GET,/orders/me,30.843,200,ok,0,steady
1791234487.9946725,kiemthugialap062@gmail.com,GET,/orders/me,4.952,200,ok,0,steady
1791234487.997867,kiemthugialap010@gmail.com,GET,/orders/me,3.063,200,ok,0,steady
1791234488.0258994,kiemthugialap053@gmail.com,GET,/orders/me,4.312,200,ok,0,steady
1791234488.028956,kiemthugialap015@gmail.com,GET,/orders/me,2.899,200,ok,0,steady
1791234488.031584,kiemthugialap092@gmail.com,GET,/orders/me,2.518,200,ok,0,steady
1791234488.0604343,kiemthugialap100@gmail.com,GET,/concerts/{id},4.274,200,ok,0,steady
1791234488.061361,kiemthugialap018@gmail.com,GET,/concerts/{id},6.796,200,ok,0,steady
1791234488.0635026,kiemthugialap016@gmail.com,GET,/orders/me,2.915,200,ok,0,steady
1791234488.109716,kiemthugialap042@gmail.com,GET,/concerts/{id},4.08,200,ok,0,steady
1791234488.1263537,kiemthugialap093@gmail.com,GET,/orders/me,4.906,200,ok,0,steady
1791234488.143848,kiemthugialap074@gmail.com,GET,/orders/me,5.346,200,ok,0,steady
1791234488.1629412,kiemthugialap050@gmail.com,GET,/orders/me,7.923,200,ok,0,steady
1791234488.166806,kiemthugialap070@gmail.com,GET,/orders/me,3.694,200,ok,0,steady
1791234488.2433605,kiemthugialap039@gmail.com,GET,/orders/me,5.256,200,ok,0,steady
1791234488.246744,kiemthugialap054@gmail.com,GET,/orders/me,3.176,200,ok,0,steady
1791234488.2597466,kiemthugialap057@gmail.com,GET,/orders/me,5.237,200,ok,0,steady
1791234488.278724,kiemthugialap073@gmail.com,GET,/concerts/{id},5.721,200,ok,0,steady
1791234488.2795792,kiemthugialap048@gmail.com,GET,/concerts/{id},7.444,200,ok,0,steady
1791234488.2803855,kiemthugialap033@gmail.com,GET,/orders/me,7.133,200,ok,0,steady
1791234488.2822297,kiemthugialap020@gmail.com,GET,/orders/me,3.377,200,ok,0,steady
1791234488.2851648,kiemthugialap006@gmail.com,GET,/orders/me,2.72,200,ok,0,steady
1791234488.2962022,kiemthugialap014@gmail.com,GET,/concerts/{id},3.547,200,ok,0,steady
1791234488.3284934,kiemthugialap041@gmail.com,GET,/orders/me,6.424,200,ok,0,steady
1791234488.329396,kiemthugialap082@gmail.com,GET,/orders/me,5.754,200,ok,0,steady
1791234488.3605373,kiemthugialap012@gmail.com,GET,/orders/me,5.372,200,ok,0,steady
1791234488.422972,kiemthugialap084@gmail.com,GET,/concerts/{id},16.839,200,ok,0,steady
1791234488.4245863,kiemthugialap025@gmail.com,GET,/orders/me,16.133,200,ok,0,steady
1791234488.424928,kiemthugialap046@gmail.com,GET,/orders/me,17.803,200,ok,0,steady
1791234488.4481375,kiemthugialap071@gmail.com,GET,/concerts,8.091,200,ok,0,steady
1791234488.449461,kiemthugialap023@gmail.com,GET,/concerts/{id},10.026,200,ok,0,steady
1791234488.4510098,kiemthugialap019@gmail.com,GET,/orders/me,11.281,200,ok,0,steady
1791234488.4513578,kiemthugialap027@gmail.com,GET,/orders/me,10.076,200,ok,0,steady
1791234488.4520607,kiemthugialap055@gmail.com,GET,/orders/me,13.865,200,ok,0,steady
1791234488.4526234,kiemthugialap056@gmail.com,GET,/concerts,4.24,200,ok,0,steady
1791234488.4957001,kiemthugialap094@gmail.com,GET,/orders/me,7.169,200,ok,0,steady
1791234488.4985898,kiemthugialap021@gmail.com,GET,/orders/me,2.749,200,ok,0,steady
1791234488.5102882,kiemthugialap081@gmail.com,GET,/orders/me,4.903,200,ok,0,steady
1791234488.5448668,kiemthugialap001@gmail.com,GET,/orders/me,6.082,200,ok,0,steady
1791234488.549551,kiemthugialap089@gmail.com,GET,/orders/me,3.964,200,ok,0,steady
1791234488.5499792,kiemthugialap047@gmail.com,GET,/orders/me,4.973,200,ok,0,steady
1791234488.578449,kiemthugialap099@gmail.com,GET,/orders/me,6.585,200,ok,0,steady
1791234488.5955377,kiemthugialap088@gmail.com,GET,/orders/me,6.975,200,ok,0,steady
1791234488.6000302,kiemthugialap035@gmail.com,GET,/orders/me,4.224,200,ok,0,steady
1791234488.602555,kiemthugialap066@gmail.com,GET,/concerts?on_sale=true,2.375,200,ok,0,steady
1791234488.650869,kiemthugialap062@gmail.com,GET,/orders/me,9.723,200,ok,0,steady
1791234488.6521556,kiemthugialap010@gmail.com,GET,/orders/me,14.052,200,ok,0,steady
1791234488.6525016,kiemthugialap037@gmail.com,GET,/orders/me,13.216,200,ok,0,steady
1791234488.6528049,kiemthugialap061@gmail.com,GET,/orders/me,12.257,200,ok,0,steady
1791234488.6534376,kiemthugialap022@gmail.com,GET,/concerts,2.345,200,ok,0,steady
1791234488.6953099,kiemthugialap083@gmail.com,GET,/orders/me,7.761,200,ok,0,steady
1791234488.695769,kiemthugialap058@gmail.com,GET,/orders/me,8.868,200,ok,0,steady
1791234488.7093499,kiemthugialap051@gmail.com,GET,/orders/me,5.89,200,ok,0,steady
1791234488.749714,kiemthugialap024@gmail.com,GET,/concerts,11.35,200,ok,0,steady
1791234488.7510655,kiemthugialap070@gmail.com,GET,/concerts,10.321,200,ok,0,steady
1791234488.7528367,kiemthugialap003@gmail.com,GET,/orders/me,14.171,200,ok,0,steady
1791234488.7546117,kiemthugialap064@gmail.com,GET,/orders/me,15.651,200,ok,0,steady
1791234488.755963,kiemthugialap059@gmail.com,GET,/orders/me,18.519,200,ok,0,steady
1791234488.7562363,kiemthugialap069@gmail.com,GET,/orders/me,17.114,200,ok,0,steady
1791234488.759402,kiemthugialap007@gmail.com,GET,/orders/me,9.429,200,ok,0,steady
1791234488.7637107,kiemthugialap004@gmail.com,GET,/orders/me,4.115,200,ok,0,steady
1791234488.8098862,kiemthugialap050@gmail.com,GET,/orders/me,6.239,200,ok,0,steady
1791234488.8476431,kiemthugialap036@gmail.com,GET,/concerts/{id},9.248,200,ok,0,steady
1791234488.8482344,kiemthugialap065@gmail.com,GET,/orders/me,8.894,200,ok,0,steady
1791234488.8487117,kiemthugialap029@gmail.com,GET,/orders/me,9.082,200,ok,0,steady
1791234488.8568876,kiemthugialap098@gmail.com,GET,/concerts,3.454,200,ok,0,steady
1791234488.877408,kiemthugialap048@gmail.com,GET,/orders/me,5.823,200,ok,0,steady
1791234488.8778613,kiemthugialap080@gmail.com,GET,/orders/me,7.407,200,ok,0,steady
1791234488.8943467,kiemthugialap015@gmail.com,GET,/orders/me,5.078,200,ok,0,steady
1791234488.8949394,kiemthugialap040@gmail.com,GET,/orders/me,6.954,200,ok,0,steady
1791234488.9306824,kiemthugialap075@gmail.com,GET,/concerts?on_sale=true,9.11,200,ok,0,steady
1791234488.9321098,kiemthugialap092@gmail.com,GET,/concerts,9.643,200,ok,0,steady
1791234488.933051,kiemthugialap031@gmail.com,GET,/orders/me,9.882,200,ok,0,steady
1791234488.9336452,kiemthugialap063@gmail.com,GET,/orders/me,10.891,200,ok,0,steady
1791234488.934928,kiemthugialap030@gmail.com,GET,/concerts,4.002,200,ok,0,steady
1791234488.9601986,kiemthugialap019@gmail.com,GET,/concerts?on_sale=true,4.408,200,ok,0,steady
1791234488.9618437,kiemthugialap002@gmail.com,GET,/orders/me,7.741,200,ok,0,steady
1791234488.9650455,kiemthugialap090@gmail.com,GET,/concerts/{id},4.63,200,ok,0,steady
1791234488.9666836,kiemthugialap077@gmail.com,GET,/orders/me,5.876,200,ok,0,steady
1791234488.9671779,kiemthugialap046@gmail.com,GET,/orders/me,5.185,200,ok,0,steady
1791234488.9966707,kiemthugialap038@gmail.com,GET,/orders/me,9.73,200,ok,0,steady
1791234488.9971232,kiemthugialap076@gmail.com,GET,/orders/me,8.547,200,ok,0,steady
1791234489.0449402,kiemthugialap097@gmail.com,GET,/orders/me,23.145,200,ok,0,steady
1791234489.045336,kiemthugialap034@gmail.com,GET,/orders/me,24.512,200,ok,0,steady
1791234489.046508,kiemthugialap017@gmail.com,GET,/orders/me,7.293,200,ok,0,steady
1791234489.0935564,kiemthugialap053@gmail.com,GET,/orders/me,5.466,200,ok,0,steady
1791234489.1261117,kiemthugialap018@gmail.com,GET,/orders/me,5.583,200,ok,0,steady
1791234489.1463969,kiemthugialap032@gmail.com,GET,/orders/me,4.63,200,ok,0,steady
1791234489.149192,kiemthugialap008@gmail.com,GET,/orders/me,2.656,200,ok,0,steady
1791234489.1590464,kiemthugialap067@gmail.com,GET,/orders/me,3.799,200,ok,0,steady
1791234489.1771252,kiemthugialap057@gmail.com,GET,/concerts,5.665,200,ok,0,steady
1791234489.2110257,kiemthugialap028@gmail.com,GET,/orders/me,6.86,200,ok,0,steady
1791234489.2113874,kiemthugialap026@gmail.com,GET,/orders/me,5.712,200,ok,0,steady
1791234489.2264621,kiemthugialap009@gmail.com,GET,/orders/me,5.471,200,ok,0,steady
1791234489.2310684,kiemthugialap081@gmail.com,GET,/concerts/{id},3.852,200,ok,0,steady
1791234489.231542,kiemthugialap016@gmail.com,GET,/orders/me,4.933,200,ok,0,steady
1791234489.2535317,kiemthugialap068@gmail.com,GET,/orders/me,8.388,200,ok,0,steady
1791234489.2546985,kiemthugialap044@gmail.com,GET,/orders/me,10.809,200,ok,0,steady
1791234489.258201,kiemthugialap045@gmail.com,GET,/orders/me,4.451,200,ok,0,steady
1791234489.2772992,kiemthugialap078@gmail.com,GET,/orders/me,5.877,200,ok,0,steady
1791234489.315833,kiemthugialap072@gmail.com,GET,/orders/me,9.994,200,ok,0,steady
1791234489.3176801,kiemthugialap074@gmail.com,GET,/orders/me,11.613,200,ok,0,steady
1791234489.3180056,kiemthugialap087@gmail.com,GET,/orders/me,12.681,200,ok,0,steady
1791234489.3183088,kiemthugialap093@gmail.com,GET,/orders/me,13.898,200,ok,0,steady
1791234489.319957,kiemthugialap020@gmail.com,GET,/concerts,3.378,200,ok,0,steady
1791234489.3212566,kiemthugialap095@gmail.com,GET,/orders/me,5.206,200,ok,0,steady
1791234489.3452432,kiemthugialap024@gmail.com,GET,/concerts,6.093,200,ok,0,steady
1791234489.346228,kiemthugialap060@gmail.com,GET,/orders/me,8.628,200,ok,0,steady
1791234489.3603108,kiemthugialap094@gmail.com,GET,/orders/me,5.812,200,ok,0,steady
1791234489.3641546,kiemthugialap059@gmail.com,GET,/orders/me,3.653,200,ok,0,steady
1791234489.3934407,kiemthugialap064@gmail.com,GET,/orders/me,5.112,200,ok,0,steady
1791234489.4120536,kiemthugialap047@gmail.com,GET,/concerts?on_sale=true,6.805,200,ok,0,steady
1791234489.4125264,kiemthugialap015@gmail.com,GET,/concerts,6.462,200,ok,0,steady
1791234489.413288,kiemthugialap035@gmail.com,GET,/orders/me,6.807,200,ok,0,steady
1791234489.4777198,kiemthugialap086@gmail.com,GET,/orders/me,21.505,200,ok,0,steady
1791234489.4784024,kiemthugialap062@gmail.com,GET,/orders/me,21.888,200,ok,0,steady
1791234489.4788468,kiemthugialap021@gmail.com,GET,/orders/me,22.015,200,ok,0,steady
1791234489.4794068,kiemthugialap004@gmail.com,GET,/orders/me,23.975,200,ok,0,steady
1791234489.5152035,kiemthugialap049@gmail.com,GET,/orders/me,9.777,200,ok,0,steady
1791234489.5157566,kiemthugialap066@gmail.com,GET,/orders/me,8.442,200,ok,0,steady
1791234489.5161855,kiemthugialap007@gmail.com,GET,/orders/me,9.89,200,ok,0,steady
1791234489.5278733,kiemthugialap073@gmail.com,GET,/orders/me,5.757,200,ok,0,steady
1791234489.5433695,kiemthugialap042@gmail.com,GET,/orders/me,4.523,200,ok,0,steady
1791234489.5483515,kiemthugialap083@gmail.com,GET,/orders/me,4.121,200,ok,0,steady
1791234489.5486953,kiemthugialap061@gmail.com,GET,/orders/me,5.194,200,ok,0,steady
1791234489.5774252,kiemthugialap055@gmail.com,GET,/orders/me,5.663,200,ok,0,steady
1791234489.5918028,kiemthugialap013@gmail.com,GET,/concerts?on_sale=true,3.861,200,ok,0,steady
1791234489.5946589,kiemthugialap091@gmail.com,GET,/concerts?on_sale=true,2.62,200,ok,0,steady
1791234489.6290047,kiemthugialap052@gmail.com,GET,/orders/me,6.624,200,ok,0,steady
1791234489.6294224,kiemthugialap014@gmail.com,GET,/orders/me,8.081,200,ok,0,steady
1791234489.6627278,kiemthugialap056@gmail.com,GET,/concerts/{id},6.845,200,ok,0,steady
1791234489.6650422,kiemthugialap043@gmail.com,GET,/orders/me,10.255,200,ok,0,steady
1791234489.6654716,kiemthugialap079@gmail.com,GET,/orders/me,9.205,200,ok,0,steady
1791234489.6679223,kiemthugialap096@gmail.com,GET,/orders/me,5.056,200,ok,0,steady
1791234489.6828344,kiemthugialap011@gmail.com,GET,/orders/me,5.678,200,ok,0,steady
1791234489.6937923,kiemthugialap005@gmail.com,GET,/orders/me,5.449,200,ok,0,steady
1791234489.6977088,kiemthugialap069@gmail.com,GET,/concerts?on_sale=true,3.691,200,ok,0,steady
1791234489.756436,kiemthugialap028@gmail.com,GET,/orders/me,33.939,200,ok,0,steady
1791234489.7568574,kiemthugialap053@gmail.com,GET,/orders/me,35.609,200,ok,0,steady
1791234489.7571812,kiemthugialap100@gmail.com,GET,/orders/me,35.011,200,ok,0,steady
1791234489.7610285,kiemthugialap084@gmail.com,GET,/concerts?on_sale=true,22.838,200,ok,0,steady
1791234489.7614152,kiemthugialap018@gmail.com,GET,/concerts/{id},22.26,200,ok,0,steady
1791234489.7624383,kiemthugialap099@gmail.com,GET,/orders/me,7.833,200,ok,0,steady
1791234489.7760708,kiemthugialap085@gmail.com,GET,/orders/me,5.084,200,ok,0,steady
1791234489.7940147,kiemthugialap098@gmail.com,GET,/orders/me,4.244,200,ok,0,steady
1791234489.796983,kiemthugialap006@gmail.com,GET,/orders/me,2.826,200,ok,0,steady
1791234489.8266547,kiemthugialap036@gmail.com,GET,/orders/me,6.459,200,ok,0,steady
1791234489.843841,kiemthugialap082@gmail.com,GET,/orders/me,6.781,200,ok,0,steady
1791234489.848288,kiemthugialap001@gmail.com,GET,/orders/me,4.19,200,ok,0,steady
1791234489.8588588,kiemthugialap054@gmail.com,GET,/concerts/{id},5.353,200,ok,0,steady
1791234489.8781052,kiemthugialap039@gmail.com,GET,/orders/me,7.371,200,ok,0,steady
1791234489.927128,kiemthugialap072@gmail.com,GET,/concerts?on_sale=true,6.223,200,ok,0,steady
1791234489.9304,kiemthugialap038@gmail.com,GET,/concerts/{id},2.976,200,ok,0,steady
1791234489.9345462,kiemthugialap040@gmail.com,GET,/orders/me,4.002,200,ok,0,steady
1791234489.939283,kiemthugialap080@gmail.com,GET,/orders/me,4.548,200,ok,0,steady
1791234489.9605725,kiemthugialap065@gmail.com,GET,/concerts,6.067,200,ok,0,steady
1791234489.9636257,kiemthugialap070@gmail.com,GET,/concerts/{id},2.866,200,ok,0,steady
1791234489.9760187,kiemthugialap023@gmail.com,GET,/concerts?on_sale=true,5.354,200,ok,0,steady
1791234489.99273,kiemthugialap048@gmail.com,GET,/orders/me,5.926,200,ok,0,steady
1791234490.009899,kiemthugialap030@gmail.com,GET,/orders/me,5.681,200,ok,0,steady
1791234490.0140414,kiemthugialap051@gmail.com,GET,/orders/me,3.822,200,ok,0,steady
1791234490.0256026,kiemthugialap035@gmail.com,GET,/orders/me,5.844,200,ok,0,steady
1791234490.0418656,kiemthugialap025@gmail.com,GET,/orders/me,4.597,200,ok,0,steady
1791234490.0935078,kiemthugialap017@gmail.com,GET,/concerts/{id},5.951,200,ok,0,steady
1791234490.0948162,kiemthugialap045@gmail.com,GET,/orders/me,6.093,200,ok,0,steady
1791234490.1443555,kiemthugialap012@gmail.com,GET,/orders/me,5.586,200,ok,0,steady
1791234490.1448069,kiemthugialap021@gmail.com,GET,/orders/me,7.269,200,ok,0,steady
1791234490.1603088,kiemthugialap087@gmail.com,GET,/orders/me,5.646,200,ok,0,steady
1791234490.1783159,kiemthugialap075@gmail.com,GET,/orders/me,7.894,200,ok,0,steady
1791234490.1972716,kiemthugialap033@gmail.com,GET,/orders/me,6.588,200,ok,0,steady
1791234490.2002275,kiemthugialap041@gmail.com,GET,/concerts/{id},2.735,200,ok,0,steady
1791234490.2107265,kiemthugialap027@gmail.com,GET,/concerts/{id},5.348,200,ok,0,steady
1791234490.211679,kiemthugialap019@gmail.com,GET,/orders/me,5.793,200,ok,0,steady
1791234490.2261791,kiemthugialap071@gmail.com,GET,/orders/me,5.239,200,ok,0,steady
1791234490.2620006,kiemthugialap010@gmail.com,GET,/concerts,7.165,200,ok,0,steady
1791234490.26347,kiemthugialap037@gmail.com,GET,/orders/me,7.345,200,ok,0,steady
1791234490.2638195,kiemthugialap011@gmail.com,GET,/orders/me,8.027,200,ok,0,steady
1791234490.2751713,kiemthugialap002@gmail.com,GET,/concerts,3.766,200,ok,0,steady
1791234490.312355,kiemthugialap057@gmail.com,GET,/orders/me,4.774,200,ok,0,steady
1791234490.344907,kiemthugialap031@gmail.com,GET,/concerts/{id},6.267,200,ok,0,steady
1791234490.3481421,kiemthugialap009@gmail.com,GET,/concerts?on_sale=true,3.006,200,ok,0,steady
1791234490.3934672,kiemthugialap022@gmail.com,GET,/orders/me,5.74,200,ok,0,steady
1791234490.4122262,kiemthugialap063@gmail.com,GET,/orders/me,7.183,200,ok,0,steady
1791234490.412692,kiemthugialap058@gmail.com,GET,/orders/me,9.085,200,ok,0,steady
1791234490.4430687,kiemthugialap029@gmail.com,GET,/orders/me,4.749,200,ok,0,steady
1791234490.461097,kiemthugialap089@gmail.com,GET,/orders/me,5.468,200,ok,0,steady
1791234490.4957705,kiemthugialap088@gmail.com,GET,/orders/me,7.757,200,ok,0,steady
1791234490.4970164,kiemthugialap043@gmail.com,GET,/orders/me,8.572,200,ok,0,steady
1791234490.498916,kiemthugialap044@gmail.com,GET,/concerts?on_sale=true,2.93,200,ok,0,steady
1791234490.502373,kiemthugialap095@gmail.com,GET,/orders/me,5.215,200,ok,0,steady
1791234490.503563,kiemthugialap077@gmail.com,GET,/orders/me,4.525,200,ok,0,steady
1791234490.5070822,kiemthugialap050@gmail.com,GET,/orders/me,3.364,200,ok,0,steady
1791234490.5096262,kiemthugialap056@gmail.com,GET,/concerts?on_sale=true,2.393,200,ok,0,steady
1791234490.5597181,kiemthugialap092@gmail.com,GET,/orders/me,4.636,200,ok,0,steady
1791234490.575656,kiemthugialap094@gmail.com,GET,/concerts?on_sale=true,4.059,200,ok,0,steady
1791234490.611806,kiemthugialap090@gmail.com,GET,/concerts,4.961,200,ok,0,steady
1791234490.6131082,kiemthugialap036@gmail.com,GET,/concerts,7.041,200,ok,0,steady
1791234490.6143243,kiemthugialap007@gmail.com,GET,/concerts,9.261,200,ok,0,steady
1791234490.6181302,kiemthugialap068@gmail.com,GET,/orders/me,4.857,200,ok,0,steady
1791234490.6192853,kiemthugialap069@gmail.com,GET,/orders/me,4.794,200,ok,0,steady
1791234490.6243715,kiemthugialap064@gmail.com,GET,/orders/me,6.081,200,ok,0,steady
1791234490.6250706,kiemthugialap040@gmail.com,GET,/orders/me,6.554,200,ok,0,steady
1791234490.6283455,kiemthugialap003@gmail.com,GET,/orders/me,3.119,200,ok,0,steady
1791234490.6310995,kiemthugialap065@gmail.com,GET,/orders/me,2.634,200,ok,0,steady
1791234490.6431193,kiemthugialap024@gmail.com,GET,/orders/me,5.46,200,ok,0,steady
1791234490.6461506,kiemthugialap082@gmail.com,GET,/orders/me,2.872,200,ok,0,steady
1791234490.6613283,kiemthugialap042@gmail.com,GET,/orders/me,7.574,200,ok,0,steady
1791234490.6654725,kiemthugialap062@gmail.com,GET,/concerts?on_sale=true,3.837,200,ok,0,steady
1791234490.6690254,kiemthugialap100@gmail.com,GET,/orders/me,3.373,200,ok,0,steady
1791234490.7620468,kiemthugialap072@gmail.com,GET,/orders/me,5.912,200,ok,0,steady
1791234490.7780242,kiemthugialap048@gmail.com,GET,/orders/me,7.024,200,ok,0,steady
1791234490.7792735,kiemthugialap066@gmail.com,GET,/orders/me,7.226,200,ok,0,steady
1791234490.781363,kiemthugialap053@gmail.com,GET,/orders/me,3.138,200,ok,0,steady
1791234490.8100207,kiemthugialap054@gmail.com,GET,/concerts/{id},5.69,200,ok,0,steady
1791234490.810456,kiemthugialap079@gmail.com,GET,/concerts/{id},5.467,200,ok,0,steady
1791234490.8451657,kiemthugialap045@gmail.com,GET,/concerts?on_sale=true,6.347,200,ok,0,steady
1791234490.8456612,kiemthugialap047@gmail.com,GET,/concerts?on_sale=true,5.113,200,ok,0,steady
1791234490.8468382,kiemthugialap019@gmail.com,GET,/orders/me,7.135,200,ok,0,steady
1791234490.8617778,kiemthugialap038@gmail.com,GET,/orders/me,4.849,200,ok,0,steady
1791234490.8938303,kiemthugialap059@gmail.com,GET,/orders/me,4.971,200,ok,0,steady
1791234490.8969197,kiemthugialap060@gmail.com,GET,/orders/me,2.949,200,ok,0,steady
1791234490.8997872,kiemthugialap046@gmail.com,GET,/orders/me,2.755,200,ok,0,steady
1791234490.9511666,kiemthugialap097@gmail.com,GET,/orders/me,12.636,200,ok,0,steady
1791234490.9519095,kiemthugialap030@gmail.com,GET,/orders/me,10.937,200,ok,0,steady
1791234490.9522853,kiemthugialap034@gmail.com,GET,/orders/me,12.343,200,ok,0,steady
1791234490.9527018,kiemthugialap093@gmail.com,GET,/orders/me,13.225,200,ok,0,steady
1791234490.9531853,kiemthugialap033@gmail.com,GET,/orders/me,13.447,200,ok,0,steady
1791234490.9809954,kiemthugialap020@gmail.com,GET,/orders/me,8.785,200,ok,0,steady
1791234490.9815288,kiemthugialap016@gmail.com,GET,/concerts?on_sale=true,9.05,200,ok,0,steady
1791234490.9838517,kiemthugialap076@gmail.com,GET,/orders/me,12.579,200,ok,0,steady
1791234491.0137818,kiemthugialap026@gmail.com,GET,/orders/me,8.45,200,ok,0,steady
1791234491.0143104,kiemthugialap081@gmail.com,GET,/orders/me,10.331,200,ok,0,steady
1791234491.0413885,kiemthugialap002@gmail.com,GET,/concerts,20.326,200,ok,0,steady
1791234491.0422451,kiemthugialap078@gmail.com,GET,/concerts?on_sale=true,21.709,200,ok,0,steady
1791234491.0427907,kiemthugialap096@gmail.com,GET,/concerts,20.048,200,ok,0,steady
1791234491.0464735,kiemthugialap067@gmail.com,GET,/orders/me,25.107,200,ok,0,steady
1791234491.0471358,kiemthugialap023@gmail.com,GET,/concerts/{id},24.717,200,ok,0,steady
1791234491.0780227,kiemthugialap074@gmail.com,GET,/orders/me,7.703,200,ok,0,steady
1791234491.1294994,kiemthugialap083@gmail.com,GET,/concerts?on_sale=true,25.003,200,ok,0,steady
1791234491.1313164,kiemthugialap008@gmail.com,GET,/concerts,10.945,200,ok,0,steady
1791234491.132158,kiemthugialap013@gmail.com,GET,/orders/me,28.402,200,ok,0,steady
1791234491.1436732,kiemthugialap051@gmail.com,GET,/concerts?on_sale=true,5.321,200,ok,0,steady
1791234491.1450326,kiemthugialap032@gmail.com,GET,/orders/me,7.59,200,ok,0,steady
1791234491.1485765,kiemthugialap099@gmail.com,GET,/concerts?on_sale=true,3.399,200,ok,0,steady
1791234491.149011,kiemthugialap017@gmail.com,GET,/orders/me,5.122,200,ok,0,steady
1791234491.1520138,kiemthugialap006@gmail.com,GET,/orders/me,2.863,200,ok,0,steady
1791234491.164015,kiemthugialap014@gmail.com,GET,/orders/me,5.702,200,ok,0,steady
1791234491.1676557,kiemthugialap007@gmail.com,GET,/orders/me,3.464,200,ok,0,steady
1791234491.1925867,kiemthugialap089@gmail.com,GET,/concerts?on_sale=true,4.964,200,ok,0,steady
1791234491.19388,kiemthugialap004@gmail.com,GET,/orders/me,6.92,200,ok,0,steady
1791234491.2087953,kiemthugialap080@gmail.com,GET,/orders/me,5.058,200,ok,0,steady
1791234491.2261312,kiemthugialap090@gmail.com,GET,/concerts?on_sale=true,4.137,200,ok,0,steady
1791234491.2265687,kiemthugialap071@gmail.com,GET,/orders/me,6.268,200,ok,0,steady
1791234491.310289,kiemthugialap061@gmail.com,GET,/concerts/{id},4.612,200,ok,0,steady
1791234491.3267102,kiemthugialap091@gmail.com,GET,/concerts?on_sale=true,4.512,200,ok,0,steady
1791234491.3681383,kiemthugialap010@gmail.com,GET,/orders/me,13.593,200,ok,0,steady
1791234491.3712265,kiemthugialap040@gmail.com,GET,/orders/me,14.568,200,ok,0,steady
1791234491.3715978,kiemthugialap048@gmail.com,GET,/orders/me,16.112,200,ok,0,steady
1791234491.3719232,kiemthugialap015@gmail.com,GET,/orders/me,15.013,200,ok,0,steady
1791234491.3769314,kiemthugialap049@gmail.com,GET,/concerts/{id},7.593,200,ok,0,steady
1791234491.379646,kiemthugialap055@gmail.com,GET,/concerts/{id},10.671,200,ok,0,steady
1791234491.381395,kiemthugialap052@gmail.com,GET,/orders/me,13.004,200,ok,0,steady
1791234491.3826416,kiemthugialap018@gmail.com,GET,/orders/me,10.582,200,ok,0,steady
1791234491.384347,kiemthugialap073@gmail.com,GET,/orders/me,11.709,200,ok,0,steady
1791234491.386033,kiemthugialap054@gmail.com,GET,/orders/me,6.126,200,ok,0,steady
1791234491.3874242,kiemthugialap086@gmail.com,GET,/concerts,2.921,200,ok,0,steady
1791234491.429135,kiemthugialap047@gmail.com,GET,/orders/me,6.008,200,ok,0,steady
1791234491.429579,kiemthugialap077@gmail.com,GET,/orders/me,7.662,200,ok,0,steady
1791234491.489492,kiemthugialap070@gmail.com,GET,/orders/me,18.134,200,ok,0,steady
1791234491.4900959,kiemthugialap022@gmail.com,GET,/orders/me,17.932,200,ok,0,steady
1791234491.4905837,kiemthugialap042@gmail.com,GET,/orders/me,20.146,200,ok,0,steady
1791234491.5118299,kiemthugialap098@gmail.com,GET,/concerts?on_sale=true,7.553,200,ok,0,steady
1791234491.5131364,kiemthugialap079@gmail.com,GET,/orders/me,7.142,200,ok,0,steady
1791234491.5134773,kiemthugialap084@gmail.com,GET,/orders/me,6.941,200,ok,0,steady
1791234491.5152874,kiemthugialap009@gmail.com,GET,/orders/me,3.255,200,ok,0,steady
1791234491.561845,kiemthugialap041@gmail.com,GET,/orders/me,6.464,200,ok,0,steady
1791234491.562275,kiemthugialap031@gmail.com,GET,/orders/me,5.601,200,ok,0,steady
1791234491.5788348,kiemthugialap072@gmail.com,GET,/orders/me,6.253,200,ok,0,steady
1791234491.627291,kiemthugialap005@gmail.com,GET,/orders/me,5.105,200,ok,0,steady
1791234491.629985,kiemthugialap068@gmail.com,GET,/concerts/{id},2.5,200,ok,0,steady
1791234491.6589396,kiemthugialap028@gmail.com,GET,/orders/me,4.811,200,ok,0,steady
1791234491.6784568,kiemthugialap021@gmail.com,GET,/orders/me,7.089,200,ok,0,steady
1791234491.6788673,kiemthugialap001@gmail.com,GET,/orders/me,6.13,200,ok,0,steady
1791234491.7099473,kiemthugialap085@gmail.com,GET,/concerts,6.441,200,ok,0,steady
1791234491.7120552,kiemthugialap062@gmail.com,GET,/orders/me,7.946,200,ok,0,steady
1791234491.7150614,kiemthugialap088@gmail.com,GET,/concerts,2.806,200,ok,0,steady
1791234491.7777228,kiemthugialap069@gmail.com,GET,/concerts,5.829,200,ok,0,steady
1791234491.778731,kiemthugialap080@gmail.com,GET,/orders/me,5.87,200,ok,0,steady
1791234491.812142,kiemthugialap039@gmail.com,GET,/orders/me,6.543,200,ok,0,steady
1791234491.8126338,kiemthugialap029@gmail.com,GET,/orders/me,4.924,200,ok,0,steady
1791234491.8439639,kiemthugialap053@gmail.com,GET,/orders/me,5.68,200,ok,0,steady
1791234491.8799026,kiemthugialap043@gmail.com,GET,/orders/me,8.636,200,ok,0,steady
1791234491.8837314,kiemthugialap032@gmail.com,GET,/concerts?on_sale=true,3.558,200,ok,0,steady
1791234491.9157672,kiemthugialap035@gmail.com,GET,/orders/me,11.787,200,ok,0,steady
1791234491.917487,kiemthugialap027@gmail.com,GET,/orders/me,12.543,200,ok,0,steady
1791234491.9234595,kiemthugialap012@gmail.com,GET,/orders/me,7.332,200,ok,0,steady
1791234491.9251006,kiemthugialap011@gmail.com,GET,/orders/me,7.438,200,ok,0,steady
1791234491.9283638,kiemthugialap063@gmail.com,GET,/orders/me,6.49,200,ok,0,steady
1791234491.9325829,kiemthugialap024@gmail.com,GET,/orders/me,4.047,200,ok,0,steady
1791234491.9782605,kiemthugialap003@gmail.com,GET,/orders/me,7.941,200,ok,0,steady
1791234491.9828744,kiemthugialap016@gmail.com,GET,/orders/me,4.357,200,ok,0,steady
1791234492.0137508,kiemthugialap099@gmail.com,GET,/orders/me,8.122,200,ok,0,steady
1791234492.0153165,kiemthugialap060@gmail.com,GET,/orders/me,11.565,200,ok,0,steady
1791234492.0189571,kiemthugialap025@gmail.com,GET,/orders/me,4.912,200,ok,0,steady
1791234492.0199065,kiemthugialap094@gmail.com,GET,/concerts/{id},4.437,200,ok,0,steady
1791234492.02321,kiemthugialap074@gmail.com,GET,/orders/me,4.089,200,ok,0,steady
1791234492.0467563,kiemthugialap093@gmail.com,GET,/orders/me,7.521,200,ok,0,steady
1791234492.0797596,kiemthugialap017@gmail.com,GET,/orders/me,8.347,200,ok,0,steady
1791234492.0802708,kiemthugialap037@gmail.com,GET,/orders/me,9.996,200,ok,0,steady
1791234492.0950236,kiemthugialap087@gmail.com,GET,/orders/me,7.994,200,ok,0,steady
1791234492.1366582,kiemthugialap006@gmail.com,GET,/orders/me,7.357,200,ok,0,steady
1791234492.143726,kiemthugialap067@gmail.com,GET,/orders/me,6.754,200,ok,0,steady
1791234492.162693,kiemthugialap038@gmail.com,GET,/orders/me,7.716,200,ok,0,steady
1791234492.163952,kiemthugialap056@gmail.com,GET,/orders/me,10.159,200,ok,0,steady
1791234492.1653724,kiemthugialap075@gmail.com,GET,/concerts,2.466,200,ok,0,steady
1791234492.2102628,kiemthugialap098@gmail.com,GET,/concerts?on_sale=true,23.197,200,ok,0,steady
1791234492.2107954,kiemthugialap058@gmail.com,GET,/concerts?on_sale=true,24.558,200,ok,0,steady
1791234492.2111318,kiemthugialap042@gmail.com,GET,/concerts?on_sale=true,6.551,200,ok,0,steady
1791234492.246312,kiemthugialap036@gmail.com,GET,/concerts,6.998,200,ok,0,steady
1791234492.2478836,kiemthugialap008@gmail.com,GET,/orders/me,9.014,200,ok,0,steady
1791234492.248274,kiemthugialap057@gmail.com,GET,/orders/me,10.486,200,ok,0,steady
1791234492.2508047,kiemthugialap004@gmail.com,GET,/concerts,2.395,200,ok,0,steady
1791234492.253336,kiemthugialap023@gmail.com,GET,/concerts?on_sale=true,2.385,200,ok,0,steady
1791234492.282808,kiemthugialap049@gmail.com,GET,/orders/me,10.931,200,ok,0,steady
1791234492.2846477,kiemthugialap026@gmail.com,GET,/orders/me,14.146,200,ok,0,steady
1791234492.2850418,kiemthugialap050@gmail.com,GET,/orders/me,13.603,200,ok,0,steady
1791234492.2864544,kiemthugialap095@gmail.com,GET,/concerts?on_sale=true,3.343,200,ok,0,steady
1791234492.324959,kiemthugialap030@gmail.com,GET,/concerts?on_sale=true,15.358,200,ok,0,steady
1791234492.3263183,kiemthugialap015@gmail.com,GET,/orders/me,22.332,200,ok,0,steady
1791234492.3281968,kiemthugialap046@gmail.com,GET,/orders/me,22.882,200,ok,0,steady
1791234492.328745,kiemthugialap082@gmail.com,GET,/orders/me,22.903,200,ok,0,steady
1791234492.3293083,kiemthugialap081@gmail.com,GET,/orders/me,20.254,200,ok,0,steady
1791234492.3303454,kiemthugialap071@gmail.com,GET,/orders/me,24.075,200,ok,0,steady
1791234492.3309107,kiemthugialap092@gmail.com,GET,/orders/me,24.245,200,ok,0,steady
1791234492.3342533,kiemthugialap064@gmail.com,GET,/orders/me,13.088,200,ok,0,steady
1791234492.3354728,kiemthugialap059@gmail.com,GET,/orders/me,9.856,200,ok,0,steady
1791234492.35301,kiemthugialap097@gmail.com,GET,/concerts?on_sale=true,6.009,200,ok,0,steady
1791234492.3540967,kiemthugialap014@gmail.com,GET,/orders/me,10.064,200,ok,0,steady
1791234492.3554623,kiemthugialap065@gmail.com,GET,/orders/me,9.539,200,ok,0,steady
1791234492.3588989,kiemthugialap066@gmail.com,GET,/orders/me,5.675,200,ok,0,steady
1791234492.3927429,kiemthugialap083@gmail.com,GET,/concerts,4.56,200,ok,0,steady
1791234492.3931618,kiemthugialap072@gmail.com,GET,/concerts,6.008,200,ok,0,steady
1791234492.3971658,kiemthugialap090@gmail.com,GET,/orders/me,3.867,200,ok,0,steady
1791234492.4432333,kiemthugialap044@gmail.com,GET,/orders/me,5.281,200,ok,0,steady
1791234492.4772604,kiemthugialap011@gmail.com,GET,/orders/me,5.071,200,ok,0,steady
1791234492.5103421,kiemthugialap100@gmail.com,GET,/orders/me,6.623,200,ok,0,steady
1791234492.543855,kiemthugialap022@gmail.com,GET,/orders/me,4.27,200,ok,0,steady
1791234492.5479288,kiemthugialap040@gmail.com,GET,/orders/me,3.867,200,ok,0,steady
1791234492.5635843,kiemthugialap020@gmail.com,GET,/concerts?on_sale=true,4.606,200,ok,0,steady
1791234492.5677068,kiemthugialap055@gmail.com,GET,/orders/me,3.908,200,ok,0,steady
1791234492.5707896,kiemthugialap079@gmail.com,GET,/orders/me,2.935,200,ok,0,steady
1791234492.5930166,kiemthugialap086@gmail.com,GET,/concerts?on_sale=true,5.247,200,ok,0,steady
1791234492.5939715,kiemthugialap084@gmail.com,GET,/orders/me,5.211,200,ok,0,steady
1791234492.6094043,kiemthugialap033@gmail.com,GET,/orders/me,4.694,200,ok,0,steady
1791234492.6440654,kiemthugialap010@gmail.com,GET,/orders/me,5.677,200,ok,0,steady
1791234492.6772656,kiemthugialap043@gmail.com,GET,/concerts/{id},3.582,200,ok,0,steady
1791234492.6935506,kiemthugialap002@gmail.com,GET,/concerts?on_sale=true,3.844,200,ok,0,steady
1791234492.7434518,kiemthugialap077@gmail.com,GET,/concerts,5.444,200,ok,0,steady
1791234492.7444377,kiemthugialap016@gmail.com,GET,/orders/me,5.107,200,ok,0,steady
1791234492.746758,kiemthugialap029@gmail.com,GET,/orders/me,3.161,200,ok,0,steady
1791234492.7776008,kiemthugialap052@gmail.com,GET,/concerts,22.528,200,ok,0,steady
1791234492.7784452,kiemthugialap008@gmail.com,GET,/concerts/{id},22.662,200,ok,0,steady
1791234492.781356,kiemthugialap013@gmail.com,GET,/orders/me,10.284,200,ok,0,steady
1791234492.7827888,kiemthugialap096@gmail.com,GET,/orders/me,7.38,200,ok,0,steady
1791234492.8134322,kiemthugialap085@gmail.com,GET,/concerts?on_sale=true,8.101,200,ok,0,steady
1791234492.8139894,kiemthugialap045@gmail.com,GET,/orders/me,7.696,200,ok,0,steady
1791234492.8143933,kiemthugialap019@gmail.com,GET,/orders/me,7.295,200,ok,0,steady
1791234492.8320484,kiemthugialap034@gmail.com,GET,/orders/me,8.392,200,ok,0,steady
1791234492.8330631,kiemthugialap078@gmail.com,GET,/orders/me,12.05,200,ok,0,steady
1791234492.8333893,kiemthugialap062@gmail.com,GET,/orders/me,10.934,200,ok,0,steady
1791234492.833671,kiemthugialap089@gmail.com,GET,/orders/me,11.624,200,ok,0,steady
1791234492.8347838,kiemthugialap054@gmail.com,GET,/concerts/{id},2.547,200,ok,0,steady
1791234492.8425872,kiemthugialap080@gmail.com,GET,/orders/me,6.019,200,ok,0,steady
1791234492.8629873,kiemthugialap007@gmail.com,GET,/concerts/{id},7.36,200,ok,0,steady
1791234492.8638666,kiemthugialap004@gmail.com,GET,/concerts/{id},9.334,200,ok,0,steady
1791234492.8644042,kiemthugialap071@gmail.com,GET,/orders/me,8.49,200,ok,0,steady
1791234492.8749347,kiemthugialap069@gmail.com,GET,/orders/me,4.203,200,ok,0,steady
1791234492.8845115,kiemthugialap051@gmail.com,GET,/orders/me,6.376,200,ok,0,steady
1791234492.8860784,kiemthugialap076@gmail.com,GET,/orders/me,8.928,200,ok,0,steady
1791234492.8891587,kiemthugialap024@gmail.com,GET,/concerts,4.453,200,ok,0,steady
1791234492.8898554,kiemthugialap070@gmail.com,GET,/orders/me,4.772,200,ok,0,steady
1791234492.9105043,kiemthugialap098@gmail.com,GET,/orders/me,5.206,200,ok,0,steady
1791234492.9273758,kiemthugialap059@gmail.com,GET,/orders/me,5.278,200,ok,0,steady
1791234492.9589787,kiemthugialap075@gmail.com,GET,/orders/me,31.049,200,ok,0,steady
1791234492.9600434,kiemthugialap041@gmail.com,GET,/orders/me,32.505,200,ok,0,steady
1791234492.9603899,kiemthugialap065@gmail.com,GET,/orders/me,32.221,200,ok,0,steady
1791234492.9620032,kiemthugialap048@gmail.com,GET,/concerts,22.71,200,ok,0,steady
1791234492.962325,kiemthugialap090@gmail.com,GET,/concerts,23.523,200,ok,0,steady
1791234492.9649813,kiemthugialap066@gmail.com,GET,/concerts?on_sale=true,3.989,200,ok,0,steady
1791234492.9656708,kiemthugialap046@gmail.com,GET,/orders/me,5.149,200,ok,0,steady
1791234492.9926012,kiemthugialap053@gmail.com,GET,/concerts?on_sale=true,3.449,200,ok,0,steady
1791234493.0254364,kiemthugialap021@gmail.com,GET,/concerts/{id},5.118,200,ok,0,steady
1791234493.0623436,kiemthugialap099@gmail.com,GET,/orders/me,7.037,200,ok,0,steady
1791234493.0632558,kiemthugialap100@gmail.com,GET,/orders/me,7.085,200,ok,0,steady
1791234493.065567,kiemthugialap081@gmail.com,GET,/orders/me,3.071,200,ok,0,steady
1791234493.0774448,kiemthugialap088@gmail.com,GET,/orders/me,6.138,200,ok,0,steady
1791234493.0802102,kiemthugialap012@gmail.com,GET,/concerts?on_sale=true,2.574,200,ok,0,steady
1791234493.1285832,kiemthugialap014@gmail.com,GET,/orders/me,6.051,200,ok,0,steady
1791234493.159595,kiemthugialap028@gmail.com,GET,/orders/me,5.732,200,ok,0,steady
1791234493.1795788,kiemthugialap072@gmail.com,GET,/orders/me,8.701,200,ok,0,steady
1791234493.1800432,kiemthugialap073@gmail.com,GET,/orders/me,8.289,200,ok,0,steady
1791234493.225326,kiemthugialap011@gmail.com,GET,/concerts?on_sale=true,3.776,200,ok,0,steady
1791234493.2770765,kiemthugialap061@gmail.com,GET,/concerts?on_sale=true,22.672,200,ok,0,steady
1791234493.2804136,kiemthugialap018@gmail.com,GET,/orders/me,26.525,200,ok,0,steady
1791234493.2807913,kiemthugialap006@gmail.com,GET,/orders/me,27.569,200,ok,0,steady
1791234493.2811868,kiemthugialap030@gmail.com,GET,/orders/me,26.222,200,ok,0,steady
1791234493.282715,kiemthugialap025@gmail.com,GET,/orders/me,11.289,200,ok,0,steady
1791234493.2839344,kiemthugialap050@gmail.com,GET,/orders/me,6.649,200,ok,0,steady
1791234493.3108919,kiemthugialap091@gmail.com,GET,/orders/me,4.438,200,ok,0,steady
1791234493.3271198,kiemthugialap068@gmail.com,GET,/orders/me,4.988,200,ok,0,steady
1791234493.3424754,kiemthugialap044@gmail.com,GET,/concerts/{id},4.459,200,ok,0,steady
1791234493.3622496,kiemthugialap089@gmail.com,GET,/orders/me,8.12,200,ok,0,steady
1791234493.367066,kiemthugialap045@gmail.com,GET,/orders/me,4.509,200,ok,0,steady
1791234493.3973777,kiemthugialap026@gmail.com,GET,/orders/me,9.903,200,ok,0,steady
1791234493.397911,kiemthugialap019@gmail.com,GET,/concerts,8.257,200,ok,0,steady
1791234493.398322,kiemthugialap035@gmail.com,GET,/concerts,8.363,200,ok,0,steady
1791234493.3991206,kiemthugialap007@gmail.com,GET,/orders/me,10.424,200,ok,0,steady
1791234493.410744,kiemthugialap002@gmail.com,GET,/concerts,5.75,200,ok,0,steady
1791234493.4126308,kiemthugialap039@gmail.com,GET,/orders/me,7.073,200,ok,0,steady
1791234493.4175396,kiemthugialap047@gmail.com,GET,/orders/me,6.588,200,ok,0,steady
1791234493.4179902,kiemthugialap010@gmail.com,GET,/orders/me,6.598,200,ok,0,steady
1791234493.444243,kiemthugialap063@gmail.com,GET,/concerts/{id},7.051,200,ok,0,steady
1791234493.4447215,kiemthugialap009@gmail.com,GET,/concerts/{id},6.207,200,ok,0,steady
1791234493.4788032,kiemthugialap059@gmail.com,GET,/orders/me,8.213,200,ok,0,steady
1791234493.4798155,kiemthugialap067@gmail.com,GET,/orders/me,8.362,200,ok,0,steady
1791234493.4819734,kiemthugialap038@gmail.com,GET,/orders/me,3.006,200,ok,0,steady
1791234493.4914596,kiemthugialap005@gmail.com,GET,/concerts,4.435,200,ok,0,steady
1791234493.4962404,kiemthugialap008@gmail.com,GET,/orders/me,4.559,200,ok,0,steady
1791234493.5309834,kiemthugialap055@gmail.com,GET,/orders/me,9.077,200,ok,0,steady
1791234493.531435,kiemthugialap075@gmail.com,GET,/orders/me,8.587,200,ok,0,steady
1791234493.5428624,kiemthugialap062@gmail.com,GET,/orders/me,5.829,200,ok,0,steady
1791234493.5462966,kiemthugialap032@gmail.com,GET,/orders/me,3.253,200,ok,0,steady
1791234493.5777125,kiemthugialap031@gmail.com,GET,/orders/me,5.729,200,ok,0,steady
1791234493.5960689,kiemthugialap090@gmail.com,GET,/orders/me,7.649,200,ok,0,steady
1791234493.5995858,kiemthugialap043@gmail.com,GET,/orders/me,3.359,200,ok,0,steady
1791234493.6617932,kiemthugialap097@gmail.com,GET,/concerts/{id},5.97,200,ok,0,steady
1791234493.6621354,kiemthugialap074@gmail.com,GET,/concerts/{id},6.084,200,ok,0,steady
1791234493.6629238,kiemthugialap001@gmail.com,GET,/concerts/{id},7.484,200,ok,0,steady
1791234493.66357,kiemthugialap037@gmail.com,GET,/orders/me,8.999,200,ok,0,steady
1791234493.675031,kiemthugialap056@gmail.com,GET,/concerts?on_sale=true,3.947,200,ok,0,steady
1791234493.6775393,kiemthugialap093@gmail.com,GET,/concerts/{id},2.37,200,ok,0,steady
1791234493.6943622,kiemthugialap049@gmail.com,GET,/orders/me,6.419,200,ok,0,steady
1791234493.694748,kiemthugialap078@gmail.com,GET,/orders/me,5.659,200,ok,0,steady
1791234493.712485,kiemthugialap087@gmail.com,GET,/concerts,6.705,200,ok,0,steady
1791234493.7131314,kiemthugialap073@gmail.com,GET,/orders/me,6.514,200,ok,0,steady
1791234493.7436824,kiemthugialap027@gmail.com,GET,/concerts?on_sale=true,4.283,200,ok,0,steady
1791234493.7613301,kiemthugialap100@gmail.com,GET,/orders/me,5.129,200,ok,0,steady
1791234493.776204,kiemthugialap046@gmail.com,GET,/concerts?on_sale=true,5.149,200,ok,0,steady
1791234493.8153691,kiemthugialap060@gmail.com,GET,/orders/me,9.599,200,ok,0,steady
1791234493.8157756,kiemthugialap064@gmail.com,GET,/orders/me,9.786,200,ok,0,steady
1791234493.8160634,kiemthugialap036@gmail.com,GET,/orders/me,11.229,200,ok,0,steady
1791234493.8165236,kiemthugialap022@gmail.com,GET,/orders/me,10.176,200,ok,0,steady
1791234493.8309727,kiemthugialap004@gmail.com,GET,/orders/me,6.38,200,ok,0,steady
1791234493.83821,kiemthugialap085@gmail.com,GET,/orders/me,6.801,200,ok,0,steady
1791234493.8473153,kiemthugialap066@gmail.com,GET,/orders/me,8.364,200,ok,0,steady
1791234493.852171,kiemthugialap084@gmail.com,GET,/orders/me,4.591,200,ok,0,steady
1791234493.9118369,kiemthugialap013@gmail.com,GET,/concerts?on_sale=true,6.27,200,ok,0,steady
1791234493.912877,kiemthugialap098@gmail.com,GET,/orders/me,6.454,200,ok,0,steady
1791234493.9167616,kiemthugialap002@gmail.com,GET,/orders/me,3.758,200,ok,0,steady
1791234493.9172928,kiemthugialap094@gmail.com,GET,/concerts/{id},3.651,200,ok,0,steady
1791234493.9259799,kiemthugialap042@gmail.com,GET,/orders/me,4.662,200,ok,0,steady
1791234493.9463947,kiemthugialap003@gmail.com,GET,/concerts,4.228,200,ok,0,steady
1791234493.9474242,kiemthugialap014@gmail.com,GET,/orders/me,5.932,200,ok,0,steady
1791234493.9490328,kiemthugialap083@gmail.com,GET,/concerts,2.508,200,ok,0,steady
1791234493.9784472,kiemthugialap006@gmail.com,GET,/concerts?on_sale=true,6.031,200,ok,0,steady
1791234493.979551,kiemthugialap010@gmail.com,GET,/concerts/{id},7.517,200,ok,0,steady
1791234493.9799109,kiemthugialap058@gmail.com,GET,/orders/me,8.756,200,ok,0,steady
1791234493.9819648,kiemthugialap020@gmail.com,GET,/orders/me,3.337,200,ok,0,steady
1791234493.992385,kiemthugialap072@gmail.com,GET,/orders/me,4.745,200,ok,0,steady
1791234494.0287962,kiemthugialap021@gmail.com,GET,/orders/me,6.532,200,ok,0,steady
1791234494.0293078,kiemthugialap030@gmail.com,GET,/orders/me,8.154,200,ok,0,steady
1791234494.063573,kiemthugialap070@gmail.com,GET,/orders/me,7.513,200,ok,0,steady
1791234494.0640755,kiemthugialap041@gmail.com,GET,/orders/me,9.075,200,ok,0,steady
1791234494.0771904,kiemthugialap082@gmail.com,GET,/orders/me,5.629,200,ok,0,steady
1791234494.0831075,kiemthugialap017@gmail.com,GET,/orders/me,4.784,200,ok,0,steady
1791234494.0840938,kiemthugialap028@gmail.com,GET,/orders/me,6.693,200,ok,0,steady
1791234494.0861256,kiemthugialap025@gmail.com,GET,/orders/me,2.862,200,ok,0,steady
1791234494.113738,kiemthugialap024@gmail.com,GET,/concerts?on_sale=true,7.099,200,ok,0,steady
1791234494.114908,kiemthugialap095@gmail.com,GET,/concerts/{id},8.903,200,ok,0,steady
1791234494.1163652,kiemthugialap069@gmail.com,GET,/orders/me,12.725,200,ok,0,steady
1791234494.117078,kiemthugialap007@gmail.com,GET,/orders/me,12.323,200,ok,0,steady
1791234494.1190417,kiemthugialap086@gmail.com,GET,/orders/me,5.103,200,ok,0,steady
1791234494.208471,kiemthugialap040@gmail.com,GET,/orders/me,5.472,200,ok,0,steady
1791234494.2245474,kiemthugialap063@gmail.com,GET,/concerts?on_sale=true,4.451,200,ok,0,steady
1791234494.2307796,kiemthugialap057@gmail.com,GET,/concerts/{id},5.281,200,ok,0,steady
1791234494.2317865,kiemthugialap026@gmail.com,GET,/orders/me,7.061,200,ok,0,steady
1791234494.2344692,kiemthugialap023@gmail.com,GET,/orders/me,3.557,200,ok,0,steady
1791234494.2598946,kiemthugialap092@gmail.com,GET,/orders/me,6.268,200,ok,0,steady
1791234494.2786157,kiemthugialap079@gmail.com,GET,/concerts,6.333,200,ok,0,steady
1791234494.2793705,kiemthugialap074@gmail.com,GET,/concerts,6.257,200,ok,0,steady
1791234494.2812874,kiemthugialap054@gmail.com,GET,/orders/me,8.445,200,ok,0,steady
1791234494.2835891,kiemthugialap031@gmail.com,GET,/orders/me,4.074,200,ok,0,steady
1791234494.2944138,kiemthugialap099@gmail.com,GET,/concerts/{id},6.304,200,ok,0,steady
1791234494.2960613,kiemthugialap077@gmail.com,GET,/orders/me,6.812,200,ok,0,steady
1791234494.2994244,kiemthugialap089@gmail.com,GET,/orders/me,4.443,200,ok,0,steady
1791234494.2997527,kiemthugialap065@gmail.com,GET,/orders/me,5.173,200,ok,0,steady
1791234494.3093905,kiemthugialap015@gmail.com,GET,/orders/me,4.786,200,ok,0,steady
1791234494.312469,kiemthugialap053@gmail.com,GET,/orders/me,2.919,200,ok,0,steady
1791234494.3446083,kiemthugialap012@gmail.com,GET,/orders/me,7.342,200,ok,0,steady
1791234494.345775,kiemthugialap096@gmail.com,GET,/orders/me,7.226,200,ok,0,steady
1791234494.347798,kiemthugialap029@gmail.com,GET,/orders/me,2.99,200,ok,0,steady
1791234494.3767989,kiemthugialap033@gmail.com,GET,/orders/me,4.622,200,ok,0,steady
1791234494.3933697,kiemthugialap035@gmail.com,GET,/orders/me,5.131,200,ok,0,steady
1791234494.432363,kiemthugialap045@gmail.com,GET,/orders/me,9.347,200,ok,0,steady
1791234494.4337769,kiemthugialap036@gmail.com,GET,/orders/me,11.462,200,ok,0,steady
1791234494.4342148,kiemthugialap055@gmail.com,GET,/orders/me,10.574,200,ok,0,steady
1791234494.4360764,kiemthugialap044@gmail.com,GET,/orders/me,3.46,200,ok,0,steady
1791234494.4598374,kiemthugialap080@gmail.com,GET,/orders/me,6.396,200,ok,0,steady
1791234494.4663951,kiemthugialap059@gmail.com,GET,/orders/me,6.29,200,ok,0,steady
1791234494.4792886,kiemthugialap093@gmail.com,GET,/orders/me,7.068,200,ok,0,steady
1791234494.4942634,kiemthugialap043@gmail.com,GET,/concerts/{id},6.401,200,ok,0,steady
1791234494.4998574,kiemthugialap042@gmail.com,GET,/orders/me,5.3,200,ok,0,steady
1791234494.5427341,kiemthugialap075@gmail.com,GET,/concerts/{id},6.157,200,ok,0,steady
1791234494.551543,kiemthugialap027@gmail.com,GET,/orders/me,8.451,200,ok,0,steady
1791234494.5520825,kiemthugialap013@gmail.com,GET,/orders/me,7.523,200,ok,0,steady
1791234494.5567493,kiemthugialap019@gmail.com,GET,/orders/me,4.505,200,ok,0,steady
1791234494.5790207,kiemthugialap050@gmail.com,GET,/orders/me,7.212,200,ok,0,steady
1791234494.6099503,kiemthugialap049@gmail.com,GET,/orders/me,5.676,200,ok,0,steady
1791234494.6264951,kiemthugialap002@gmail.com,GET,/orders/me,6.468,200,ok,0,steady
1791234494.6423073,kiemthugialap016@gmail.com,GET,/orders/me,5.387,200,ok,0,steady
1791234494.683585,kiemthugialap022@gmail.com,GET,/orders/me,11.583,200,ok,0,steady
1791234494.6851907,kiemthugialap052@gmail.com,GET,/orders/me,14.691,200,ok,0,steady
1791234494.685541,kiemthugialap088@gmail.com,GET,/orders/me,13.93,200,ok,0,steady
1791234494.688185,kiemthugialap018@gmail.com,GET,/orders/me,4.348,200,ok,0,steady
1791234494.7443893,kiemthugialap091@gmail.com,GET,/orders/me,6.75,200,ok,0,steady
1791234494.745447,kiemthugialap046@gmail.com,GET,/orders/me,6.808,200,ok,0,steady
1791234494.7473557,kiemthugialap034@gmail.com,GET,/orders/me,2.788,200,ok,0,steady
1791234494.7965286,kiemthugialap006@gmail.com,GET,/concerts?on_sale=true,6.921,200,ok,0,steady
1791234494.7980635,kiemthugialap076@gmail.com,GET,/orders/me,8.807,200,ok,0,steady
1791234494.7984185,kiemthugialap051@gmail.com,GET,/orders/me,10.086,200,ok,0,steady
1791234494.8099267,kiemthugialap069@gmail.com,GET,/orders/me,4.544,200,ok,0,steady
1791234494.8154848,kiemthugialap020@gmail.com,GET,/orders/me,5.393,200,ok,0,steady
1791234494.8158188,kiemthugialap014@gmail.com,GET,/orders/me,5.329,200,ok,0,steady
1791234494.846026,kiemthugialap092@gmail.com,GET,/concerts,5.603,200,ok,0,steady
1791234494.8473122,kiemthugialap061@gmail.com,GET,/concerts,7.241,200,ok,0,steady
1791234494.8477404,kiemthugialap048@gmail.com,GET,/concerts/{id},9.022,200,ok,0,steady
1791234494.8527625,kiemthugialap008@gmail.com,GET,/concerts/{id},4.461,200,ok,0,steady
1791234494.8530922,kiemthugialap090@gmail.com,GET,/orders/me,6.879,200,ok,0,steady
1791234494.8534446,kiemthugialap071@gmail.com,GET,/concerts?on_sale=true,5.536,200,ok,0,steady
1791234494.8782196,kiemthugialap005@gmail.com,GET,/orders/me,7.895,200,ok,0,steady
1791234494.8839512,kiemthugialap011@gmail.com,GET,/orders/me,5.533,200,ok,0,steady
1791234494.9073553,kiemthugialap067@gmail.com,GET,/concerts,3.848,200,ok,0,steady
1791234494.926713,kiemthugialap017@gmail.com,GET,/concerts?on_sale=true,5.621,200,ok,0,steady
1791234494.9278808,kiemthugialap097@gmail.com,GET,/orders/me,7.539,200,ok,0,steady
1791234494.930078,kiemthugialap028@gmail.com,GET,/orders/me,3.19,200,ok,0,steady
1791234494.9588468,kiemthugialap047@gmail.com,GET,/concerts/{id},5.574,200,ok,0,steady
1791234494.9598444,kiemthugialap084@gmail.com,GET,/orders/me,5.982,200,ok,0,steady
1791234494.9773538,kiemthugialap085@gmail.com,GET,/concerts/{id},6.829,200,ok,0,steady
1791234494.9777915,kiemthugialap057@gmail.com,GET,/concerts?on_sale=true,8.106,200,ok,0,steady
1791234494.9791067,kiemthugialap053@gmail.com,GET,/orders/me,8.922,200,ok,0,steady
1791234494.99175,kiemthugialap045@gmail.com,GET,/orders/me,4.983,200,ok,0,steady
1791234495.025756,kiemthugialap081@gmail.com,GET,/orders/me,4.865,200,ok,0,steady
1791234495.0766323,kiemthugialap026@gmail.com,GET,/concerts?on_sale=true,5.305,200,ok,0,steady
1791234495.0962353,kiemthugialap072@gmail.com,GET,/concerts?on_sale=true,7.053,200,ok,0,steady
1791234495.097356,kiemthugialap068@gmail.com,GET,/orders/me,6.893,200,ok,0,steady
1791234495.1453202,kiemthugialap035@gmail.com,GET,/concerts/{id},6.009,200,ok,0,steady
1791234495.1476336,kiemthugialap083@gmail.com,GET,/orders/me,9.302,200,ok,0,steady
1791234495.1490269,kiemthugialap036@gmail.com,GET,/concerts?on_sale=true,3.284,200,ok,0,steady
1791234495.210822,kiemthugialap063@gmail.com,GET,/orders/me,5.471,200,ok,0,steady
1791234495.2425644,kiemthugialap082@gmail.com,GET,/concerts,18.246,200,ok,0,steady
1791234495.2432876,kiemthugialap073@gmail.com,GET,/orders/me,20.138,200,ok,0,steady
1791234495.2789266,kiemthugialap010@gmail.com,GET,/orders/me,5.863,200,ok,0,steady
1791234495.2793436,kiemthugialap030@gmail.com,GET,/orders/me,7.268,200,ok,0,steady
1791234495.2962234,kiemthugialap099@gmail.com,GET,/concerts?on_sale=true,7.581,200,ok,0,steady
1791234495.2975583,kiemthugialap034@gmail.com,GET,/orders/me,8.064,200,ok,0,steady
1791234495.297917,kiemthugialap009@gmail.com,GET,/orders/me,7.637,200,ok,0,steady
1791234495.344039,kiemthugialap001@gmail.com,GET,/concerts,4.372,200,ok,0,steady
1791234495.3450024,kiemthugialap032@gmail.com,GET,/orders/me,6.459,200,ok,0,steady
1791234495.3605475,kiemthugialap078@gmail.com,GET,/orders/me,5.521,200,ok,0,steady
1791234495.39978,kiemthugialap007@gmail.com,GET,/concerts,10.071,200,ok,0,steady
1791234495.4055045,kiemthugialap056@gmail.com,GET,/orders/me,17.001,200,ok,0,steady
1791234495.4059148,kiemthugialap065@gmail.com,GET,/orders/me,14.104,200,ok,0,steady
1791234495.4062347,kiemthugialap016@gmail.com,GET,/orders/me,16.932,200,ok,0,steady
1791234495.4065473,kiemthugialap027@gmail.com,GET,/orders/me,14.267,200,ok,0,steady
1791234495.4069293,kiemthugialap060@gmail.com,GET,/orders/me,16.724,200,ok,0,steady
1791234495.4072917,kiemthugialap039@gmail.com,GET,/orders/me,17.37,200,ok,0,steady
1791234495.4099443,kiemthugialap038@gmail.com,GET,/concerts/{id},5.346,200,ok,0,steady
1791234495.411194,kiemthugialap096@gmail.com,GET,/orders/me,7.011,200,ok,0,steady
1791234495.416274,kiemthugialap062@gmail.com,GET,/orders/me,4.93,200,ok,0,steady
1791234495.4429715,kiemthugialap002@gmail.com,GET,/concerts,5.412,200,ok,0,steady
1791234495.4764223,kiemthugialap094@gmail.com,GET,/concerts/{id},6.174,200,ok,0,steady
1791234495.5118122,kiemthugialap037@gmail.com,GET,/orders/me,7.321,200,ok,0,steady
1791234495.5122032,kiemthugialap087@gmail.com,GET,/orders/me,6.649,200,ok,0,steady
1791234495.5305772,kiemthugialap045@gmail.com,GET,/orders/me,6.07,200,ok,0,steady
1791234495.560496,kiemthugialap014@gmail.com,GET,/concerts,5.69,200,ok,0,steady
1791234495.5625508,kiemthugialap040@gmail.com,GET,/orders/me,9.081,200,ok,0,steady
1791234495.5628998,kiemthugialap048@gmail.com,GET,/orders/me,8.772,200,ok,0,steady
1791234495.5666404,kiemthugialap004@gmail.com,GET,/concerts,5.601,200,ok,0,steady
1791234495.5685394,kiemthugialap044@gmail.com,GET,/orders/me,7.909,200,ok,0,steady
1791234495.5695014,kiemthugialap100@gmail.com,GET,/orders/me,8.2,200,ok,0,steady
1791234495.5701234,kiemthugialap074@gmail.com,GET,/orders/me,7.102,200,ok,0,steady
1791234495.5771804,kiemthugialap064@gmail.com,GET,/orders/me,5.129,200,ok,0,steady
1791234495.5814734,kiemthugialap041@gmail.com,GET,/orders/me,3.95,200,ok,0,steady
1791234495.5980496,kiemthugialap059@gmail.com,GET,/orders/me,10.921,200,ok,0,steady
1791234495.6002634,kiemthugialap093@gmail.com,GET,/orders/me,11.539,200,ok,0,steady
1791234495.600662,kiemthugialap031@gmail.com,GET,/orders/me,12.393,200,ok,0,steady
1791234495.6009824,kiemthugialap011@gmail.com,GET,/orders/me,11.506,200,ok,0,steady
1791234495.6039367,kiemthugialap054@gmail.com,GET,/orders/me,5.669,200,ok,0,steady
1791234495.605656,kiemthugialap070@gmail.com,GET,/orders/me,6.885,200,ok,0,steady
1791234495.6098802,kiemthugialap066@gmail.com,GET,/orders/me,5.39,200,ok,0,steady
1791234495.6102705,kiemthugialap042@gmail.com,GET,/orders/me,6.194,200,ok,0,steady
1791234495.646458,kiemthugialap023@gmail.com,GET,/concerts?on_sale=true,6.611,200,ok,0,steady
1791234495.6476169,kiemthugialap069@gmail.com,GET,/orders/me,8.693,200,ok,0,steady
1791234495.6949499,kiemthugialap081@gmail.com,GET,/concerts?on_sale=true,6.594,200,ok,0,steady
1791234495.699273,kiemthugialap076@gmail.com,GET,/orders/me,12.25,200,ok,0,steady
1791234495.6998014,kiemthugialap049@gmail.com,GET,/orders/me,10.326,200,ok,0,steady
1791234495.7157161,kiemthugialap024@gmail.com,GET,/concerts,5.919,200,ok,0,steady
1791234495.7279577,kiemthugialap005@gmail.com,GET,/concerts?on_sale=true,7.208,200,ok,0,steady
1791234495.7455385,kiemthugialap088@gmail.com,GET,/orders/me,7.676,200,ok,0,steady
1791234495.7511847,kiemthugialap058@gmail.com,GET,/orders/me,5.31,200,ok,0,steady
1791234495.7748864,kiemthugialap043@gmail.com,GET,/concerts,4.455,200,ok,0,steady
1791234495.795786,kiemthugialap021@gmail.com,GET,/concerts/{id},6.617,200,ok,0,steady
1791234495.799131,kiemthugialap063@gmail.com,GET,/concerts?on_sale=true,11.259,200,ok,0,steady
1791234495.8069038,kiemthugialap025@gmail.com,GET,/concerts?on_sale=true,10.893,200,ok,0,steady
1791234495.8080707,kiemthugialap033@gmail.com,GET,/orders/me,10.738,200,ok,0,steady
1791234495.8100147,kiemthugialap067@gmail.com,GET,/orders/me,13.08,200,ok,0,steady
1791234495.8105052,kiemthugialap052@gmail.com,GET,/orders/me,13.991,200,ok,0,steady
1791234495.8149295,kiemthugialap098@gmail.com,GET,/orders/me,9.852,200,ok,0,steady
1791234495.8153825,kiemthugialap018@gmail.com,GET,/orders/me,9.761,200,ok,0,steady
1791234495.8251052,kiemthugialap095@gmail.com,GET,/orders/me,4.502,200,ok,0,steady
1791234495.8474557,kiemthugialap026@gmail.com,GET,/orders/me,7.465,200,ok,0,steady
1791234495.8479736,kiemthugialap003@gmail.com,GET,/orders/me,9.202,200,ok,0,steady
1791234495.8484097,kiemthugialap086@gmail.com,GET,/orders/me,10.244,200,ok,0,steady
1791234495.876661,kiemthugialap079@gmail.com,GET,/concerts?on_sale=true,4.591,200,ok,0,steady
1791234495.8981044,kiemthugialap075@gmail.com,GET,/orders/me,10.839,200,ok,0,steady
1791234495.8985534,kiemthugialap017@gmail.com,GET,/orders/me,10.326,200,ok,0,steady
1791234495.8988612,kiemthugialap019@gmail.com,GET,/orders/me,10.071,200,ok,0,steady
1791234495.899297,kiemthugialap082@gmail.com,GET,/orders/me,10.081,200,ok,0,steady
1791234495.9305649,kiemthugialap073@gmail.com,GET,/concerts?on_sale=true,6.728,200,ok,0,steady
1791234495.931403,kiemthugialap046@gmail.com,GET,/orders/me,8.959,200,ok,0,steady
1791234495.9317865,kiemthugialap084@gmail.com,GET,/orders/me,9.066,200,ok,0,steady
1791234495.9322536,kiemthugialap022@gmail.com,GET,/orders/me,10.765,200,ok,0,steady
1791234495.947485,kiemthugialap035@gmail.com,GET,/orders/me,5.602,200,ok,0,steady
1791234496.0131652,kiemthugialap030@gmail.com,GET,/orders/me,7.671,200,ok,0,steady
1791234496.0136464,kiemthugialap032@gmail.com,GET,/orders/me,7.171,200,ok,0,steady
1791234496.0421185,kiemthugialap029@gmail.com,GET,/concerts/{id},3.838,200,ok,0,steady
1791234496.0624084,kiemthugialap092@gmail.com,GET,/orders/me,6.123,200,ok,0,steady
1791234496.062815,kiemthugialap038@gmail.com,GET,/orders/me,6.048,200,ok,0,steady
1791234496.077163,kiemthugialap085@gmail.com,GET,/concerts,4.781,200,ok,0,steady
1791234496.0775936,kiemthugialap089@gmail.com,GET,/orders/me,6.065,200,ok,0,steady
1791234496.1164777,kiemthugialap013@gmail.com,GET,/concerts,10.147,200,ok,0,steady
1791234496.1183975,kiemthugialap061@gmail.com,GET,/orders/me,9.923,200,ok,0,steady
1791234496.1193655,kiemthugialap006@gmail.com,GET,/orders/me,14.651,200,ok,0,steady
1791234496.119786,kiemthugialap055@gmail.com,GET,/orders/me,13.967,200,ok,0,steady
1791234496.1260781,kiemthugialap031@gmail.com,GET,/orders/me,6.102,200,ok,0,steady
1791234496.1489208,kiemthugialap077@gmail.com,GET,/concerts,5.807,200,ok,0,steady
1791234496.17672,kiemthugialap020@gmail.com,GET,/orders/me,6.298,200,ok,0,steady
1791234496.2091434,kiemthugialap015@gmail.com,GET,/concerts/{id},5.329,200,ok,0,steady
1791234496.2100763,kiemthugialap078@gmail.com,GET,/orders/me,4.625,200,ok,0,steady
1791234496.2124739,kiemthugialap053@gmail.com,GET,/orders/me,3.184,200,ok,0,steady
1791234496.2158077,kiemthugialap040@gmail.com,GET,/orders/me,3.197,200,ok,0,steady
1791234496.2415833,kiemthugialap068@gmail.com,GET,/concerts?on_sale=true,4.262,200,ok,0,steady
1791234496.2630458,kiemthugialap050@gmail.com,GET,/concerts/{id},5.287,200,ok,0,steady
1791234496.2641306,kiemthugialap100@gmail.com,GET,/orders/me,5.475,200,ok,0,steady
1791234496.2763515,kiemthugialap012@gmail.com,GET,/orders/me,4.109,200,ok,0,steady
1791234496.2925985,kiemthugialap099@gmail.com,GET,/concerts,4.151,200,ok,0,steady
1791234496.2936141,kiemthugialap080@gmail.com,GET,/orders/me,6.008,200,ok,0,steady
1791234496.3088531,kiemthugialap081@gmail.com,GET,/orders/me,4.492,200,ok,0,steady
1791234496.3122172,kiemthugialap007@gmail.com,GET,/concerts,3.165,200,ok,0,steady
1791234496.3166974,kiemthugialap004@gmail.com,GET,/orders/me,4.226,200,ok,0,steady
1791234496.3442981,kiemthugialap016@gmail.com,GET,/orders/me,6.403,200,ok,0,steady
1791234496.3474035,kiemthugialap070@gmail.com,GET,/concerts?on_sale=true,2.868,200,ok,0,steady
1791234496.37796,kiemthugialap041@gmail.com,GET,/orders/me,4.755,200,ok,0,steady
1791234496.3938928,kiemthugialap001@gmail.com,GET,/orders/me,4.884,200,ok,0,steady
1791234496.4276707,kiemthugialap097@gmail.com,GET,/concerts/{id},6.595,200,ok,0,steady
1791234496.4287322,kiemthugialap059@gmail.com,GET,/orders/me,5.708,200,ok,0,steady
1791234496.4611404,kiemthugialap091@gmail.com,GET,/orders/me,5.843,200,ok,0,steady
1791234496.4970512,kiemthugialap090@gmail.com,GET,/orders/me,7.078,200,ok,0,steady
1791234496.4981163,kiemthugialap062@gmail.com,GET,/orders/me,9.586,200,ok,0,steady
1791234496.4984372,kiemthugialap011@gmail.com,GET,/orders/me,8.773,200,ok,0,steady
1791234496.4993463,kiemthugialap065@gmail.com,GET,/concerts/{id},2.109,200,ok,0,steady
1791234496.5091786,kiemthugialap056@gmail.com,GET,/orders/me,4.779,200,ok,0,steady
1791234496.5309103,kiemthugialap009@gmail.com,GET,/concerts?on_sale=true,9.499,200,ok,0,steady
1791234496.5320253,kiemthugialap071@gmail.com,GET,/orders/me,9.179,200,ok,0,steady
1791234496.5324152,kiemthugialap072@gmail.com,GET,/orders/me,9.897,200,ok,0,steady
1791234496.53313,kiemthugialap048@gmail.com,GET,/orders/me,10.038,200,ok,0,steady
1791234496.535158,kiemthugialap063@gmail.com,GET,/orders/me,3.988,200,ok,0,steady
1791234496.5800867,kiemthugialap054@gmail.com,GET,/orders/me,6.1,200,ok,0,steady
1791234496.5811691,kiemthugialap051@gmail.com,GET,/orders/me,7.938,200,ok,0,steady
1791234496.582802,kiemthugialap092@gmail.com,GET,/concerts/{id},2.515,200,ok,0,steady
1791234496.5846598,kiemthugialap044@gmail.com,GET,/orders/me,3.376,200,ok,0,steady
1791234496.592858,kiemthugialap083@gmail.com,GET,/concerts?on_sale=true,3.986,200,ok,0,steady
1791234496.6096163,kiemthugialap060@gmail.com,GET,/orders/me,5.101,200,ok,0,steady
1791234496.626725,kiemthugialap028@gmail.com,GET,/orders/me,5.611,200,ok,0,steady
1791234496.6432343,kiemthugialap002@gmail.com,GET,/concerts/{id},5.396,200,ok,0,steady
1791234496.6442432,kiemthugialap027@gmail.com,GET,/orders/me,5.072,200,ok,0,steady
1791234496.6618488,kiemthugialap035@gmail.com,GET,/orders/me,6.824,200,ok,0,steady
1791234496.662266,kiemthugialap045@gmail.com,GET,/orders/me,6.262,200,ok,0,steady
1791234496.7088962,kiemthugialap042@gmail.com,GET,/concerts?on_sale=true,4.335,200,ok,0,steady
1791234496.727722,kiemthugialap049@gmail.com,GET,/concerts,5.316,200,ok,0,steady
1791234496.7286398,kiemthugialap008@gmail.com,GET,/orders/me,5.203,200,ok,0,steady
1791234496.7609482,kiemthugialap052@gmail.com,GET,/orders/me,5.722,200,ok,0,steady
1791234496.7649362,kiemthugialap077@gmail.com,GET,/orders/me,3.738,200,ok,0,steady
1791234496.7803097,kiemthugialap031@gmail.com,GET,/concerts/{id},4.783,200,ok,0,steady
1791234496.781364,kiemthugialap047@gmail.com,GET,/orders/me,5.232,200,ok,0,steady
1791234496.8099322,kiemthugialap099@gmail.com,GET,/concerts/{id},5.566,200,ok,0,steady
1791234496.8109155,kiemthugialap086@gmail.com,GET,/orders/me,5.369,200,ok,0,steady
1791234496.8489401,kiemthugialap094@gmail.com,GET,/orders/me,11.633,200,ok,0,steady
1791234496.8506598,kiemthugialap034@gmail.com,GET,/orders/me,12.4,200,ok,0,steady
1791234496.8509963,kiemthugialap038@gmail.com,GET,/orders/me,11.075,200,ok,0,steady
1791234496.8523438,kiemthugialap057@gmail.com,GET,/concerts/{id},3.114,200,ok,0,steady
1791234496.8606129,kiemthugialap010@gmail.com,GET,/orders/me,5.764,200,ok,0,steady
1791234496.8841577,kiemthugialap026@gmail.com,GET,/orders/me,7.75,200,ok,0,steady
1791234496.896756,kiemthugialap030@gmail.com,GET,/orders/me,7.906,200,ok,0,steady
1791234496.9275022,kiemthugialap084@gmail.com,GET,/orders/me,6.469,200,ok,0,steady
1791234497.0037193,kiemthugialap088@gmail.com,GET,/concerts,13.845,200,ok,0,steady
1791234497.0043194,kiemthugialap005@gmail.com,GET,/concerts,16.624,200,ok,0,steady
1791234497.0047657,kiemthugialap040@gmail.com,GET,/orders/me,16.076,200,ok,0,steady
1791234497.007561,kiemthugialap036@gmail.com,GET,/orders/me,18.352,200,ok,0,steady
1791234497.0082371,kiemthugialap074@gmail.com,GET,/orders/me,18.718,200,ok,0,steady
1791234497.008871,kiemthugialap033@gmail.com,GET,/orders/me,14.158,200,ok,0,steady
1791234497.028169,kiemthugialap079@gmail.com,GET,/orders/me,7.643,200,ok,0,steady
1791234497.029691,kiemthugialap059@gmail.com,GET,/orders/me,8.541,200,ok,0,steady
1791234497.0337973,kiemthugialap070@gmail.com,GET,/orders/me,5.351,200,ok,0,steady
1791234497.0349264,kiemthugialap089@gmail.com,GET,/orders/me,5.108,200,ok,0,steady
1791234497.041776,kiemthugialap023@gmail.com,GET,/orders/me,5.334,200,ok,0,steady
1791234497.0497642,kiemthugialap091@gmail.com,GET,/orders/me,6.209,200,ok,0,steady
1791234497.0503712,kiemthugialap012@gmail.com,GET,/orders/me,8.117,200,ok,0,steady
1791234497.0775378,kiemthugialap097@gmail.com,GET,/concerts,6.439,200,ok,0,steady
1791234497.0791373,kiemthugialap022@gmail.com,GET,/orders/me,7.469,200,ok,0,steady
1791234497.0794797,kiemthugialap029@gmail.com,GET,/orders/me,7.477,200,ok,0,steady
1791234497.0950823,kiemthugialap093@gmail.com,GET,/orders/me,7.832,200,ok,0,steady
1791234497.0965762,kiemthugialap055@gmail.com,GET,/orders/me,8.849,200,ok,0,steady
1791234497.0992699,kiemthugialap050@gmail.com,GET,/orders/me,3.935,200,ok,0,steady
1791234497.1293564,kiemthugialap032@gmail.com,GET,/concerts/{id},7.626,200,ok,0,steady
1791234497.1325161,kiemthugialap096@gmail.com,GET,/orders/me,8.469,200,ok,0,steady
1791234497.1337442,kiemthugialap048@gmail.com,GET,/orders/me,10.651,200,ok,0,steady
1791234497.135496,kiemthugialap037@gmail.com,GET,/orders/me,5.84,200,ok,0,steady
1791234497.1386092,kiemthugialap083@gmail.com,GET,/orders/me,5.928,200,ok,0,steady
1791234497.2130895,kiemthugialap063@gmail.com,GET,/concerts,5.954,200,ok,0,steady
1791234497.214689,kiemthugialap082@gmail.com,GET,/orders/me,8.68,200,ok,0,steady
1791234497.215061,kiemthugialap004@gmail.com,GET,/orders/me,10.103,200,ok,0,steady
1791234497.2429233,kiemthugialap072@gmail.com,GET,/orders/me,5.04,200,ok,0,steady
1791234497.2625666,kiemthugialap066@gmail.com,GET,/orders/me,6.368,200,ok,0,steady
1791234497.26714,kiemthugialap025@gmail.com,GET,/orders/me,4.314,200,ok,0,steady
1791234497.2934053,kiemthugialap039@gmail.com,GET,/orders/me,5.007,200,ok,0,steady
1791234497.295608,kiemthugialap054@gmail.com,GET,/concerts/{id},2.061,200,ok,0,steady
1791234497.3121402,kiemthugialap078@gmail.com,GET,/concerts/{id},6.833,200,ok,0,steady
1791234497.3134909,kiemthugialap017@gmail.com,GET,/orders/me,7.246,200,ok,0,steady
1791234497.3174171,kiemthugialap056@gmail.com,GET,/orders/me,5.103,200,ok,0,steady
1791234497.3183131,kiemthugialap098@gmail.com,GET,/orders/me,4.646,200,ok,0,steady
1791234497.3446336,kiemthugialap081@gmail.com,GET,/orders/me,6.28,200,ok,0,steady
1791234497.348123,kiemthugialap076@gmail.com,GET,/orders/me,3.243,200,ok,0,steady
1791234497.378262,kiemthugialap007@gmail.com,GET,/concerts,5.908,200,ok,0,steady
1791234497.3797452,kiemthugialap065@gmail.com,GET,/orders/me,8.474,200,ok,0,steady
1791234497.380105,kiemthugialap064@gmail.com,GET,/orders/me,7.45,200,ok,0,steady
1791234497.413669,kiemthugialap013@gmail.com,GET,/orders/me,4.226,200,ok,0,steady
1791234497.4269655,kiemthugialap043@gmail.com,GET,/orders/me,4.407,200,ok,0,steady
1791234497.4604115,kiemthugialap014@gmail.com,GET,/orders/me,5.908,200,ok,0,steady
1791234497.4639196,kiemthugialap024@gmail.com,GET,/orders/me,3.298,200,ok,0,steady
1791234497.4918854,kiemthugialap069@gmail.com,GET,/concerts?on_sale=true,4.679,200,ok,0,steady
1791234497.5110803,kiemthugialap087@gmail.com,GET,/concerts/{id},5.699,200,ok,0,steady
1791234497.5126503,kiemthugialap006@gmail.com,GET,/orders/me,8.036,200,ok,0,steady
1791234497.5141175,kiemthugialap058@gmail.com,GET,/orders/me,8.507,200,ok,0,steady
1791234497.517302,kiemthugialap075@gmail.com,GET,/orders/me,4.521,200,ok,0,steady
1791234497.5176501,kiemthugialap049@gmail.com,GET,/orders/me,4.492,200,ok,0,steady
1791234497.5475497,kiemthugialap047@gmail.com,GET,/orders/me,8.528,200,ok,0,steady
1791234497.5524774,kiemthugialap061@gmail.com,GET,/orders/me,4.604,200,ok,0,steady
1791234497.57647,kiemthugialap041@gmail.com,GET,/orders/me,4.723,200,ok,0,steady
1791234497.5974033,kiemthugialap046@gmail.com,GET,/orders/me,6.634,200,ok,0,steady
1791234497.5984328,kiemthugialap092@gmail.com,GET,/orders/me,8.692,200,ok,0,steady
1791234497.5987566,kiemthugialap095@gmail.com,GET,/orders/me,9.694,200,ok,0,steady
1791234497.600394,kiemthugialap067@gmail.com,GET,/orders/me,2.808,200,ok,0,steady
1791234497.6435282,kiemthugialap080@gmail.com,GET,/orders/me,4.599,200,ok,0,steady
1791234497.659647,kiemthugialap021@gmail.com,GET,/orders/me,5.052,200,ok,0,steady
1791234497.6765642,kiemthugialap010@gmail.com,GET,/orders/me,4.947,200,ok,0,steady
1791234497.7141142,kiemthugialap018@gmail.com,GET,/orders/me,7.396,200,ok,0,steady
1791234497.7145944,kiemthugialap003@gmail.com,GET,/orders/me,8.977,200,ok,0,steady
1791234497.7271137,kiemthugialap038@gmail.com,GET,/orders/me,5.094,200,ok,0,steady
1791234497.7309244,kiemthugialap029@gmail.com,GET,/concerts?on_sale=true,3.27,200,ok,0,steady
1791234497.7800734,kiemthugialap052@gmail.com,GET,/orders/me,6.674,200,ok,0,steady
1791234497.780666,kiemthugialap002@gmail.com,GET,/orders/me,8.329,200,ok,0,steady
1791234497.7950642,kiemthugialap071@gmail.com,GET,/orders/me,6.133,200,ok,0,steady
1791234497.7954745,kiemthugialap090@gmail.com,GET,/orders/me,5.881,200,ok,0,steady
1791234497.8600988,kiemthugialap009@gmail.com,GET,/orders/me,36.998,200,ok,0,steady
1791234497.8606591,kiemthugialap085@gmail.com,GET,/orders/me,38.588,200,ok,0,steady
1791234497.8612175,kiemthugialap019@gmail.com,GET,/orders/me,37.624,200,ok,0,steady
1791234497.8623478,kiemthugialap055@gmail.com,GET,/orders/me,23.026,200,ok,0,steady
1791234497.8960972,kiemthugialap015@gmail.com,GET,/concerts?on_sale=true,25.663,200,ok,0,steady
1791234497.896538,kiemthugialap045@gmail.com,GET,/orders/me,40.807,200,ok,0,steady
1791234497.8967474,kiemthugialap033@gmail.com,GET,/orders/me,40.06,200,ok,0,steady
1791234497.8994725,kiemthugialap022@gmail.com,GET,/orders/me,28.467,200,ok,0,steady
1791234497.9033875,kiemthugialap042@gmail.com,GET,/orders/me,13.851,200,ok,0,steady
1791234497.9047227,kiemthugialap051@gmail.com,GET,/orders/me,15.998,200,ok,0,steady
1791234497.9051008,kiemthugialap073@gmail.com,GET,/orders/me,17.526,200,ok,0,steady
1791234497.9058442,kiemthugialap050@gmail.com,GET,/orders/me,15.897,200,ok,0,steady
1791234497.9086485,kiemthugialap044@gmail.com,GET,/concerts/{id},5.116,200,ok,0,steady
1791234497.9309912,kiemthugialap053@gmail.com,GET,/orders/me,9.021,200,ok,0,steady
1791234497.931963,kiemthugialap020@gmail.com,GET,/orders/me,11.358,200,ok,0,steady
1791234497.9326534,kiemthugialap016@gmail.com,GET,/orders/me,11.111,200,ok,0,steady
1791234497.944657,kiemthugialap098@gmail.com,GET,/orders/me,5.951,200,ok,0,steady
1791234497.9450722,kiemthugialap070@gmail.com,GET,/orders/me,7.564,200,ok,0,steady
1791234497.9791155,kiemthugialap030@gmail.com,GET,/orders/me,7.395,200,ok,0,steady
1791234497.9824655,kiemthugialap086@gmail.com,GET,/concerts?on_sale=true,3.124,200,ok,0,steady
1791234497.9920108,kiemthugialap074@gmail.com,GET,/orders/me,4.83,200,ok,0,steady
1791234498.027911,kiemthugialap100@gmail.com,GET,/orders/me,6.909,200,ok,0,steady
1791234498.0617616,kiemthugialap028@gmail.com,GET,/orders/me,7.051,200,ok,0,steady
1791234498.095316,kiemthugialap057@gmail.com,GET,/orders/me,7.569,200,ok,0,steady
1791234498.095783,kiemthugialap065@gmail.com,GET,/orders/me,7.275,200,ok,0,steady
1791234498.1566644,kiemthugialap094@gmail.com,GET,/concerts?on_sale=true,34.064,200,ok,0,steady
1791234498.161295,kiemthugialap047@gmail.com,GET,/orders/me,40.718,200,ok,0,steady
1791234498.1619098,kiemthugialap011@gmail.com,GET,/orders/me,38.27,200,ok,0,steady
1791234498.1622362,kiemthugialap072@gmail.com,GET,/orders/me,39.008,200,ok,0,steady
1791234498.164604,kiemthugialap091@gmail.com,GET,/orders/me,27.243,200,ok,0,steady
1791234498.1649575,kiemthugialap032@gmail.com,GET,/orders/me,26.21,200,ok,0,steady
1791234498.1669528,kiemthugialap061@gmail.com,GET,/orders/me,4.609,200,ok,0,steady
1791234498.1824543,kiemthugialap027@gmail.com,GET,/orders/me,9.152,200,ok,0,steady
1791234498.1830492,kiemthugialap087@gmail.com,GET,/orders/me,10.536,200,ok,0,steady
1791234498.1875806,kiemthugialap043@gmail.com,GET,/orders/me,4.376,200,ok,0,steady
1791234498.2107856,kiemthugialap092@gmail.com,GET,/concerts/{id},6.285,200,ok,0,steady
1791234498.2160335,kiemthugialap082@gmail.com,GET,/orders/me,4.957,200,ok,0,steady
1791234498.2189007,kiemthugialap068@gmail.com,GET,/concerts/{id},2.684,200,ok,0,steady
1791234498.2250817,kiemthugialap089@gmail.com,GET,/concerts/{id},4.305,200,ok,0,steady
1791234498.2288294,kiemthugialap077@gmail.com,GET,/concerts/{id},3.421,200,ok,0,steady
1791234498.2430515,kiemthugialap008@gmail.com,GET,/orders/me,5.492,200,ok,0,steady
1791234498.2650926,kiemthugialap026@gmail.com,GET,/orders/me,6.949,200,ok,0,steady
1791234498.2655127,kiemthugialap018@gmail.com,GET,/orders/me,6.35,200,ok,0,steady
1791234498.2946453,kiemthugialap099@gmail.com,GET,/orders/me,7.246,200,ok,0,steady
1791234498.296023,kiemthugialap079@gmail.com,GET,/orders/me,7.637,200,ok,0,steady
1791234498.2982926,kiemthugialap035@gmail.com,GET,/orders/me,3.422,200,ok,0,steady
1791234498.3273196,kiemthugialap031@gmail.com,GET,/concerts/{id},5.087,200,ok,0,steady
1791234498.3288991,kiemthugialap023@gmail.com,GET,/orders/me,7.184,200,ok,0,steady
1791234498.3293173,kiemthugialap054@gmail.com,GET,/orders/me,8.436,200,ok,0,steady
1791234498.3619075,kiemthugialap040@gmail.com,GET,/concerts?on_sale=true,6.706,200,ok,0,steady
1791234498.3632762,kiemthugialap001@gmail.com,GET,/concerts,9.243,200,ok,0,steady
1791234498.3641024,kiemthugialap059@gmail.com,GET,/orders/me,8.523,200,ok,0,steady
1791234498.3665314,kiemthugialap062@gmail.com,GET,/orders/me,4.391,200,ok,0,steady
1791234498.3750467,kiemthugialap019@gmail.com,GET,/orders/me,4.623,200,ok,0,steady
1791234498.3938003,kiemthugialap069@gmail.com,GET,/orders/me,5.465,200,ok,0,steady
1791234498.4091713,kiemthugialap004@gmail.com,GET,/orders/me,5.144,200,ok,0,steady
1791234498.4284372,kiemthugialap056@gmail.com,GET,/orders/me,5.5,200,ok,0,steady
1791234498.4288883,kiemthugialap075@gmail.com,GET,/orders/me,6.514,200,ok,0,steady
1791234498.4476697,kiemthugialap095@gmail.com,GET,/orders/me,9.615,200,ok,0,steady
1791234498.4483464,kiemthugialap014@gmail.com,GET,/orders/me,9.66,200,ok,0,steady
1791234498.449234,kiemthugialap066@gmail.com,GET,/orders/me,8.543,200,ok,0,steady
1791234498.4778154,kiemthugialap081@gmail.com,GET,/concerts?on_sale=true,5.715,200,ok,0,steady
1791234498.478562,kiemthugialap073@gmail.com,GET,/orders/me,5.609,200,ok,0,steady
1791234498.4963965,kiemthugialap012@gmail.com,GET,/concerts/{id},4.714,200,ok,0,steady
1791234498.4968092,kiemthugialap003@gmail.com,GET,/orders/me,6.721,200,ok,0,steady
1791234498.4999816,kiemthugialap078@gmail.com,GET,/orders/me,3.024,200,ok,0,steady
1791234498.5093694,kiemthugialap017@gmail.com,GET,/concerts/{id},3.336,200,ok,0,steady
1791234498.5456522,kiemthugialap060@gmail.com,GET,/orders/me,6.316,200,ok,0,steady
1791234498.546058,kiemthugialap098@gmail.com,GET,/orders/me,6.057,200,ok,0,steady
1791234498.5772986,kiemthugialap093@gmail.com,GET,/orders/me,5.413,200,ok,0,steady
1791234498.593628,kiemthugialap083@gmail.com,GET,/orders/me,4.302,200,ok,0,steady
1791234498.6107213,kiemthugialap021@gmail.com,GET,/orders/me,6.082,200,ok,0,steady
1791234498.6136417,kiemthugialap057@gmail.com,GET,/concerts,2.7,200,ok,0,steady
1791234498.6274288,kiemthugialap042@gmail.com,GET,/orders/me,6.898,200,ok,0,steady
1791234498.6631644,kiemthugialap096@gmail.com,GET,/orders/me,8.76,200,ok,0,steady
1791234498.664365,kiemthugialap007@gmail.com,GET,/orders/me,9.038,200,ok,0,steady
1791234498.6666458,kiemthugialap076@gmail.com,GET,/orders/me,3.273,200,ok,0,steady
1791234498.669373,kiemthugialap020@gmail.com,GET,/orders/me,2.605,200,ok,0,steady
1791234498.6820493,kiemthugialap009@gmail.com,GET,/concerts/{id},4.547,200,ok,0,steady
1791234498.687443,kiemthugialap037@gmail.com,GET,/orders/me,5.109,200,ok,0,steady
1791234498.7258403,kiemthugialap036@gmail.com,GET,/concerts?on_sale=true,4.955,200,ok,0,steady
1791234498.7270179,kiemthugialap005@gmail.com,GET,/orders/me,6.781,200,ok,0,steady
1791234498.7295601,kiemthugialap088@gmail.com,GET,/orders/me,3.549,200,ok,0,steady
1791234498.7326746,kiemthugialap024@gmail.com,GET,/orders/me,2.984,200,ok,0,steady
1791234498.76024,kiemthugialap089@gmail.com,GET,/orders/me,5.655,200,ok,0,steady
1791234498.7613568,kiemthugialap034@gmail.com,GET,/orders/me,7.478,200,ok,0,steady
1791234498.7642062,kiemthugialap084@gmail.com,GET,/orders/me,3.786,200,ok,0,steady
1791234498.7652311,kiemthugialap067@gmail.com,GET,/orders/me,3.747,200,ok,0,steady
1791234498.7919924,kiemthugialap022@gmail.com,GET,/concerts?on_sale=true,4.399,200,ok,0,steady
1791234498.8315015,kiemthugialap033@gmail.com,GET,/orders/me,7.974,200,ok,0,steady
1791234498.8319447,kiemthugialap097@gmail.com,GET,/orders/me,7.794,200,ok,0,steady
1791234498.8322625,kiemthugialap071@gmail.com,GET,/orders/me,10.658,200,ok,0,steady
1791234498.8597798,kiemthugialap029@gmail.com,GET,/concerts,3.864,200,ok,0,steady
1791234498.8961804,kiemthugialap090@gmail.com,GET,/concerts,7.69,200,ok,0,steady
1791234498.8966908,kiemthugialap064@gmail.com,GET,/orders/me,6.25,200,ok,0,steady
1791234498.8970506,kiemthugialap079@gmail.com,GET,/orders/me,7.603,200,ok,0,steady
1791234498.9106631,kiemthugialap041@gmail.com,GET,/concerts/{id},4.797,200,ok,0,steady
1791234498.9610615,kiemthugialap019@gmail.com,GET,/concerts,5.395,200,ok,0,steady
1791234498.9614668,kiemthugialap063@gmail.com,GET,/concerts/{id},4.844,200,ok,0,steady
1791234499.0097482,kiemthugialap082@gmail.com,GET,/concerts,3.915,200,ok,0,steady
1791234499.042507,kiemthugialap001@gmail.com,GET,/concerts,3.98,200,ok,0,steady
1791234499.059455,kiemthugialap017@gmail.com,GET,/concerts?on_sale=true,4.069,200,ok,0,steady
1791234499.0953512,kiemthugialap048@gmail.com,GET,/orders/me,6.892,200,ok,0,steady
1791234499.0967007,kiemthugialap054@gmail.com,GET,/orders/me,7.29,200,ok,0,steady
1791234499.0999246,kiemthugialap061@gmail.com,GET,/orders/me,4.423,200,ok,0,steady
1791234499.1008153,kiemthugialap080@gmail.com,GET,/orders/me,5.009,200,ok,0,steady
1791234499.102033,kiemthugialap098@gmail.com,GET,/concerts,1.989,200,ok,0,steady
1791234499.1075215,kiemthugialap025@gmail.com,GET,/concerts,2.882,200,ok,0,steady
1791234499.1642177,kiemthugialap039@gmail.com,GET,/concerts?on_sale=true,9.235,200,ok,0,steady
1791234499.178698,kiemthugialap032@gmail.com,GET,/orders/me,6.851,200,ok,0,steady
1791234499.2253253,kiemthugialap047@gmail.com,GET,/concerts?on_sale=true,20.922,200,ok,0,steady
1791234499.2287674,kiemthugialap013@gmail.com,GET,/concerts/{id},23.312,200,ok,0,steady
1791234499.231484,kiemthugialap018@gmail.com,GET,/concerts/{id},25.631,200,ok,0,steady
1791234499.234741,kiemthugialap100@gmail.com,GET,/orders/me,29.638,200,ok,0,steady
1791234499.2381768,kiemthugialap002@gmail.com,GET,/orders/me,12.619,200,ok,0,steady
1791234499.2385354,kiemthugialap085@gmail.com,GET,/orders/me,17.602,200,ok,0,steady
1791234499.2421796,kiemthugialap031@gmail.com,GET,/orders/me,7.261,200,ok,0,steady
1791234499.2608197,kiemthugialap049@gmail.com,GET,/orders/me,6.063,200,ok,0,steady
1791234499.2813528,kiemthugialap010@gmail.com,GET,/concerts?on_sale=true,9.259,200,ok,0,steady
1791234499.2829742,kiemthugialap011@gmail.com,GET,/orders/me,11.629,200,ok,0,steady
1791234499.2834053,kiemthugialap026@gmail.com,GET,/orders/me,10.998,200,ok,0,steady
1791234499.2938862,kiemthugialap050@gmail.com,GET,/orders/me,6.863,200,ok,0,steady
1791234499.299131,kiemthugialap044@gmail.com,GET,/orders/me,5.027,200,ok,0,steady
1791234499.312294,kiemthugialap006@gmail.com,GET,/orders/me,7.176,200,ok,0,steady
1791234499.3127582,kiemthugialap038@gmail.com,GET,/orders/me,6.788,200,ok,0,steady
1791234499.3248074,kiemthugialap065@gmail.com,GET,/concerts?on_sale=true,4.094,200,ok,0,steady
1791234499.3458116,kiemthugialap012@gmail.com,GET,/orders/me,6.602,200,ok,0,steady
1791234499.3591492,kiemthugialap058@gmail.com,GET,/orders/me,4.318,200,ok,0,steady
1791234499.363254,kiemthugialap069@gmail.com,GET,/orders/me,3.885,200,ok,0,steady
1791234499.3954504,kiemthugialap046@gmail.com,GET,/orders/me,7.792,200,ok,0,steady
1791234499.4274516,kiemthugialap033@gmail.com,GET,/concerts,5.917,200,ok,0,steady
1791234499.4285905,kiemthugialap074@gmail.com,GET,/orders/me,5.74,200,ok,0,steady
1791234499.431509,kiemthugialap003@gmail.com,GET,/orders/me,3.916,200,ok,0,steady
1791234499.4964714,kiemthugialap008@gmail.com,GET,/concerts,7.08,200,ok,0,steady
1791234499.4976513,kiemthugialap004@gmail.com,GET,/concerts?on_sale=true,8.07,200,ok,0,steady
1791234499.4987721,kiemthugialap056@gmail.com,GET,/orders/me,10.459,200,ok,0,steady
1791234499.499718,kiemthugialap055@gmail.com,GET,/orders/me,10.619,200,ok,0,steady
1791234499.502674,kiemthugialap052@gmail.com,GET,/orders/me,6.021,200,ok,0,steady
1791234499.5040498,kiemthugialap077@gmail.com,GET,/orders/me,6.279,200,ok,0,steady
1791234499.5093617,kiemthugialap043@gmail.com,GET,/orders/me,6.531,200,ok,0,steady
1791234499.5100782,kiemthugialap086@gmail.com,GET,/orders/me,6.941,200,ok,0,steady
1791234499.5128772,kiemthugialap041@gmail.com,GET,/concerts,2.662,200,ok,0,steady
1791234499.5434299,kiemthugialap028@gmail.com,GET,/concerts?on_sale=true,5.364,200,ok,0,steady
1791234499.5438204,kiemthugialap073@gmail.com,GET,/concerts?on_sale=true,4.543,200,ok,0,steady
1791234499.5979526,kiemthugialap064@gmail.com,GET,/orders/me,7.005,200,ok,0,steady
1791234499.5984573,kiemthugialap040@gmail.com,GET,/orders/me,10.071,200,ok,0,steady
1791234499.5987694,kiemthugialap035@gmail.com,GET,/orders/me,9.147,200,ok,0,steady
1791234499.6311352,kiemthugialap053@gmail.com,GET,/orders/me,8.693,200,ok,0,steady
1791234499.6321468,kiemthugialap087@gmail.com,GET,/orders/me,11.148,200,ok,0,steady
1791234499.632466,kiemthugialap045@gmail.com,GET,/orders/me,10.569,200,ok,0,steady
1791234499.6342547,kiemthugialap083@gmail.com,GET,/orders/me,2.941,200,ok,0,steady
1791234499.6375694,kiemthugialap092@gmail.com,GET,/orders/me,3.193,200,ok,0,steady
1791234499.6635525,kiemthugialap072@gmail.com,GET,/orders/me,7.477,200,ok,0,steady
1791234499.6956215,kiemthugialap068@gmail.com,GET,/concerts?on_sale=true,7.519,200,ok,0,steady
1791234499.6960816,kiemthugialap030@gmail.com,GET,/orders/me,7.028,200,ok,0,steady
1791234499.6965034,kiemthugialap099@gmail.com,GET,/orders/me,7.74,200,ok,0,steady
1791234499.7320201,kiemthugialap051@gmail.com,GET,/concerts/{id},10.165,200,ok,0,steady
1791234499.7326262,kiemthugialap009@gmail.com,GET,/concerts,8.543,200,ok,0,steady
1791234499.7340074,kiemthugialap075@gmail.com,GET,/orders/me,10.254,200,ok,0,steady
1791234499.7343895,kiemthugialap016@gmail.com,GET,/orders/me,11.477,200,ok,0,steady
1791234499.7348304,kiemthugialap094@gmail.com,GET,/orders/me,11.446,200,ok,0,steady
1791234499.746842,kiemthugialap018@gmail.com,GET,/orders/me,8.282,200,ok,0,steady
1791234499.750605,kiemthugialap082@gmail.com,GET,/orders/me,3.545,200,ok,0,steady
1791234499.7675476,kiemthugialap059@gmail.com,GET,/orders/me,6.994,200,ok,0,steady
1791234499.7785242,kiemthugialap021@gmail.com,GET,/orders/me,6.067,200,ok,0,steady
1791234499.8113873,kiemthugialap070@gmail.com,GET,/orders/me,5.703,200,ok,0,steady
1791234499.813024,kiemthugialap023@gmail.com,GET,/orders/me,8.545,200,ok,0,steady
1791234499.8165038,kiemthugialap015@gmail.com,GET,/orders/me,4.971,200,ok,0,steady
1791234499.8168745,kiemthugialap080@gmail.com,GET,/orders/me,4.899,200,ok,0,steady
1791234499.8249533,kiemthugialap044@gmail.com,GET,/concerts/{id},4.075,200,ok,0,steady
1791234499.8439941,kiemthugialap084@gmail.com,GET,/orders/me,4.112,200,ok,0,steady
1791234499.865419,kiemthugialap100@gmail.com,GET,/concerts?on_sale=true,7.386,200,ok,0,steady
1791234499.8663328,kiemthugialap060@gmail.com,GET,/concerts,9.143,200,ok,0,steady
1791234499.8684893,kiemthugialap057@gmail.com,GET,/orders/me,10.842,200,ok,0,steady
1791234499.8688288,kiemthugialap027@gmail.com,GET,/orders/me,13.006,200,ok,0,steady
1791234499.8807015,kiemthugialap089@gmail.com,GET,/orders/me,7.599,200,ok,0,steady
1791234499.8811436,kiemthugialap096@gmail.com,GET,/orders/me,8.912,200,ok,0,steady
1791234499.8931127,kiemthugialap098@gmail.com,GET,/orders/me,5.351,200,ok,0,steady
1791234499.9112363,kiemthugialap067@gmail.com,GET,/orders/me,6.373,200,ok,0,steady
1791234499.9440343,kiemthugialap033@gmail.com,GET,/orders/me,5.24,200,ok,0,steady
1791234499.9477143,kiemthugialap097@gmail.com,GET,/orders/me,3.441,200,ok,0,steady
1791234499.950073,kiemthugialap066@gmail.com,GET,/concerts/{id},2.224,200,ok,0,steady
1791234499.9771492,kiemthugialap088@gmail.com,GET,/concerts?on_sale=true,3.816,200,ok,0,steady
1791234499.994598,kiemthugialap061@gmail.com,GET,/orders/me,5.572,200,ok,0,steady
1791234500.0461483,kiemthugialap063@gmail.com,GET,/orders/me,7.027,200,ok,0,steady
1791234500.078447,kiemthugialap047@gmail.com,GET,/orders/me,31.758,200,ok,0,steady
1791234500.0794706,kiemthugialap034@gmail.com,GET,/orders/me,33.136,200,ok,0,steady
1791234500.0938177,kiemthugialap091@gmail.com,GET,/orders/me,5.396,200,ok,0,steady
1791234500.1138163,kiemthugialap093@gmail.com,GET,/concerts/{id},7.429,200,ok,0,steady
1791234500.1152852,kiemthugialap078@gmail.com,GET,/orders/me,10.125,200,ok,0,steady
1791234500.1164308,kiemthugialap026@gmail.com,GET,/orders/me,8.56,200,ok,0,steady
1791234500.1198945,kiemthugialap076@gmail.com,GET,/orders/me,5.784,200,ok,0,steady
1791234500.1203213,kiemthugialap042@gmail.com,GET,/orders/me,4.882,200,ok,0,steady
1791234500.1434908,kiemthugialap058@gmail.com,GET,/orders/me,5.388,200,ok,0,steady
1791234500.1601486,kiemthugialap032@gmail.com,GET,/orders/me,5.102,200,ok,0,steady
1791234500.163104,kiemthugialap037@gmail.com,GET,/orders/me,2.81,200,ok,0,steady
1791234500.1657205,kiemthugialap090@gmail.com,GET,/orders/me,2.485,200,ok,0,steady
1791234500.194333,kiemthugialap064@gmail.com,GET,/concerts/{id},4.823,200,ok,0,steady
1791234500.1953468,kiemthugialap092@gmail.com,GET,/orders/me,6.783,200,ok,0,steady
1791234500.228203,kiemthugialap062@gmail.com,GET,/orders/me,6.667,200,ok,0,steady
1791234500.2318492,kiemthugialap008@gmail.com,GET,/orders/me,3.417,200,ok,0,steady
1791234500.2603946,kiemthugialap086@gmail.com,GET,/concerts/{id},5.817,200,ok,0,steady
1791234500.261519,kiemthugialap025@gmail.com,GET,/orders/me,5.546,200,ok,0,steady
1791234500.2631874,kiemthugialap050@gmail.com,GET,/concerts,2.639,200,ok,0,steady
1791234500.2770061,kiemthugialap004@gmail.com,GET,/orders/me,4.851,200,ok,0,steady
1791234500.3482585,kiemthugialap014@gmail.com,GET,/concerts?on_sale=true,10.125,200,ok,0,steady
1791234500.349864,kiemthugialap095@gmail.com,GET,/orders/me,10.764,200,ok,0,steady
1791234500.3515203,kiemthugialap022@gmail.com,GET,/concerts/{id},2.989,200,ok,0,steady
1791234500.4005165,kiemthugialap081@gmail.com,GET,/orders/me,9.898,200,ok,0,steady
1791234500.4011047,kiemthugialap054@gmail.com,GET,/orders/me,12.073,200,ok,0,steady
1791234500.4014442,kiemthugialap094@gmail.com,GET,/orders/me,11.362,200,ok,0,steady
1791234500.408168,kiemthugialap036@gmail.com,GET,/concerts,3.978,200,ok,0,steady
1791234500.4272869,kiemthugialap089@gmail.com,GET,/concerts/{id},6.066,200,ok,0,steady
1791234500.4448543,kiemthugialap028@gmail.com,GET,/orders/me,7.841,200,ok,0,steady
1791234500.450515,kiemthugialap079@gmail.com,GET,/concerts/{id},5.39,200,ok,0,steady
1791234500.4530606,kiemthugialap065@gmail.com,GET,/orders/me,6.953,200,ok,0,steady
1791234500.465164,kiemthugialap029@gmail.com,GET,/orders/me,14.4,200,ok,0,steady
1791234500.466978,kiemthugialap043@gmail.com,GET,/orders/me,13.643,200,ok,0,steady
1791234500.4702754,kiemthugialap070@gmail.com,GET,/orders/me,4.787,200,ok,0,steady
1791234500.4749777,kiemthugialap068@gmail.com,GET,/concerts,4.49,200,ok,0,steady
1791234500.494625,kiemthugialap019@gmail.com,GET,/orders/me,6.504,200,ok,0,steady
1791234500.5267034,kiemthugialap020@gmail.com,GET,/orders/me,5.144,200,ok,0,steady
1791234500.5291233,kiemthugialap006@gmail.com,GET,/concerts/{id},2.256,200,ok,0,steady
1791234500.561732,kiemthugialap071@gmail.com,GET,/orders/me,7.428,200,ok,0,steady
1791234500.59486,kiemthugialap015@gmail.com,GET,/concerts/{id},7.23,200,ok,0,steady
1791234500.5966163,kiemthugialap003@gmail.com,GET,/concerts?on_sale=true,7.665,200,ok,0,steady
1791234500.5969622,kiemthugialap060@gmail.com,GET,/orders/me,8.339,200,ok,0,steady
1791234500.6004891,kiemthugialap038@gmail.com,GET,/orders/me,5.044,200,ok,0,steady
1791234500.6008165,kiemthugialap021@gmail.com,GET,/orders/me,5.81,200,ok,0,steady
1791234500.629131,kiemthugialap030@gmail.com,GET,/orders/me,5.997,200,ok,0,steady
1791234500.6301818,kiemthugialap007@gmail.com,GET,/orders/me,8.492,200,ok,0,steady
1791234500.6316788,kiemthugialap040@gmail.com,GET,/concerts/{id},2.372,200,ok,0,steady
1791234500.6644423,kiemthugialap097@gmail.com,GET,/orders/me,7.95,200,ok,0,steady
1791234500.6648746,kiemthugialap058@gmail.com,GET,/orders/me,9.548,200,ok,0,steady
1791234500.6651597,kiemthugialap055@gmail.com,GET,/orders/me,9.112,200,ok,0,steady
1791234500.6993508,kiemthugialap024@gmail.com,GET,/orders/me,11.417,200,ok,0,steady
1791234500.7062657,kiemthugialap002@gmail.com,GET,/orders/me,6.725,200,ok,0,steady
1791234500.7139256,kiemthugialap005@gmail.com,GET,/orders/me,5.545,200,ok,0,steady
1791234500.744702,kiemthugialap026@gmail.com,GET,/orders/me,5.821,200,ok,0,steady
1791234500.7598307,kiemthugialap052@gmail.com,GET,/orders/me,4.908,200,ok,0,steady
1791234500.7944436,kiemthugialap012@gmail.com,GET,/concerts?on_sale=true,4.705,200,ok,0,steady
1791234500.7953954,kiemthugialap031@gmail.com,GET,/orders/me,6.879,200,ok,0,steady
1791234500.8308074,kiemthugialap045@gmail.com,GET,/orders/me,4.398,200,ok,0,steady
1791234500.844005,kiemthugialap080@gmail.com,GET,/orders/me,4.548,200,ok,0,steady
1791234500.8464208,kiemthugialap010@gmail.com,GET,/concerts,2.221,200,ok,0,steady
1791234500.8778932,kiemthugialap095@gmail.com,GET,/orders/me,5.419,200,ok,0,steady
1791234500.8934114,kiemthugialap035@gmail.com,GET,/concerts/{id},4.438,200,ok,0,steady
1791234500.9407413,kiemthugialap061@gmail.com,GET,/concerts/{id},17.456,200,ok,0,steady
1791234500.943795,kiemthugialap011@gmail.com,GET,/orders/me,22.083,200,ok,0,steady
1791234500.9466362,kiemthugialap042@gmail.com,GET,/orders/me,23.786,200,ok,0,steady
1791234500.9493659,kiemthugialap001@gmail.com,GET,/orders/me,10.395,200,ok,0,steady
1791234500.9505599,kiemthugialap053@gmail.com,GET,/orders/me,6.532,200,ok,0,steady
1791234500.960253,kiemthugialap083@gmail.com,GET,/orders/me,5.323,200,ok,0,steady
1791234501.0124235,kiemthugialap051@gmail.com,GET,/orders/me,21.65,200,ok,0,steady
1791234501.0137792,kiemthugialap049@gmail.com,GET,/orders/me,24.342,200,ok,0,steady
1791234501.0141976,kiemthugialap098@gmail.com,GET,/orders/me,26.157,200,ok,0,steady
1791234501.014923,kiemthugialap029@gmail.com,GET,/orders/me,9.348,200,ok,0,steady
1791234501.0168273,kiemthugialap048@gmail.com,GET,/orders/me,4.224,200,ok,0,steady
1791234501.0256884,kiemthugialap056@gmail.com,GET,/concerts,4.269,200,ok,0,steady
1791234501.0479746,kiemthugialap016@gmail.com,GET,/orders/me,9.588,200,ok,0,steady
1791234501.049547,kiemthugialap023@gmail.com,GET,/concerts?on_sale=true,8.597,200,ok,0,steady
1791234501.0499156,kiemthugialap099@gmail.com,GET,/orders/me,10.455,200,ok,0,steady
1791234501.0502212,kiemthugialap033@gmail.com,GET,/concerts,9.885,200,ok,0,steady
1791234501.052609,kiemthugialap085@gmail.com,GET,/orders/me,4.374,200,ok,0,steady
1791234501.0537913,kiemthugialap017@gmail.com,GET,/orders/me,3.465,200,ok,0,steady
1791234501.0766115,kiemthugialap047@gmail.com,GET,/concerts?on_sale=true,5.046,200,ok,0,steady
1791234501.0770035,kiemthugialap074@gmail.com,GET,/concerts,4.563,200,ok,0,steady
1791234501.0938518,kiemthugialap041@gmail.com,GET,/orders/me,5.121,200,ok,0,steady
1791234501.143855,kiemthugialap039@gmail.com,GET,/orders/me,5.285,200,ok,0,steady
1791234501.1922576,kiemthugialap057@gmail.com,GET,/orders/me,5.027,200,ok,0,steady
1791234501.2141607,kiemthugialap043@gmail.com,GET,/concerts?on_sale=true,6.747,200,ok,0,steady
1791234501.2158349,kiemthugialap087@gmail.com,GET,/concerts?on_sale=true,10.743,200,ok,0,steady
1791234501.216192,kiemthugialap084@gmail.com,GET,/orders/me,10.405,200,ok,0,steady
1791234501.2165196,kiemthugialap020@gmail.com,GET,/orders/me,10.277,200,ok,0,steady
1791234501.2202256,kiemthugialap008@gmail.com,GET,/orders/me,5.483,200,ok,0,steady
1791234501.2205658,kiemthugialap013@gmail.com,GET,/orders/me,6.221,200,ok,0,steady
1791234501.2429879,kiemthugialap069@gmail.com,GET,/concerts?on_sale=true,4.444,200,ok,0,steady
1791234501.261299,kiemthugialap075@gmail.com,GET,/orders/me,4.802,200,ok,0,steady
1791234501.280896,kiemthugialap027@gmail.com,GET,/orders/me,6.926,200,ok,0,steady
1791234501.2824888,kiemthugialap046@gmail.com,GET,/orders/me,8.845,200,ok,0,steady
1791234501.283015,kiemthugialap019@gmail.com,GET,/orders/me,10.498,200,ok,0,steady
1791234501.285159,kiemthugialap066@gmail.com,GET,/orders/me,4.069,200,ok,0,steady
1791234501.29047,kiemthugialap073@gmail.com,GET,/orders/me,5.13,200,ok,0,steady
1791234501.3291478,kiemthugialap009@gmail.com,GET,/concerts,6.445,200,ok,0,steady
1791234501.3304973,kiemthugialap024@gmail.com,GET,/orders/me,6.809,200,ok,0,steady
1791234501.330829,kiemthugialap094@gmail.com,GET,/orders/me,6.783,200,ok,0,steady
1791234501.3442307,kiemthugialap064@gmail.com,GET,/concerts,4.214,200,ok,0,steady
1791234501.3447013,kiemthugialap089@gmail.com,GET,/concerts/{id},5.359,200,ok,0,steady
1791234501.3614364,kiemthugialap044@gmail.com,GET,/orders/me,5.442,200,ok,0,steady
1791234501.3945534,kiemthugialap034@gmail.com,GET,/orders/me,5.729,200,ok,0,steady
1791234501.4104435,kiemthugialap100@gmail.com,GET,/concerts/{id},5.543,200,ok,0,steady
1791234501.4118538,kiemthugialap077@gmail.com,GET,/orders/me,5.962,200,ok,0,steady
1791234501.4261255,kiemthugialap096@gmail.com,GET,/concerts?on_sale=true,4.487,200,ok,0,steady
1791234501.4427714,kiemthugialap068@gmail.com,GET,/concerts,3.627,200,ok,0,steady
1791234501.4606397,kiemthugialap079@gmail.com,GET,/orders/me,5.4,200,ok,0,steady
1791234501.4778244,kiemthugialap072@gmail.com,GET,/concerts/{id},4.524,200,ok,0,steady
1791234501.5287027,kiemthugialap081@gmail.com,GET,/concerts?on_sale=true,7.228,200,ok,0,steady
1791234501.5291672,kiemthugialap093@gmail.com,GET,/concerts,7.097,200,ok,0,steady
1791234501.5602593,kiemthugialap030@gmail.com,GET,/concerts/{id},5.785,200,ok,0,steady
1791234501.5824978,kiemthugialap082@gmail.com,GET,/orders/me,7.458,200,ok,0,steady
1791234501.6137145,kiemthugialap014@gmail.com,GET,/concerts/{id},7.768,200,ok,0,steady
1791234501.615031,kiemthugialap060@gmail.com,GET,/orders/me,10.318,200,ok,0,steady
1791234501.6458437,kiemthugialap051@gmail.com,GET,/concerts,8.409,200,ok,0,steady
1791234501.6468012,kiemthugialap042@gmail.com,GET,/orders/me,8.2,200,ok,0,steady
1791234501.6608808,kiemthugialap015@gmail.com,GET,/orders/me,6.918,200,ok,0,steady
1791234501.6681378,kiemthugialap018@gmail.com,GET,/concerts,7.021,200,ok,0,steady
1791234501.6699684,kiemthugialap050@gmail.com,GET,/orders/me,7.785,200,ok,0,steady
1791234501.6705906,kiemthugialap097@gmail.com,GET,/orders/me,9.122,200,ok,0,steady
1791234501.6832216,kiemthugialap074@gmail.com,GET,/concerts?on_sale=true,6.096,200,ok,0,steady
1791234501.6842043,kiemthugialap040@gmail.com,GET,/orders/me,7.813,200,ok,0,steady
1791234501.7130408,kiemthugialap076@gmail.com,GET,/concerts/{id},8.455,200,ok,0,steady
1791234501.7140105,kiemthugialap059@gmail.com,GET,/concerts?on_sale=true,8.188,200,ok,0,steady
1791234501.7148774,kiemthugialap070@gmail.com,GET,/orders/me,9.273,200,ok,0,steady
1791234501.7152035,kiemthugialap032@gmail.com,GET,/orders/me,9.863,200,ok,0,steady
1791234501.7781312,kiemthugialap037@gmail.com,GET,/orders/me,5.709,200,ok,0,steady
1791234501.7945104,kiemthugialap063@gmail.com,GET,/orders/me,4.435,200,ok,0,steady
1791234501.8350751,kiemthugialap033@gmail.com,GET,/orders/me,11.493,200,ok,0,steady
1791234501.8361464,kiemthugialap067@gmail.com,GET,/orders/me,13.717,200,ok,0,steady
1791234501.8364697,kiemthugialap010@gmail.com,GET,/orders/me,12.444,200,ok,0,steady
1791234501.8367462,kiemthugialap088@gmail.com,GET,/orders/me,12.17,200,ok,0,steady
1791234501.8393219,kiemthugialap056@gmail.com,GET,/orders/me,4.059,200,ok,0,steady
1791234501.860865,kiemthugialap078@gmail.com,GET,/orders/me,4.961,200,ok,0,steady
1791234501.8856578,kiemthugialap062@gmail.com,GET,/orders/me,7.627,200,ok,0,steady
1791234501.9291854,kiemthugialap005@gmail.com,GET,/concerts?on_sale=true,6.491,200,ok,0,steady
1791234501.930569,kiemthugialap004@gmail.com,GET,/orders/me,6.738,200,ok,0,steady
1791234501.9309044,kiemthugialap008@gmail.com,GET,/orders/me,6.249,200,ok,0,steady
1791234501.9610968,kiemthugialap054@gmail.com,GET,/concerts/{id},4.656,200,ok,0,steady
1791234501.962064,kiemthugialap091@gmail.com,GET,/orders/me,7.106,200,ok,0,steady
1791234501.9636998,kiemthugialap058@gmail.com,GET,/concerts,2.46,200,ok,0,steady
1791234501.9666612,kiemthugialap019@gmail.com,GET,/orders/me,2.843,200,ok,0,steady
1791234501.9958549,kiemthugialap094@gmail.com,GET,/orders/me,7.27,200,ok,0,steady
1791234501.9963443,kiemthugialap083@gmail.com,GET,/orders/me,7.305,200,ok,0,steady
1791234502.0115955,kiemthugialap034@gmail.com,GET,/orders/me,4.868,200,ok,0,steady
1791234502.0290632,kiemthugialap049@gmail.com,GET,/orders/me,7.108,200,ok,0,steady
1791234502.029537,kiemthugialap006@gmail.com,GET,/orders/me,6.27,200,ok,0,steady
1791234502.0442672,kiemthugialap021@gmail.com,GET,/concerts/{id},5.81,200,ok,0,steady
1791234502.0452855,kiemthugialap025@gmail.com,GET,/orders/me,5.914,200,ok,0,steady
1791234502.0766788,kiemthugialap086@gmail.com,GET,/concerts/{id},4.371,200,ok,0,steady
1791234502.0941932,kiemthugialap072@gmail.com,GET,/concerts?on_sale=true,5.259,200,ok,0,steady
1791234502.0946145,kiemthugialap041@gmail.com,GET,/concerts,4.263,200,ok,0,steady
1791234502.11062,kiemthugialap052@gmail.com,GET,/concerts,4.743,200,ok,0,steady
1791234502.1274946,kiemthugialap048@gmail.com,GET,/concerts?on_sale=true,4.219,200,ok,0,steady
1791234502.1284444,kiemthugialap013@gmail.com,GET,/orders/me,6.377,200,ok,0,steady
1791234502.14477,kiemthugialap093@gmail.com,GET,/concerts/{id},5.661,200,ok,0,steady
1791234502.1452572,kiemthugialap065@gmail.com,GET,/concerts/{id},4.656,200,ok,0,steady
1791234502.1598368,kiemthugialap038@gmail.com,GET,/concerts?on_sale=true,4.103,200,ok,0,steady
1791234502.184595,kiemthugialap060@gmail.com,GET,/orders/me,11.178,200,ok,0,steady
1791234502.1868362,kiemthugialap090@gmail.com,GET,/orders/me,14.588,200,ok,0,steady
1791234502.1881948,kiemthugialap096@gmail.com,GET,/orders/me,13.311,200,ok,0,steady
1791234502.1886928,kiemthugialap003@gmail.com,GET,/orders/me,13.341,200,ok,0,steady
1791234502.189196,kiemthugialap085@gmail.com,GET,/orders/me,13.089,200,ok,0,steady
1791234502.1942902,kiemthugialap071@gmail.com,GET,/concerts/{id},9.459,200,ok,0,steady
1791234502.1967428,kiemthugialap095@gmail.com,GET,/concerts/{id},11.11,200,ok,0,steady
1791234502.1991813,kiemthugialap097@gmail.com,GET,/orders/me,13.859,200,ok,0,steady
1791234502.199564,kiemthugialap092@gmail.com,GET,/orders/me,12.608,200,ok,0,steady
1791234502.2045963,kiemthugialap007@gmail.com,GET,/orders/me,7.673,200,ok,0,steady
1791234502.2050002,kiemthugialap036@gmail.com,GET,/orders/me,10.485,200,ok,0,steady
1791234502.2054386,kiemthugialap061@gmail.com,GET,/orders/me,10.069,200,ok,0,steady
1791234502.2266674,kiemthugialap070@gmail.com,GET,/orders/me,6.01,200,ok,0,steady
1791234502.2457619,kiemthugialap099@gmail.com,GET,/orders/me,7.395,200,ok,0,steady
1791234502.2494469,kiemthugialap035@gmail.com,GET,/concerts?on_sale=true,3.456,200,ok,0,steady
1791234502.28217,kiemthugialap027@gmail.com,GET,/concerts/{id},8.915,200,ok,0,steady
1791234502.2829409,kiemthugialap002@gmail.com,GET,/orders/me,9.988,200,ok,0,steady
1791234502.2834532,kiemthugialap055@gmail.com,GET,/concerts?on_sale=true,11.608,200,ok,0,steady
1791234502.2838504,kiemthugialap076@gmail.com,GET,/orders/me,11.222,200,ok,0,steady
1791234502.3132899,kiemthugialap001@gmail.com,GET,/orders/me,7.239,200,ok,0,steady
1791234502.3138168,kiemthugialap022@gmail.com,GET,/orders/me,8.659,200,ok,0,steady
1791234502.3621056,kiemthugialap011@gmail.com,GET,/orders/me,7.437,200,ok,0,steady
1791234502.3624864,kiemthugialap028@gmail.com,GET,/orders/me,6.535,200,ok,0,steady
1791234502.3792577,kiemthugialap031@gmail.com,GET,/orders/me,7.372,200,ok,0,steady
1791234502.3796732,kiemthugialap074@gmail.com,GET,/orders/me,6.713,200,ok,0,steady
1791234502.384376,kiemthugialap045@gmail.com,GET,/orders/me,4.59,200,ok,0,steady
1791234502.3848104,kiemthugialap057@gmail.com,GET,/orders/me,4.396,200,ok,0,steady
1791234502.4122148,kiemthugialap026@gmail.com,GET,/concerts,6.596,200,ok,0,steady
1791234502.4131517,kiemthugialap050@gmail.com,GET,/orders/me,7.292,200,ok,0,steady
1791234502.4135165,kiemthugialap069@gmail.com,GET,/orders/me,8.822,200,ok,0,steady
1791234502.431809,kiemthugialap079@gmail.com,GET,/concerts/{id},7.332,200,ok,0,steady
1791234502.4323223,kiemthugialap018@gmail.com,GET,/orders/me,9.255,200,ok,0,steady
1791234502.4331715,kiemthugialap082@gmail.com,GET,/orders/me,8.157,200,ok,0,steady
1791234502.5120392,kiemthugialap080@gmail.com,GET,/orders/me,7.723,200,ok,0,steady
1791234502.5133665,kiemthugialap098@gmail.com,GET,/orders/me,7.771,200,ok,0,steady
1791234502.5164735,kiemthugialap039@gmail.com,GET,/concerts?on_sale=true,2.944,200,ok,0,steady
1791234502.5173645,kiemthugialap087@gmail.com,GET,/orders/me,5.113,200,ok,0,steady
1791234502.519313,kiemthugialap017@gmail.com,GET,/orders/me,2.709,200,ok,0,steady
1791234502.5222085,kiemthugialap068@gmail.com,GET,/concerts/{id},2.758,200,ok,0,steady
1791234502.543451,kiemthugialap037@gmail.com,GET,/concerts/{id},3.716,200,ok,0,steady
1791234502.5602674,kiemthugialap024@gmail.com,GET,/orders/me,5.141,200,ok,0,steady
1791234502.6089532,kiemthugialap049@gmail.com,GET,/concerts,4.293,200,ok,0,steady
1791234502.644188,kiemthugialap088@gmail.com,GET,/concerts/{id},4.177,200,ok,0,steady
1791234502.6619842,kiemthugialap033@gmail.com,GET,/orders/me,5.629,200,ok,0,steady
1791234502.664511,kiemthugialap067@gmail.com,GET,/concerts/{id},2.375,200,ok,0,steady
1791234502.6674242,kiemthugialap043@gmail.com,GET,/orders/me,2.761,200,ok,0,steady
1791234502.6952238,kiemthugialap046@gmail.com,GET,/orders/me,6.41,200,ok,0,steady
1791234502.7275114,kiemthugialap010@gmail.com,GET,/orders/me,6.815,200,ok,0,steady
1791234502.7696972,kiemthugialap012@gmail.com,GET,/concerts,13.829,200,ok,0,steady
1791234502.770859,kiemthugialap089@gmail.com,GET,/concerts/{id},16.096,200,ok,0,steady
1791234502.7713072,kiemthugialap029@gmail.com,GET,/concerts,14.508,200,ok,0,steady
1791234502.7743258,kiemthugialap023@gmail.com,GET,/orders/me,18.076,200,ok,0,steady
1791234502.7752368,kiemthugialap013@gmail.com,GET,/orders/me,17.449,200,ok,0,steady
1791234502.7756777,kiemthugialap073@gmail.com,GET,/orders/me,18.315,200,ok,0,steady
1791234502.81205,kiemthugialap044@gmail.com,GET,/concerts,7.213,200,ok,0,steady
1791234502.812535,kiemthugialap053@gmail.com,GET,/orders/me,6.753,200,ok,0,steady
1791234502.8279514,kiemthugialap002@gmail.com,GET,/orders/me,7.409,200,ok,0,steady
1791234502.8641186,kiemthugialap091@gmail.com,GET,/concerts/{id},8.956,200,ok,0,steady
1791234502.8748732,kiemthugialap065@gmail.com,GET,/orders/me,18.856,200,ok,0,steady
1791234502.875326,kiemthugialap071@gmail.com,GET,/orders/me,18.491,200,ok,0,steady
1791234502.8756688,kiemthugialap021@gmail.com,GET,/orders/me,19.242,200,ok,0,steady
1791234502.878558,kiemthugialap063@gmail.com,GET,/orders/me,7.148,200,ok,0,steady
1791234502.8796966,kiemthugialap047@gmail.com,GET,/orders/me,15.362,200,ok,0,steady
1791234502.8823097,kiemthugialap003@gmail.com,GET,/orders/me,3.613,200,ok,0,steady
1791234502.8854158,kiemthugialap093@gmail.com,GET,/orders/me,2.977,200,ok,0,steady
1791234502.888868,kiemthugialap056@gmail.com,GET,/orders/me,3.318,200,ok,0,steady
1791234502.9127245,kiemthugialap016@gmail.com,GET,/orders/me,8.484,200,ok,0,steady
1791234502.9276516,kiemthugialap042@gmail.com,GET,/orders/me,6.588,200,ok,0,steady
1791234502.943441,kiemthugialap070@gmail.com,GET,/orders/me,5.654,200,ok,0,steady
1791234502.96234,kiemthugialap040@gmail.com,GET,/concerts/{id},5.825,200,ok,0,steady
1791234502.96334,kiemthugialap076@gmail.com,GET,/orders/me,7.688,200,ok,0,steady
1791234502.992882,kiemthugialap057@gmail.com,GET,/concerts?on_sale=true,4.767,200,ok,0,steady
1791234503.0301943,kiemthugialap052@gmail.com,GET,/concerts/{id},6.822,200,ok,0,steady
1791234503.0322711,kiemthugialap004@gmail.com,GET,/orders/me,10.352,200,ok,0,steady
1791234503.0327568,kiemthugialap011@gmail.com,GET,/orders/me,8.933,200,ok,0,steady
1791234503.0347364,kiemthugialap077@gmail.com,GET,/orders/me,4.385,200,ok,0,steady
1791234503.0417824,kiemthugialap014@gmail.com,GET,/orders/me,3.56,200,ok,0,steady
1791234503.0796125,kiemthugialap064@gmail.com,GET,/concerts?on_sale=true,6.751,200,ok,0,steady
1791234503.0808036,kiemthugialap020@gmail.com,GET,/orders/me,5.839,200,ok,0,steady
1791234503.0940387,kiemthugialap075@gmail.com,GET,/concerts?on_sale=true,3.837,200,ok,0,steady
1791234503.0949068,kiemthugialap084@gmail.com,GET,/orders/me,6.103,200,ok,0,steady
1791234503.1107676,kiemthugialap039@gmail.com,GET,/orders/me,5.327,200,ok,0,steady
1791234503.1429563,kiemthugialap066@gmail.com,GET,/concerts?on_sale=true,4.182,200,ok,0,steady
1791234503.1608026,kiemthugialap036@gmail.com,GET,/orders/me,5.759,200,ok,0,steady
1791234503.1789687,kiemthugialap032@gmail.com,GET,/orders/me,7.436,200,ok,0,steady
1791234503.1794527,kiemthugialap100@gmail.com,GET,/orders/me,7.243,200,ok,0,steady
1791234503.1932178,kiemthugialap015@gmail.com,GET,/concerts/{id},5.239,200,ok,0,steady
1791234503.2100115,kiemthugialap059@gmail.com,GET,/orders/me,4.651,200,ok,0,steady
1791234503.2132165,kiemthugialap030@gmail.com,GET,/orders/me,3.037,200,ok,0,steady
1791234503.227819,kiemthugialap092@gmail.com,GET,/orders/me,5.304,200,ok,0,steady
1791234503.2309241,kiemthugialap051@gmail.com,GET,/orders/me,2.958,200,ok,0,steady
1791234503.2440405,kiemthugialap072@gmail.com,GET,/orders/me,4.418,200,ok,0,steady
1791234503.2804523,kiemthugialap033@gmail.com,GET,/orders/me,7.038,200,ok,0,steady
1791234503.2808392,kiemthugialap028@gmail.com,GET,/orders/me,6.866,200,ok,0,steady
1791234503.3131952,kiemthugialap023@gmail.com,GET,/concerts?on_sale=true,7.906,200,ok,0,steady
1791234503.3140566,kiemthugialap009@gmail.com,GET,/orders/me,7.631,200,ok,0,steady
1791234503.3293107,kiemthugialap090@gmail.com,GET,/orders/me,7.093,200,ok,0,steady
1791234503.3454041,kiemthugialap035@gmail.com,GET,/concerts/{id},7.046,200,ok,0,steady
1791234503.3466127,kiemthugialap095@gmail.com,GET,/orders/me,6.894,200,ok,0,steady
1791234503.348953,kiemthugialap010@gmail.com,GET,/orders/me,3.349,200,ok,0,steady
1791234503.3955674,kiemthugialap055@gmail.com,GET,/orders/me,4.714,200,ok,0,steady
1791234503.4420323,kiemthugialap043@gmail.com,GET,/concerts,3.414,200,ok,0,steady
1791234503.4821322,kiemthugialap063@gmail.com,GET,/concerts,5.092,200,ok,0,steady
1791234503.4835906,kiemthugialap081@gmail.com,GET,/orders/me,5.845,200,ok,0,steady
1791234503.4860554,kiemthugialap097@gmail.com,GET,/concerts?on_sale=true,2.345,200,ok,0,steady
1791234503.4937046,kiemthugialap058@gmail.com,GET,/orders/me,5.112,200,ok,0,steady
1791234503.5260577,kiemthugialap089@gmail.com,GET,/concerts,5.074,200,ok,0,steady
1791234503.575985,kiemthugialap087@gmail.com,GET,/orders/me,5.151,200,ok,0,steady
1791234503.595704,kiemthugialap069@gmail.com,GET,/orders/me,8.116,200,ok,0,steady
1791234503.5972042,kiemthugialap017@gmail.com,GET,/orders/me,8.672,200,ok,0,steady
1791234503.6003208,kiemthugialap065@gmail.com,GET,/orders/me,4.412,200,ok,0,steady
1791234503.626584,kiemthugialap094@gmail.com,GET,/orders/me,5.652,200,ok,0,steady
1791234503.6594253,kiemthugialap008@gmail.com,GET,/orders/me,5.157,200,ok,0,steady
1791234503.6619287,kiemthugialap034@gmail.com,GET,/concerts?on_sale=true,2.314,200,ok,0,steady
1791234503.664977,kiemthugialap004@gmail.com,GET,/orders/me,2.936,200,ok,0,steady
1791234503.676172,kiemthugialap054@gmail.com,GET,/orders/me,4.823,200,ok,0,steady
1791234503.69657,kiemthugialap083@gmail.com,GET,/orders/me,7.697,200,ok,0,steady
1791234503.699757,kiemthugialap005@gmail.com,GET,/orders/me,10.518,200,ok,0,steady
1791234503.7001023,kiemthugialap025@gmail.com,GET,/orders/me,12.159,200,ok,0,steady
1791234503.7024007,kiemthugialap061@gmail.com,GET,/concerts/{id},5.604,200,ok,0,steady
1791234503.7044713,kiemthugialap015@gmail.com,GET,/concerts,3.91,200,ok,0,steady
1791234503.7057822,kiemthugialap019@gmail.com,GET,/orders/me,5.549,200,ok,0,steady
1791234503.726777,kiemthugialap002@gmail.com,GET,/concerts/{id},4.681,200,ok,0,steady
1791234503.7278519,kiemthugialap014@gmail.com,GET,/orders/me,6.662,200,ok,0,steady
1791234503.741752,kiemthugialap050@gmail.com,GET,/concerts/{id},4.022,200,ok,0,steady
1791234503.7603781,kiemthugialap091@gmail.com,GET,/orders/me,5.871,200,ok,0,steady
1791234503.7780597,kiemthugialap062@gmail.com,GET,/orders/me,7.146,200,ok,0,steady
1791234503.7963855,kiemthugialap022@gmail.com,GET,/concerts/{id},8.889,200,ok,0,steady
1791234503.7979808,kiemthugialap024@gmail.com,GET,/concerts/{id},9.605,200,ok,0,steady
1791234503.798911,kiemthugialap042@gmail.com,GET,/orders/me,10.075,200,ok,0,steady
1791234503.8026676,kiemthugialap100@gmail.com,GET,/orders/me,6.006,200,ok,0,steady
1791234503.803012,kiemthugialap006@gmail.com,GET,/orders/me,4.909,200,ok,0,steady
1791234503.8295376,kiemthugialap060@gmail.com,GET,/concerts,7.471,200,ok,0,steady
1791234503.8299956,kiemthugialap031@gmail.com,GET,/concerts/{id},7.189,200,ok,0,steady
1791234503.8319757,kiemthugialap075@gmail.com,GET,/orders/me,10.876,200,ok,0,steady
1791234503.8325553,kiemthugialap048@gmail.com,GET,/orders/me,9.996,200,ok,0,steady
1791234503.8346188,kiemthugialap079@gmail.com,GET,/orders/me,4.496,200,ok,0,steady
1791234503.8633232,kiemthugialap041@gmail.com,GET,/concerts,6.999,200,ok,0,steady
1791234503.8642266,kiemthugialap078@gmail.com,GET,/orders/me,9.028,200,ok,0,steady
1791234503.864674,kiemthugialap068@gmail.com,GET,/orders/me,7.346,200,ok,0,steady
1791234503.8952594,kiemthugialap077@gmail.com,GET,/orders/me,6.226,200,ok,0,steady
1791234503.8956723,kiemthugialap052@gmail.com,GET,/orders/me,7.192,200,ok,0,steady
1791234503.9099698,kiemthugialap007@gmail.com,GET,/orders/me,5.671,200,ok,0,steady
1791234504.012639,kiemthugialap086@gmail.com,GET,/orders/me,24.245,200,ok,0,steady
1791234504.0133684,kiemthugialap038@gmail.com,GET,/orders/me,25.893,200,ok,0,steady
1791234504.014677,kiemthugialap012@gmail.com,GET,/orders/me,10.186,200,ok,0,steady
1791234504.0216968,kiemthugialap026@gmail.com,GET,/orders/me,6.836,200,ok,0,steady
1791234504.0223632,kiemthugialap023@gmail.com,GET,/orders/me,6.965,200,ok,0,steady
1791234504.0447211,kiemthugialap076@gmail.com,GET,/orders/me,7.427,200,ok,0,steady
1791234504.0451293,kiemthugialap045@gmail.com,GET,/orders/me,7.012,200,ok,0,steady
1791234504.0483153,kiemthugialap001@gmail.com,GET,/orders/me,3.055,200,ok,0,steady
1791234504.0765953,kiemthugialap018@gmail.com,GET,/concerts,4.815,200,ok,0,steady
1791234504.0777576,kiemthugialap071@gmail.com,GET,/orders/me,6.617,200,ok,0,steady
1791234504.07911,kiemthugialap037@gmail.com,GET,/concerts,2.356,200,ok,0,steady
1791234504.082667,kiemthugialap080@gmail.com,GET,/orders/me,3.431,200,ok,0,steady
1791234504.109726,kiemthugialap027@gmail.com,GET,/orders/me,5.114,200,ok,0,steady
1791234504.1301582,kiemthugialap085@gmail.com,GET,/orders/me,4.468,200,ok,0,steady
1791234504.1336524,kiemthugialap096@gmail.com,GET,/orders/me,3.325,200,ok,0,steady
1791234504.1649077,kiemthugialap003@gmail.com,GET,/orders/me,8.245,200,ok,0,steady
1791234504.165437,kiemthugialap074@gmail.com,GET,/orders/me,9.174,200,ok,0,steady
1791234504.165837,kiemthugialap099@gmail.com,GET,/orders/me,10.759,200,ok,0,steady
1791234504.193002,kiemthugialap082@gmail.com,GET,/orders/me,5.266,200,ok,0,steady
1791234504.2273974,kiemthugialap067@gmail.com,GET,/orders/me,6.497,200,ok,0,steady
1791234504.2452965,kiemthugialap088@gmail.com,GET,/orders/me,5.756,200,ok,0,steady
1791234504.2490795,kiemthugialap032@gmail.com,GET,/orders/me,3.571,200,ok,0,steady
1791234504.2594178,kiemthugialap034@gmail.com,GET,/orders/me,4.191,200,ok,0,steady
1791234504.2618835,kiemthugialap047@gmail.com,GET,/concerts?on_sale=true,2.326,200,ok,0,steady
1791234504.2778256,kiemthugialap011@gmail.com,GET,/orders/me,6.396,200,ok,0,steady
1791234504.2781785,kiemthugialap094@gmail.com,GET,/orders/me,5.765,200,ok,0,steady
1791234504.3097057,kiemthugialap084@gmail.com,GET,/concerts,4.056,200,ok,0,steady
1791234504.326693,kiemthugialap057@gmail.com,GET,/concerts,4.15,200,ok,0,steady
1791234504.379721,kiemthugialap097@gmail.com,GET,/orders/me,5.727,200,ok,0,steady
1791234504.3800888,kiemthugialap083@gmail.com,GET,/orders/me,7.771,200,ok,0,steady
1791234504.4335618,kiemthugialap054@gmail.com,GET,/orders/me,28.134,200,ok,0,steady
1791234504.4339943,kiemthugialap058@gmail.com,GET,/orders/me,27.831,200,ok,0,steady
1791234504.4341404,kiemthugialap089@gmail.com,GET,/orders/me,26.838,200,ok,0,steady
1791234504.4369688,kiemthugialap092@gmail.com,GET,/concerts?on_sale=true,10.977,200,ok,0,steady
1791234504.439504,kiemthugialap049@gmail.com,GET,/orders/me,11.873,200,ok,0,steady
1791234504.4399967,kiemthugialap004@gmail.com,GET,/orders/me,29.237,200,ok,0,steady
1791234504.4401815,kiemthugialap098@gmail.com,GET,/orders/me,13.574,200,ok,0,steady
1791234504.4609687,kiemthugialap052@gmail.com,GET,/orders/me,6.92,200,ok,0,steady
1791234504.4958494,kiemthugialap059@gmail.com,GET,/orders/me,5.212,200,ok,0,steady
1791234504.4963613,kiemthugialap093@gmail.com,GET,/orders/me,7.396,200,ok,0,steady
1791234504.5290534,kiemthugialap073@gmail.com,GET,/concerts?on_sale=true,5.426,200,ok,0,steady
1791234504.5304525,kiemthugialap029@gmail.com,GET,/orders/me,8.089,200,ok,0,steady
1791234504.5308192,kiemthugialap044@gmail.com,GET,/orders/me,7.575,200,ok,0,steady
1791234504.5431027,kiemthugialap048@gmail.com,GET,/concerts,4.148,200,ok,0,steady
1791234504.562783,kiemthugialap065@gmail.com,GET,/orders/me,6.231,200,ok,0,steady
1791234504.5959504,kiemthugialap008@gmail.com,GET,/orders/me,6.81,200,ok,0,steady
1791234504.5963674,kiemthugialap042@gmail.com,GET,/orders/me,6.093,200,ok,0,steady
1791234504.5994422,kiemthugialap077@gmail.com,GET,/orders/me,2.965,200,ok,0,steady
1791234504.6016197,kiemthugialap046@gmail.com,GET,/concerts,2.046,200,ok,0,steady
1791234504.6444867,kiemthugialap041@gmail.com,GET,/orders/me,5.289,200,ok,0,steady
1791234504.6961198,kiemthugialap013@gmail.com,GET,/concerts/{id},6.412,200,ok,0,steady
1791234504.6969838,kiemthugialap063@gmail.com,GET,/orders/me,8.995,200,ok,0,steady
1791234504.6983454,kiemthugialap087@gmail.com,GET,/orders/me,9.064,200,ok,0,steady
1791234504.7135837,kiemthugialap027@gmail.com,GET,/orders/me,6.887,200,ok,0,steady
1791234504.7160006,kiemthugialap066@gmail.com,GET,/concerts/{id},8.29,200,ok,0,steady
1791234504.7165291,kiemthugialap009@gmail.com,GET,/orders/me,11.187,200,ok,0,steady
1791234504.747881,kiemthugialap021@gmail.com,GET,/orders/me,9.471,200,ok,0,steady
1791234504.748448,kiemthugialap053@gmail.com,GET,/orders/me,7.88,200,ok,0,steady
1791234504.748799,kiemthugialap100@gmail.com,GET,/orders/me,9.367,200,ok,0,steady
1791234504.7626133,kiemthugialap035@gmail.com,GET,/orders/me,6.123,200,ok,0,steady
1791234504.7665842,kiemthugialap076@gmail.com,GET,/orders/me,3.735,200,ok,0,steady
1791234504.7923672,kiemthugialap045@gmail.com,GET,/concerts/{id},4.406,200,ok,0,steady
1791234504.7936463,kiemthugialap047@gmail.com,GET,/concerts,6.359,200,ok,0,steady
1791234504.7956796,kiemthugialap033@gmail.com,GET,/concerts,2.862,200,ok,0,steady
1791234504.796053,kiemthugialap016@gmail.com,GET,/concerts/{id},3.557,200,ok,0,steady
1791234504.8606515,kiemthugialap072@gmail.com,GET,/orders/me,5.053,200,ok,0,steady
1791234504.8624294,kiemthugialap056@gmail.com,GET,/concerts,3.566,200,ok,0,steady
1791234504.892846,kiemthugialap070@gmail.com,GET,/concerts,18.846,200,ok,0,steady
1791234504.8983219,kiemthugialap064@gmail.com,GET,/orders/me,23.242,200,ok,0,steady
1791234504.8996682,kiemthugialap028@gmail.com,GET,/concerts?on_sale=true,9.125,200,ok,0,steady
1791234504.9008002,kiemthugialap081@gmail.com,GET,/orders/me,10.646,200,ok,0,steady
1791234504.901194,kiemthugialap040@gmail.com,GET,/orders/me,11.916,200,ok,0,steady
1791234504.9271274,kiemthugialap095@gmail.com,GET,/concerts,5.368,200,ok,0,steady
1791234504.9275794,kiemthugialap012@gmail.com,GET,/concerts,4.187,200,ok,0,steady
1791234504.9935088,kiemthugialap084@gmail.com,GET,/concerts/{id},22.082,200,ok,0,steady
1791234504.9952483,kiemthugialap039@gmail.com,GET,/concerts?on_sale=true,21.745,200,ok,0,steady
1791234504.9976876,kiemthugialap010@gmail.com,GET,/orders/me,25.081,200,ok,0,steady
1791234504.9986646,kiemthugialap020@gmail.com,GET,/concerts/{id},8.156,200,ok,0,steady
1791234504.9990754,kiemthugialap015@gmail.com,GET,/orders/me,25.272,200,ok,0,steady
1791234504.9992135,kiemthugialap052@gmail.com,GET,/concerts?on_sale=true,9.728,200,ok,0,steady
1791234505.009931,kiemthugialap043@gmail.com,GET,/concerts/{id},3.996,200,ok,0,steady
1791234505.0103903,kiemthugialap019@gmail.com,GET,/concerts?on_sale=true,5.586,200,ok,0,steady
1791234505.0305226,kiemthugialap055@gmail.com,GET,/concerts,5.728,200,ok,0,steady
1791234505.0318766,kiemthugialap036@gmail.com,GET,/orders/me,9.258,200,ok,0,steady
1791234505.0323684,kiemthugialap088@gmail.com,GET,/orders/me,8.588,200,ok,0,steady
1791234505.0660298,kiemthugialap091@gmail.com,GET,/orders/me,7.223,200,ok,0,steady
1791234505.066594,kiemthugialap069@gmail.com,GET,/orders/me,11.372,200,ok,0,steady
1791234505.1477914,kiemthugialap030@gmail.com,GET,/orders/me,8.409,200,ok,0,steady
1791234505.1494768,kiemthugialap096@gmail.com,GET,/orders/me,11.028,200,ok,0,steady
1791234505.1524851,kiemthugialap078@gmail.com,GET,/orders/me,4.389,200,ok,0,steady
1791234505.159704,kiemthugialap017@gmail.com,GET,/orders/me,5.809,200,ok,0,steady
1791234505.163669,kiemthugialap025@gmail.com,GET,/orders/me,3.79,200,ok,0,steady
1791234505.182283,kiemthugialap090@gmail.com,GET,/orders/me,10.051,200,ok,0,steady
1791234505.1848333,kiemthugialap002@gmail.com,GET,/concerts/{id},9.54,200,ok,0,steady
1791234505.1858284,kiemthugialap006@gmail.com,GET,/concerts,12.573,200,ok,0,steady
1791234505.1900804,kiemthugialap051@gmail.com,GET,/orders/me,7.527,200,ok,0,steady
1791234505.2288737,kiemthugialap005@gmail.com,GET,/concerts,7.886,200,ok,0,steady
1791234505.2306578,kiemthugialap062@gmail.com,GET,/orders/me,8.718,200,ok,0,steady
1791234505.2342105,kiemthugialap023@gmail.com,GET,/orders/me,5.132,200,ok,0,steady
1791234505.2345502,kiemthugialap022@gmail.com,GET,/orders/me,5.014,200,ok,0,steady
1791234505.260409,kiemthugialap050@gmail.com,GET,/concerts,5.109,200,ok,0,steady
1791234505.26531,kiemthugialap024@gmail.com,GET,/orders/me,4.66,200,ok,0,steady
1791234505.2746513,kiemthugialap026@gmail.com,GET,/concerts,3.971,200,ok,0,steady
1791234505.3096735,kiemthugialap068@gmail.com,GET,/orders/me,5.267,200,ok,0,steady
1791234505.313486,kiemthugialap038@gmail.com,GET,/orders/me,3.655,200,ok,0,steady
1791234505.33025,kiemthugialap054@gmail.com,GET,/orders/me,9.091,200,ok,0,steady
1791234505.3307555,kiemthugialap008@gmail.com,GET,/orders/me,8.656,200,ok,0,steady
1791234505.33107,kiemthugialap034@gmail.com,GET,/orders/me,7.756,200,ok,0,steady
1791234505.3611486,kiemthugialap057@gmail.com,GET,/orders/me,4.464,200,ok,0,steady
1791234505.4307234,kiemthugialap014@gmail.com,GET,/concerts?on_sale=true,9.328,200,ok,0,steady
1791234505.4314568,kiemthugialap086@gmail.com,GET,/concerts/{id},7.22,200,ok,0,steady
1791234505.4320343,kiemthugialap067@gmail.com,GET,/orders/me,9.192,200,ok,0,steady
1791234505.460078,kiemthugialap100@gmail.com,GET,/orders/me,5.316,200,ok,0,steady
1791234505.4624622,kiemthugialap079@gmail.com,GET,/concerts?on_sale=true,2.238,200,ok,0,steady
1791234505.4777095,kiemthugialap009@gmail.com,GET,/orders/me,6.007,200,ok,0,steady
1791234505.4949956,kiemthugialap040@gmail.com,GET,/orders/me,4.696,200,ok,0,steady
1791234505.5009284,kiemthugialap061@gmail.com,GET,/orders/me,5.77,200,ok,0,steady
1791234505.5013947,kiemthugialap072@gmail.com,GET,/orders/me,5.853,200,ok,0,steady
1791234505.5459936,kiemthugialap080@gmail.com,GET,/orders/me,6.532,200,ok,0,steady
1791234505.5610335,kiemthugialap081@gmail.com,GET,/orders/me,6.329,200,ok,0,steady
1791234505.5654707,kiemthugialap013@gmail.com,GET,/concerts/{id},4.163,200,ok,0,steady
1791234505.5668452,kiemthugialap048@gmail.com,GET,/orders/me,4.621,200,ok,0,steady
1791234505.574904,kiemthugialap003@gmail.com,GET,/concerts?on_sale=true,3.555,200,ok,0,steady
1791234505.594836,kiemthugialap064@gmail.com,GET,/orders/me,6.298,200,ok,0,steady
1791234505.5995562,kiemthugialap039@gmail.com,GET,/orders/me,4.436,200,ok,0,steady
1791234505.643323,kiemthugialap077@gmail.com,GET,/concerts,4.36,200,ok,0,steady
1791234505.6466637,kiemthugialap044@gmail.com,GET,/concerts,3.146,200,ok,0,steady
1791234505.6513402,kiemthugialap031@gmail.com,GET,/concerts/{id},4.386,200,ok,0,steady
1791234505.6604357,kiemthugialap004@gmail.com,GET,/orders/me,8.831,200,ok,0,steady
1791234505.6651876,kiemthugialap083@gmail.com,GET,/concerts,4.438,200,ok,0,steady
1791234505.698037,kiemthugialap055@gmail.com,GET,/concerts?on_sale=true,8.812,200,ok,0,steady
1791234505.6985607,kiemthugialap028@gmail.com,GET,/orders/me,10.159,200,ok,0,steady
1791234505.6989217,kiemthugialap084@gmail.com,GET,/orders/me,9.434,200,ok,0,steady
1791234505.7317185,kiemthugialap037@gmail.com,GET,/concerts,8.033,200,ok,0,steady
1791234505.736149,kiemthugialap082@gmail.com,GET,/orders/me,14.957,200,ok,0,steady
1791234505.736997,kiemthugialap060@gmail.com,GET,/orders/me,14.466,200,ok,0,steady
1791234505.738077,kiemthugialap094@gmail.com,GET,/orders/me,8.738,200,ok,0,steady
1791234505.7618897,kiemthugialap007@gmail.com,GET,/concerts?on_sale=true,7.027,200,ok,0,steady
1791234505.768142,kiemthugialap011@gmail.com,GET,/concerts,5.879,200,ok,0,steady
1791234505.8081079,kiemthugialap099@gmail.com,GET,/concerts,19.486,200,ok,0,steady
1791234505.8100438,kiemthugialap045@gmail.com,GET,/concerts/{id},5.708,200,ok,0,steady
1791234505.8104222,kiemthugialap012@gmail.com,GET,/orders/me,20.748,200,ok,0,steady
1791234505.8272884,kiemthugialap030@gmail.com,GET,/concerts/{id},6.008,200,ok,0,steady
1791234505.8283346,kiemthugialap075@gmail.com,GET,/orders/me,5.999,200,ok,0,steady
1791234505.8643556,kiemthugialap050@gmail.com,GET,/orders/me,9.812,200,ok,0,steady
1791234505.8647907,kiemthugialap065@gmail.com,GET,/orders/me,9.171,200,ok,0,steady
1791234505.8650877,kiemthugialap058@gmail.com,GET,/orders/me,9.74,200,ok,0,steady
1791234505.87819,kiemthugialap038@gmail.com,GET,/orders/me,6.101,200,ok,0,steady
1791234505.8827815,kiemthugialap033@gmail.com,GET,/orders/me,4.346,200,ok,0,steady
1791234505.8832164,kiemthugialap097@gmail.com,GET,/concerts?on_sale=true,3.827,200,ok,0,steady
1791234505.9270446,kiemthugialap001@gmail.com,GET,/orders/me,5.558,200,ok,0,steady
1791234505.93211,kiemthugialap069@gmail.com,GET,/orders/me,4.808,200,ok,0,steady
1791234505.9452176,kiemthugialap018@gmail.com,GET,/orders/me,5.32,200,ok,0,steady
1791234505.979421,kiemthugialap071@gmail.com,GET,/orders/me,7.51,200,ok,0,steady
1791234505.9811087,kiemthugialap016@gmail.com,GET,/orders/me,7.447,200,ok,0,steady
1791234505.9832962,kiemthugialap022@gmail.com,GET,/concerts?on_sale=true,3.68,200,ok,0,steady
1791234505.9842331,kiemthugialap002@gmail.com,GET,/orders/me,4.208,200,ok,0,steady
1791234505.9876373,kiemthugialap085@gmail.com,GET,/orders/me,3.232,200,ok,0,steady
1791234506.0115228,kiemthugialap024@gmail.com,GET,/concerts,4.639,200,ok,0,steady
1791234506.0125153,kiemthugialap053@gmail.com,GET,/orders/me,6.778,200,ok,0,steady
1791234506.0272133,kiemthugialap017@gmail.com,GET,/orders/me,4.705,200,ok,0,steady
1791234506.0303583,kiemthugialap098@gmail.com,GET,/orders/me,3.004,200,ok,0,steady
1791234506.0471702,kiemthugialap019@gmail.com,GET,/concerts,7.383,200,ok,0,steady
1791234506.047921,kiemthugialap049@gmail.com,GET,/concerts?on_sale=true,6.787,200,ok,0,steady
1791234506.0482743,kiemthugialap079@gmail.com,GET,/concerts?on_sale=true,7.97,200,ok,0,steady
1791234506.0487778,kiemthugialap074@gmail.com,GET,/orders/me,9.917,200,ok,0,steady
1791234506.0943902,kiemthugialap066@gmail.com,GET,/orders/me,5.011,200,ok,0,steady
1791234506.1121702,kiemthugialap035@gmail.com,GET,/concerts/{id},3.973,200,ok,0,steady
1791234506.113462,kiemthugialap032@gmail.com,GET,/orders/me,6.769,200,ok,0,steady
1791234506.1290767,kiemthugialap026@gmail.com,GET,/orders/me,6.328,200,ok,0,steady
1791234506.1482458,kiemthugialap076@gmail.com,GET,/concerts?on_sale=true,5.862,200,ok,0,steady
1791234506.1486568,kiemthugialap089@gmail.com,GET,/concerts,5.623,200,ok,0,steady
1791234506.2117589,kiemthugialap052@gmail.com,GET,/orders/me,5.517,200,ok,0,steady
1791234506.2129455,kiemthugialap041@gmail.com,GET,/orders/me,8.217,200,ok,0,steady
1791234506.2150779,kiemthugialap073@gmail.com,GET,/orders/me,3.085,200,ok,0,steady
1791234506.2493699,kiemthugialap086@gmail.com,GET,/concerts/{id},9.622,200,ok,0,steady
1791234506.2508967,kiemthugialap061@gmail.com,GET,/concerts/{id},12.963,200,ok,0,steady
1791234506.2518063,kiemthugialap063@gmail.com,GET,/orders/me,10.59,200,ok,0,steady
1791234506.2521358,kiemthugialap013@gmail.com,GET,/orders/me,12.971,200,ok,0,steady
1791234506.2568789,kiemthugialap096@gmail.com,GET,/orders/me,7.237,200,ok,0,steady
1791234506.257476,kiemthugialap042@gmail.com,GET,/orders/me,6.452,200,ok,0,steady
1791234506.2990546,kiemthugialap021@gmail.com,GET,/orders/me,10.031,200,ok,0,steady
1791234506.299564,kiemthugialap095@gmail.com,GET,/orders/me,11.418,200,ok,0,steady
1791234506.3007863,kiemthugialap034@gmail.com,GET,/orders/me,11.39,200,ok,0,steady
1791234506.3024235,kiemthugialap059@gmail.com,GET,/concerts?on_sale=true,2.697,200,ok,0,steady
1791234506.3070252,kiemthugialap031@gmail.com,GET,/orders/me,4.42,200,ok,0,steady
1791234506.3491802,kiemthugialap077@gmail.com,GET,/orders/me,10.934,200,ok,0,steady
1791234506.3540506,kiemthugialap047@gmail.com,GET,/concerts/{id},4.526,200,ok,0,steady
1791234506.3681135,kiemthugialap027@gmail.com,GET,/concerts,7.609,200,ok,0,steady
1791234506.3694396,kiemthugialap070@gmail.com,GET,/orders/me,8.325,200,ok,0,steady
1791234506.3993616,kiemthugialap029@gmail.com,GET,/concerts?on_sale=true,11.079,200,ok,0,steady
1791234506.4011443,kiemthugialap036@gmail.com,GET,/orders/me,13.63,200,ok,0,steady
1791234506.4016433,kiemthugialap004@gmail.com,GET,/orders/me,13.148,200,ok,0,steady
1791234506.4039736,kiemthugialap078@gmail.com,GET,/orders/me,4.316,200,ok,0,steady
1791234506.4266965,kiemthugialap009@gmail.com,GET,/concerts/{id},5.462,200,ok,0,steady
1791234506.4272833,kiemthugialap092@gmail.com,GET,/concerts?on_sale=true,5.775,200,ok,0,steady
1791234506.4276361,kiemthugialap068@gmail.com,GET,/concerts,6.959,200,ok,0,steady
1791234506.4606318,kiemthugialap006@gmail.com,GET,/orders/me,6.308,200,ok,0,steady
1791234506.494076,kiemthugialap001@gmail.com,GET,/concerts,4.191,200,ok,0,steady
1791234506.4954963,kiemthugialap043@gmail.com,GET,/orders/me,6.491,200,ok,0,steady
1791234506.496649,kiemthugialap093@gmail.com,GET,/concerts,2.438,200,ok,0,steady
1791234506.5100722,kiemthugialap087@gmail.com,GET,/orders/me,4.887,200,ok,0,steady
1791234506.5292652,kiemthugialap046@gmail.com,GET,/concerts/{id},6.548,200,ok,0,steady
1791234506.5296838,kiemthugialap053@gmail.com,GET,/concerts,6.482,200,ok,0,steady
1791234506.530579,kiemthugialap002@gmail.com,GET,/orders/me,9.115,200,ok,0,steady
1791234506.5438714,kiemthugialap023@gmail.com,GET,/concerts,5.243,200,ok,0,steady
1791234506.5468218,kiemthugialap056@gmail.com,GET,/concerts,2.684,200,ok,0,steady
1791234506.5503705,kiemthugialap007@gmail.com,GET,/orders/me,3.427,200,ok,0,steady
1791234506.6104918,kiemthugialap014@gmail.com,GET,/concerts?on_sale=true,5.197,200,ok,0,steady
1791234506.6436284,kiemthugialap079@gmail.com,GET,/orders/me,5.157,200,ok,0,steady
1791234506.7143295,kiemthugialap012@gmail.com,GET,/concerts?on_sale=true,8.151,200,ok,0,steady
1791234506.7162817,kiemthugialap026@gmail.com,GET,/orders/me,8.951,200,ok,0,steady
1791234506.7168233,kiemthugialap057@gmail.com,GET,/orders/me,9.785,200,ok,0,steady
1791234506.717131,kiemthugialap091@gmail.com,GET,/orders/me,7.764,200,ok,0,steady
1791234506.7485294,kiemthugialap074@gmail.com,GET,/concerts/{id},7.884,200,ok,0,steady
1791234506.7498183,kiemthugialap097@gmail.com,GET,/orders/me,8.816,200,ok,0,steady
1791234506.750268,kiemthugialap038@gmail.com,GET,/orders/me,10.762,200,ok,0,steady
1791234506.7516203,kiemthugialap072@gmail.com,GET,/concerts/{id},2.89,200,ok,0,steady
1791234506.7530155,kiemthugialap054@gmail.com,GET,/concerts?on_sale=true,2.615,200,ok,0,steady
1791234506.7783344,kiemthugialap020@gmail.com,GET,/concerts/{id},6.031,200,ok,0,steady
1791234506.7795763,kiemthugialap100@gmail.com,GET,/orders/me,6.13,200,ok,0,steady
1791234506.79862,kiemthugialap015@gmail.com,GET,/orders/me,7.267,200,ok,0,steady
1791234506.7992218,kiemthugialap099@gmail.com,GET,/orders/me,8.608,200,ok,0,steady
1791234506.8104684,kiemthugialap082@gmail.com,GET,/orders/me,4.491,200,ok,0,steady
1791234506.8405373,kiemthugialap055@gmail.com,GET,/concerts,17.309,200,ok,0,steady
1791234506.8430886,kiemthugialap008@gmail.com,GET,/orders/me,21.352,200,ok,0,steady
1791234506.8438156,kiemthugialap088@gmail.com,GET,/concerts?on_sale=true,5.242,200,ok,0,steady
1791234506.8612833,kiemthugialap073@gmail.com,GET,/orders/me,5.271,200,ok,0,steady
1791234506.864501,kiemthugialap011@gmail.com,GET,/orders/me,3.072,200,ok,0,steady
1791234506.8780005,kiemthugialap064@gmail.com,GET,/orders/me,5.542,200,ok,0,steady
1791234506.8816683,kiemthugialap010@gmail.com,GET,/orders/me,3.463,200,ok,0,steady
1791234506.9319546,kiemthugialap083@gmail.com,GET,/orders/me,8.737,200,ok,0,steady
1791234506.9324317,kiemthugialap051@gmail.com,GET,/orders/me,10.111,200,ok,0,steady
1791234506.9327333,kiemthugialap062@gmail.com,GET,/orders/me,8.31,200,ok,0,steady
1791234506.9618454,kiemthugialap033@gmail.com,GET,/concerts,6.142,200,ok,0,steady
1791234506.9633157,kiemthugialap025@gmail.com,GET,/orders/me,8.867,200,ok,0,steady
1791234506.963671,kiemthugialap063@gmail.com,GET,/orders/me,7.654,200,ok,0,steady
1791234506.977159,kiemthugialap078@gmail.com,GET,/orders/me,5.279,200,ok,0,steady
1791234506.9980273,kiemthugialap021@gmail.com,GET,/concerts,4.194,200,ok,0,steady
1791234506.9990005,kiemthugialap085@gmail.com,GET,/orders/me,5.761,200,ok,0,steady
1791234507.0473175,kiemthugialap028@gmail.com,GET,/orders/me,8.123,200,ok,0,steady
1791234507.0492575,kiemthugialap050@gmail.com,GET,/orders/me,8.37,200,ok,0,steady
1791234507.055939,kiemthugialap037@gmail.com,GET,/orders/me,6.549,200,ok,0,steady
1791234507.0563006,kiemthugialap084@gmail.com,GET,/orders/me,8.583,200,ok,0,steady
1791234507.0566099,kiemthugialap081@gmail.com,GET,/orders/me,8.423,200,ok,0,steady
1791234507.0633261,kiemthugialap070@gmail.com,GET,/orders/me,6.069,200,ok,0,steady
1791234507.0637681,kiemthugialap060@gmail.com,GET,/concerts,8.521,200,ok,0,steady
1791234507.0642166,kiemthugialap004@gmail.com,GET,/orders/me,7.506,200,ok,0,steady
1791234507.0794654,kiemthugialap067@gmail.com,GET,/orders/me,8.105,200,ok,0,steady
1791234507.0833874,kiemthugialap045@gmail.com,GET,/orders/me,3.689,200,ok,0,steady
1791234507.091754,kiemthugialap041@gmail.com,GET,/concerts/{id},3.154,200,ok,0,steady
1791234507.1097448,kiemthugialap029@gmail.com,GET,/concerts?on_sale=true,3.611,200,ok,0,steady
1791234507.1132984,kiemthugialap093@gmail.com,GET,/concerts?on_sale=true,2.851,200,ok,0,steady
1791234507.1143491,kiemthugialap048@gmail.com,GET,/orders/me,4.465,200,ok,0,steady
1791234507.144668,kiemthugialap075@gmail.com,GET,/orders/me,6.133,200,ok,0,steady
1791234507.1450958,kiemthugialap090@gmail.com,GET,/orders/me,7.449,200,ok,0,steady
1791234507.160325,kiemthugialap022@gmail.com,GET,/orders/me,5.572,200,ok,0,steady
1791234507.1639729,kiemthugialap009@gmail.com,GET,/orders/me,3.445,200,ok,0,steady
1791234507.198555,kiemthugialap014@gmail.com,GET,/concerts,8.492,200,ok,0,steady
1791234507.1993754,kiemthugialap005@gmail.com,GET,/orders/me,10.809,200,ok,0,steady
1791234507.1997359,kiemthugialap003@gmail.com,GET,/orders/me,10.151,200,ok,0,steady
1791234507.2086816,kiemthugialap058@gmail.com,GET,/orders/me,4.461,200,ok,0,steady
1791234507.2306685,kiemthugialap016@gmail.com,GET,/concerts/{id},6.189,200,ok,0,steady
1791234507.2315679,kiemthugialap039@gmail.com,GET,/orders/me,6.279,200,ok,0,steady
1791234507.261731,kiemthugialap096@gmail.com,GET,/concerts/{id},4.353,200,ok,0,steady
1791234507.2628434,kiemthugialap017@gmail.com,GET,/orders/me,6.769,200,ok,0,steady
1791234507.2944298,kiemthugialap057@gmail.com,GET,/orders/me,5.982,200,ok,0,steady
1791234507.3119721,kiemthugialap065@gmail.com,GET,/orders/me,7.217,200,ok,0,steady
1791234507.3169417,kiemthugialap012@gmail.com,GET,/concerts?on_sale=true,4.508,200,ok,0,steady
1791234507.330222,kiemthugialap044@gmail.com,GET,/orders/me,6.485,200,ok,0,steady
1791234507.3803732,kiemthugialap076@gmail.com,GET,/orders/me,6.775,200,ok,0,steady
1791234507.3807821,kiemthugialap069@gmail.com,GET,/orders/me,8.309,200,ok,0,steady
1791234507.472718,kiemthugialap032@gmail.com,GET,/orders/me,17.975,200,ok,0,steady
1791234507.4732456,kiemthugialap027@gmail.com,GET,/concerts,13.78,200,ok,0,steady
1791234507.4736128,kiemthugialap056@gmail.com,GET,/concerts?on_sale=true,17.583,200,ok,0,steady
1791234507.4754462,kiemthugialap073@gmail.com,GET,/orders/me,18.646,200,ok,0,steady
1791234507.476813,kiemthugialap026@gmail.com,GET,/orders/me,21.298,200,ok,0,steady
1791234507.4774978,kiemthugialap040@gmail.com,GET,/orders/me,21.051,200,ok,0,steady
1791234507.4795568,kiemthugialap094@gmail.com,GET,/concerts,8.918,200,ok,0,steady
1791234507.5117776,kiemthugialap024@gmail.com,GET,/concerts/{id},6.265,200,ok,0,steady
1791234507.5129783,kiemthugialap080@gmail.com,GET,/orders/me,8.155,200,ok,0,steady
1791234507.527062,kiemthugialap031@gmail.com,GET,/orders/me,6.737,200,ok,0,steady
1791234507.530497,kiemthugialap095@gmail.com,GET,/concerts/{id},4.881,200,ok,0,steady
1791234507.5758307,kiemthugialap092@gmail.com,GET,/concerts/{id},4.749,200,ok,0,steady
1791234507.576805,kiemthugialap079@gmail.com,GET,/orders/me,6.242,200,ok,0,steady
1791234507.6093714,kiemthugialap071@gmail.com,GET,/orders/me,5.035,200,ok,0,steady
1791234507.6443613,kiemthugialap066@gmail.com,GET,/orders/me,6.527,200,ok,0,steady
1791234507.6617572,kiemthugialap068@gmail.com,GET,/orders/me,5.133,200,ok,0,steady
1791234507.698206,kiemthugialap067@gmail.com,GET,/concerts/{id},9.596,200,ok,0,steady
1791234507.6984718,kiemthugialap015@gmail.com,GET,/concerts/{id},8.734,200,ok,0,steady
1791234507.699314,kiemthugialap049@gmail.com,GET,/concerts/{id},9.315,200,ok,0,steady
1791234507.7001183,kiemthugialap100@gmail.com,GET,/concerts,8.374,200,ok,0,steady
1791234507.7011476,kiemthugialap036@gmail.com,GET,/concerts/{id},9.803,200,ok,0,steady
1791234507.701521,kiemthugialap018@gmail.com,GET,/orders/me,12.114,200,ok,0,steady
1791234507.7037609,kiemthugialap089@gmail.com,GET,/orders/me,3.508,200,ok,0,steady
1791234507.7279887,kiemthugialap099@gmail.com,GET,/concerts,4.55,200,ok,0,steady
1791234507.7290206,kiemthugialap053@gmail.com,GET,/orders/me,6.752,200,ok,0,steady
1791234507.7473533,kiemthugialap086@gmail.com,GET,/concerts/{id},3.553,200,ok,0,steady
1791234507.7515833,kiemthugialap052@gmail.com,GET,/concerts?on_sale=true,4.078,200,ok,0,steady
1791234507.7527688,kiemthugialap001@gmail.com,GET,/orders/me,4.943,200,ok,0,steady
1791234507.7799907,kiemthugialap046@gmail.com,GET,/concerts?on_sale=true,5.935,200,ok,0,steady
1791234507.7810202,kiemthugialap007@gmail.com,GET,/concerts/{id},8.217,200,ok,0,steady
1791234507.7822776,kiemthugialap072@gmail.com,GET,/orders/me,9.788,200,ok,0,steady
1791234507.7826426,kiemthugialap087@gmail.com,GET,/orders/me,11.183,200,ok,0,steady
1791234507.7852616,kiemthugialap030@gmail.com,GET,/orders/me,5.115,200,ok,0,steady
1791234507.7920873,kiemthugialap061@gmail.com,GET,/orders/me,3.143,200,ok,0,steady
1791234507.815131,kiemthugialap085@gmail.com,GET,/orders/me,5.676,200,ok,0,steady
1791234507.8202722,kiemthugialap074@gmail.com,GET,/orders/me,4.988,200,ok,0,steady
1791234507.82064,kiemthugialap025@gmail.com,GET,/orders/me,5.057,200,ok,0,steady
1791234507.8234286,kiemthugialap006@gmail.com,GET,/orders/me,2.68,200,ok,0,steady
1791234507.850169,kiemthugialap013@gmail.com,GET,/concerts/{id},3.407,200,ok,0,steady
1791234507.8827553,kiemthugialap019@gmail.com,GET,/orders/me,6.067,200,ok,0,steady
1791234507.931776,kiemthugialap010@gmail.com,GET,/concerts,5.74,200,ok,0,steady
1791234507.9327471,kiemthugialap028@gmail.com,GET,/orders/me,5.441,200,ok,0,steady
1791234507.948721,kiemthugialap038@gmail.com,GET,/orders/me,6.351,200,ok,0,steady
1791234507.969373,kiemthugialap020@gmail.com,GET,/concerts,6.732,200,ok,0,steady
1791234507.9704409,kiemthugialap008@gmail.com,GET,/concerts/{id},9.098,200,ok,0,steady
1791234507.9707887,kiemthugialap035@gmail.com,GET,/concerts?on_sale=true,8.574,200,ok,0,steady
1791234507.9712908,kiemthugialap098@gmail.com,GET,/orders/me,7.365,200,ok,0,steady
1791234507.9733381,kiemthugialap041@gmail.com,GET,/orders/me,3.789,200,ok,0,steady
1791234507.9992378,kiemthugialap051@gmail.com,GET,/concerts,6.3,200,ok,0,steady
1791234508.0003371,kiemthugialap011@gmail.com,GET,/orders/me,6.24,200,ok,0,steady
1791234508.0124037,kiemthugialap081@gmail.com,GET,/concerts/{id},3.763,200,ok,0,steady
1791234508.0149457,kiemthugialap045@gmail.com,GET,/concerts,2.397,200,ok,0,steady
1791234508.056159,kiemthugialap039@gmail.com,GET,/concerts/{id},8.905,200,ok,0,steady
1791234508.0581417,kiemthugialap080@gmail.com,GET,/orders/me,9.47,200,ok,0,steady
1791234508.0587645,kiemthugialap042@gmail.com,GET,/orders/me,10.357,200,ok,0,steady
1791234508.0591953,kiemthugialap083@gmail.com,GET,/orders/me,9.645,200,ok,0,steady
1791234508.0696669,kiemthugialap050@gmail.com,GET,/orders/me,5.052,200,ok,0,steady
1791234508.1045573,kiemthugialap048@gmail.com,GET,/orders/me,6.647,200,ok,0,steady
1791234508.1204457,kiemthugialap002@gmail.com,GET,/orders/me,7.661,200,ok,0,steady
1791234508.121757,kiemthugialap094@gmail.com,GET,/orders/me,7.726,200,ok,0,steady
1791234508.1241622,kiemthugialap033@gmail.com,GET,/orders/me,3.498,200,ok,0,steady
1791234508.139848,kiemthugialap064@gmail.com,GET,/orders/me,4.983,200,ok,0,steady
1791234508.1432416,kiemthugialap077@gmail.com,GET,/orders/me,3.184,200,ok,0,steady
1791234508.1584544,kiemthugialap021@gmail.com,GET,/orders/me,6.703,200,ok,0,steady
1791234508.1589048,kiemthugialap047@gmail.com,GET,/concerts?on_sale=true,8.113,200,ok,0,steady
1791234508.1934865,kiemthugialap054@gmail.com,GET,/orders/me,25.168,200,ok,0,steady
1791234508.194027,kiemthugialap082@gmail.com,GET,/orders/me,24.253,200,ok,0,steady
1791234508.194459,kiemthugialap060@gmail.com,GET,/orders/me,25.274,200,ok,0,steady
1791234508.1948223,kiemthugialap004@gmail.com,GET,/concerts,11.042,200,ok,0,steady
1791234508.1956542,kiemthugialap088@gmail.com,GET,/orders/me,10.708,200,ok,0,steady
1791234508.2217822,kiemthugialap024@gmail.com,GET,/concerts,3.739,200,ok,0,steady
1791234508.241183,kiemthugialap034@gmail.com,GET,/orders/me,5.489,200,ok,0,steady
1791234508.241739,kiemthugialap059@gmail.com,GET,/orders/me,7.195,200,ok,0,steady
1791234508.2565637,kiemthugialap057@gmail.com,GET,/orders/me,6.115,200,ok,0,steady
1791234508.2729735,kiemthugialap090@gmail.com,GET,/concerts?on_sale=true,3.437,200,ok,0,steady
1791234508.309577,kiemthugialap099@gmail.com,GET,/orders/me,7.571,200,ok,0,steady
1791234508.310028,kiemthugialap092@gmail.com,GET,/orders/me,6.946,200,ok,0,steady
1791234508.3239582,kiemthugialap062@gmail.com,GET,/concerts?on_sale=true,5.644,200,ok,0,steady
1791234508.3714383,kiemthugialap091@gmail.com,GET,/concerts/{id},4.187,200,ok,0,steady
1791234508.423466,kiemthugialap075@gmail.com,GET,/orders/me,5.004,200,ok,0,steady
1791234508.4558785,kiemthugialap043@gmail.com,GET,/concerts,3.678,200,ok,0,steady
1791234508.477601,kiemthugialap031@gmail.com,GET,/orders/me,4.835,200,ok,0,steady
1791234508.5065014,kiemthugialap017@gmail.com,GET,/orders/me,5.114,200,ok,0,steady
1791234508.5449357,kiemthugialap096@gmail.com,GET,/concerts?on_sale=true,8.106,200,ok,0,steady
1791234508.5467489,kiemthugialap055@gmail.com,GET,/orders/me,10.386,200,ok,0,steady
1791234508.548497,kiemthugialap023@gmail.com,GET,/orders/me,13.151,200,ok,0,steady
1791234508.5538523,kiemthugialap016@gmail.com,GET,/orders/me,5.207,200,ok,0,steady
1791234508.5548851,kiemthugialap065@gmail.com,GET,/concerts?on_sale=true,3.619,200,ok,0,steady
1791234508.5785244,kiemthugialap073@gmail.com,GET,/concerts?on_sale=true,10.129,200,ok,0,steady
1791234508.579047,kiemthugialap071@gmail.com,GET,/concerts/{id},8.255,200,ok,0,steady
1791234508.5795293,kiemthugialap056@gmail.com,GET,/orders/me,9.264,200,ok,0,steady
1791234508.6398942,kiemthugialap007@gmail.com,GET,/orders/me,47.623,200,ok,0,steady
1791234508.6404707,kiemthugialap014@gmail.com,GET,/orders/me,50.497,200,ok,0,steady
1791234508.640948,kiemthugialap045@gmail.com,GET,/orders/me,49.86,200,ok,0,steady
1791234508.641682,kiemthugialap078@gmail.com,GET,/orders/me,50.118,200,ok,0,steady
1791234508.6439514,kiemthugialap097@gmail.com,GET,/concerts?on_sale=true,10.094,200,ok,0,steady
1791234508.6455207,kiemthugialap015@gmail.com,GET,/orders/me,10.129,200,ok,0,steady
1791234508.657646,kiemthugialap076@gmail.com,GET,/concerts/{id},5.698,200,ok,0,steady
1791234508.6589172,kiemthugialap053@gmail.com,GET,/concerts?on_sale=true,7.337,200,ok,0,steady
1791234508.659857,kiemthugialap003@gmail.com,GET,/orders/me,9.366,200,ok,0,steady
1791234508.6634893,kiemthugialap042@gmail.com,GET,/orders/me,4.427,200,ok,0,steady
1791234508.6638997,kiemthugialap058@gmail.com,GET,/orders/me,6.077,200,ok,0,steady
1791234508.6936758,kiemthugialap009@gmail.com,GET,/orders/me,9.849,200,ok,0,steady
1791234508.6942067,kiemthugialap095@gmail.com,GET,/orders/me,9.816,200,ok,0,steady
1791234508.6946104,kiemthugialap067@gmail.com,GET,/orders/me,9.343,200,ok,0,steady
1791234508.6992166,kiemthugialap008@gmail.com,GET,/orders/me,4.447,200,ok,0,steady
1791234508.7052696,kiemthugialap005@gmail.com,GET,/orders/me,5.844,200,ok,0,steady
1791234508.7215576,kiemthugialap040@gmail.com,GET,/concerts,4.555,200,ok,0,steady
1791234508.7415097,kiemthugialap070@gmail.com,GET,/orders/me,5.795,200,ok,0,steady
1791234508.742215,kiemthugialap066@gmail.com,GET,/orders/me,7.537,200,ok,0,steady
1791234508.7447104,kiemthugialap035@gmail.com,GET,/concerts?on_sale=true,2.381,200,ok,0,steady
1791234508.7732105,kiemthugialap061@gmail.com,GET,/orders/me,5.947,200,ok,0,steady
1791234508.8229384,kiemthugialap100@gmail.com,GET,/orders/me,4.183,200,ok,0,steady
1791234508.8260672,kiemthugialap047@gmail.com,GET,/orders/me,2.988,200,ok,0,steady
1791234508.838579,kiemthugialap048@gmail.com,GET,/orders/me,5.092,200,ok,0,steady
1791234508.911743,kiemthugialap093@gmail.com,GET,/concerts?on_sale=true,9.519,200,ok,0,steady
1791234508.9132643,kiemthugialap022@gmail.com,GET,/concerts,11.406,200,ok,0,steady
1791234508.9134245,kiemthugialap046@gmail.com,GET,/concerts/{id},10.648,200,ok,0,steady
1791234508.9145188,kiemthugialap063@gmail.com,GET,/orders/me,12.042,200,ok,0,steady
1791234508.9148622,kiemthugialap027@gmail.com,GET,/orders/me,14.253,200,ok,0,steady
1791234508.916961,kiemthugialap006@gmail.com,GET,/orders/me,5.029,200,ok,0,steady
1791234508.9297686,kiemthugialap033@gmail.com,GET,/orders/me,6.477,200,ok,0,steady
1791234508.9358377,kiemthugialap029@gmail.com,GET,/orders/me,5.84,200,ok,0,steady
1791234508.9363544,kiemthugialap020@gmail.com,GET,/orders/me,5.939,200,ok,0,steady
1791234508.9908428,kiemthugialap037@gmail.com,GET,/concerts,4.98,200,ok,0,steady
1791234508.9921064,kiemthugialap098@gmail.com,GET,/orders/me,7.952,200,ok,0,steady
1791234508.9952505,kiemthugialap032@gmail.com,GET,/orders/me,4.247,200,ok,0,steady
1791234508.9982738,kiemthugialap019@gmail.com,GET,/orders/me,2.875,200,ok,0,steady
1791234509.0403497,kiemthugialap084@gmail.com,GET,/orders/me,22.569,200,ok,0,steady
1791234509.0407605,kiemthugialap072@gmail.com,GET,/orders/me,22.345,200,ok,0,steady
1791234509.0569258,kiemthugialap018@gmail.com,GET,/orders/me,5.148,200,ok,0,steady
1791234509.0721412,kiemthugialap074@gmail.com,GET,/concerts/{id},4.314,200,ok,0,steady
1791234509.1076024,kiemthugialap090@gmail.com,GET,/concerts/{id},6.137,200,ok,0,steady
1791234509.108562,kiemthugialap012@gmail.com,GET,/orders/me,6.188,200,ok,0,steady
1791234509.1227717,kiemthugialap060@gmail.com,GET,/concerts,4.106,200,ok,0,steady
1791234509.1398938,kiemthugialap055@gmail.com,GET,/concerts,3.494,200,ok,0,steady
1791234509.157553,kiemthugialap044@gmail.com,GET,/orders/me,5.18,200,ok,0,steady
1791234509.22869,kiemthugialap062@gmail.com,GET,/orders/me,9.356,200,ok,0,steady
1791234509.2302947,kiemthugialap076@gmail.com,GET,/orders/me,12.125,200,ok,0,steady
1791234509.2306366,kiemthugialap094@gmail.com,GET,/orders/me,13.874,200,ok,0,steady
1791234509.231832,kiemthugialap054@gmail.com,GET,/concerts?on_sale=true,2.875,200,ok,0,steady
1791234509.2406726,kiemthugialap057@gmail.com,GET,/orders/me,5.279,200,ok,0,steady
1791234509.2749772,kiemthugialap013@gmail.com,GET,/concerts,5.423,200,ok,0,steady
1791234509.2769387,kiemthugialap038@gmail.com,GET,/concerts/{id},8.931,200,ok,0,steady
1791234509.277291,kiemthugialap069@gmail.com,GET,/orders/me,8.19,200,ok,0,steady
1791234509.2793047,kiemthugialap026@gmail.com,GET,/concerts?on_sale=true,4.143,200,ok,0,steady
1791234509.2804239,kiemthugialap051@gmail.com,GET,/orders/me,4.786,200,ok,0,steady
1791234509.3244128,kiemthugialap030@gmail.com,GET,/concerts/{id},5.093,200,ok,0,steady
1791234509.3254626,kiemthugialap036@gmail.com,GET,/orders/me,7.303,200,ok,0,steady
1791234509.3435786,kiemthugialap028@gmail.com,GET,/orders/me,4.534,200,ok,0,steady
1791234509.356991,kiemthugialap045@gmail.com,GET,/orders/me,4.479,200,ok,0,steady
1791234509.414211,kiemthugialap047@gmail.com,GET,/orders/me,6.028,200,ok,0,steady
1791234509.424067,kiemthugialap043@gmail.com,GET,/orders/me,5.294,200,ok,0,steady
1791234509.4299667,kiemthugialap064@gmail.com,GET,/orders/me,5.688,200,ok,0,steady
1791234509.4303267,kiemthugialap021@gmail.com,GET,/orders/me,5.603,200,ok,0,steady
1791234509.4494853,kiemthugialap002@gmail.com,GET,/orders/me,5.419,200,ok,0,steady
1791234509.4563324,kiemthugialap007@gmail.com,GET,/concerts/{id},6.053,200,ok,0,steady
1791234509.4568357,kiemthugialap020@gmail.com,GET,/concerts?on_sale=true,7.119,200,ok,0,steady
1791234509.4727936,kiemthugialap079@gmail.com,GET,/orders/me,5.017,200,ok,0,steady
1791234509.4898915,kiemthugialap083@gmail.com,GET,/orders/me,6.516,200,ok,0,steady
1791234509.4903166,kiemthugialap088@gmail.com,GET,/orders/me,5.944,200,ok,0,steady
1791234509.505263,kiemthugialap085@gmail.com,GET,/orders/me,4.809,200,ok,0,steady
1791234509.5232635,kiemthugialap096@gmail.com,GET,/orders/me,4.628,200,ok,0,steady
1791234509.559249,kiemthugialap019@gmail.com,GET,/concerts?on_sale=true,8.708,200,ok,0,steady
1791234509.5608695,kiemthugialap052@gmail.com,GET,/orders/me,9.843,200,ok,0,steady
1791234509.5614543,kiemthugialap087@gmail.com,GET,/orders/me,9.945,200,ok,0,steady
1791234509.5619211,kiemthugialap086@gmail.com,GET,/orders/me,10.643,200,ok,0,steady
1791234509.5981324,kiemthugialap025@gmail.com,GET,/concerts,12.876,200,ok,0,steady
1791234509.5997155,kiemthugialap041@gmail.com,GET,/concerts/{id},11.48,200,ok,0,steady
1791234509.6000662,kiemthugialap080@gmail.com,GET,/concerts?on_sale=true,13.267,200,ok,0,steady
1791234509.6010716,kiemthugialap068@gmail.com,GET,/orders/me,14.918,200,ok,0,steady
1791234509.6020534,kiemthugialap011@gmail.com,GET,/orders/me,13.528,200,ok,0,steady
1791234509.6025136,kiemthugialap005@gmail.com,GET,/orders/me,16.01,200,ok,0,steady
1791234509.6066039,kiemthugialap100@gmail.com,GET,/concerts,7.944,200,ok,0,steady
1791234509.6073058,kiemthugialap089@gmail.com,GET,/orders/me,9.004,200,ok,0,steady
1791234509.607686,kiemthugialap063@gmail.com,GET,/concerts,7.51,200,ok,0,steady
1791234509.6263602,kiemthugialap091@gmail.com,GET,/orders/me,7.955,200,ok,0,steady
1791234509.626908,kiemthugialap050@gmail.com,GET,/orders/me,7.49,200,ok,0,steady
1791234509.6752927,kiemthugialap024@gmail.com,GET,/orders/me,5.86,200,ok,0,steady
1791234509.6836176,kiemthugialap017@gmail.com,GET,/orders/me,7.601,200,ok,0,steady
1791234509.6842957,kiemthugialap049@gmail.com,GET,/orders/me,8.755,200,ok,0,steady
1791234509.6847265,kiemthugialap067@gmail.com,GET,/orders/me,8.469,200,ok,0,steady
1791234509.7087758,kiemthugialap033@gmail.com,GET,/concerts/{id},6.25,200,ok,0,steady
1791234509.7091794,kiemthugialap056@gmail.com,GET,/concerts/{id},6.338,200,ok,0,steady
1791234509.7095907,kiemthugialap081@gmail.com,GET,/orders/me,7.843,200,ok,0,steady
1791234509.7416244,kiemthugialap027@gmail.com,GET,/orders/me,6.771,200,ok,0,steady
1791234509.7443209,kiemthugialap076@gmail.com,GET,/concerts?on_sale=true,2.536,200,ok,0,steady
1791234509.7477603,kiemthugialap001@gmail.com,GET,/orders/me,3.286,200,ok,0,steady
1791234509.774215,kiemthugialap090@gmail.com,GET,/orders/me,6.973,200,ok,0,steady
1791234509.7891722,kiemthugialap065@gmail.com,GET,/concerts/{id},4.313,200,ok,0,steady
1791234509.793307,kiemthugialap010@gmail.com,GET,/orders/me,3.93,200,ok,0,steady
1791234509.8400226,kiemthugialap082@gmail.com,GET,/concerts,6.143,200,ok,0,steady
1791234509.8467305,kiemthugialap003@gmail.com,GET,/concerts?on_sale=true,5.904,200,ok,0,steady
1791234509.8480563,kiemthugialap061@gmail.com,GET,/orders/me,7.781,200,ok,0,steady
1791234509.8747134,kiemthugialap029@gmail.com,GET,/orders/me,7.601,200,ok,0,steady
1791234509.8807855,kiemthugialap073@gmail.com,GET,/orders/me,7.825,200,ok,0,steady
1791234509.8813477,kiemthugialap058@gmail.com,GET,/orders/me,6.451,200,ok,0,steady
1791234509.8849826,kiemthugialap051@gmail.com,GET,/concerts/{id},3.454,200,ok,0,steady
1791234509.8914595,kiemthugialap034@gmail.com,GET,/orders/me,6.269,200,ok,0,steady
1791234509.9235592,kiemthugialap039@gmail.com,GET,/orders/me,7.357,200,ok,0,steady
1791234509.92508,kiemthugialap009@gmail.com,GET,/orders/me,8.435,200,ok,0,steady
1791234509.9277644,kiemthugialap004@gmail.com,GET,/orders/me,3.946,200,ok,0,steady
1791234509.9370134,kiemthugialap059@gmail.com,GET,/concerts,3.348,200,ok,0,steady
1791234509.9591484,kiemthugialap028@gmail.com,GET,/concerts/{id},6.771,200,ok,0,steady
1791234509.9616563,kiemthugialap097@gmail.com,GET,/orders/me,8.91,200,ok,0,steady
1791234509.9620266,kiemthugialap077@gmail.com,GET,/orders/me,11.213,200,ok,0,steady
1791234509.9630706,kiemthugialap022@gmail.com,GET,/orders/me,11.318,200,ok,0,steady
1791234509.9644198,kiemthugialap016@gmail.com,GET,/orders/me,5.092,200,ok,0,steady
1791234510.0740235,kiemthugialap037@gmail.com,GET,/orders/me,5.278,200,ok,0,steady
1791234510.0906699,kiemthugialap099@gmail.com,GET,/orders/me,5.663,200,ok,0,steady
1791234510.1258729,kiemthugialap006@gmail.com,GET,/concerts?on_sale=true,6.227,200,ok,0,steady
1791234510.1270444,kiemthugialap044@gmail.com,GET,/orders/me,8.521,200,ok,0,steady
1791234510.139936,kiemthugialap100@gmail.com,GET,/orders/me,5.266,200,ok,0,steady
1791234510.1437488,kiemthugialap066@gmail.com,GET,/orders/me,3.587,200,ok,0,steady
1791234510.1964138,kiemthugialap031@gmail.com,GET,/orders/me,7.231,200,ok,0,steady
1791234510.1969125,kiemthugialap035@gmail.com,GET,/orders/me,9.2,200,ok,0,steady
1791234510.197229,kiemthugialap055@gmail.com,GET,/orders/me,10.691,200,ok,0,steady
1791234510.2422144,kiemthugialap018@gmail.com,GET,/concerts?on_sale=true,7.612,200,ok,0,steady
1791234510.2438343,kiemthugialap054@gmail.com,GET,/orders/me,7.994,200,ok,0,steady
1791234510.2449133,kiemthugialap021@gmail.com,GET,/orders/me,7.838,200,ok,0,steady
1791234510.2485096,kiemthugialap092@gmail.com,GET,/orders/me,6.11,200,ok,0,steady
1791234510.2499979,kiemthugialap014@gmail.com,GET,/orders/me,7.25,200,ok,0,steady
1791234510.259716,kiemthugialap030@gmail.com,GET,/orders/me,10.968,200,ok,0,steady
1791234510.2603652,kiemthugialap071@gmail.com,GET,/orders/me,11.316,200,ok,0,steady
1791234510.2744517,kiemthugialap052@gmail.com,GET,/concerts?on_sale=true,6.585,200,ok,0,steady
1791234510.2757735,kiemthugialap083@gmail.com,GET,/orders/me,9.234,200,ok,0,steady
1791234510.2781742,kiemthugialap078@gmail.com,GET,/orders/me,3.52,200,ok,0,steady
1791234510.2897537,kiemthugialap027@gmail.com,GET,/orders/me,5.779,200,ok,0,steady
1791234510.3115451,kiemthugialap075@gmail.com,GET,/orders/me,9.071,200,ok,0,steady
1791234510.3131711,kiemthugialap002@gmail.com,GET,/orders/me,9.714,200,ok,0,steady
1791234510.3135173,kiemthugialap015@gmail.com,GET,/orders/me,12.059,200,ok,0,steady
1791234510.3165495,kiemthugialap043@gmail.com,GET,/orders/me,4.735,200,ok,0,steady
1791234510.3177116,kiemthugialap042@gmail.com,GET,/orders/me,4.085,200,ok,0,steady
1791234510.339969,kiemthugialap019@gmail.com,GET,/concerts,5.846,200,ok,0,steady
1791234510.3757043,kiemthugialap095@gmail.com,GET,/concerts?on_sale=true,5.536,200,ok,0,steady
1791234510.3760555,kiemthugialap012@gmail.com,GET,/concerts/{id},7.693,200,ok,0,steady
1791234510.3769562,kiemthugialap088@gmail.com,GET,/orders/me,7.216,200,ok,0,steady
1791234510.3893507,kiemthugialap033@gmail.com,GET,/concerts/{id},4.194,200,ok,0,steady
1791234510.412429,kiemthugialap046@gmail.com,GET,/concerts?on_sale=true,9.307,200,ok,0,steady
1791234510.4139013,kiemthugialap076@gmail.com,GET,/orders/me,9.611,200,ok,0,steady
1791234510.4142494,kiemthugialap096@gmail.com,GET,/orders/me,12.602,200,ok,0,steady
1791234510.4145625,kiemthugialap091@gmail.com,GET,/orders/me,11.879,200,ok,0,steady
1791234510.4163454,kiemthugialap008@gmail.com,GET,/orders/me,3.681,200,ok,0,steady
1791234510.4603758,kiemthugialap013@gmail.com,GET,/orders/me,24.562,200,ok,0,steady
1791234510.4608407,kiemthugialap069@gmail.com,GET,/orders/me,26.063,200,ok,0,steady
1791234510.4620655,kiemthugialap056@gmail.com,GET,/orders/me,10.736,200,ok,0,steady
1791234510.4624064,kiemthugialap053@gmail.com,GET,/orders/me,9.561,200,ok,0,steady
1791234510.4935832,kiemthugialap040@gmail.com,GET,/orders/me,8.282,200,ok,0,steady
1791234510.494069,kiemthugialap070@gmail.com,GET,/orders/me,7.682,200,ok,0,steady
1791234510.5280523,kiemthugialap023@gmail.com,GET,/concerts,7.025,200,ok,0,steady
1791234510.5308409,kiemthugialap029@gmail.com,GET,/orders/me,10.199,200,ok,0,steady
1791234510.531217,kiemthugialap001@gmail.com,GET,/orders/me,10.95,200,ok,0,steady
1791234510.5318289,kiemthugialap098@gmail.com,GET,/orders/me,12.17,200,ok,0,steady
1791234510.5337903,kiemthugialap057@gmail.com,GET,/orders/me,5.516,200,ok,0,steady
1791234510.5570269,kiemthugialap007@gmail.com,GET,/concerts?on_sale=true,6.467,200,ok,0,steady
1791234510.5615323,kiemthugialap041@gmail.com,GET,/orders/me,4.25,200,ok,0,steady
1791234510.5725684,kiemthugialap074@gmail.com,GET,/orders/me,5.358,200,ok,0,steady
1791234510.5898502,kiemthugialap045@gmail.com,GET,/orders/me,5.337,200,ok,0,steady
1791234510.6243055,kiemthugialap048@gmail.com,GET,/orders/me,5.973,200,ok,0,steady
1791234510.6408105,kiemthugialap084@gmail.com,GET,/concerts?on_sale=true,4.321,200,ok,0,steady
1791234510.6731598,kiemthugialap068@gmail.com,GET,/concerts?on_sale=true,4.697,200,ok,0,steady
1791234510.6743538,kiemthugialap099@gmail.com,GET,/orders/me,6.892,200,ok,0,steady
1791234510.6767323,kiemthugialap026@gmail.com,GET,/orders/me,3.428,200,ok,0,steady
1791234510.691231,kiemthugialap005@gmail.com,GET,/orders/me,6.565,200,ok,0,steady
1791234510.691646,kiemthugialap093@gmail.com,GET,/orders/me,5.513,200,ok,0,steady
1791234510.6955833,kiemthugialap086@gmail.com,GET,/orders/me,3.827,200,ok,0,steady
1791234510.6966774,kiemthugialap077@gmail.com,GET,/orders/me,4.337,200,ok,0,steady
1791234510.7058923,kiemthugialap085@gmail.com,GET,/orders/me,5.814,200,ok,0,steady
1791234510.7445111,kiemthugialap047@gmail.com,GET,/concerts/{id},6.917,200,ok,0,steady
1791234510.7460098,kiemthugialap080@gmail.com,GET,/orders/me,9.583,200,ok,0,steady
1791234510.746379,kiemthugialap067@gmail.com,GET,/orders/me,8.273,200,ok,0,steady
1791234510.7721143,kiemthugialap011@gmail.com,GET,/concerts?on_sale=true,4.25,200,ok,0,steady
1791234510.7923777,kiemthugialap030@gmail.com,GET,/orders/me,7.123,200,ok,0,steady
1791234510.793069,kiemthugialap032@gmail.com,GET,/orders/me,6.192,200,ok,0,steady
1791234510.8382568,kiemthugialap090@gmail.com,GET,/concerts/{id},19.188,200,ok,0,steady
1791234510.8430736,kiemthugialap036@gmail.com,GET,/orders/me,24.919,200,ok,0,steady
1791234510.843827,kiemthugialap009@gmail.com,GET,/orders/me,24.461,200,ok,0,steady
1791234510.844266,kiemthugialap044@gmail.com,GET,/orders/me,24.669,200,ok,0,steady
1791234510.8447294,kiemthugialap052@gmail.com,GET,/concerts/{id},9.097,200,ok,0,steady
1791234510.8623726,kiemthugialap087@gmail.com,GET,/orders/me,8.063,200,ok,0,steady
1791234510.8627763,kiemthugialap006@gmail.com,GET,/orders/me,10.015,200,ok,0,steady
1791234510.863696,kiemthugialap075@gmail.com,GET,/orders/me,12.29,200,ok,0,steady
1791234510.865665,kiemthugialap015@gmail.com,GET,/orders/me,2.778,200,ok,0,steady
1791234510.9078684,kiemthugialap065@gmail.com,GET,/concerts?on_sale=true,5.888,200,ok,0,steady
1791234510.90903,kiemthugialap082@gmail.com,GET,/orders/me,8.404,200,ok,0,steady
1791234510.9562707,kiemthugialap062@gmail.com,GET,/orders/me,5.748,200,ok,0,steady
1791234510.975162,kiemthugialap072@gmail.com,GET,/orders/me,6.41,200,ok,0,steady
1791234511.0074008,kiemthugialap024@gmail.com,GET,/orders/me,6.564,200,ok,0,steady
1791234511.027029,kiemthugialap094@gmail.com,GET,/orders/me,9.809,200,ok,0,steady
1791234511.0284631,kiemthugialap022@gmail.com,GET,/orders/me,9.748,200,ok,0,steady
1791234511.0303414,kiemthugialap088@gmail.com,GET,/concerts?on_sale=true,3.073,200,ok,0,steady
1791234511.0894706,kiemthugialap051@gmail.com,GET,/orders/me,5.683,200,ok,0,steady
1791234511.1042745,kiemthugialap060@gmail.com,GET,/concerts?on_sale=true,3.717,200,ok,0,steady
1791234511.142324,kiemthugialap010@gmail.com,GET,/concerts,8.368,200,ok,0,steady
1791234511.1435416,kiemthugialap021@gmail.com,GET,/orders/me,8.565,200,ok,0,steady
1791234511.146967,kiemthugialap081@gmail.com,GET,/orders/me,3.293,200,ok,0,steady
1791234511.1739478,kiemthugialap071@gmail.com,GET,/orders/me,6.304,200,ok,0,steady
1791234511.2067797,kiemthugialap061@gmail.com,GET,/orders/me,6.144,200,ok,0,steady
1791234511.22383,kiemthugialap038@gmail.com,GET,/orders/me,5.651,200,ok,0,steady
1791234511.2396438,kiemthugialap049@gmail.com,GET,/concerts?on_sale=true,4.133,200,ok,0,steady
1791234511.257158,kiemthugialap058@gmail.com,GET,/orders/me,4.191,200,ok,0,steady
1791234511.2749422,kiemthugialap089@gmail.com,GET,/orders/me,6.016,200,ok,0,steady
1791234511.276399,kiemthugialap028@gmail.com,GET,/orders/me,6.297,200,ok,0,steady
1791234511.2797432,kiemthugialap064@gmail.com,GET,/orders/me,4.662,200,ok,0,steady
1791234511.280069,kiemthugialap067@gmail.com,GET,/orders/me,4.627,200,ok,0,steady
1791234511.3070598,kiemthugialap063@gmail.com,GET,/concerts/{id},4.871,200,ok,0,steady
1791234511.3416,kiemthugialap079@gmail.com,GET,/concerts?on_sale=true,4.766,200,ok,0,steady
1791234511.3428895,kiemthugialap013@gmail.com,GET,/orders/me,6.948,200,ok,0,steady
1791234511.345168,kiemthugialap055@gmail.com,GET,/concerts,3.436,200,ok,0,steady
1791234511.3461795,kiemthugialap091@gmail.com,GET,/orders/me,3.948,200,ok,0,steady
1791234511.3547013,kiemthugialap097@gmail.com,GET,/concerts,3.149,200,ok,0,steady
1791234511.3920572,kiemthugialap017@gmail.com,GET,/orders/me,6.251,200,ok,0,steady
1791234511.424206,kiemthugialap046@gmail.com,GET,/concerts?on_sale=true,6.44,200,ok,0,steady
1791234511.4247537,kiemthugialap020@gmail.com,GET,/concerts,6.148,200,ok,0,steady
1791234511.4256103,kiemthugialap037@gmail.com,GET,/orders/me,7.272,200,ok,0,steady
1791234511.441429,kiemthugialap008@gmail.com,GET,/concerts?on_sale=true,7.351,200,ok,0,steady
1791234511.4424093,kiemthugialap034@gmail.com,GET,/orders/me,6.626,200,ok,0,steady
1791234511.49199,kiemthugialap093@gmail.com,GET,/orders/me,5.983,200,ok,0,steady
1791234511.492387,kiemthugialap025@gmail.com,GET,/orders/me,5.164,200,ok,0,steady
1791234511.5074997,kiemthugialap019@gmail.com,GET,/concerts,4.67,200,ok,0,steady
1791234511.5083227,kiemthugialap023@gmail.com,GET,/concerts/{id},6.789,200,ok,0,steady
1791234511.509487,kiemthugialap027@gmail.com,GET,/orders/me,6.101,200,ok,0,steady
1791234511.511548,kiemthugialap057@gmail.com,GET,/concerts,1.933,200,ok,0,steady
1791234511.5402954,kiemthugialap059@gmail.com,GET,/orders/me,5.472,200,ok,0,steady
1791234511.5593455,kiemthugialap007@gmail.com,GET,/orders/me,6.049,200,ok,0,steady
1791234511.5597274,kiemthugialap005@gmail.com,GET,/orders/me,7.533,200,ok,0,steady
1791234511.59192,kiemthugialap042@gmail.com,GET,/concerts/{id},6.905,200,ok,0,steady
1791234511.59331,kiemthugialap088@gmail.com,GET,/orders/me,9.324,200,ok,0,steady
1791234511.594645,kiemthugialap052@gmail.com,GET,/concerts,2.432,200,ok,0,steady
1791234511.6061244,kiemthugialap050@gmail.com,GET,/orders/me,4.447,200,ok,0,steady
1791234511.6564472,kiemthugialap070@gmail.com,GET,/concerts?on_sale=true,4.62,200,ok,0,steady
1791234511.674369,kiemthugialap092@gmail.com,GET,/orders/me,5.864,200,ok,0,steady
1791234511.6909804,kiemthugialap031@gmail.com,GET,/concerts/{id},3.801,200,ok,0,steady
1791234511.7088022,kiemthugialap036@gmail.com,GET,/orders/me,6.112,200,ok,0,steady
1791234511.7092495,kiemthugialap100@gmail.com,GET,/orders/me,7.16,200,ok,0,steady
1791234511.73989,kiemthugialap083@gmail.com,GET,/concerts,4.218,200,ok,0,steady
1791234511.7572443,kiemthugialap073@gmail.com,GET,/concerts/{id},5.106,200,ok,0,steady
1791234511.7604024,kiemthugialap051@gmail.com,GET,/orders/me,2.989,200,ok,0,steady
1791234511.793082,kiemthugialap003@gmail.com,GET,/concerts?on_sale=true,6.446,200,ok,0,steady
1791234511.7937481,kiemthugialap049@gmail.com,GET,/concerts?on_sale=true,6.514,200,ok,0,steady
1791234511.7974691,kiemthugialap024@gmail.com,GET,/concerts?on_sale=true,3.491,200,ok,0,steady
1791234511.8246918,kiemthugialap068@gmail.com,GET,/concerts,6.534,200,ok,0,steady
1791234511.8274338,kiemthugialap087@gmail.com,GET,/orders/me,8.206,200,ok,0,steady
1791234511.8319843,kiemthugialap039@gmail.com,GET,/orders/me,7.147,200,ok,0,steady
1791234511.832898,kiemthugialap098@gmail.com,GET,/concerts,7.256,200,ok,0,steady
1791234511.8332245,kiemthugialap099@gmail.com,GET,/concerts,5.678,200,ok,0,steady
1791234511.8353386,kiemthugialap004@gmail.com,GET,/orders/me,9.943,200,ok,0,steady
1791234511.8406258,kiemthugialap032@gmail.com,GET,/orders/me,8.486,200,ok,0,steady
1791234511.8417323,kiemthugialap001@gmail.com,GET,/orders/me,6.197,200,ok,0,steady
1791234511.8730316,kiemthugialap022@gmail.com,GET,/concerts?on_sale=true,4.282,200,ok,0,steady
1791234511.8908598,kiemthugialap006@gmail.com,GET,/orders/me,5.578,200,ok,0,steady
1791234511.9121792,kiemthugialap096@gmail.com,GET,/concerts?on_sale=true,8.065,200,ok,0,steady
1791234511.9132183,kiemthugialap033@gmail.com,GET,/orders/me,9.501,200,ok,0,steady
1791234511.9137728,kiemthugialap016@gmail.com,GET,/orders/me,10.699,200,ok,0,steady
1791234511.940534,kiemthugialap014@gmail.com,GET,/concerts,5.923,200,ok,0,steady
1791234511.9415894,kiemthugialap043@gmail.com,GET,/orders/me,5.249,200,ok,0,steady
1791234511.974125,kiemthugialap011@gmail.com,GET,/concerts/{id},5.286,200,ok,0,steady
1791234511.9933429,kiemthugialap066@gmail.com,GET,/orders/me,7.582,200,ok,0,steady
1791234511.9937294,kiemthugialap085@gmail.com,GET,/orders/me,6.734,200,ok,0,steady
1791234512.0075622,kiemthugialap041@gmail.com,GET,/orders/me,4.932,200,ok,0,steady
1791234512.0433698,kiemthugialap076@gmail.com,GET,/concerts?on_sale=true,6.947,200,ok,0,steady
1791234512.0451117,kiemthugialap048@gmail.com,GET,/orders/me,9.633,200,ok,0,steady
1791234512.0518272,kiemthugialap059@gmail.com,GET,/orders/me,6.501,200,ok,0,steady
1791234512.077974,kiemthugialap053@gmail.com,GET,/orders/me,10.076,200,ok,0,steady
1791234512.0797825,kiemthugialap095@gmail.com,GET,/orders/me,12.96,200,ok,0,steady
1791234512.0801795,kiemthugialap054@gmail.com,GET,/orders/me,12.831,200,ok,0,steady
1791234512.081422,kiemthugialap044@gmail.com,GET,/concerts?on_sale=true,3.131,200,ok,0,steady
1791234512.1052017,kiemthugialap067@gmail.com,GET,/concerts/{id},12.037,200,ok,0,steady
1791234512.1064146,kiemthugialap061@gmail.com,GET,/orders/me,14.384,200,ok,0,steady
1791234512.1095793,kiemthugialap035@gmail.com,GET,/orders/me,14.01,200,ok,0,steady
1791234512.110668,kiemthugialap084@gmail.com,GET,/orders/me,17.959,200,ok,0,steady
1791234512.1120672,kiemthugialap018@gmail.com,GET,/orders/me,6.647,200,ok,0,steady
1791234512.1611087,kiemthugialap012@gmail.com,GET,/orders/me,9.699,200,ok,0,steady
1791234512.161719,kiemthugialap019@gmail.com,GET,/orders/me,9.99,200,ok,0,steady
1791234512.1620731,kiemthugialap094@gmail.com,GET,/orders/me,11.46,200,ok,0,steady
1791234512.2079916,kiemthugialap058@gmail.com,GET,/orders/me,7.614,200,ok,0,steady
1791234512.2127767,kiemthugialap025@gmail.com,GET,/concerts,4.537,200,ok,0,steady
1791234512.2402399,kiemthugialap088@gmail.com,GET,/concerts,6.55,200,ok,0,steady
1791234512.2578619,kiemthugialap045@gmail.com,GET,/concerts?on_sale=true,6.037,200,ok,0,steady
1791234512.258975,kiemthugialap047@gmail.com,GET,/orders/me,8.404,200,ok,0,steady
1791234512.2604036,kiemthugialap002@gmail.com,GET,/concerts?on_sale=true,2.349,200,ok,0,steady
1791234512.2873676,kiemthugialap078@gmail.com,GET,/concerts/{id},3.783,200,ok,0,steady
1791234512.2915087,kiemthugialap007@gmail.com,GET,/orders/me,3.903,200,ok,0,steady
1791234512.2936263,kiemthugialap009@gmail.com,GET,/concerts,1.981,200,ok,0,steady
1791234512.310107,kiemthugialap040@gmail.com,GET,/orders/me,5.604,200,ok,0,steady
1791234512.338855,kiemthugialap068@gmail.com,GET,/concerts/{id},3.776,200,ok,0,steady
1791234512.3742785,kiemthugialap004@gmail.com,GET,/concerts?on_sale=true,5.395,200,ok,0,steady
1791234512.378485,kiemthugialap073@gmail.com,GET,/orders/me,3.966,200,ok,0,steady
1791234512.3886132,kiemthugialap091@gmail.com,GET,/concerts?on_sale=true,3.558,200,ok,0,steady
1791234512.4258506,kiemthugialap022@gmail.com,GET,/concerts?on_sale=true,6.212,200,ok,0,steady
1791234512.4271255,kiemthugialap037@gmail.com,GET,/orders/me,8.589,200,ok,0,steady
1791234512.4303536,kiemthugialap056@gmail.com,GET,/orders/me,3.078,200,ok,0,steady
1791234512.4438446,kiemthugialap069@gmail.com,GET,/orders/me,8.277,200,ok,0,steady
1791234512.4443214,kiemthugialap082@gmail.com,GET,/orders/me,8.104,200,ok,0,steady
1791234512.4581938,kiemthugialap017@gmail.com,GET,/orders/me,6.285,200,ok,0,steady
1791234512.4923043,kiemthugialap099@gmail.com,GET,/orders/me,6.905,200,ok,0,steady
1791234512.5114064,kiemthugialap098@gmail.com,GET,/concerts/{id},9.68,200,ok,0,steady
1791234512.513766,kiemthugialap003@gmail.com,GET,/concerts/{id},12.607,200,ok,0,steady
1791234512.5239077,kiemthugialap029@gmail.com,GET,/orders/me,23.491,200,ok,0,steady
1791234512.524744,kiemthugialap085@gmail.com,GET,/orders/me,23.849,200,ok,0,steady
1791234512.5256882,kiemthugialap023@gmail.com,GET,/orders/me,24.227,200,ok,0,steady
1791234512.526097,kiemthugialap024@gmail.com,GET,/orders/me,22.994,200,ok,0,steady
1791234512.5291686,kiemthugialap014@gmail.com,GET,/orders/me,17.514,200,ok,0,steady
1791234512.556041,kiemthugialap086@gmail.com,GET,/orders/me,5.422,200,ok,0,steady
1791234512.573178,kiemthugialap074@gmail.com,GET,/orders/me,5.421,200,ok,0,steady
1791234512.5769722,kiemthugialap072@gmail.com,GET,/orders/me,3.563,200,ok,0,steady
1791234512.5911326,kiemthugialap089@gmail.com,GET,/orders/me,6.6,200,ok,0,steady
1791234512.591557,kiemthugialap034@gmail.com,GET,/orders/me,5.731,200,ok,0,steady
1791234512.6086013,kiemthugialap031@gmail.com,GET,/concerts,5.801,200,ok,0,steady
1791234512.6099453,kiemthugialap044@gmail.com,GET,/orders/me,6.388,200,ok,0,steady
1791234512.6102927,kiemthugialap011@gmail.com,GET,/orders/me,8.532,200,ok,0,steady
1791234512.6245954,kiemthugialap020@gmail.com,GET,/orders/me,6.803,200,ok,0,steady
1791234512.644467,kiemthugialap079@gmail.com,GET,/orders/me,4.593,200,ok,0,steady
1791234512.677115,kiemthugialap026@gmail.com,GET,/concerts,7.882,200,ok,0,steady
1791234512.6798685,kiemthugialap043@gmail.com,GET,/orders/me,11.89,200,ok,0,steady
1791234512.680091,kiemthugialap077@gmail.com,GET,/orders/me,11.172,200,ok,0,steady
1791234512.6844335,kiemthugialap041@gmail.com,GET,/concerts,7.118,200,ok,0,steady
1791234512.6848052,kiemthugialap061@gmail.com,GET,/concerts?on_sale=true,6.976,200,ok,0,steady
1791234512.685989,kiemthugialap019@gmail.com,GET,/orders/me,5.774,200,ok,0,steady
1791234512.741523,kiemthugialap080@gmail.com,GET,/orders/me,6.956,200,ok,0,steady
1791234512.7595327,kiemthugialap081@gmail.com,GET,/orders/me,7.937,200,ok,0,steady
1791234512.759993,kiemthugialap055@gmail.com,GET,/orders/me,7.849,200,ok,0,steady
1791234512.7637954,kiemthugialap039@gmail.com,GET,/concerts/{id},3.281,200,ok,0,steady
1791234512.764768,kiemthugialap015@gmail.com,GET,/orders/me,4.657,200,ok,0,steady
1791234512.7677805,kiemthugialap075@gmail.com,GET,/orders/me,3.836,200,ok,0,steady
1791234512.7706335,kiemthugialap018@gmail.com,GET,/orders/me,3.929,200,ok,0,steady
1791234512.7765846,kiemthugialap097@gmail.com,GET,/concerts,5.1,200,ok,0,steady
1791234512.7784064,kiemthugialap060@gmail.com,GET,/orders/me,7.538,200,ok,0,steady
1791234512.7787588,kiemthugialap084@gmail.com,GET,/orders/me,7.012,200,ok,0,steady
1791234512.780633,kiemthugialap030@gmail.com,GET,/orders/me,3.918,200,ok,0,steady
1791234512.8063438,kiemthugialap065@gmail.com,GET,/orders/me,5.262,200,ok,0,steady
1791234512.8251398,kiemthugialap090@gmail.com,GET,/orders/me,7.072,200,ok,0,steady
1791234512.8255014,kiemthugialap038@gmail.com,GET,/orders/me,6.512,200,ok,0,steady
1791234512.8897312,kiemthugialap062@gmail.com,GET,/orders/me,5.491,200,ok,0,steady
1791234512.924559,kiemthugialap010@gmail.com,GET,/orders/me,6.802,200,ok,0,steady
1791234512.9407372,kiemthugialap091@gmail.com,GET,/orders/me,7.374,200,ok,0,steady
1791234512.9412444,kiemthugialap028@gmail.com,GET,/orders/me,6.879,200,ok,0,steady
1791234512.957957,kiemthugialap093@gmail.com,GET,/orders/me,4.425,200,ok,0,steady
1791234512.976648,kiemthugialap052@gmail.com,GET,/concerts?on_sale=true,6.473,200,ok,0,steady
1791234512.976865,kiemthugialap057@gmail.com,GET,/concerts,6.43,200,ok,0,steady
1791234512.9781008,kiemthugialap021@gmail.com,GET,/concerts,8.257,200,ok,0,steady
1791234512.9795742,kiemthugialap048@gmail.com,GET,/orders/me,10.901,200,ok,0,steady
1791234512.982131,kiemthugialap063@gmail.com,GET,/orders/me,3.909,200,ok,0,steady
1791234513.023162,kiemthugialap071@gmail.com,GET,/concerts/{id},4.196,200,ok,0,steady
1791234513.0756829,kiemthugialap099@gmail.com,GET,/orders/me,5.132,200,ok,0,steady
1791234513.0795636,kiemthugialap002@gmail.com,GET,/concerts?on_sale=true,3.377,200,ok,0,steady
1791234513.0813756,kiemthugialap046@gmail.com,GET,/orders/me,5.53,200,ok,0,steady
1791234513.083325,kiemthugialap035@gmail.com,GET,/orders/me,3.643,200,ok,0,steady
1791234513.1094162,kiemthugialap024@gmail.com,GET,/concerts,8.978,200,ok,0,steady
1791234513.11086,kiemthugialap013@gmail.com,GET,/orders/me,9.356,200,ok,0,steady
1791234513.1113293,kiemthugialap058@gmail.com,GET,/orders/me,9.328,200,ok,0,steady
1791234513.1438153,kiemthugialap032@gmail.com,GET,/orders/me,9.063,200,ok,0,steady
1791234513.145028,kiemthugialap040@gmail.com,GET,/orders/me,8.357,200,ok,0,steady
1791234513.1467195,kiemthugialap064@gmail.com,GET,/concerts/{id},2.715,200,ok,0,steady
1791234513.1752741,kiemthugialap005@gmail.com,GET,/concerts?on_sale=true,5.374,200,ok,0,steady
1791234513.1797395,kiemthugialap042@gmail.com,GET,/orders/me,4.277,200,ok,0,steady
1791234513.1819003,kiemthugialap072@gmail.com,GET,/concerts,2.032,200,ok,0,steady
1791234513.188635,kiemthugialap088@gmail.com,GET,/orders/me,4.271,200,ok,0,steady
1791234513.206806,kiemthugialap070@gmail.com,GET,/orders/me,5.43,200,ok,0,steady
1791234513.223794,kiemthugialap083@gmail.com,GET,/orders/me,6.409,200,ok,0,steady
1791234513.2586613,kiemthugialap066@gmail.com,GET,/orders/me,8.471,200,ok,0,steady
1791234513.263637,kiemthugialap014@gmail.com,GET,/concerts?on_sale=true,4.282,200,ok,0,steady
1791234513.2728267,kiemthugialap059@gmail.com,GET,/concerts,4.069,200,ok,0,steady
1791234513.2905262,kiemthugialap008@gmail.com,GET,/concerts?on_sale=true,6.589,200,ok,0,steady
1791234513.3076415,kiemthugialap092@gmail.com,GET,/concerts,6.219,200,ok,0,steady
1791234513.313765,kiemthugialap060@gmail.com,GET,/orders/me,5.846,200,ok,0,steady
1791234513.3541827,kiemthugialap012@gmail.com,GET,/orders/me,40.16,200,ok,0,steady
1791234513.357946,kiemthugialap095@gmail.com,GET,/orders/me,43.292,200,ok,0,steady
1791234513.3620558,kiemthugialap020@gmail.com,GET,/orders/me,27.339,200,ok,0,steady
1791234513.3637626,kiemthugialap081@gmail.com,GET,/orders/me,29.926,200,ok,0,steady
1791234513.3641427,kiemthugialap033@gmail.com,GET,/orders/me,9.694,200,ok,0,steady
1791234513.3659594,kiemthugialap011@gmail.com,GET,/concerts,3.664,200,ok,0,steady
1791234513.3718567,kiemthugialap049@gmail.com,GET,/orders/me,5.345,200,ok,0,steady
1791234513.4452538,kiemthugialap030@gmail.com,GET,/concerts/{id},10.91,200,ok,0,steady
1791234513.4456964,kiemthugialap094@gmail.com,GET,/concerts?on_sale=true,8.223,200,ok,0,steady
1791234513.4469795,kiemthugialap025@gmail.com,GET,/orders/me,11.373,200,ok,0,steady
1791234513.4475517,kiemthugialap050@gmail.com,GET,/orders/me,12.392,200,ok,0,steady
1791234513.4743733,kiemthugialap051@gmail.com,GET,/orders/me,5.54,200,ok,0,steady
1791234513.4903789,kiemthugialap085@gmail.com,GET,/concerts?on_sale=true,3.796,200,ok,0,steady
1791234513.5122063,kiemthugialap027@gmail.com,GET,/orders/me,9.676,200,ok,0,steady
1791234513.5135114,kiemthugialap004@gmail.com,GET,/orders/me,9.801,200,ok,0,steady
1791234513.513856,kiemthugialap045@gmail.com,GET,/orders/me,9.883,200,ok,0,steady
1791234513.5155969,kiemthugialap078@gmail.com,GET,/orders/me,3.189,200,ok,0,steady
1791234513.5225108,kiemthugialap089@gmail.com,GET,/concerts,6.736,200,ok,0,steady
1791234513.5233507,kiemthugialap073@gmail.com,GET,/concerts?on_sale=true,5.52,200,ok,0,steady
1791234513.5240207,kiemthugialap006@gmail.com,GET,/orders/me,7.742,200,ok,0,steady
1791234513.5587633,kiemthugialap082@gmail.com,GET,/concerts?on_sale=true,7.117,200,ok,0,steady
1791234513.5598733,kiemthugialap084@gmail.com,GET,/concerts?on_sale=true,7.007,200,ok,0,steady
1791234513.560204,kiemthugialap036@gmail.com,GET,/orders/me,6.918,200,ok,0,steady
1791234513.5615346,kiemthugialap055@gmail.com,GET,/concerts?on_sale=true,2.587,200,ok,0,steady
1791234513.5774677,kiemthugialap019@gmail.com,GET,/orders/me,8.565,200,ok,0,steady
1791234513.5780075,kiemthugialap100@gmail.com,GET,/orders/me,8.574,200,ok,0,steady
1791234513.6057823,kiemthugialap068@gmail.com,GET,/orders/me,4.649,200,ok,0,steady
1791234513.6081827,kiemthugialap016@gmail.com,GET,/concerts/{id},2.253,200,ok,0,steady
1791234513.6221485,kiemthugialap001@gmail.com,GET,/concerts/{id},4.344,200,ok,0,steady
1791234513.660698,kiemthugialap044@gmail.com,GET,/concerts/{id},5.918,200,ok,0,steady
1791234513.6627183,kiemthugialap096@gmail.com,GET,/orders/me,8.448,200,ok,0,steady
1791234513.6636875,kiemthugialap039@gmail.com,GET,/orders/me,10.612,200,ok,0,steady
1791234513.6640086,kiemthugialap061@gmail.com,GET,/orders/me,12.207,200,ok,0,steady
1791234513.6652122,kiemthugialap087@gmail.com,GET,/concerts/{id},2.363,200,ok,0,steady
1791234513.6883163,kiemthugialap090@gmail.com,GET,/concerts/{id},3.632,200,ok,0,steady
1791234513.7077794,kiemthugialap067@gmail.com,GET,/concerts,4.944,200,ok,0,steady
1791234513.7088497,kiemthugialap043@gmail.com,GET,/orders/me,5.226,200,ok,0,steady
1791234513.7402778,kiemthugialap041@gmail.com,GET,/concerts,4.736,200,ok,0,steady
1791234513.7944074,kiemthugialap075@gmail.com,GET,/concerts,7.725,200,ok,0,steady
1791234513.7960765,kiemthugialap079@gmail.com,GET,/orders/me,10.413,200,ok,0,steady
1791234513.7964935,kiemthugialap053@gmail.com,GET,/orders/me,9.497,200,ok,0,steady
1791234513.82647,kiemthugialap066@gmail.com,GET,/orders/me,7.347,200,ok,0,steady
1791234513.8751981,kiemthugialap056@gmail.com,GET,/concerts?on_sale=true,5.206,200,ok,0,steady
1791234513.876979,kiemthugialap015@gmail.com,GET,/orders/me,7.415,200,ok,0,steady
1791234513.8779974,kiemthugialap017@gmail.com,GET,/orders/me,9.401,200,ok,0,steady
1791234513.8799593,kiemthugialap048@gmail.com,GET,/orders/me,2.847,200,ok,0,steady
1791234513.9102526,kiemthugialap037@gmail.com,GET,/concerts?on_sale=true,6.471,200,ok,0,steady
1791234513.9115605,kiemthugialap054@gmail.com,GET,/concerts?on_sale=true,7.039,200,ok,0,steady
1791234513.912021,kiemthugialap069@gmail.com,GET,/orders/me,7.753,200,ok,0,steady
1791234513.9141061,kiemthugialap097@gmail.com,GET,/orders/me,3.652,200,ok,0,steady
1791234513.92381,kiemthugialap047@gmail.com,GET,/orders/me,4.638,200,ok,0,steady
1791234513.9401546,kiemthugialap098@gmail.com,GET,/orders/me,5.283,200,ok,0,steady
1791234513.944139,kiemthugialap052@gmail.com,GET,/orders/me,3.846,200,ok,0,steady
1791234513.9574323,kiemthugialap022@gmail.com,GET,/orders/me,5.454,200,ok,0,steady
1791234513.9908617,kiemthugialap003@gmail.com,GET,/concerts,4.832,200,ok,0,steady
1791234513.9917986,kiemthugialap074@gmail.com,GET,/orders/me,6.99,200,ok,0,steady
1791234514.0073771,kiemthugialap076@gmail.com,GET,/concerts/{id},5.042,200,ok,0,steady
1791234514.0110192,kiemthugialap029@gmail.com,GET,/concerts/{id},3.38,200,ok,0,steady
1791234514.015779,kiemthugialap038@gmail.com,GET,/orders/me,4.597,200,ok,0,steady
1791234514.039045,kiemthugialap004@gmail.com,GET,/orders/me,5.075,200,ok,0,steady
1791234514.0552332,kiemthugialap072@gmail.com,GET,/concerts/{id},4.234,200,ok,0,steady
1791234514.0744581,kiemthugialap094@gmail.com,GET,/concerts?on_sale=true,4.97,200,ok,0,steady
1791234514.075395,kiemthugialap070@gmail.com,GET,/orders/me,4.807,200,ok,0,steady
1791234514.1083062,kiemthugialap023@gmail.com,GET,/concerts/{id},6.063,200,ok,0,steady
1791234514.11031,kiemthugialap089@gmail.com,GET,/orders/me,8.885,200,ok,0,steady
1791234514.1114213,kiemthugialap080@gmail.com,GET,/orders/me,5.383,200,ok,0,steady
1791234514.1422057,kiemthugialap078@gmail.com,GET,/concerts/{id},5.72,200,ok,0,steady
1791234514.1426227,kiemthugialap020@gmail.com,GET,/concerts?on_sale=true,6.651,200,ok,0,steady
1791234514.1435862,kiemthugialap013@gmail.com,GET,/orders/me,8.549,200,ok,0,steady
1791234514.1769404,kiemthugialap064@gmail.com,GET,/concerts,8.07,200,ok,0,steady
1791234514.1787472,kiemthugialap062@gmail.com,GET,/orders/me,7.689,200,ok,0,steady
1791234514.179268,kiemthugialap007@gmail.com,GET,/orders/me,9.274,200,ok,0,steady
1791234514.2574966,kiemthugialap044@gmail.com,GET,/orders/me,20.869,200,ok,0,steady
1791234514.2581198,kiemthugialap063@gmail.com,GET,/orders/me,22.134,200,ok,0,steady
1791234514.2585115,kiemthugialap009@gmail.com,GET,/concerts,7.067,200,ok,0,steady
1791234514.2735586,kiemthugialap095@gmail.com,GET,/orders/me,5.045,200,ok,0,steady
1791234514.2767572,kiemthugialap034@gmail.com,GET,/orders/me,3.056,200,ok,0,steady
1791234514.2893822,kiemthugialap084@gmail.com,GET,/concerts?on_sale=true,4.656,200,ok,0,steady
1791234514.2905865,kiemthugialap090@gmail.com,GET,/orders/me,5.037,200,ok,0,steady
1791234514.322517,kiemthugialap073@gmail.com,GET,/concerts,3.84,200,ok,0,steady
1791234514.3420656,kiemthugialap019@gmail.com,GET,/orders/me,5.436,200,ok,0,steady
1791234514.3447835,kiemthugialap051@gmail.com,GET,/concerts,2.502,200,ok,0,steady
1791234514.374076,kiemthugialap043@gmail.com,GET,/orders/me,5.486,200,ok,0,steady
1791234514.37704,kiemthugialap045@gmail.com,GET,/orders/me,2.815,200,ok,0,steady
1791234514.408242,kiemthugialap049@gmail.com,GET,/orders/me,7.753,200,ok,0,steady
1791234514.4255788,kiemthugialap012@gmail.com,GET,/orders/me,6.869,200,ok,0,steady
1791234514.4260895,kiemthugialap082@gmail.com,GET,/orders/me,8.093,200,ok,0,steady
1791234514.4386473,kiemthugialap031@gmail.com,GET,/concerts/{id},4.305,200,ok,0,steady
1791234514.4752486,kiemthugialap085@gmail.com,GET,/concerts/{id},7.876,200,ok,0,steady
1791234514.4798362,kiemthugialap056@gmail.com,GET,/concerts?on_sale=true,4.311,200,ok,0,steady
1791234514.491938,kiemthugialap001@gmail.com,GET,/concerts?on_sale=true,4.711,200,ok,0,steady
1791234514.4930594,kiemthugialap016@gmail.com,GET,/orders/me,8.006,200,ok,0,steady
1791234514.4959278,kiemthugialap002@gmail.com,GET,/orders/me,3.806,200,ok,0,steady
1791234514.5056653,kiemthugialap065@gmail.com,GET,/orders/me,5.657,200,ok,0,steady
1791234514.5283456,kiemthugialap093@gmail.com,GET,/concerts?on_sale=true,8.655,200,ok,0,steady
1791234514.5301533,kiemthugialap018@gmail.com,GET,/concerts?on_sale=true,9.164,200,ok,0,steady
1791234514.5327613,kiemthugialap083@gmail.com,GET,/orders/me,13.953,200,ok,0,steady
1791234514.534091,kiemthugialap024@gmail.com,GET,/concerts/{id},5.543,200,ok,0,steady
1791234514.5377126,kiemthugialap086@gmail.com,GET,/orders/me,8.714,200,ok,0,steady
1791234514.5394323,kiemthugialap053@gmail.com,GET,/orders/me,6.498,200,ok,0,steady
1791234514.5594318,kiemthugialap069@gmail.com,GET,/orders/me,7.684,200,ok,0,steady
1791234514.559886,kiemthugialap029@gmail.com,GET,/orders/me,7.372,200,ok,0,steady
1791234514.5895095,kiemthugialap097@gmail.com,GET,/concerts,5.49,200,ok,0,steady
1791234514.589975,kiemthugialap026@gmail.com,GET,/orders/me,5.159,200,ok,0,steady
1791234514.6058202,kiemthugialap035@gmail.com,GET,/orders/me,5.174,200,ok,0,steady
1791234514.6223242,kiemthugialap077@gmail.com,GET,/orders/me,4.898,200,ok,0,steady
1791234514.6407247,kiemthugialap039@gmail.com,GET,/orders/me,6.486,200,ok,0,steady
1791234514.641067,kiemthugialap046@gmail.com,GET,/orders/me,5.59,200,ok,0,steady
1791234514.6575227,kiemthugialap066@gmail.com,GET,/orders/me,5.426,200,ok,0,steady
1791234514.6611497,kiemthugialap067@gmail.com,GET,/orders/me,4.771,200,ok,0,steady
1791234514.6746707,kiemthugialap091@gmail.com,GET,/orders/me,5.266,200,ok,0,steady
1791234514.6796696,kiemthugialap028@gmail.com,GET,/concerts/{id},4.836,200,ok,0,steady
1791234514.680812,kiemthugialap014@gmail.com,GET,/orders/me,5.571,200,ok,0,steady
1791234514.7073166,kiemthugialap032@gmail.com,GET,/orders/me,4.644,200,ok,0,steady
1791234514.7103827,kiemthugialap022@gmail.com,GET,/orders/me,2.924,200,ok,0,steady
1791234514.7394943,kiemthugialap050@gmail.com,GET,/concerts,4.614,200,ok,0,steady
1791234514.7594814,kiemthugialap033@gmail.com,GET,/orders/me,6.472,200,ok,0,steady
1791234514.760569,kiemthugialap010@gmail.com,GET,/orders/me,8.346,200,ok,0,steady
1791234514.761976,kiemthugialap008@gmail.com,GET,/concerts?on_sale=true,2.335,200,ok,0,steady
1791234514.8054557,kiemthugialap040@gmail.com,GET,/orders/me,20.137,200,ok,0,steady
1791234514.8058424,kiemthugialap071@gmail.com,GET,/orders/me,19.168,200,ok,0,steady
1791234514.8259704,kiemthugialap017@gmail.com,GET,/orders/me,6.426,200,ok,0,steady
1791234514.8273618,kiemthugialap061@gmail.com,GET,/orders/me,8.732,200,ok,0,steady
1791234514.829621,kiemthugialap088@gmail.com,GET,/orders/me,3.437,200,ok,0,steady
1791234514.8571644,kiemthugialap023@gmail.com,GET,/orders/me,4.922,200,ok,0,steady
1791234514.8624635,kiemthugialap021@gmail.com,GET,/concerts?on_sale=true,4.829,200,ok,0,steady
1791234514.8638418,kiemthugialap075@gmail.com,GET,/orders/me,5.982,200,ok,0,steady
1791234514.864202,kiemthugialap005@gmail.com,GET,/orders/me,6.901,200,ok,0,steady
1791234514.9071257,kiemthugialap030@gmail.com,GET,/orders/me,6.087,200,ok,0,steady
1791234514.9452617,kiemthugialap099@gmail.com,GET,/orders/me,8.617,200,ok,0,steady
1791234514.94694,kiemthugialap013@gmail.com,GET,/orders/me,11.934,200,ok,0,steady
1791234514.9472966,kiemthugialap057@gmail.com,GET,/orders/me,11.333,200,ok,0,steady
1791234514.947614,kiemthugialap045@gmail.com,GET,/orders/me,11.316,200,ok,0,steady
1791234514.9489298,kiemthugialap090@gmail.com,GET,/concerts,3.449,200,ok,0,steady
1791234514.949255,kiemthugialap011@gmail.com,GET,/concerts/{id},3.337,200,ok,0,steady
1791234514.9769092,kiemthugialap044@gmail.com,GET,/orders/me,8.586,200,ok,0,steady
1791234514.9773433,kiemthugialap047@gmail.com,GET,/orders/me,7.774,200,ok,0,steady
1791234514.977637,kiemthugialap020@gmail.com,GET,/orders/me,8.345,200,ok,0,steady
1791234514.995587,kiemthugialap092@gmail.com,GET,/concerts?on_sale=true,4.524,200,ok,0,steady
1791234515.0263112,kiemthugialap080@gmail.com,GET,/concerts/{id},6.558,200,ok,0,steady
1791234515.0271964,kiemthugialap100@gmail.com,GET,/orders/me,8.618,200,ok,0,steady
1791234515.0275233,kiemthugialap059@gmail.com,GET,/orders/me,6.803,200,ok,0,steady
1791234515.0289102,kiemthugialap054@gmail.com,GET,/concerts?on_sale=true,2.434,200,ok,0,steady
1791234515.0310628,kiemthugialap079@gmail.com,GET,/concerts/{id},2.028,200,ok,0,steady
1791234515.0338778,kiemthugialap006@gmail.com,GET,/orders/me,2.708,200,ok,0,steady
1791234515.0566413,kiemthugialap058@gmail.com,GET,/orders/me,5.937,200,ok,0,steady
1791234515.1083002,kiemthugialap087@gmail.com,GET,/concerts/{id},6.176,200,ok,0,steady
1791234515.1112165,kiemthugialap063@gmail.com,GET,/orders/me,8.408,200,ok,0,steady
1791234515.1207278,kiemthugialap038@gmail.com,GET,/concerts,3.568,200,ok,0,steady
1791234515.1612892,kiemthugialap042@gmail.com,GET,/orders/me,9.547,200,ok,0,steady
1791234515.1617162,kiemthugialap052@gmail.com,GET,/orders/me,11.075,200,ok,0,steady
1791234515.162723,kiemthugialap041@gmail.com,GET,/orders/me,9.211,200,ok,0,steady
1791234515.1630282,kiemthugialap035@gmail.com,GET,/orders/me,10.128,200,ok,0,steady
1791234515.1647646,kiemthugialap018@gmail.com,GET,/orders/me,2.932,200,ok,0,steady
1791234515.1716094,kiemthugialap004@gmail.com,GET,/orders/me,4.572,200,ok,0,steady
1791234515.2391586,kiemthugialap082@gmail.com,GET,/orders/me,18.451,200,ok,0,steady
1791234515.2395988,kiemthugialap028@gmail.com,GET,/orders/me,19.676,200,ok,0,steady
1791234515.2438586,kiemthugialap077@gmail.com,GET,/orders/me,7.051,200,ok,0,steady
1791234515.2441964,kiemthugialap091@gmail.com,GET,/orders/me,8.452,200,ok,0,steady
1791234515.2574203,kiemthugialap015@gmail.com,GET,/concerts?on_sale=true,5.967,200,ok,0,steady
1791234515.290209,kiemthugialap060@gmail.com,GET,/orders/me,4.9,200,ok,0,steady
1791234515.309685,kiemthugialap081@gmail.com,GET,/orders/me,7.778,200,ok,0,steady
1791234515.3103192,kiemthugialap002@gmail.com,GET,/orders/me,6.832,200,ok,0,steady
1791234515.3236294,kiemthugialap033@gmail.com,GET,/orders/me,4.401,200,ok,0,steady
1791234515.3395844,kiemthugialap040@gmail.com,GET,/concerts?on_sale=true,4.417,200,ok,0,steady
1791234515.3576822,kiemthugialap098@gmail.com,GET,/concerts/{id},5.514,200,ok,0,steady
1791234515.360476,kiemthugialap056@gmail.com,GET,/orders/me,9.178,200,ok,0,steady
1791234515.363876,kiemthugialap003@gmail.com,GET,/orders/me,5.946,200,ok,0,steady
1791234515.3649557,kiemthugialap043@gmail.com,GET,/orders/me,4.348,200,ok,0,steady
1791234515.3898804,kiemthugialap068@gmail.com,GET,/orders/me,5.35,200,ok,0,steady
1791234515.406234,kiemthugialap036@gmail.com,GET,/concerts?on_sale=true,4.486,200,ok,0,steady
1791234515.4238582,kiemthugialap025@gmail.com,GET,/concerts?on_sale=true,4.87,200,ok,0,steady
1791234515.4586074,kiemthugialap027@gmail.com,GET,/orders/me,6.641,200,ok,0,steady
1791234515.4725177,kiemthugialap022@gmail.com,GET,/concerts?on_sale=true,4.2,200,ok,0,steady
1791234515.4911437,kiemthugialap084@gmail.com,GET,/orders/me,6.979,200,ok,0,steady
1791234515.49244,kiemthugialap070@gmail.com,GET,/orders/me,7.263,200,ok,0,steady
1791234515.4945486,kiemthugialap048@gmail.com,GET,/orders/me,3.188,200,ok,0,steady
1791234515.507621,kiemthugialap047@gmail.com,GET,/orders/me,5.385,200,ok,0,steady
1791234515.5104036,kiemthugialap005@gmail.com,GET,/concerts?on_sale=true,2.574,200,ok,0,steady
1791234515.5126987,kiemthugialap089@gmail.com,GET,/concerts,2.159,200,ok,0,steady
1791234515.5417902,kiemthugialap045@gmail.com,GET,/orders/me,4.781,200,ok,0,steady
1791234515.5578606,kiemthugialap055@gmail.com,GET,/orders/me,5.236,200,ok,0,steady
1791234515.5778816,kiemthugialap074@gmail.com,GET,/orders/me,9.629,200,ok,0,steady
1791234515.5784864,kiemthugialap092@gmail.com,GET,/orders/me,10.861,200,ok,0,steady
1791234515.6077878,kiemthugialap079@gmail.com,GET,/orders/me,6.896,200,ok,0,steady
1791234515.6113427,kiemthugialap017@gmail.com,GET,/orders/me,3.359,200,ok,0,steady
1791234515.6146436,kiemthugialap011@gmail.com,GET,/orders/me,3.155,200,ok,0,steady
1791234515.6230402,kiemthugialap085@gmail.com,GET,/concerts/{id},5.694,200,ok,0,steady
1791234515.6245253,kiemthugialap096@gmail.com,GET,/orders/me,6.501,200,ok,0,steady
1791234515.6577597,kiemthugialap099@gmail.com,GET,/orders/me,5.523,200,ok,0,steady
1791234515.675275,kiemthugialap051@gmail.com,GET,/orders/me,7.71,200,ok,0,steady
1791234515.6757617,kiemthugialap076@gmail.com,GET,/orders/me,7.155,200,ok,0,steady
1791234515.7232857,kiemthugialap073@gmail.com,GET,/orders/me,5.39,200,ok,0,steady
1791234515.7561917,kiemthugialap062@gmail.com,GET,/orders/me,5.329,200,ok,0,steady
1791234515.7727904,kiemthugialap094@gmail.com,GET,/concerts/{id},5.602,200,ok,0,steady
1791234515.8273246,kiemthugialap064@gmail.com,GET,/orders/me,7.466,200,ok,0,steady
1791234515.827841,kiemthugialap080@gmail.com,GET,/orders/me,8.342,200,ok,0,steady
1791234515.8281584,kiemthugialap007@gmail.com,GET,/orders/me,9.708,200,ok,0,steady
1791234515.8414989,kiemthugialap030@gmail.com,GET,/concerts,5.231,200,ok,0,steady
1791234515.8419936,kiemthugialap067@gmail.com,GET,/orders/me,7.112,200,ok,0,steady
1791234515.8583624,kiemthugialap008@gmail.com,GET,/concerts,4.214,200,ok,0,steady
1791234515.8593419,kiemthugialap037@gmail.com,GET,/orders/me,6.644,200,ok,0,steady
1791234515.8745985,kiemthugialap043@gmail.com,GET,/orders/me,6.01,200,ok,0,steady
1791234515.9255424,kiemthugialap072@gmail.com,GET,/concerts/{id},6.737,200,ok,0,steady
1791234515.9274194,kiemthugialap020@gmail.com,GET,/orders/me,9.3,200,ok,0,steady
1791234515.9279976,kiemthugialap012@gmail.com,GET,/orders/me,8.827,200,ok,0,steady
1791234515.929952,kiemthugialap078@gmail.com,GET,/concerts/{id},4.193,200,ok,0,steady
1791234515.9388962,kiemthugialap015@gmail.com,GET,/orders/me,5.201,200,ok,0,steady
1791234515.992263,kiemthugialap097@gmail.com,GET,/orders/me,23.724,200,ok,0,steady
1791234515.993711,kiemthugialap034@gmail.com,GET,/orders/me,24.199,200,ok,0,steady
1791234515.9941843,kiemthugialap004@gmail.com,GET,/orders/me,7.856,200,ok,0,steady
1791234516.007644,kiemthugialap016@gmail.com,GET,/concerts?on_sale=true,5.552,200,ok,0,steady
1791234516.0085611,kiemthugialap001@gmail.com,GET,/orders/me,5.83,200,ok,0,steady
1791234516.0235145,kiemthugialap083@gmail.com,GET,/concerts/{id},4.311,200,ok,0,steady
1791234516.043861,kiemthugialap053@gmail.com,GET,/orders/me,7.086,200,ok,0,steady
1791234516.0447843,kiemthugialap018@gmail.com,GET,/orders/me,8.951,200,ok,0,steady
1791234516.0663095,kiemthugialap026@gmail.com,GET,/orders/me,7.99,200,ok,0,steady
1791234516.0913196,kiemthugialap095@gmail.com,GET,/orders/me,6.632,200,ok,0,steady
1791234516.0917308,kiemthugialap028@gmail.com,GET,/orders/me,5.441,200,ok,0,steady
1791234516.1074162,kiemthugialap019@gmail.com,GET,/orders/me,5.371,200,ok,0,steady
1791234516.1233943,kiemthugialap024@gmail.com,GET,/concerts/{id},4.346,200,ok,0,steady
1791234516.1283264,kiemthugialap031@gmail.com,GET,/orders/me,4.671,200,ok,0,steady
1791234516.1402223,kiemthugialap009@gmail.com,GET,/concerts/{id},3.367,200,ok,0,steady
1791234516.1414025,kiemthugialap046@gmail.com,GET,/orders/me,5.935,200,ok,0,steady
1791234516.1441152,kiemthugialap050@gmail.com,GET,/concerts?on_sale=true,3.698,200,ok,0,steady
1791234516.1445882,kiemthugialap039@gmail.com,GET,/concerts/{id},3.053,200,ok,0,steady
1791234516.179165,kiemthugialap014@gmail.com,GET,/orders/me,6.496,200,ok,0,steady
1791234516.1796546,kiemthugialap088@gmail.com,GET,/orders/me,9.007,200,ok,0,steady
1791234516.2263434,kiemthugialap087@gmail.com,GET,/concerts,8.099,200,ok,0,steady
1791234516.2273068,kiemthugialap045@gmail.com,GET,/orders/me,8.285,200,ok,0,steady
1791234516.2306502,kiemthugialap044@gmail.com,GET,/orders/me,3.187,200,ok,0,steady
1791234516.2589602,kiemthugialap049@gmail.com,GET,/orders/me,7.114,200,ok,0,steady
1791234516.260025,kiemthugialap063@gmail.com,GET,/orders/me,7.039,200,ok,0,steady
1791234516.2620456,kiemthugialap002@gmail.com,GET,/orders/me,2.944,200,ok,0,steady
1791234516.2706866,kiemthugialap032@gmail.com,GET,/concerts?on_sale=true,3.106,200,ok,0,steady
1791234516.2910852,kiemthugialap056@gmail.com,GET,/orders/me,4.345,200,ok,0,steady
1791234516.3077166,kiemthugialap093@gmail.com,GET,/orders/me,4.815,200,ok,0,steady
1791234516.3114839,kiemthugialap058@gmail.com,GET,/concerts/{id},3.625,200,ok,0,steady
1791234516.312533,kiemthugialap086@gmail.com,GET,/orders/me,4.366,200,ok,0,steady
1791234516.3235166,kiemthugialap023@gmail.com,GET,/orders/me,4.246,200,ok,0,steady
1791234516.3756163,kiemthugialap013@gmail.com,GET,/concerts,6.055,200,ok,0,steady
1791234516.3772337,kiemthugialap065@gmail.com,GET,/orders/me,8.581,200,ok,0,steady
1791234516.377633,kiemthugialap055@gmail.com,GET,/orders/me,7.799,200,ok,0,steady
1791234516.391379,kiemthugialap038@gmail.com,GET,/orders/me,5.433,200,ok,0,steady
1791234516.4082756,kiemthugialap011@gmail.com,GET,/orders/me,6.367,200,ok,0,steady
1791234516.4415214,kiemthugialap071@gmail.com,GET,/orders/me,5.207,200,ok,0,steady
1791234516.447113,kiemthugialap007@gmail.com,GET,/orders/me,5.346,200,ok,0,steady
1791234516.4474466,kiemthugialap069@gmail.com,GET,/orders/me,4.925,200,ok,0,steady
1791234516.4747581,kiemthugialap082@gmail.com,GET,/orders/me,6.655,200,ok,0,steady
1791234516.4751673,kiemthugialap081@gmail.com,GET,/orders/me,5.555,200,ok,0,steady
1791234516.5099618,kiemthugialap029@gmail.com,GET,/concerts/{id},5.861,200,ok,0,steady
1791234516.5114925,kiemthugialap074@gmail.com,GET,/orders/me,8.128,200,ok,0,steady
1791234516.5118544,kiemthugialap010@gmail.com,GET,/orders/me,6.817,200,ok,0,steady
1791234516.5471401,kiemthugialap022@gmail.com,GET,/orders/me,9.563,200,ok,0,steady
1791234516.5475445,kiemthugialap090@gmail.com,GET,/orders/me,11.15,200,ok,0,steady
1791234516.5479074,kiemthugialap073@gmail.com,GET,/orders/me,9.971,200,ok,0,steady
1791234516.5485244,kiemthugialap006@gmail.com,GET,/orders/me,13.143,200,ok,0,steady
1791234516.548667,kiemthugialap037@gmail.com,GET,/orders/me,11.467,200,ok,0,steady
1791234516.5744908,kiemthugialap060@gmail.com,GET,/concerts,5.487,200,ok,0,steady
1791234516.5749998,kiemthugialap091@gmail.com,GET,/concerts?on_sale=true,7.87,200,ok,0,steady
1791234516.5758016,kiemthugialap059@gmail.com,GET,/orders/me,7.342,200,ok,0,steady
1791234516.6091611,kiemthugialap027@gmail.com,GET,/concerts?on_sale=true,5.523,200,ok,0,steady
1791234516.6100924,kiemthugialap043@gmail.com,GET,/orders/me,7.097,200,ok,0,steady
1791234516.642098,kiemthugialap066@gmail.com,GET,/orders/me,7.498,200,ok,0,steady
1791234516.6430163,kiemthugialap070@gmail.com,GET,/orders/me,7.285,200,ok,0,steady
1791234516.6456308,kiemthugialap001@gmail.com,GET,/orders/me,3.384,200,ok,0,steady
1791234516.673362,kiemthugialap035@gmail.com,GET,/concerts?on_sale=true,4.115,200,ok,0,steady
1791234516.6737707,kiemthugialap054@gmail.com,GET,/concerts?on_sale=true,5.4,200,ok,0,steady
1791234516.691404,kiemthugialap061@gmail.com,GET,/orders/me,6.318,200,ok,0,steady
1791234516.6917875,kiemthugialap021@gmail.com,GET,/orders/me,7.396,200,ok,0,steady
1791234516.708498,kiemthugialap004@gmail.com,GET,/orders/me,4.873,200,ok,0,steady
1791234516.7124865,kiemthugialap012@gmail.com,GET,/orders/me,3.735,200,ok,0,steady
1791234516.7244258,kiemthugialap025@gmail.com,GET,/orders/me,5.344,200,ok,0,steady
1791234516.7752724,kiemthugialap094@gmail.com,GET,/orders/me,7.965,200,ok,0,steady
1791234516.7830734,kiemthugialap014@gmail.com,GET,/orders/me,7.472,200,ok,0,steady
1791234516.7836268,kiemthugialap062@gmail.com,GET,/orders/me,6.921,200,ok,0,steady
1791234516.8089433,kiemthugialap036@gmail.com,GET,/orders/me,6.626,200,ok,0,steady
1791234516.8401423,kiemthugialap042@gmail.com,GET,/orders/me,5.846,200,ok,0,steady
1791234516.8573072,kiemthugialap075@gmail.com,GET,/concerts?on_sale=true,5.679,200,ok,0,steady
1791234516.8784869,kiemthugialap041@gmail.com,GET,/orders/me,11.034,200,ok,0,steady
1791234516.8917959,kiemthugialap057@gmail.com,GET,/concerts/{id},7.42,200,ok,0,steady
1791234516.8922572,kiemthugialap052@gmail.com,GET,/concerts,6.006,200,ok,0,steady
1791234516.9094837,kiemthugialap068@gmail.com,GET,/concerts/{id},4.213,200,ok,0,steady
1791234516.9123068,kiemthugialap033@gmail.com,GET,/orders/me,8.135,200,ok,0,steady
1791234516.9145224,kiemthugialap053@gmail.com,GET,/orders/me,4.774,200,ok,0,steady
1791234516.9154992,kiemthugialap079@gmail.com,GET,/orders/me,5.123,200,ok,0,steady
1791234516.9252117,kiemthugialap047@gmail.com,GET,/orders/me,6.085,200,ok,0,steady
1791234516.9772515,kiemthugialap017@gmail.com,GET,/concerts,10.095,200,ok,0,steady
1791234516.9793086,kiemthugialap100@gmail.com,GET,/orders/me,10.538,200,ok,0,steady
1791234516.979668,kiemthugialap071@gmail.com,GET,/orders/me,9.334,200,ok,0,steady
1791234516.9799888,kiemthugialap080@gmail.com,GET,/orders/me,11.711,200,ok,0,steady
1791234517.0111463,kiemthugialap040@gmail.com,GET,/orders/me,8.934,200,ok,0,steady
1791234517.012678,kiemthugialap086@gmail.com,GET,/orders/me,12.02,200,ok,0,steady
1791234517.0130086,kiemthugialap008@gmail.com,GET,/orders/me,11.329,200,ok,0,steady
1791234517.0148087,kiemthugialap009@gmail.com,GET,/orders/me,3.379,200,ok,0,steady
1791234517.0232377,kiemthugialap020@gmail.com,GET,/orders/me,4.124,200,ok,0,steady
1791234517.04095,kiemthugialap026@gmail.com,GET,/orders/me,5.63,200,ok,0,steady
1791234517.0742173,kiemthugialap051@gmail.com,GET,/orders/me,6.59,200,ok,0,steady
1791234517.0911367,kiemthugialap092@gmail.com,GET,/orders/me,5.18,200,ok,0,steady
1791234517.1082647,kiemthugialap002@gmail.com,GET,/concerts,4.297,200,ok,0,steady
1791234517.1105428,kiemthugialap076@gmail.com,GET,/orders/me,7.754,200,ok,0,steady
1791234517.1136067,kiemthugialap078@gmail.com,GET,/orders/me,5.146,200,ok,0,steady
1791234517.1167593,kiemthugialap039@gmail.com,GET,/orders/me,3.025,200,ok,0,steady
1791234517.1429543,kiemthugialap003@gmail.com,GET,/concerts/{id},5.734,200,ok,0,steady
1791234517.1443381,kiemthugialap063@gmail.com,GET,/orders/me,6.923,200,ok,0,steady
1791234517.1448503,kiemthugialap077@gmail.com,GET,/orders/me,8.197,200,ok,0,steady
1791234517.1769912,kiemthugialap048@gmail.com,GET,/orders/me,7.152,200,ok,0,steady
1791234517.17748,kiemthugialap056@gmail.com,GET,/orders/me,8.738,200,ok,0,steady
1791234517.1906834,kiemthugialap067@gmail.com,GET,/orders/me,5.972,200,ok,0,steady
1791234517.2113237,kiemthugialap089@gmail.com,GET,/concerts,8.108,200,ok,0,steady
1791234517.2133002,kiemthugialap043@gmail.com,GET,/orders/me,11.233,200,ok,0,steady
1791234517.2137363,kiemthugialap037@gmail.com,GET,/orders/me,10.072,200,ok,0,steady
1791234517.2141325,kiemthugialap098@gmail.com,GET,/orders/me,9.292,200,ok,0,steady
1791234517.2228658,kiemthugialap064@gmail.com,GET,/orders/me,4.857,200,ok,0,steady
1791234517.2439523,kiemthugialap032@gmail.com,GET,/orders/me,7.12,200,ok,0,steady
1791234517.275329,kiemthugialap093@gmail.com,GET,/concerts/{id},6.391,200,ok,0,steady
1791234517.2757761,kiemthugialap054@gmail.com,GET,/concerts/{id},5.484,200,ok,0,steady
1791234517.2769022,kiemthugialap005@gmail.com,GET,/orders/me,6.968,200,ok,0,steady
1791234517.2917712,kiemthugialap007@gmail.com,GET,/orders/me,5.942,200,ok,0,steady
1791234517.2959979,kiemthugialap070@gmail.com,GET,/orders/me,3.98,200,ok,0,steady
1791234517.2992585,kiemthugialap038@gmail.com,GET,/orders/me,3.117,200,ok,0,steady
1791234517.340766,kiemthugialap061@gmail.com,GET,/concerts?on_sale=true,5.639,200,ok,0,steady
1791234517.3571136,kiemthugialap050@gmail.com,GET,/orders/me,4.592,200,ok,0,steady
1791234517.3912787,kiemthugialap006@gmail.com,GET,/concerts?on_sale=true,5.543,200,ok,0,steady
1791234517.3945339,kiemthugialap085@gmail.com,GET,/orders/me,3.091,200,ok,0,steady
1791234517.3972533,kiemthugialap058@gmail.com,GET,/orders/me,2.596,200,ok,0,steady
1791234517.4258506,kiemthugialap018@gmail.com,GET,/orders/me,7.324,200,ok,0,steady
1791234517.4581568,kiemthugialap047@gmail.com,GET,/concerts/{id},5.161,200,ok,0,steady
1791234517.4595046,kiemthugialap088@gmail.com,GET,/orders/me,5.705,200,ok,0,steady
1791234517.464486,kiemthugialap087@gmail.com,GET,/orders/me,6.186,200,ok,0,steady
1791234517.4651198,kiemthugialap012@gmail.com,GET,/orders/me,6.277,200,ok,0,steady
1791234517.4654737,kiemthugialap074@gmail.com,GET,/orders/me,5.859,200,ok,0,steady
1791234517.4924967,kiemthugialap015@gmail.com,GET,/orders/me,7.028,200,ok,0,steady
1791234517.4929695,kiemthugialap084@gmail.com,GET,/orders/me,5.838,200,ok,0,steady
1791234517.5417564,kiemthugialap016@gmail.com,GET,/concerts,6.125,200,ok,0,steady
1791234517.5427527,kiemthugialap045@gmail.com,GET,/orders/me,8.258,200,ok,0,steady
1791234517.5451765,kiemthugialap099@gmail.com,GET,/orders/me,3.266,200,ok,0,steady
1791234517.573907,kiemthugialap097@gmail.com,GET,/orders/me,4.94,200,ok,0,steady
1791234517.588871,kiemthugialap046@gmail.com,GET,/concerts/{id},4.109,200,ok,0,steady
1791234517.610198,kiemthugialap096@gmail.com,GET,/concerts?on_sale=true,8.315,200,ok,0,steady
1791234517.6112518,kiemthugialap042@gmail.com,GET,/orders/me,8.018,200,ok,0,steady
1791234517.612433,kiemthugialap025@gmail.com,GET,/orders/me,9.539,200,ok,0,steady
1791234517.6131184,kiemthugialap022@gmail.com,GET,/orders/me,7.667,200,ok,0,steady
1791234517.6149218,kiemthugialap044@gmail.com,GET,/orders/me,4.551,200,ok,0,steady
1791234517.6410084,kiemthugialap010@gmail.com,GET,/orders/me,6.497,200,ok,0,steady
1791234517.6443887,kiemthugialap065@gmail.com,GET,/orders/me,3.192,200,ok,0,steady
1791234517.6467853,kiemthugialap035@gmail.com,GET,/concerts?on_sale=true,2.279,200,ok,0,steady
1791234517.6505554,kiemthugialap002@gmail.com,GET,/concerts/{id},3.395,200,ok,0,steady
1791234517.6525474,kiemthugialap055@gmail.com,GET,/orders/me,5.637,200,ok,0,steady
1791234517.6785378,kiemthugialap028@gmail.com,GET,/orders/me,6.221,200,ok,0,steady
1791234517.6795251,kiemthugialap027@gmail.com,GET,/orders/me,8.404,200,ok,0,steady
1791234517.6798441,kiemthugialap004@gmail.com,GET,/orders/me,9.833,200,ok,0,steady
1791234517.681578,kiemthugialap095@gmail.com,GET,/orders/me,2.868,200,ok,0,steady
1791234517.7081802,kiemthugialap072@gmail.com,GET,/orders/me,7.272,200,ok,0,steady
1791234517.7760365,kiemthugialap057@gmail.com,GET,/orders/me,5.867,200,ok,0,steady
1791234517.7773125,kiemthugialap032@gmail.com,GET,/orders/me,8.033,200,ok,0,steady
1791234517.778679,kiemthugialap030@gmail.com,GET,/concerts/{id},2.424,200,ok,0,steady
1791234517.7911704,kiemthugialap005@gmail.com,GET,/orders/me,6.942,200,ok,0,steady
1791234517.7922158,kiemthugialap049@gmail.com,GET,/orders/me,6.699,200,ok,0,steady
1791234517.794229,kiemthugialap001@gmail.com,GET,/orders/me,2.891,200,ok,0,steady
1791234517.8099446,kiemthugialap060@gmail.com,GET,/orders/me,7.585,200,ok,0,steady
1791234517.810505,kiemthugialap017@gmail.com,GET,/orders/me,7.646,200,ok,0,steady
1791234517.8405318,kiemthugialap029@gmail.com,GET,/orders/me,5.395,200,ok,0,steady
1791234517.859566,kiemthugialap019@gmail.com,GET,/orders/me,8.792,200,ok,0,steady
1791234517.873122,kiemthugialap062@gmail.com,GET,/orders/me,4.863,200,ok,0,steady
1791234517.890582,kiemthugialap078@gmail.com,GET,/orders/me,5.136,200,ok,0,steady
1791234517.894194,kiemthugialap066@gmail.com,GET,/concerts/{id},3.339,200,ok,0,steady
1791234517.9095607,kiemthugialap038@gmail.com,GET,/orders/me,6.593,200,ok,0,steady
1791234517.910193,kiemthugialap053@gmail.com,GET,/orders/me,9.136,200,ok,0,steady
1791234517.9250555,kiemthugialap024@gmail.com,GET,/orders/me,6.211,200,ok,0,steady
1791234517.9538941,kiemthugialap043@gmail.com,GET,/concerts,20.004,200,ok,0,steady
1791234517.9553947,kiemthugialap070@gmail.com,GET,/orders/me,20.642,200,ok,0,steady
1791234517.9603794,kiemthugialap052@gmail.com,GET,/orders/me,9.206,200,ok,0,steady
1791234517.9608927,kiemthugialap034@gmail.com,GET,/orders/me,8.626,200,ok,0,steady
1791234517.9612415,kiemthugialap083@gmail.com,GET,/concerts/{id},5.701,200,ok,0,steady
1791234517.976407,kiemthugialap003@gmail.com,GET,/concerts,3.886,200,ok,0,steady
1791234518.0076468,kiemthugialap069@gmail.com,GET,/concerts/{id},5.639,200,ok,0,steady
1791234518.0087683,kiemthugialap059@gmail.com,GET,/orders/me,7.605,200,ok,0,steady
1791234518.0558538,kiemthugialap015@gmail.com,GET,/concerts?on_sale=true,4.817,200,ok,0,steady
1791234518.0900383,kiemthugialap012@gmail.com,GET,/orders/me,6.231,200,ok,0,steady
1791234518.0961046,kiemthugialap090@gmail.com,GET,/orders/me,7.907,200,ok,0,steady
1791234518.096545,kiemthugialap075@gmail.com,GET,/orders/me,6.294,200,ok,0,steady
1791234518.1249046,kiemthugialap031@gmail.com,GET,/orders/me,5.679,200,ok,0,steady
1791234518.1591957,kiemthugialap021@gmail.com,GET,/concerts?on_sale=true,21.904,200,ok,0,steady
1791234518.1598558,kiemthugialap008@gmail.com,GET,/orders/me,23.9,200,ok,0,steady
1791234518.1611514,kiemthugialap065@gmail.com,GET,/orders/me,8.716,200,ok,0,steady
1791234518.196168,kiemthugialap091@gmail.com,GET,/orders/me,7.536,200,ok,0,steady
1791234518.2023723,kiemthugialap098@gmail.com,GET,/orders/me,5.407,200,ok,0,steady
1791234518.2029107,kiemthugialap039@gmail.com,GET,/orders/me,6.505,200,ok,0,steady
1791234518.243909,kiemthugialap018@gmail.com,GET,/orders/me,7.753,200,ok,0,steady
1791234518.2444077,kiemthugialap054@gmail.com,GET,/orders/me,9.569,200,ok,0,steady
1791234518.24472,kiemthugialap089@gmail.com,GET,/orders/me,8.279,200,ok,0,steady
1791234518.25832,kiemthugialap082@gmail.com,GET,/orders/me,5.957,200,ok,0,steady
1791234518.273245,kiemthugialap081@gmail.com,GET,/concerts/{id},4.356,200,ok,0,steady
1791234518.2768092,kiemthugialap023@gmail.com,GET,/orders/me,3.41,200,ok,0,steady
1791234518.2808387,kiemthugialap011@gmail.com,GET,/concerts,3.246,200,ok,0,steady
1791234518.2813087,kiemthugialap014@gmail.com,GET,/orders/me,4.353,200,ok,0,steady
1791234518.299336,kiemthugialap036@gmail.com,GET,/orders/me,6.687,200,ok,0,steady
1791234518.2997766,kiemthugialap048@gmail.com,GET,/orders/me,8.555,200,ok,0,steady
1791234518.3239615,kiemthugialap037@gmail.com,GET,/orders/me,5.714,200,ok,0,steady
1791234518.3404179,kiemthugialap013@gmail.com,GET,/orders/me,5.144,200,ok,0,steady
1791234518.3426921,kiemthugialap079@gmail.com,GET,/concerts,2.095,200,ok,0,steady
1791234518.3456297,kiemthugialap073@gmail.com,GET,/orders/me,2.823,200,ok,0,steady
1791234518.3548357,kiemthugialap045@gmail.com,GET,/concerts?on_sale=true,3.212,200,ok,0,steady
1791234518.3904278,kiemthugialap020@gmail.com,GET,/concerts/{id},4.587,200,ok,0,steady
1791234518.4083955,kiemthugialap061@gmail.com,GET,/orders/me,4.883,200,ok,0,steady
1791234518.4121454,kiemthugialap086@gmail.com,GET,/concerts,3.259,200,ok,0,steady
1791234518.4126787,kiemthugialap033@gmail.com,GET,/concerts/{id},4.137,200,ok,0,steady
1791234518.4584618,kiemthugialap068@gmail.com,GET,/orders/me,6.185,200,ok,0,steady
1791234518.4599175,kiemthugialap047@gmail.com,GET,/orders/me,6.977,200,ok,0,steady
1791234518.4631457,kiemthugialap025@gmail.com,GET,/orders/me,4.243,200,ok,0,steady
1791234518.4636,kiemthugialap077@gmail.com,GET,/orders/me,5.007,200,ok,0,steady
1791234518.4905965,kiemthugialap067@gmail.com,GET,/orders/me,5.358,200,ok,0,steady
1791234518.5084088,kiemthugialap100@gmail.com,GET,/orders/me,6.471,200,ok,0,steady
1791234518.5104966,kiemthugialap050@gmail.com,GET,/concerts,3.616,200,ok,0,steady
1791234518.51344,kiemthugialap009@gmail.com,GET,/concerts/{id},2.783,200,ok,0,steady
1791234518.5258577,kiemthugialap051@gmail.com,GET,/orders/me,6.584,200,ok,0,steady
1791234518.558506,kiemthugialap083@gmail.com,GET,/concerts/{id},6.797,200,ok,0,steady
1791234518.5599644,kiemthugialap042@gmail.com,GET,/orders/me,6.431,200,ok,0,steady
1791234518.5604317,kiemthugialap001@gmail.com,GET,/orders/me,7.754,200,ok,0,steady
1791234518.5929961,kiemthugialap080@gmail.com,GET,/orders/me,7.909,200,ok,0,steady
1791234518.59498,kiemthugialap046@gmail.com,GET,/orders/me,8.549,200,ok,0,steady
1791234518.5999904,kiemthugialap085@gmail.com,GET,/concerts?on_sale=true,6.346,200,ok,0,steady
1791234518.600965,kiemthugialap034@gmail.com,GET,/orders/me,7.706,200,ok,0,steady
1791234518.601929,kiemthugialap096@gmail.com,GET,/orders/me,6.789,200,ok,0,steady
1791234518.611745,kiemthugialap060@gmail.com,GET,/concerts,5.397,200,ok,0,steady
1791234518.643516,kiemthugialap016@gmail.com,GET,/concerts/{id},6.578,200,ok,0,steady
1791234518.6453085,kiemthugialap071@gmail.com,GET,/orders/me,9.596,200,ok,0,steady
1791234518.6457613,kiemthugialap026@gmail.com,GET,/orders/me,8.612,200,ok,0,steady
1791234518.6461442,kiemthugialap035@gmail.com,GET,/orders/me,9.566,200,ok,0,steady
1791234518.6551402,kiemthugialap038@gmail.com,GET,/concerts,3.617,200,ok,0,steady
1791234518.658225,kiemthugialap092@gmail.com,GET,/concerts/{id},2.925,200,ok,0,steady
1791234518.6604538,kiemthugialap094@gmail.com,GET,/orders/me,4.457,200,ok,0,steady
1791234518.7112257,kiemthugialap044@gmail.com,GET,/orders/me,7.576,200,ok,0,steady
1791234518.7116625,kiemthugialap093@gmail.com,GET,/orders/me,9.11,200,ok,0,steady
1791234518.724874,kiemthugialap043@gmail.com,GET,/concerts/{id},6.122,200,ok,0,steady
1791234518.7287683,kiemthugialap040@gmail.com,GET,/concerts/{id},6.102,200,ok,0,steady
1791234518.7302394,kiemthugialap063@gmail.com,GET,/orders/me,7.026,200,ok,0,steady
1791234518.7558596,kiemthugialap022@gmail.com,GET,/concerts,4.278,200,ok,0,steady
1791234518.7592957,kiemthugialap087@gmail.com,GET,/orders/me,3.292,200,ok,0,steady
1791234518.7906723,kiemthugialap098@gmail.com,GET,/orders/me,5.714,200,ok,0,steady
1791234518.825992,kiemthugialap097@gmail.com,GET,/orders/me,6.516,200,ok,0,steady
1791234518.8269773,kiemthugialap090@gmail.com,GET,/orders/me,8.294,200,ok,0,steady
1791234518.8313658,kiemthugialap006@gmail.com,GET,/orders/me,5.211,200,ok,0,steady
1791234518.8322608,kiemthugialap007@gmail.com,GET,/concerts,4.698,200,ok,0,steady
1791234518.8331614,kiemthugialap065@gmail.com,GET,/orders/me,6.081,200,ok,0,steady
1791234518.835292,kiemthugialap005@gmail.com,GET,/orders/me,3.767,200,ok,0,steady
1791234518.840673,kiemthugialap041@gmail.com,GET,/concerts?on_sale=true,5.158,200,ok,0,steady
1791234518.8417,kiemthugialap070@gmail.com,GET,/orders/me,5.835,200,ok,0,steady
1791234518.8587444,kiemthugialap058@gmail.com,GET,/concerts?on_sale=true,7.248,200,ok,0,steady
1791234518.859883,kiemthugialap056@gmail.com,GET,/orders/me,7.561,200,ok,0,steady
1791234518.8619955,kiemthugialap053@gmail.com,GET,/orders/me,3.062,200,ok,0,steady
1791234518.8642156,kiemthugialap064@gmail.com,GET,/concerts,2.075,200,ok,0,steady
1791234518.875646,kiemthugialap059@gmail.com,GET,/orders/me,7.289,200,ok,0,steady
1791234518.8905776,kiemthugialap082@gmail.com,GET,/orders/me,5.144,200,ok,0,steady
1791234518.908723,kiemthugialap076@gmail.com,GET,/concerts?on_sale=true,5.349,200,ok,0,steady
1791234518.9102776,kiemthugialap052@gmail.com,GET,/orders/me,7.309,200,ok,0,steady
1791234518.910639,kiemthugialap089@gmail.com,GET,/orders/me,8.674,200,ok,0,steady
1791234518.9229279,kiemthugialap066@gmail.com,GET,/orders/me,4.52,200,ok,0,steady
1791234518.9465964,kiemthugialap095@gmail.com,GET,/orders/me,7.327,200,ok,0,steady
1791234518.9904814,kiemthugialap019@gmail.com,GET,/concerts/{id},5.114,200,ok,0,steady
1791234518.9948626,kiemthugialap074@gmail.com,GET,/orders/me,4.146,200,ok,0,steady
1791234519.0238216,kiemthugialap072@gmail.com,GET,/orders/me,6.901,200,ok,0,steady
1791234519.0733912,kiemthugialap099@gmail.com,GET,/orders/me,5.894,200,ok,0,steady
1791234519.1431859,kiemthugialap069@gmail.com,GET,/concerts,7.148,200,ok,0,steady
1791234519.1459277,kiemthugialap091@gmail.com,GET,/orders/me,9.512,200,ok,0,steady
1791234519.147156,kiemthugialap002@gmail.com,GET,/orders/me,12.165,200,ok,0,steady
1791234519.148499,kiemthugialap061@gmail.com,GET,/orders/me,5.116,200,ok,0,steady
1791234519.150926,kiemthugialap084@gmail.com,GET,/concerts,2.285,200,ok,0,steady
1791234519.1769266,kiemthugialap009@gmail.com,GET,/orders/me,8.226,200,ok,0,steady
1791234519.2061093,kiemthugialap039@gmail.com,GET,/orders/me,5.243,200,ok,0,steady
1791234519.2247553,kiemthugialap046@gmail.com,GET,/orders/me,7.22,200,ok,0,steady
1791234519.2252584,kiemthugialap026@gmail.com,GET,/orders/me,6.485,200,ok,0,steady
1791234519.274137,kiemthugialap014@gmail.com,GET,/orders/me,5.183,200,ok,0,steady
1791234519.2770462,kiemthugialap088@gmail.com,GET,/orders/me,2.764,200,ok,0,steady
1791234519.3072817,kiemthugialap055@gmail.com,GET,/orders/me,6.284,200,ok,0,steady
1791234519.3420172,kiemthugialap038@gmail.com,GET,/concerts/{id},6.709,200,ok,0,steady
1791234519.343099,kiemthugialap075@gmail.com,GET,/concerts?on_sale=true,5.79,200,ok,0,steady
1791234519.3434505,kiemthugialap010@gmail.com,GET,/concerts/{id},7.111,200,ok,0,steady
1791234519.344272,kiemthugialap027@gmail.com,GET,/concerts/{id},2.049,200,ok,0,steady
1791234519.3571196,kiemthugialap081@gmail.com,GET,/orders/me,5.202,200,ok,0,steady
1791234519.3597643,kiemthugialap036@gmail.com,GET,/concerts/{id},4.174,200,ok,0,steady
1791234519.3736308,kiemthugialap070@gmail.com,GET,/concerts/{id},4.882,200,ok,0,steady
1791234519.4077554,kiemthugialap020@gmail.com,GET,/orders/me,6.066,200,ok,0,steady
1791234519.4101171,kiemthugialap030@gmail.com,GET,/concerts,2.176,200,ok,0,steady
1791234519.4243999,kiemthugialap063@gmail.com,GET,/concerts/{id},4.838,200,ok,0,steady
1791234519.4248674,kiemthugialap058@gmail.com,GET,/concerts,6.323,200,ok,0,steady
1791234519.4411733,kiemthugialap054@gmail.com,GET,/orders/me,5.169,200,ok,0,steady
1791234519.4586706,kiemthugialap031@gmail.com,GET,/concerts/{id},5.975,200,ok,0,steady
1791234519.4614203,kiemthugialap079@gmail.com,GET,/orders/me,7.163,200,ok,0,steady
1791234519.491957,kiemthugialap029@gmail.com,GET,/orders/me,7.739,200,ok,0,steady
1791234519.4936821,kiemthugialap037@gmail.com,GET,/orders/me,8.543,200,ok,0,steady
1791234519.4959931,kiemthugialap028@gmail.com,GET,/concerts,3.818,200,ok,0,steady
1791234519.497064,kiemthugialap047@gmail.com,GET,/orders/me,4.44,200,ok,0,steady
1791234519.5233588,kiemthugialap017@gmail.com,GET,/orders/me,5.129,200,ok,0,steady
1791234519.558321,kiemthugialap073@gmail.com,GET,/orders/me,6.202,200,ok,0,steady
1791234519.561273,kiemthugialap057@gmail.com,GET,/orders/me,2.812,200,ok,0,steady
1791234519.564798,kiemthugialap035@gmail.com,GET,/concerts?on_sale=true,3.126,200,ok,0,steady
1791234519.5659027,kiemthugialap005@gmail.com,GET,/orders/me,4.52,200,ok,0,steady
1791234519.5814435,kiemthugialap062@gmail.com,GET,/orders/me,6.872,200,ok,0,steady
1791234519.5855913,kiemthugialap021@gmail.com,GET,/orders/me,3.918,200,ok,0,steady
1791234519.6076143,kiemthugialap004@gmail.com,GET,/orders/me,6.405,200,ok,0,steady
1791234519.6122618,kiemthugialap056@gmail.com,GET,/orders/me,4.342,200,ok,0,steady
1791234519.6406817,kiemthugialap041@gmail.com,GET,/concerts,3.756,200,ok,0,steady
1791234519.6416943,kiemthugialap015@gmail.com,GET,/orders/me,6.553,200,ok,0,steady
1791234519.67401,kiemthugialap049@gmail.com,GET,/concerts?on_sale=true,5.195,200,ok,0,steady
1791234519.678833,kiemthugialap060@gmail.com,GET,/orders/me,4.591,200,ok,0,steady
1791234519.684444,kiemthugialap082@gmail.com,GET,/orders/me,4.887,200,ok,0,steady
1791234519.684848,kiemthugialap065@gmail.com,GET,/orders/me,5.817,200,ok,0,steady
1791234519.7255352,kiemthugialap008@gmail.com,GET,/orders/me,6.066,200,ok,0,steady
1791234519.7266011,kiemthugialap092@gmail.com,GET,/orders/me,8.097,200,ok,0,steady
1791234519.7285626,kiemthugialap048@gmail.com,GET,/orders/me,2.842,200,ok,0,steady
1791234519.7307718,kiemthugialap032@gmail.com,GET,/concerts,2.086,200,ok,0,steady
1791234519.739734,kiemthugialap024@gmail.com,GET,/orders/me,4.772,200,ok,0,steady
1791234519.756849,kiemthugialap009@gmail.com,GET,/orders/me,5.107,200,ok,0,steady
1791234519.7729874,kiemthugialap091@gmail.com,GET,/orders/me,4.87,200,ok,0,steady
1791234519.7926815,kiemthugialap059@gmail.com,GET,/concerts/{id},3.54,200,ok,0,steady
1791234519.8267112,kiemthugialap034@gmail.com,GET,/orders/me,7.59,200,ok,0,steady
1791234519.8280244,kiemthugialap064@gmail.com,GET,/orders/me,9.774,200,ok,0,steady
1791234519.8329933,kiemthugialap023@gmail.com,GET,/orders/me,6.119,200,ok,0,steady
1791234519.834806,kiemthugialap039@gmail.com,GET,/concerts,6.593,200,ok,0,steady
1791234519.8361995,kiemthugialap046@gmail.com,GET,/orders/me,7.498,200,ok,0,steady
1791234519.8402128,kiemthugialap066@gmail.com,GET,/orders/me,5.242,200,ok,0,steady
1791234519.8429058,kiemthugialap078@gmail.com,GET,/concerts,2.536,200,ok,0,steady
1791234519.8564148,kiemthugialap016@gmail.com,GET,/concerts?on_sale=true,4.953,200,ok,0,steady
1791234519.8753214,kiemthugialap051@gmail.com,GET,/orders/me,6.206,200,ok,0,steady
1791234519.8770995,kiemthugialap025@gmail.com,GET,/orders/me,8.537,200,ok,0,steady
1791234519.8792572,kiemthugialap089@gmail.com,GET,/concerts/{id},3.245,200,ok,0,steady
1791234519.8804169,kiemthugialap003@gmail.com,GET,/orders/me,4.882,200,ok,0,steady
1791234519.8884938,kiemthugialap081@gmail.com,GET,/concerts/{id},4.209,200,ok,0,steady
1791234519.8934546,kiemthugialap011@gmail.com,GET,/orders/me,4.685,200,ok,0,steady
1791234519.9229789,kiemthugialap100@gmail.com,GET,/concerts?on_sale=true,4.485,200,ok,0,steady
1791234519.964431,kiemthugialap076@gmail.com,GET,/orders/me,10.314,200,ok,0,steady
1791234519.9648366,kiemthugialap095@gmail.com,GET,/orders/me,9.387,200,ok,0,steady
1791234519.9651315,kiemthugialap067@gmail.com,GET,/orders/me,11.735,200,ok,0,steady
1791234519.9654057,kiemthugialap068@gmail.com,GET,/orders/me,13.285,200,ok,0,steady
1791234519.9660654,kiemthugialap038@gmail.com,GET,/orders/me,12.291,200,ok,0,steady
1791234519.990003,kiemthugialap013@gmail.com,GET,/orders/me,5.875,200,ok,0,steady
1791234520.0099256,kiemthugialap084@gmail.com,GET,/orders/me,6.268,200,ok,0,steady
1791234520.0104413,kiemthugialap012@gmail.com,GET,/orders/me,6.32,200,ok,0,steady
1791234520.040498,kiemthugialap022@gmail.com,GET,/concerts,5.241,200,ok,0,steady
1791234520.075106,kiemthugialap007@gmail.com,GET,/concerts,5.247,200,ok,0,steady
1791234520.0762448,kiemthugialap018@gmail.com,GET,/orders/me,7.354,200,ok,0,steady
1791234520.0910907,kiemthugialap020@gmail.com,GET,/orders/me,5.724,200,ok,0,steady
1791234520.126891,kiemthugialap073@gmail.com,GET,/orders/me,19.586,200,ok,0,steady
1791234520.1286805,kiemthugialap033@gmail.com,GET,/orders/me,22.576,200,ok,0,steady
1791234520.1302183,kiemthugialap086@gmail.com,GET,/orders/me,9.355,200,ok,0,steady
1791234520.1319895,kiemthugialap028@gmail.com,GET,/orders/me,12.184,200,ok,0,steady
1791234520.1321752,kiemthugialap079@gmail.com,GET,/orders/me,12.864,200,ok,0,steady
1791234520.1331863,kiemthugialap043@gmail.com,GET,/concerts/{id},5.735,200,ok,0,steady
1791234520.1348233,kiemthugialap094@gmail.com,GET,/orders/me,7.745,200,ok,0,steady
1791234520.1571085,kiemthugialap080@gmail.com,GET,/concerts?on_sale=true,5.214,200,ok,0,steady
1791234520.1603,kiemthugialap077@gmail.com,GET,/orders/me,3.037,200,ok,0,steady
1791234520.1766965,kiemthugialap096@gmail.com,GET,/orders/me,7.835,200,ok,0,steady
1791234520.2102735,kiemthugialap031@gmail.com,GET,/concerts?on_sale=true,7.249,200,ok,0,steady
1791234520.2119255,kiemthugialap006@gmail.com,GET,/orders/me,10.03,200,ok,0,steady
1791234520.2604878,kiemthugialap008@gmail.com,GET,/concerts,8.349,200,ok,0,steady
1791234520.2610025,kiemthugialap062@gmail.com,GET,/concerts?on_sale=true,6.168,200,ok,0,steady
1791234520.3027463,kiemthugialap049@gmail.com,GET,/concerts/{id},17.075,200,ok,0,steady
1791234520.3046813,kiemthugialap050@gmail.com,GET,/orders/me,19.854,200,ok,0,steady
1791234520.3287957,kiemthugialap092@gmail.com,GET,/orders/me,9.547,200,ok,0,steady
1791234520.3293865,kiemthugialap045@gmail.com,GET,/orders/me,9.574,200,ok,0,steady
1791234520.3349993,kiemthugialap002@gmail.com,GET,/orders/me,5.446,200,ok,0,steady
1791234520.3394716,kiemthugialap065@gmail.com,GET,/concerts,5.977,200,ok,0,steady
1791234520.3410099,kiemthugialap004@gmail.com,GET,/concerts/{id},5.762,200,ok,0,steady
1791234520.3441384,kiemthugialap087@gmail.com,GET,/orders/me,4.436,200,ok,0,steady
1791234520.372355,kiemthugialap058@gmail.com,GET,/concerts,4.538,200,ok,0,steady
1791234520.3746655,kiemthugialap053@gmail.com,GET,/concerts,2.158,200,ok,0,steady
1791234520.3857305,kiemthugialap001@gmail.com,GET,/concerts?on_sale=true,2.731,200,ok,0,steady
1791234520.4093337,kiemthugialap093@gmail.com,GET,/orders/me,8.376,200,ok,0,steady
1791234520.4247751,kiemthugialap071@gmail.com,GET,/concerts,6.308,200,ok,0,steady
1791234520.4268444,kiemthugialap040@gmail.com,GET,/orders/me,7.554,200,ok,0,steady
1791234520.4299886,kiemthugialap090@gmail.com,GET,/orders/me,4.872,200,ok,0,steady
1791234520.5081909,kiemthugialap052@gmail.com,GET,/concerts,4.205,200,ok,0,steady
1791234520.5100048,kiemthugialap088@gmail.com,GET,/concerts,7.148,200,ok,0,steady
1791234520.51432,kiemthugialap039@gmail.com,GET,/orders/me,5.904,200,ok,0,steady
1791234520.5488365,kiemthugialap009@gmail.com,GET,/orders/me,9.019,200,ok,0,steady
1791234520.5498679,kiemthugialap097@gmail.com,GET,/orders/me,14.361,200,ok,0,steady
1791234520.5501912,kiemthugialap013@gmail.com,GET,/orders/me,11.961,200,ok,0,steady
1791234520.550466,kiemthugialap042@gmail.com,GET,/orders/me,13.924,200,ok,0,steady
1791234520.553913,kiemthugialap063@gmail.com,GET,/orders/me,4.883,200,ok,0,steady
1791234520.5544472,kiemthugialap010@gmail.com,GET,/concerts,3.874,200,ok,0,steady
1791234520.5752952,kiemthugialap083@gmail.com,GET,/concerts?on_sale=true,6.0,200,ok,0,steady
1791234520.5764685,kiemthugialap066@gmail.com,GET,/concerts,6.215,200,ok,0,steady
1791234520.5777266,kiemthugialap056@gmail.com,GET,/concerts?on_sale=true,2.239,200,ok,0,steady
1791234520.59209,kiemthugialap085@gmail.com,GET,/orders/me,6.885,200,ok,0,steady
1791234520.5925114,kiemthugialap044@gmail.com,GET,/orders/me,6.281,200,ok,0,steady
1791234520.607437,kiemthugialap081@gmail.com,GET,/orders/me,5.817,200,ok,0,steady
1791234520.623588,kiemthugialap022@gmail.com,GET,/orders/me,5.227,200,ok,0,steady
1791234520.6434119,kiemthugialap073@gmail.com,GET,/orders/me,4.519,200,ok,0,steady
1791234520.6712599,kiemthugialap098@gmail.com,GET,/concerts,3.949,200,ok,0,steady
1791234520.6919541,kiemthugialap037@gmail.com,GET,/orders/me,6.593,200,ok,0,steady
1791234520.69566,kiemthugialap094@gmail.com,GET,/orders/me,3.476,200,ok,0,steady
1791234520.7568998,kiemthugialap005@gmail.com,GET,/concerts/{id},20.361,200,ok,0,steady
1791234520.7618496,kiemthugialap031@gmail.com,GET,/orders/me,26.33,200,ok,0,steady
1791234520.76386,kiemthugialap019@gmail.com,GET,/orders/me,9.91,200,ok,0,steady
1791234520.7644129,kiemthugialap086@gmail.com,GET,/orders/me,9.637,200,ok,0,steady
1791234520.8066015,kiemthugialap014@gmail.com,GET,/orders/me,5.26,200,ok,0,steady
1791234520.8249013,kiemthugialap064@gmail.com,GET,/concerts?on_sale=true,6.44,200,ok,0,steady
1791234520.8263373,kiemthugialap099@gmail.com,GET,/concerts/{id},6.191,200,ok,0,steady
1791234520.8266773,kiemthugialap095@gmail.com,GET,/concerts/{id},6.172,200,ok,0,steady
1791234520.8277218,kiemthugialap029@gmail.com,GET,/orders/me,6.384,200,ok,0,steady
1791234520.9071732,kiemthugialap036@gmail.com,GET,/orders/me,21.496,200,ok,0,steady
1791234520.9085817,kiemthugialap026@gmail.com,GET,/orders/me,21.743,200,ok,0,steady
1791234520.9102352,kiemthugialap074@gmail.com,GET,/concerts/{id},2.822,200,ok,0,steady
1791234520.9413967,kiemthugialap017@gmail.com,GET,/concerts/{id},6.348,200,ok,0,steady
1791234520.9435942,kiemthugialap028@gmail.com,GET,/orders/me,6.883,200,ok,0,steady
1791234520.944615,kiemthugialap004@gmail.com,GET,/orders/me,8.975,200,ok,0,steady
1791234520.9458108,kiemthugialap072@gmail.com,GET,/orders/me,4.266,200,ok,0,steady
1791234520.9573379,kiemthugialap061@gmail.com,GET,/orders/me,5.691,200,ok,0,steady
1791234520.9760263,kiemthugialap082@gmail.com,GET,/orders/me,5.306,200,ok,0,steady
1791234520.9765012,kiemthugialap075@gmail.com,GET,/orders/me,6.326,200,ok,0,steady
1791234521.0239983,kiemthugialap027@gmail.com,GET,/orders/me,5.087,200,ok,0,steady
1791234521.0418696,kiemthugialap057@gmail.com,GET,/concerts/{id},4.619,200,ok,0,steady
1791234521.04298,kiemthugialap030@gmail.com,GET,/orders/me,6.861,200,ok,0,steady
1791234521.0448418,kiemthugialap089@gmail.com,GET,/orders/me,2.799,200,ok,0,steady
1791234521.0580804,kiemthugialap002@gmail.com,GET,/concerts,5.014,200,ok,0,steady
1791234521.059148,kiemthugialap070@gmail.com,GET,/orders/me,7.157,200,ok,0,steady
1791234521.0620253,kiemthugialap013@gmail.com,GET,/orders/me,6.705,200,ok,0,steady
1791234521.0632386,kiemthugialap096@gmail.com,GET,/orders/me,5.006,200,ok,0,steady
1791234521.0912304,kiemthugialap069@gmail.com,GET,/orders/me,5.509,200,ok,0,steady
1791234521.1401777,kiemthugialap049@gmail.com,GET,/orders/me,5.116,200,ok,0,steady
1791234521.1907213,kiemthugialap084@gmail.com,GET,/orders/me,4.504,200,ok,0,steady
1791234521.194402,kiemthugialap080@gmail.com,GET,/orders/me,3.457,200,ok,0,steady
1791234521.2082098,kiemthugialap016@gmail.com,GET,/orders/me,5.516,200,ok,0,steady
1791234521.209405,kiemthugialap037@gmail.com,GET,/orders/me,7.602,200,ok,0,steady
1791234521.2108555,kiemthugialap021@gmail.com,GET,/concerts?on_sale=true,2.482,200,ok,0,steady
1791234521.2255745,kiemthugialap055@gmail.com,GET,/concerts,6.213,200,ok,0,steady
1791234521.2271929,kiemthugialap092@gmail.com,GET,/orders/me,9.261,200,ok,0,steady
1791234521.229416,kiemthugialap022@gmail.com,GET,/orders/me,3.419,200,ok,0,steady
1791234521.2805295,kiemthugialap041@gmail.com,GET,/orders/me,11.928,200,ok,0,steady
1791234521.282388,kiemthugialap035@gmail.com,GET,/orders/me,12.186,200,ok,0,steady
1791234521.2827566,kiemthugialap033@gmail.com,GET,/orders/me,11.766,200,ok,0,steady
1791234521.2830725,kiemthugialap023@gmail.com,GET,/orders/me,12.464,200,ok,0,steady
1791234521.2862546,kiemthugialap007@gmail.com,GET,/concerts,3.029,200,ok,0,steady
1791234521.3058608,kiemthugialap003@gmail.com,GET,/concerts,4.263,200,ok,0,steady
1791234521.308347,kiemthugialap046@gmail.com,GET,/concerts,2.298,200,ok,0,steady
1791234521.3104012,kiemthugialap054@gmail.com,GET,/concerts?on_sale=true,1.944,200,ok,0,steady
1791234521.3452907,kiemthugialap058@gmail.com,GET,/concerts?on_sale=true,9.263,200,ok,0,steady
1791234521.3457146,kiemthugialap047@gmail.com,GET,/concerts,9.443,200,ok,0,steady
1791234521.3475192,kiemthugialap008@gmail.com,GET,/orders/me,10.993,200,ok,0,steady
1791234521.3480759,kiemthugialap059@gmail.com,GET,/orders/me,12.474,200,ok,0,steady
1791234521.3484232,kiemthugialap091@gmail.com,GET,/orders/me,13.826,200,ok,0,steady
1791234521.3760967,kiemthugialap011@gmail.com,GET,/orders/me,8.324,200,ok,0,steady
1791234521.3920655,kiemthugialap052@gmail.com,GET,/orders/me,7.082,200,ok,0,steady
1791234521.4094775,kiemthugialap077@gmail.com,GET,/orders/me,7.032,200,ok,0,steady
1791234521.4141922,kiemthugialap067@gmail.com,GET,/orders/me,4.486,200,ok,0,steady
1791234521.457441,kiemthugialap042@gmail.com,GET,/orders/me,6.659,200,ok,0,steady
1791234521.5036197,kiemthugialap026@gmail.com,GET,/concerts,17.719,200,ok,0,steady
1791234521.523239,kiemthugialap036@gmail.com,GET,/orders/me,35.297,200,ok,0,steady
1791234521.5248601,kiemthugialap006@gmail.com,GET,/orders/me,38.554,200,ok,0,steady
1791234521.5252185,kiemthugialap071@gmail.com,GET,/orders/me,40.198,200,ok,0,steady
1791234521.526773,kiemthugialap068@gmail.com,GET,/orders/me,25.224,200,ok,0,steady
1791234521.52767,kiemthugialap031@gmail.com,GET,/concerts,4.181,200,ok,0,steady
1791234521.529168,kiemthugialap032@gmail.com,GET,/concerts/{id},3.834,200,ok,0,steady
1791234521.532683,kiemthugialap076@gmail.com,GET,/orders/me,3.388,200,ok,0,steady
1791234521.5559723,kiemthugialap034@gmail.com,GET,/orders/me,5.099,200,ok,0,steady
1791234521.5918608,kiemthugialap056@gmail.com,GET,/concerts?on_sale=true,5.639,200,ok,0,steady
1791234521.5931277,kiemthugialap015@gmail.com,GET,/orders/me,8.596,200,ok,0,steady
1791234521.5934868,kiemthugialap025@gmail.com,GET,/orders/me,7.678,200,ok,0,steady
1791234521.6139507,kiemthugialap048@gmail.com,GET,/orders/me,7.434,200,ok,0,steady
1791234521.620683,kiemthugialap045@gmail.com,GET,/orders/me,6.449,200,ok,0,steady
1791234521.6216533,kiemthugialap057@gmail.com,GET,/orders/me,6.971,200,ok,0,steady
1791234521.6246533,kiemthugialap024@gmail.com,GET,/orders/me,5.406,200,ok,0,steady
1791234521.6279817,kiemthugialap081@gmail.com,GET,/orders/me,3.187,200,ok,0,steady
1791234521.6566975,kiemthugialap039@gmail.com,GET,/orders/me,4.311,200,ok,0,steady
1791234521.6799033,kiemthugialap020@gmail.com,GET,/orders/me,11.668,200,ok,0,steady
1791234521.6811798,kiemthugialap060@gmail.com,GET,/orders/me,11.456,200,ok,0,steady
1791234521.6814916,kiemthugialap004@gmail.com,GET,/orders/me,11.43,200,ok,0,steady
1791234521.681778,kiemthugialap099@gmail.com,GET,/orders/me,12.425,200,ok,0,steady
1791234521.6834555,kiemthugialap014@gmail.com,GET,/orders/me,3.266,200,ok,0,steady
1791234521.6848495,kiemthugialap078@gmail.com,GET,/concerts/{id},2.931,200,ok,0,steady
1791234521.7394543,kiemthugialap097@gmail.com,GET,/concerts?on_sale=true,3.524,200,ok,0,steady
1791234521.7917259,kiemthugialap093@gmail.com,GET,/orders/me,6.887,200,ok,0,steady
1791234521.7931232,kiemthugialap062@gmail.com,GET,/orders/me,8.904,200,ok,0,steady
1791234521.794401,kiemthugialap018@gmail.com,GET,/concerts,2.451,200,ok,0,steady
1791234521.8320665,kiemthugialap001@gmail.com,GET,/concerts/{id},12.493,200,ok,0,steady
1791234521.8349893,kiemthugialap094@gmail.com,GET,/concerts?on_sale=true,16.445,200,ok,0,steady
1791234521.835164,kiemthugialap087@gmail.com,GET,/concerts?on_sale=true,14.864,200,ok,0,steady
1791234521.8374681,kiemthugialap010@gmail.com,GET,/orders/me,17.434,200,ok,0,steady
1791234521.8393226,kiemthugialap051@gmail.com,GET,/orders/me,16.73,200,ok,0,steady
1791234521.8398004,kiemthugialap083@gmail.com,GET,/orders/me,17.813,200,ok,0,steady
1791234521.8425298,kiemthugialap012@gmail.com,GET,/orders/me,10.218,200,ok,0,steady
1791234521.8596728,kiemthugialap049@gmail.com,GET,/orders/me,6.867,200,ok,0,steady
1791234521.8607504,kiemthugialap008@gmail.com,GET,/orders/me,6.967,200,ok,0,steady
1791234521.862854,kiemthugialap100@gmail.com,GET,/orders/me,2.991,200,ok,0,steady
1791234521.871285,kiemthugialap038@gmail.com,GET,/concerts/{id},3.461,200,ok,0,steady
1791234521.8769422,kiemthugialap092@gmail.com,GET,/orders/me,5.487,200,ok,0,steady
1791234521.8773012,kiemthugialap046@gmail.com,GET,/orders/me,5.558,200,ok,0,steady
1791234521.9110417,kiemthugialap009@gmail.com,GET,/orders/me,9.357,200,ok,0,steady
1791234521.9114475,kiemthugialap037@gmail.com,GET,/orders/me,8.87,200,ok,0,steady
1791234521.911728,kiemthugialap084@gmail.com,GET,/orders/me,8.728,200,ok,0,steady
1791234521.9912279,kiemthugialap050@gmail.com,GET,/concerts?on_sale=true,5.075,200,ok,0,steady
1791234521.9922028,kiemthugialap088@gmail.com,GET,/orders/me,7.141,200,ok,0,steady
1791234522.0248568,kiemthugialap016@gmail.com,GET,/orders/me,5.93,200,ok,0,steady
1791234522.040098,kiemthugialap044@gmail.com,GET,/concerts/{id},4.546,200,ok,0,steady
1791234522.057834,kiemthugialap096@gmail.com,GET,/orders/me,4.36,200,ok,0,steady
1791234522.099506,kiemthugialap040@gmail.com,GET,/orders/me,14.171,200,ok,0,steady
1791234522.0999653,kiemthugialap072@gmail.com,GET,/orders/me,14.142,200,ok,0,steady
1791234522.1004934,kiemthugialap079@gmail.com,GET,/orders/me,16.066,200,ok,0,steady
1791234522.100877,kiemthugialap032@gmail.com,GET,/orders/me,14.622,200,ok,0,steady
1791234522.1012974,kiemthugialap043@gmail.com,GET,/orders/me,12.651,200,ok,0,steady
1791234522.1239367,kiemthugialap042@gmail.com,GET,/orders/me,5.368,200,ok,0,steady
1791234522.1432176,kiemthugialap098@gmail.com,GET,/orders/me,7.363,200,ok,0,steady
1791234522.1436055,kiemthugialap067@gmail.com,GET,/orders/me,6.726,200,ok,0,steady
1791234522.1764414,kiemthugialap053@gmail.com,GET,/orders/me,7.661,200,ok,0,steady
1791234522.2067156,kiemthugialap017@gmail.com,GET,/concerts/{id},4.429,200,ok,0,steady
1791234522.2076647,kiemthugialap013@gmail.com,GET,/orders/me,6.168,200,ok,0,steady
1791234522.2411041,kiemthugialap090@gmail.com,GET,/orders/me,5.405,200,ok,0,steady
1791234522.244395,kiemthugialap065@gmail.com,GET,/orders/me,3.105,200,ok,0,steady
1791234522.260626,kiemthugialap063@gmail.com,GET,/orders/me,4.668,200,ok,0,steady
1791234522.291149,kiemthugialap055@gmail.com,GET,/orders/me,5.048,200,ok,0,steady
1791234522.307483,kiemthugialap019@gmail.com,GET,/concerts?on_sale=true,5.537,200,ok,0,steady
1791234522.3243108,kiemthugialap085@gmail.com,GET,/orders/me,5.087,200,ok,0,steady
1791234522.3598382,kiemthugialap089@gmail.com,GET,/concerts/{id},6.257,200,ok,0,steady
1791234522.3609014,kiemthugialap083@gmail.com,GET,/concerts/{id},8.214,200,ok,0,steady
1791234522.3616028,kiemthugialap001@gmail.com,GET,/orders/me,6.993,200,ok,0,steady
1791234522.3636532,kiemthugialap029@gmail.com,GET,/orders/me,3.669,200,ok,0,steady
1791234522.392401,kiemthugialap069@gmail.com,GET,/concerts/{id},6.385,200,ok,0,steady
1791234522.3934898,kiemthugialap068@gmail.com,GET,/orders/me,6.32,200,ok,0,steady
1791234522.4254105,kiemthugialap049@gmail.com,GET,/concerts/{id},4.725,200,ok,0,steady
1791234522.4263887,kiemthugialap026@gmail.com,GET,/orders/me,6.939,200,ok,0,steady
1791234522.4286616,kiemthugialap086@gmail.com,GET,/orders/me,3.089,200,ok,0,steady
1791234522.460613,kiemthugialap033@gmail.com,GET,/concerts,7.057,200,ok,0,steady
1791234522.4613452,kiemthugialap082@gmail.com,GET,/orders/me,6.943,200,ok,0,steady
1791234522.4619775,kiemthugialap074@gmail.com,GET,/orders/me,6.556,200,ok,0,steady
1791234522.4750824,kiemthugialap041@gmail.com,GET,/concerts,6.675,200,ok,0,steady
1791234522.4778042,kiemthugialap020@gmail.com,GET,/orders/me,8.339,200,ok,0,steady
1791234522.5045643,kiemthugialap046@gmail.com,GET,/concerts?on_sale=true,4.284,200,ok,0,steady
1791234522.5253382,kiemthugialap031@gmail.com,GET,/concerts,7.771,200,ok,0,steady
1791234522.5267713,kiemthugialap005@gmail.com,GET,/orders/me,7.514,200,ok,0,steady
1791234522.528651,kiemthugialap027@gmail.com,GET,/concerts,3.075,200,ok,0,steady
1791234522.559043,kiemthugialap066@gmail.com,GET,/orders/me,7.212,200,ok,0,steady
1791234522.6077957,kiemthugialap007@gmail.com,GET,/orders/me,6.076,200,ok,0,steady
1791234522.623091,kiemthugialap040@gmail.com,GET,/concerts?on_sale=true,5.564,200,ok,0,steady
1791234522.624306,kiemthugialap043@gmail.com,GET,/orders/me,5.8,200,ok,0,steady
1791234522.6407146,kiemthugialap073@gmail.com,GET,/orders/me,6.176,200,ok,0,steady
1791234522.6565266,kiemthugialap077@gmail.com,GET,/concerts?on_sale=true,5.809,200,ok,0,steady
1791234522.6752207,kiemthugialap080@gmail.com,GET,/orders/me,7.808,200,ok,0,steady
1791234522.68993,kiemthugialap053@gmail.com,GET,/orders/me,5.612,200,ok,0,steady
1791234522.7050493,kiemthugialap016@gmail.com,GET,/concerts,3.528,200,ok,0,steady
1791234522.7217855,kiemthugialap057@gmail.com,GET,/concerts,4.501,200,ok,0,steady
1791234522.7417154,kiemthugialap010@gmail.com,GET,/concerts,5.821,200,ok,0,steady
1791234522.7431917,kiemthugialap093@gmail.com,GET,/orders/me,8.455,200,ok,0,steady
1791234522.7436233,kiemthugialap061@gmail.com,GET,/orders/me,6.766,200,ok,0,steady
1791234522.774209,kiemthugialap045@gmail.com,GET,/orders/me,6.334,200,ok,0,steady
1791234522.793448,kiemthugialap012@gmail.com,GET,/concerts/{id},9.197,200,ok,0,steady
1791234522.7956862,kiemthugialap070@gmail.com,GET,/orders/me,10.539,200,ok,0,steady
1791234522.7968388,kiemthugialap028@gmail.com,GET,/orders/me,11.305,200,ok,0,steady
1791234522.7971694,kiemthugialap008@gmail.com,GET,/orders/me,8.731,200,ok,0,steady
1791234522.7998226,kiemthugialap095@gmail.com,GET,/orders/me,3.997,200,ok,0,steady
1791234522.8003833,kiemthugialap022@gmail.com,GET,/concerts?on_sale=true,3.102,200,ok,0,steady
1791234522.828376,kiemthugialap023@gmail.com,GET,/orders/me,8.739,200,ok,0,steady
1791234522.8287897,kiemthugialap064@gmail.com,GET,/orders/me,8.428,200,ok,0,steady
1791234522.8290844,kiemthugialap035@gmail.com,GET,/orders/me,10.416,200,ok,0,steady
1791234522.8393419,kiemthugialap099@gmail.com,GET,/orders/me,4.51,200,ok,0,steady
1791234522.8733153,kiemthugialap056@gmail.com,GET,/concerts/{id},4.226,200,ok,0,steady
1791234522.8770437,kiemthugialap058@gmail.com,GET,/orders/me,3.578,200,ok,0,steady
1791234522.8910387,kiemthugialap060@gmail.com,GET,/orders/me,5.859,200,ok,0,steady
1791234522.89443,kiemthugialap030@gmail.com,GET,/orders/me,3.155,200,ok,0,steady
1791234522.9096136,kiemthugialap039@gmail.com,GET,/orders/me,6.711,200,ok,0,steady
1791234522.940701,kiemthugialap075@gmail.com,GET,/orders/me,4.851,200,ok,0,steady
1791234522.956931,kiemthugialap021@gmail.com,GET,/concerts,4.688,200,ok,0,steady
1791234522.9735036,kiemthugialap071@gmail.com,GET,/orders/me,4.775,200,ok,0,steady
1791234522.9758341,kiemthugialap054@gmail.com,GET,/concerts?on_sale=true,2.187,200,ok,0,steady
1791234522.9907932,kiemthugialap002@gmail.com,GET,/orders/me,5.184,200,ok,0,steady
1791234523.033151,kiemthugialap079@gmail.com,GET,/orders/me,9.228,200,ok,0,steady
1791234523.0342195,kiemthugialap069@gmail.com,GET,/orders/me,11.55,200,ok,0,steady
1791234523.034567,kiemthugialap052@gmail.com,GET,/orders/me,11.054,200,ok,0,steady
1791234523.0357559,kiemthugialap097@gmail.com,GET,/concerts,2.371,200,ok,0,steady
1791234523.0597675,kiemthugialap094@gmail.com,GET,/orders/me,7.329,200,ok,0,steady
1791234523.060266,kiemthugialap076@gmail.com,GET,/orders/me,8.856,200,ok,0,steady
1791234523.1082053,kiemthugialap036@gmail.com,GET,/orders/me,6.208,200,ok,0,steady
1791234523.1123068,kiemthugialap026@gmail.com,GET,/concerts,3.893,200,ok,0,steady
1791234523.113274,kiemthugialap096@gmail.com,GET,/orders/me,4.435,200,ok,0,steady
1791234523.1153133,kiemthugialap048@gmail.com,GET,/concerts?on_sale=true,1.913,200,ok,0,steady
1791234523.1222343,kiemthugialap068@gmail.com,GET,/orders/me,4.327,200,ok,0,steady
1791234523.1412678,kiemthugialap013@gmail.com,GET,/concerts/{id},4.498,200,ok,0,steady
1791234523.1417024,kiemthugialap003@gmail.com,GET,/concerts?on_sale=true,4.425,200,ok,0,steady
1791234523.1928325,kiemthugialap059@gmail.com,GET,/concerts/{id},5.643,200,ok,0,steady
1791234523.1932561,kiemthugialap055@gmail.com,GET,/concerts,6.413,200,ok,0,steady
1791234523.194362,kiemthugialap091@gmail.com,GET,/orders/me,8.658,200,ok,0,steady
1791234523.2425416,kiemthugialap047@gmail.com,GET,/orders/me,7.419,200,ok,0,steady
1791234523.242945,kiemthugialap014@gmail.com,GET,/orders/me,6.926,200,ok,0,steady
1791234523.2762237,kiemthugialap011@gmail.com,GET,/orders/me,8.553,200,ok,0,steady
1791234523.2954998,kiemthugialap006@gmail.com,GET,/orders/me,6.77,200,ok,0,steady
1791234523.2959456,kiemthugialap017@gmail.com,GET,/orders/me,8.932,200,ok,0,steady
1791234523.3259833,kiemthugialap027@gmail.com,GET,/orders/me,7.524,200,ok,0,steady
1791234523.3590379,kiemthugialap063@gmail.com,GET,/orders/me,7.004,200,ok,0,steady
1791234523.364103,kiemthugialap077@gmail.com,GET,/concerts?on_sale=true,3.732,200,ok,0,steady
1791234523.3654926,kiemthugialap024@gmail.com,GET,/concerts/{id},6.118,200,ok,0,steady
1791234523.368204,kiemthugialap034@gmail.com,GET,/concerts,3.638,200,ok,0,steady
1791234523.3699648,kiemthugialap100@gmail.com,GET,/orders/me,5.71,200,ok,0,steady
1791234523.3742104,kiemthugialap082@gmail.com,GET,/orders/me,5.804,200,ok,0,steady
1791234523.3999283,kiemthugialap045@gmail.com,GET,/orders/me,12.167,200,ok,0,steady
1791234523.4022982,kiemthugialap005@gmail.com,GET,/orders/me,15.799,200,ok,0,steady
1791234523.4028258,kiemthugialap004@gmail.com,GET,/orders/me,15.46,200,ok,0,steady
1791234523.4032412,kiemthugialap087@gmail.com,GET,/orders/me,13.628,200,ok,0,steady
1791234523.4090452,kiemthugialap051@gmail.com,GET,/orders/me,8.864,200,ok,0,steady
1791234523.4098716,kiemthugialap001@gmail.com,GET,/orders/me,9.092,200,ok,0,steady
1791234523.411356,kiemthugialap081@gmail.com,GET,/orders/me,7.976,200,ok,0,steady
1791234523.4116962,kiemthugialap083@gmail.com,GET,/orders/me,7.888,200,ok,0,steady
1791234523.440259,kiemthugialap092@gmail.com,GET,/orders/me,5.874,200,ok,0,steady
1791234523.457406,kiemthugialap018@gmail.com,GET,/orders/me,4.79,200,ok,0,steady
1791234523.4752157,kiemthugialap085@gmail.com,GET,/concerts?on_sale=true,7.721,200,ok,0,steady
1791234523.4765153,kiemthugialap080@gmail.com,GET,/concerts?on_sale=true,5.205,200,ok,0,steady
1791234523.477217,kiemthugialap015@gmail.com,GET,/orders/me,7.737,200,ok,0,steady
1791234523.4776258,kiemthugialap022@gmail.com,GET,/orders/me,9.255,200,ok,0,steady
1791234523.48998,kiemthugialap098@gmail.com,GET,/orders/me,5.324,200,ok,0,steady
1791234523.5046637,kiemthugialap086@gmail.com,GET,/concerts,3.77,200,ok,0,steady
1791234523.5256174,kiemthugialap040@gmail.com,GET,/concerts,7.596,200,ok,0,steady
1791234523.5260592,kiemthugialap025@gmail.com,GET,/concerts,6.9,200,ok,0,steady
1791234523.5274608,kiemthugialap009@gmail.com,GET,/orders/me,8.621,200,ok,0,steady
1791234523.5284336,kiemthugialap095@gmail.com,GET,/orders/me,8.273,200,ok,0,steady
1791234523.5305235,kiemthugialap078@gmail.com,GET,/orders/me,2.936,200,ok,0,steady
1791234523.576424,kiemthugialap041@gmail.com,GET,/concerts?on_sale=true,6.682,200,ok,0,steady
1791234523.5782495,kiemthugialap072@gmail.com,GET,/orders/me,9.048,200,ok,0,steady
1791234523.578984,kiemthugialap037@gmail.com,GET,/concerts/{id},6.79,200,ok,0,steady
1791234523.5912008,kiemthugialap046@gmail.com,GET,/concerts?on_sale=true,5.259,200,ok,0,steady
1791234523.5924156,kiemthugialap043@gmail.com,GET,/orders/me,7.311,200,ok,0,steady
1791234523.6078684,kiemthugialap090@gmail.com,GET,/orders/me,5.326,200,ok,0,steady
1791234523.6601412,kiemthugialap088@gmail.com,GET,/concerts,3.401,200,ok,0,steady
1791234523.6624784,kiemthugialap062@gmail.com,GET,/concerts/{id},2.193,200,ok,0,steady
1791234523.7242362,kiemthugialap038@gmail.com,GET,/concerts?on_sale=true,6.562,200,ok,0,steady
1791234523.7255278,kiemthugialap032@gmail.com,GET,/orders/me,8.903,200,ok,0,steady
1791234523.7414567,kiemthugialap007@gmail.com,GET,/orders/me,7.049,200,ok,0,steady
1791234523.7782886,kiemthugialap030@gmail.com,GET,/orders/me,9.107,200,ok,0,steady
1791234523.7789788,kiemthugialap060@gmail.com,GET,/orders/me,9.228,200,ok,0,steady
1791234523.7905538,kiemthugialap067@gmail.com,GET,/concerts?on_sale=true,5.612,200,ok,0,steady
1791234523.8277023,kiemthugialap099@gmail.com,GET,/concerts?on_sale=true,8.75,200,ok,0,steady
1791234523.828449,kiemthugialap026@gmail.com,GET,/concerts,7.839,200,ok,0,steady
1791234523.8292515,kiemthugialap068@gmail.com,GET,/orders/me,11.751,200,ok,0,steady
1791234523.8565626,kiemthugialap070@gmail.com,GET,/orders/me,5.101,200,ok,0,steady
1791234523.8741086,kiemthugialap089@gmail.com,GET,/concerts?on_sale=true,6.357,200,ok,0,steady
1791234523.8770704,kiemthugialap044@gmail.com,GET,/orders/me,9.68,200,ok,0,steady
1791234523.8774524,kiemthugialap079@gmail.com,GET,/orders/me,10.665,200,ok,0,steady
1791234523.880647,kiemthugialap084@gmail.com,GET,/orders/me,6.283,200,ok,0,steady
1791234523.8817239,kiemthugialap029@gmail.com,GET,/orders/me,6.352,200,ok,0,steady
1791234523.889539,kiemthugialap042@gmail.com,GET,/orders/me,4.383,200,ok,0,steady
1791234523.9246974,kiemthugialap027@gmail.com,GET,/orders/me,6.225,200,ok,0,steady
1791234524.0049832,kiemthugialap050@gmail.com,GET,/orders/me,34.239,200,ok,0,steady
1791234524.0071867,kiemthugialap059@gmail.com,GET,/orders/me,37.491,200,ok,0,steady
1791234524.0106702,kiemthugialap048@gmail.com,GET,/orders/me,35.349,200,ok,0,steady
1791234524.0122075,kiemthugialap017@gmail.com,GET,/orders/me,9.728,200,ok,0,steady
1791234524.0128183,kiemthugialap094@gmail.com,GET,/orders/me,9.578,200,ok,0,steady
1791234524.0258982,kiemthugialap093@gmail.com,GET,/orders/me,7.715,200,ok,0,steady
1791234524.0263577,kiemthugialap058@gmail.com,GET,/orders/me,7.228,200,ok,0,steady
1791234524.0747201,kiemthugialap019@gmail.com,GET,/orders/me,6.294,200,ok,0,steady
1791234524.090747,kiemthugialap054@gmail.com,GET,/concerts,6.79,200,ok,0,steady
1791234524.0914135,kiemthugialap069@gmail.com,GET,/orders/me,6.747,200,ok,0,steady
1791234524.1097922,kiemthugialap012@gmail.com,GET,/concerts,6.671,200,ok,0,steady
1791234524.1102977,kiemthugialap022@gmail.com,GET,/concerts?on_sale=true,7.588,200,ok,0,steady
1791234524.111299,kiemthugialap011@gmail.com,GET,/orders/me,9.061,200,ok,0,steady
1791234524.1205113,kiemthugialap005@gmail.com,GET,/concerts,2.923,200,ok,0,steady
1791234524.1566522,kiemthugialap096@gmail.com,GET,/orders/me,5.39,200,ok,0,steady
1791234524.1728573,kiemthugialap049@gmail.com,GET,/concerts?on_sale=true,4.32,200,ok,0,steady
1791234524.173755,kiemthugialap065@gmail.com,GET,/orders/me,6.287,200,ok,0,steady
1791234524.194748,kiemthugialap082@gmail.com,GET,/orders/me,8.525,200,ok,0,steady
1791234524.1953526,kiemthugialap034@gmail.com,GET,/orders/me,10.139,200,ok,0,steady
1791234524.2072117,kiemthugialap002@gmail.com,GET,/orders/me,4.239,200,ok,0,steady
1791234524.209403,kiemthugialap062@gmail.com,GET,/concerts/{id},2.057,200,ok,0,steady
1791234524.2241614,kiemthugialap033@gmail.com,GET,/concerts/{id},5.074,200,ok,0,steady
1791234524.2245898,kiemthugialap010@gmail.com,GET,/concerts?on_sale=true,4.631,200,ok,0,steady
1791234524.243539,kiemthugialap009@gmail.com,GET,/orders/me,6.773,200,ok,0,steady
1791234524.245219,kiemthugialap023@gmail.com,GET,/orders/me,9.625,200,ok,0,steady
1791234524.247414,kiemthugialap061@gmail.com,GET,/concerts,3.205,200,ok,0,steady
1791234524.2484372,kiemthugialap074@gmail.com,GET,/orders/me,4.688,200,ok,0,steady
1791234524.2729287,kiemthugialap008@gmail.com,GET,/orders/me,4.809,200,ok,0,steady
1791234524.2753487,kiemthugialap077@gmail.com,GET,/concerts,2.275,200,ok,0,steady
1791234524.3087554,kiemthugialap030@gmail.com,GET,/concerts?on_sale=true,5.327,200,ok,0,steady
1791234524.3103433,kiemthugialap020@gmail.com,GET,/orders/me,6.354,200,ok,0,steady
1791234524.3134506,kiemthugialap097@gmail.com,GET,/orders/me,4.502,200,ok,0,steady
1791234524.3139174,kiemthugialap031@gmail.com,GET,/orders/me,4.594,200,ok,0,steady
1791234524.3433392,kiemthugialap067@gmail.com,GET,/orders/me,8.597,200,ok,0,steady
1791234524.3445907,kiemthugialap052@gmail.com,GET,/orders/me,8.448,200,ok,0,steady
1791234524.3448899,kiemthugialap100@gmail.com,GET,/orders/me,8.357,200,ok,0,steady
1791234524.3469975,kiemthugialap057@gmail.com,GET,/concerts/{id},3.52,200,ok,0,steady
1791234524.3474872,kiemthugialap046@gmail.com,GET,/orders/me,3.725,200,ok,0,steady
1791234524.374343,kiemthugialap064@gmail.com,GET,/orders/me,5.844,200,ok,0,steady
1791234524.4079337,kiemthugialap066@gmail.com,GET,/concerts/{id},4.125,200,ok,0,steady
1791234524.443045,kiemthugialap071@gmail.com,GET,/orders/me,22.373,200,ok,0,steady
1791234524.4436772,kiemthugialap039@gmail.com,GET,/orders/me,24.103,200,ok,0,steady
1791234524.4446084,kiemthugialap088@gmail.com,GET,/orders/me,24.247,200,ok,0,steady
1791234524.446226,kiemthugialap021@gmail.com,GET,/concerts?on_sale=true,21.951,200,ok,0,steady
1791234524.447085,kiemthugialap044@gmail.com,GET,/orders/me,10.213,200,ok,0,steady
1791234524.4489996,kiemthugialap055@gmail.com,GET,/orders/me,4.233,200,ok,0,steady
1791234524.456544,kiemthugialap045@gmail.com,GET,/orders/me,4.73,200,ok,0,steady
1791234524.4600847,kiemthugialap036@gmail.com,GET,/orders/me,3.359,200,ok,0,steady
1791234524.5118823,kiemthugialap084@gmail.com,GET,/orders/me,4.308,200,ok,0,steady
1791234524.5151892,kiemthugialap047@gmail.com,GET,/orders/me,3.169,200,ok,0,steady
1791234524.5229597,kiemthugialap068@gmail.com,GET,/orders/me,3.355,200,ok,0,steady
1791234524.5420897,kiemthugialap076@gmail.com,GET,/concerts?on_sale=true,5.044,200,ok,0,steady
1791234524.5441098,kiemthugialap016@gmail.com,GET,/orders/me,8.065,200,ok,0,steady
1791234524.5480053,kiemthugialap070@gmail.com,GET,/concerts?on_sale=true,5.722,200,ok,0,steady
1791234524.5494168,kiemthugialap028@gmail.com,GET,/concerts?on_sale=true,6.693,200,ok,0,steady
1791234524.5511954,kiemthugialap014@gmail.com,GET,/orders/me,6.878,200,ok,0,steady
1791234524.555237,kiemthugialap075@gmail.com,GET,/concerts?on_sale=true,3.863,200,ok,0,steady
1791234524.5740407,kiemthugialap027@gmail.com,GET,/orders/me,6.709,200,ok,0,steady
1791234524.5901332,kiemthugialap004@gmail.com,GET,/concerts,4.841,200,ok,0,steady
1791234524.5911741,kiemthugialap081@gmail.com,GET,/orders/me,6.785,200,ok,0,steady
1791234524.6254096,kiemthugialap086@gmail.com,GET,/concerts,5.302,200,ok,0,steady
1791234524.6277432,kiemthugialap073@gmail.com,GET,/orders/me,8.368,200,ok,0,steady
1791234524.629915,kiemthugialap043@gmail.com,GET,/orders/me,4.286,200,ok,0,steady
1791234524.658769,kiemthugialap092@gmail.com,GET,/orders/me,5.388,200,ok,0,steady
1791234524.6604655,kiemthugialap003@gmail.com,GET,/orders/me,8.704,200,ok,0,steady
1791234524.6637044,kiemthugialap019@gmail.com,GET,/orders/me,4.674,200,ok,0,steady
1791234524.6913893,kiemthugialap053@gmail.com,GET,/concerts,4.812,200,ok,0,steady
1791234524.6927524,kiemthugialap013@gmail.com,GET,/orders/me,7.35,200,ok,0,steady
1791234524.7055607,kiemthugialap024@gmail.com,GET,/concerts,3.492,200,ok,0,steady
1791234524.7242227,kiemthugialap085@gmail.com,GET,/concerts?on_sale=true,4.892,200,ok,0,steady
1791234524.7573695,kiemthugialap035@gmail.com,GET,/orders/me,4.611,200,ok,0,steady
1791234524.7602987,kiemthugialap078@gmail.com,GET,/orders/me,2.797,200,ok,0,steady
1791234524.809008,kiemthugialap087@gmail.com,GET,/orders/me,5.87,200,ok,0,steady
1791234524.8095205,kiemthugialap091@gmail.com,GET,/orders/me,7.783,200,ok,0,steady
1791234524.841662,kiemthugialap007@gmail.com,GET,/orders/me,5.127,200,ok,0,steady
1791234524.876208,kiemthugialap056@gmail.com,GET,/orders/me,7.208,200,ok,0,steady
1791234524.8768823,kiemthugialap054@gmail.com,GET,/orders/me,8.872,200,ok,0,steady
1791234524.8934128,kiemthugialap079@gmail.com,GET,/orders/me,7.56,200,ok,0,steady
1791234524.908776,kiemthugialap097@gmail.com,GET,/orders/me,7.785,200,ok,0,steady
1791234524.9428957,kiemthugialap058@gmail.com,GET,/concerts?on_sale=true,8.553,200,ok,0,steady
1791234524.944832,kiemthugialap080@gmail.com,GET,/orders/me,8.854,200,ok,0,steady
1791234524.947269,kiemthugialap010@gmail.com,GET,/orders/me,5.963,200,ok,0,steady
1791234524.9510455,kiemthugialap018@gmail.com,GET,/orders/me,3.577,200,ok,0,steady
1791234524.979063,kiemthugialap059@gmail.com,GET,/concerts,11.075,200,ok,0,steady
1791234524.980528,kiemthugialap026@gmail.com,GET,/concerts,7.447,200,ok,0,steady
1791234524.9809763,kiemthugialap063@gmail.com,GET,/orders/me,8.94,200,ok,0,steady
1791234524.983716,kiemthugialap048@gmail.com,GET,/orders/me,4.432,200,ok,0,steady
1791234525.0235713,kiemthugialap082@gmail.com,GET,/orders/me,6.028,200,ok,0,steady
1791234525.0600536,kiemthugialap090@gmail.com,GET,/orders/me,9.098,200,ok,0,steady
1791234525.0606163,kiemthugialap096@gmail.com,GET,/orders/me,8.727,200,ok,0,steady
1791234525.0726986,kiemthugialap083@gmail.com,GET,/concerts/{id},2.97,200,ok,0,steady
1791234525.0913692,kiemthugialap015@gmail.com,GET,/orders/me,5.151,200,ok,0,steady
1791234525.0917265,kiemthugialap071@gmail.com,GET,/orders/me,6.344,200,ok,0,steady
1791234525.1245732,kiemthugialap006@gmail.com,GET,/concerts?on_sale=true,5.513,200,ok,0,steady
1791234525.1255496,kiemthugialap081@gmail.com,GET,/orders/me,5.395,200,ok,0,steady
1791234525.1388097,kiemthugialap046@gmail.com,GET,/orders/me,4.385,200,ok,0,steady
1791234525.191933,kiemthugialap030@gmail.com,GET,/orders/me,6.26,200,ok,0,steady
1791234525.1994565,kiemthugialap060@gmail.com,GET,/orders/me,6.713,200,ok,0,steady
1791234525.19984,kiemthugialap008@gmail.com,GET,/orders/me,6.822,200,ok,0,steady
1791234525.2001245,kiemthugialap025@gmail.com,GET,/orders/me,7.958,200,ok,0,steady
1791234525.2236135,kiemthugialap065@gmail.com,GET,/concerts,3.914,200,ok,0,steady
1791234525.2600574,kiemthugialap052@gmail.com,GET,/orders/me,7.226,200,ok,0,steady
1791234525.261216,kiemthugialap051@gmail.com,GET,/orders/me,9.469,200,ok,0,steady
1791234525.2615242,kiemthugialap053@gmail.com,GET,/orders/me,9.109,200,ok,0,steady
1791234525.2631078,kiemthugialap001@gmail.com,GET,/orders/me,2.856,200,ok,0,steady
1791234525.2659118,kiemthugialap040@gmail.com,GET,/orders/me,2.69,200,ok,0,steady
1791234525.2916365,kiemthugialap037@gmail.com,GET,/orders/me,4.931,200,ok,0,steady
1791234525.2955823,kiemthugialap047@gmail.com,GET,/concerts/{id},3.78,200,ok,0,steady
1791234525.2959235,kiemthugialap023@gmail.com,GET,/concerts/{id},3.775,200,ok,0,steady
1791234525.3077805,kiemthugialap098@gmail.com,GET,/orders/me,6.068,200,ok,0,steady
1791234525.340814,kiemthugialap004@gmail.com,GET,/orders/me,5.045,200,ok,0,steady
1791234525.358788,kiemthugialap019@gmail.com,GET,/orders/me,5.299,200,ok,0,steady
1791234525.3591425,kiemthugialap042@gmail.com,GET,/orders/me,6.673,200,ok,0,steady
1791234525.3748806,kiemthugialap029@gmail.com,GET,/concerts,5.811,200,ok,0,steady
1791234525.3758748,kiemthugialap027@gmail.com,GET,/orders/me,5.756,200,ok,0,steady
1791234525.3925438,kiemthugialap095@gmail.com,GET,/concerts?on_sale=true,6.088,200,ok,0,steady
1791234525.394005,kiemthugialap084@gmail.com,GET,/orders/me,8.266,200,ok,0,steady
1791234525.3943858,kiemthugialap041@gmail.com,GET,/orders/me,6.576,200,ok,0,steady
1791234525.4087522,kiemthugialap045@gmail.com,GET,/concerts,6.691,200,ok,0,steady
1791234525.409777,kiemthugialap002@gmail.com,GET,/orders/me,6.326,200,ok,0,steady
1791234525.4120986,kiemthugialap089@gmail.com,GET,/orders/me,3.173,200,ok,0,steady
1791234525.4415693,kiemthugialap050@gmail.com,GET,/orders/me,5.82,200,ok,0,steady
1791234525.4743588,kiemthugialap011@gmail.com,GET,/orders/me,4.985,200,ok,0,steady
1791234525.5075305,kiemthugialap038@gmail.com,GET,/orders/me,4.662,200,ok,0,steady
1791234525.5241735,kiemthugialap073@gmail.com,GET,/orders/me,5.658,200,ok,0,steady
1791234525.5408247,kiemthugialap017@gmail.com,GET,/orders/me,5.233,200,ok,0,steady
1791234525.5438788,kiemthugialap088@gmail.com,GET,/orders/me,2.911,200,ok,0,steady
1791234525.575719,kiemthugialap085@gmail.com,GET,/concerts/{id},5.87,200,ok,0,steady
1791234525.5773919,kiemthugialap100@gmail.com,GET,/orders/me,7.234,200,ok,0,steady
1791234525.5777698,kiemthugialap072@gmail.com,GET,/orders/me,8.867,200,ok,0,steady
1791234525.5936933,kiemthugialap082@gmail.com,GET,/orders/me,4.634,200,ok,0,steady
1791234525.5959482,kiemthugialap032@gmail.com,GET,/concerts?on_sale=true,2.067,200,ok,0,steady
1791234525.6257846,kiemthugialap094@gmail.com,GET,/concerts/{id},6.551,200,ok,0,steady
1791234525.6271393,kiemthugialap031@gmail.com,GET,/concerts?on_sale=true,8.297,200,ok,0,steady
1791234525.6274996,kiemthugialap036@gmail.com,GET,/concerts,9.482,200,ok,0,steady
1791234525.6298642,kiemthugialap063@gmail.com,GET,/orders/me,3.831,200,ok,0,steady
1791234525.660595,kiemthugialap099@gmail.com,GET,/concerts/{id},7.322,200,ok,0,steady
1791234525.664122,kiemthugialap049@gmail.com,GET,/orders/me,11.835,200,ok,0,steady
1791234525.664449,kiemthugialap009@gmail.com,GET,/orders/me,10.856,200,ok,0,steady
1791234525.6676497,kiemthugialap070@gmail.com,GET,/orders/me,6.811,200,ok,0,steady
1791234525.6687403,kiemthugialap048@gmail.com,GET,/orders/me,7.312,200,ok,0,steady
1791234525.6705942,kiemthugialap014@gmail.com,GET,/concerts,2.8,200,ok,0,steady
1791234525.6906252,kiemthugialap028@gmail.com,GET,/orders/me,5.575,200,ok,0,steady
1791234525.7089548,kiemthugialap066@gmail.com,GET,/orders/me,5.296,200,ok,0,steady
1791234525.7120104,kiemthugialap080@gmail.com,GET,/concerts,2.811,200,ok,0,steady
1791234525.7405832,kiemthugialap020@gmail.com,GET,/concerts,5.269,200,ok,0,steady
1791234525.7416112,kiemthugialap065@gmail.com,GET,/orders/me,4.866,200,ok,0,steady
1791234525.7744975,kiemthugialap025@gmail.com,GET,/orders/me,4.956,200,ok,0,steady
1791234525.7801094,kiemthugialap022@gmail.com,GET,/concerts?on_sale=true,5.119,200,ok,0,steady
1791234525.7820852,kiemthugialap093@gmail.com,GET,/orders/me,7.442,200,ok,0,steady
1791234525.7825963,kiemthugialap033@gmail.com,GET,/orders/me,6.989,200,ok,0,steady
1791234525.7844908,kiemthugialap026@gmail.com,GET,/orders/me,4.201,200,ok,0,steady
1791234525.8080168,kiemthugialap010@gmail.com,GET,/orders/me,6.393,200,ok,0,steady
1791234525.862285,kiemthugialap052@gmail.com,GET,/orders/me,8.301,200,ok,0,steady
1791234525.8638203,kiemthugialap005@gmail.com,GET,/orders/me,8.515,200,ok,0,steady
1791234525.8641303,kiemthugialap013@gmail.com,GET,/orders/me,11.39,200,ok,0,steady
1791234525.866047,kiemthugialap087@gmail.com,GET,/concerts,3.223,200,ok,0,steady
1791234525.8663747,kiemthugialap012@gmail.com,GET,/concerts?on_sale=true,3.91,200,ok,0,steady
1791234525.9118006,kiemthugialap001@gmail.com,GET,/concerts/{id},9.426,200,ok,0,steady
1791234525.9135094,kiemthugialap024@gmail.com,GET,/concerts?on_sale=true,10.615,200,ok,0,steady
1791234525.915319,kiemthugialap068@gmail.com,GET,/orders/me,12.172,200,ok,0,steady
1791234525.9157255,kiemthugialap041@gmail.com,GET,/orders/me,12.355,200,ok,0,steady
1791234525.916732,kiemthugialap055@gmail.com,GET,/orders/me,12.332,200,ok,0,steady
1791234525.921338,kiemthugialap015@gmail.com,GET,/concerts?on_sale=true,9.279,200,ok,0,steady
1791234525.9234996,kiemthugialap083@gmail.com,GET,/concerts/{id},9.822,200,ok,0,steady
1791234525.9253697,kiemthugialap019@gmail.com,GET,/orders/me,9.468,200,ok,0,steady
1791234525.9255867,kiemthugialap056@gmail.com,GET,/concerts/{id},11.185,200,ok,0,steady
1791234525.9261866,kiemthugialap069@gmail.com,GET,/concerts,7.069,200,ok,0,steady
1791234525.9301894,kiemthugialap027@gmail.com,GET,/orders/me,3.834,200,ok,0,steady
1791234525.9334393,kiemthugialap074@gmail.com,GET,/orders/me,3.121,200,ok,0,steady
1791234525.9745185,kiemthugialap053@gmail.com,GET,/concerts?on_sale=true,5.34,200,ok,0,steady
1791234525.9749699,kiemthugialap077@gmail.com,GET,/concerts,4.086,200,ok,0,steady
1791234526.0105915,kiemthugialap011@gmail.com,GET,/orders/me,24.928,200,ok,0,steady
1791234526.0112767,kiemthugialap064@gmail.com,GET,/orders/me,24.441,200,ok,0,steady
1791234526.0123725,kiemthugialap078@gmail.com,GET,/orders/me,8.931,200,ok,0,steady
1791234526.0128443,kiemthugialap034@gmail.com,GET,/orders/me,10.816,200,ok,0,steady
1791234526.0612948,kiemthugialap057@gmail.com,GET,/concerts,7.931,200,ok,0,steady
1791234526.0633366,kiemthugialap095@gmail.com,GET,/orders/me,12.043,200,ok,0,steady
1791234526.064005,kiemthugialap003@gmail.com,GET,/orders/me,10.353,200,ok,0,steady
1791234526.0643218,kiemthugialap097@gmail.com,GET,/orders/me,12.234,200,ok,0,steady
1791234526.0934312,kiemthugialap051@gmail.com,GET,/orders/me,8.924,200,ok,0,steady
1791234526.0976198,kiemthugialap062@gmail.com,GET,/concerts/{id},3.954,200,ok,0,steady
1791234526.108119,kiemthugialap043@gmail.com,GET,/orders/me,6.679,200,ok,0,steady
1791234526.1429756,kiemthugialap085@gmail.com,GET,/concerts/{id},7.381,200,ok,0,steady
1791234526.1442397,kiemthugialap067@gmail.com,GET,/orders/me,7.35,200,ok,0,steady
1791234526.1578877,kiemthugialap086@gmail.com,GET,/orders/me,7.163,200,ok,0,steady
1791234526.1668398,kiemthugialap047@gmail.com,GET,/orders/me,7.335,200,ok,0,steady
1791234526.1685855,kiemthugialap039@gmail.com,GET,/orders/me,10.173,200,ok,0,steady
1791234526.1690838,kiemthugialap054@gmail.com,GET,/orders/me,8.773,200,ok,0,steady
1791234526.1719124,kiemthugialap081@gmail.com,GET,/concerts,4.823,200,ok,0,steady
1791234526.1910827,kiemthugialap076@gmail.com,GET,/concerts,6.63,200,ok,0,steady
1791234526.1926048,kiemthugialap060@gmail.com,GET,/orders/me,6.976,200,ok,0,steady
1791234526.1930115,kiemthugialap072@gmail.com,GET,/orders/me,7.74,200,ok,0,steady
1791234526.2398536,kiemthugialap032@gmail.com,GET,/concerts?on_sale=true,22.211,200,ok,0,steady
1791234526.2413533,kiemthugialap021@gmail.com,GET,/orders/me,22.597,200,ok,0,steady
1791234526.2473023,kiemthugialap100@gmail.com,GET,/orders/me,11.092,200,ok,0,steady
1791234526.2476041,kiemthugialap042@gmail.com,GET,/orders/me,9.112,200,ok,0,steady
1791234526.2479036,kiemthugialap061@gmail.com,GET,/orders/me,11.007,200,ok,0,steady
1791234526.2480216,kiemthugialap040@gmail.com,GET,/orders/me,10.884,200,ok,0,steady
1791234526.2742696,kiemthugialap098@gmail.com,GET,/concerts?on_sale=true,6.049,200,ok,0,steady
1791234526.2754252,kiemthugialap080@gmail.com,GET,/orders/me,5.946,200,ok,0,steady
1791234526.3270078,kiemthugialap048@gmail.com,GET,/orders/me,6.855,200,ok,0,steady
1791234526.3276427,kiemthugialap016@gmail.com,GET,/orders/me,8.276,200,ok,0,steady
1791234526.3415227,kiemthugialap063@gmail.com,GET,/orders/me,6.25,200,ok,0,steady
1791234526.3764744,kiemthugialap088@gmail.com,GET,/orders/me,22.624,200,ok,0,steady
1791234526.3770142,kiemthugialap079@gmail.com,GET,/orders/me,22.705,200,ok,0,steady
1791234526.3773377,kiemthugialap044@gmail.com,GET,/orders/me,7.648,200,ok,0,steady
1791234526.4113538,kiemthugialap096@gmail.com,GET,/orders/me,9.068,200,ok,0,steady
1791234526.4126096,kiemthugialap029@gmail.com,GET,/orders/me,8.888,200,ok,0,steady
1791234526.4129581,kiemthugialap009@gmail.com,GET,/orders/me,9.613,200,ok,0,steady
1791234526.4145856,kiemthugialap092@gmail.com,GET,/orders/me,3.038,200,ok,0,steady
1791234526.446747,kiemthugialap091@gmail.com,GET,/orders/me,5.842,200,ok,0,steady
1791234526.447164,kiemthugialap075@gmail.com,GET,/orders/me,6.838,200,ok,0,steady
1791234526.5081933,kiemthugialap027@gmail.com,GET,/concerts/{id},4.509,200,ok,0,steady
1791234526.5085623,kiemthugialap035@gmail.com,GET,/concerts,6.015,200,ok,0,steady
1791234526.5429444,kiemthugialap041@gmail.com,GET,/orders/me,7.166,200,ok,0,steady
1791234526.591337,kiemthugialap046@gmail.com,GET,/orders/me,5.358,200,ok,0,steady
1791234526.5935757,kiemthugialap052@gmail.com,GET,/concerts,2.072,200,ok,0,steady
1791234526.6090252,kiemthugialap045@gmail.com,GET,/orders/me,5.937,200,ok,0,steady
1791234526.6413136,kiemthugialap018@gmail.com,GET,/orders/me,5.327,200,ok,0,steady
1791234526.644302,kiemthugialap007@gmail.com,GET,/orders/me,2.843,200,ok,0,steady
1791234526.6903977,kiemthugialap043@gmail.com,GET,/concerts,4.052,200,ok,0,steady
1791234526.6915014,kiemthugialap084@gmail.com,GET,/orders/me,6.393,200,ok,0,steady
1791234526.724987,kiemthugialap028@gmail.com,GET,/orders/me,5.755,200,ok,0,steady
1791234526.7283463,kiemthugialap002@gmail.com,GET,/orders/me,3.187,200,ok,0,steady
1791234526.7600846,kiemthugialap058@gmail.com,GET,/orders/me,6.919,200,ok,0,steady
1791234526.7683575,kiemthugialap067@gmail.com,GET,/orders/me,6.966,200,ok,0,steady
1791234526.7689989,kiemthugialap036@gmail.com,GET,/concerts?on_sale=true,8.392,200,ok,0,steady
1791234526.7695167,kiemthugialap071@gmail.com,GET,/concerts/{id},9.259,200,ok,0,steady
1791234526.7918189,kiemthugialap013@gmail.com,GET,/concerts/{id},6.108,200,ok,0,steady
1791234526.7936664,kiemthugialap080@gmail.com,GET,/orders/me,9.251,200,ok,0,steady
1791234526.7960315,kiemthugialap008@gmail.com,GET,/orders/me,4.045,200,ok,0,steady
1791234526.8105145,kiemthugialap090@gmail.com,GET,/orders/me,7.952,200,ok,0,steady
1791234526.8230839,kiemthugialap030@gmail.com,GET,/orders/me,5.033,200,ok,0,steady
1791234526.8398132,kiemthugialap059@gmail.com,GET,/concerts,3.337,200,ok,0,steady
1791234526.8774922,kiemthugialap006@gmail.com,GET,/orders/me,9.42,200,ok,0,steady
1791234526.8787556,kiemthugialap037@gmail.com,GET,/orders/me,9.318,200,ok,0,steady
1791234526.879076,kiemthugialap022@gmail.com,GET,/orders/me,8.79,200,ok,0,steady
1791234526.8807688,kiemthugialap020@gmail.com,GET,/orders/me,3.118,200,ok,0,steady
1791234526.890095,kiemthugialap001@gmail.com,GET,/concerts,4.036,200,ok,0,steady
1791234526.8955657,kiemthugialap064@gmail.com,GET,/orders/me,4.886,200,ok,0,steady
1791234526.895905,kiemthugialap088@gmail.com,GET,/orders/me,5.652,200,ok,0,steady
1791234526.9243813,kiemthugialap073@gmail.com,GET,/orders/me,5.381,200,ok,0,steady
1791234526.9734244,kiemthugialap057@gmail.com,GET,/concerts?on_sale=true,3.996,200,ok,0,steady
1791234527.0252619,kiemthugialap085@gmail.com,GET,/orders/me,5.74,200,ok,0,steady
1791234527.0420415,kiemthugialap092@gmail.com,GET,/orders/me,5.548,200,ok,0,steady
1791234527.0591173,kiemthugialap039@gmail.com,GET,/orders/me,6.384,200,ok,0,steady
1791234527.1072204,kiemthugialap033@gmail.com,GET,/concerts?on_sale=true,4.33,200,ok,0,steady
1791234527.1094127,kiemthugialap060@gmail.com,GET,/concerts,2.039,200,ok,0,steady
1791234527.1418378,kiemthugialap066@gmail.com,GET,/concerts?on_sale=true,4.617,200,ok,0,steady
1791234527.1428244,kiemthugialap004@gmail.com,GET,/orders/me,6.886,200,ok,0,steady
1791234527.1572485,kiemthugialap061@gmail.com,GET,/orders/me,5.318,200,ok,0,steady
1791234527.1769252,kiemthugialap003@gmail.com,GET,/concerts/{id},6.639,200,ok,0,steady
1791234527.1781344,kiemthugialap047@gmail.com,GET,/orders/me,9.098,200,ok,0,steady
1791234527.1805692,kiemthugialap072@gmail.com,GET,/orders/me,3.425,200,ok,0,steady
1791234527.183779,kiemthugialap074@gmail.com,GET,/orders/me,3.085,200,ok,0,steady
1791234527.2074077,kiemthugialap091@gmail.com,GET,/orders/me,6.19,200,ok,0,steady
1791234527.2108119,kiemthugialap040@gmail.com,GET,/concerts,2.976,200,ok,0,steady
1791234527.2243943,kiemthugialap095@gmail.com,GET,/orders/me,6.262,200,ok,0,steady
1791234527.2418818,kiemthugialap005@gmail.com,GET,/orders/me,7.29,200,ok,0,steady
1791234527.2468271,kiemthugialap023@gmail.com,GET,/concerts?on_sale=true,4.68,200,ok,0,steady
1791234527.248114,kiemthugialap051@gmail.com,GET,/orders/me,5.389,200,ok,0,steady
1791234527.250882,kiemthugialap011@gmail.com,GET,/concerts/{id},2.597,200,ok,0,steady
1791234527.2720778,kiemthugialap045@gmail.com,GET,/concerts,3.74,200,ok,0,steady
1791234527.2960896,kiemthugialap082@gmail.com,GET,/orders/me,11.203,200,ok,0,steady
1791234527.296814,kiemthugialap028@gmail.com,GET,/orders/me,10.608,200,ok,0,steady
1791234527.2992585,kiemthugialap026@gmail.com,GET,/orders/me,9.99,200,ok,0,steady
1791234527.2999983,kiemthugialap065@gmail.com,GET,/orders/me,9.976,200,ok,0,steady
1791234527.326619,kiemthugialap049@gmail.com,GET,/concerts/{id},8.805,200,ok,0,steady
1791234527.327181,kiemthugialap015@gmail.com,GET,/orders/me,8.498,200,ok,0,steady
1791234527.3275347,kiemthugialap025@gmail.com,GET,/orders/me,9.169,200,ok,0,steady
1791234527.3402832,kiemthugialap050@gmail.com,GET,/concerts,4.474,200,ok,0,steady
1791234527.3584268,kiemthugialap099@gmail.com,GET,/concerts?on_sale=true,5.595,200,ok,0,steady
1791234527.359774,kiemthugialap038@gmail.com,GET,/concerts?on_sale=true,8.383,200,ok,0,steady
1791234527.3607562,kiemthugialap046@gmail.com,GET,/orders/me,8.523,200,ok,0,steady
1791234527.363027,kiemthugialap089@gmail.com,GET,/concerts/{id},4.402,200,ok,0,steady
1791234527.364164,kiemthugialap097@gmail.com,GET,/orders/me,4.263,200,ok,0,steady
1791234527.3728557,kiemthugialap035@gmail.com,GET,/orders/me,4.968,200,ok,0,steady
1791234527.3920321,kiemthugialap087@gmail.com,GET,/concerts/{id},7.317,200,ok,0,steady
1791234527.3933234,kiemthugialap044@gmail.com,GET,/orders/me,7.96,200,ok,0,steady
1791234527.4071898,kiemthugialap014@gmail.com,GET,/orders/me,4.126,200,ok,0,steady
1791234527.4397044,kiemthugialap017@gmail.com,GET,/concerts,4.912,200,ok,0,steady
1791234527.4750593,kiemthugialap093@gmail.com,GET,/concerts/{id},5.831,200,ok,0,steady
1791234527.4760997,kiemthugialap054@gmail.com,GET,/orders/me,5.316,200,ok,0,steady
1791234527.5329897,kiemthugialap088@gmail.com,GET,/orders/me,39.753,200,ok,0,steady
1791234527.5583496,kiemthugialap063@gmail.com,GET,/orders/me,25.134,200,ok,0,steady
1791234527.5646057,kiemthugialap031@gmail.com,GET,/orders/me,13.561,200,ok,0,steady
1791234527.5656483,kiemthugialap068@gmail.com,GET,/concerts?on_sale=true,13.503,200,ok,0,steady
1791234527.5659664,kiemthugialap073@gmail.com,GET,/orders/me,71.859,200,ok,0,steady
1791234527.5680902,kiemthugialap081@gmail.com,GET,/orders/me,3.315,200,ok,0,steady
1791234527.5709262,kiemthugialap094@gmail.com,GET,/concerts,2.633,200,ok,0,steady
1791234527.5885432,kiemthugialap070@gmail.com,GET,/concerts/{id},4.146,200,ok,0,steady
1791234527.6074767,kiemthugialap083@gmail.com,GET,/orders/me,6.303,200,ok,0,steady
1791234527.6249142,kiemthugialap069@gmail.com,GET,/orders/me,5.041,200,ok,0,steady
1791234527.6597438,kiemthugialap064@gmail.com,GET,/concerts,6.251,200,ok,0,steady
1791234527.6602266,kiemthugialap067@gmail.com,GET,/concerts/{id},7.863,200,ok,0,steady
1791234527.6610677,kiemthugialap048@gmail.com,GET,/orders/me,6.463,200,ok,0,steady
1791234527.6914012,kiemthugialap001@gmail.com,GET,/concerts?on_sale=true,3.793,200,ok,0,steady
1791234527.6924162,kiemthugialap022@gmail.com,GET,/orders/me,6.079,200,ok,0,steady
1791234527.71117,kiemthugialap098@gmail.com,GET,/orders/me,8.627,200,ok,0,steady
1791234527.7116594,kiemthugialap003@gmail.com,GET,/orders/me,7.598,200,ok,0,steady
1791234527.7124312,kiemthugialap019@gmail.com,GET,/orders/me,6.246,200,ok,0,steady
1791234527.7245371,kiemthugialap034@gmail.com,GET,/orders/me,4.796,200,ok,0,steady
1791234527.759392,kiemthugialap085@gmail.com,GET,/concerts/{id},23.529,200,ok,0,steady
1791234527.7656624,kiemthugialap024@gmail.com,GET,/orders/me,28.644,200,ok,0,steady
1791234527.766096,kiemthugialap012@gmail.com,GET,/concerts/{id},12.41,200,ok,0,steady
1791234527.7674181,kiemthugialap032@gmail.com,GET,/concerts?on_sale=true,14.561,200,ok,0,steady
1791234527.769248,kiemthugialap053@gmail.com,GET,/orders/me,17.357,200,ok,0,steady
1791234527.7707345,kiemthugialap055@gmail.com,GET,/orders/me,17.541,200,ok,0,steady
1791234527.771933,kiemthugialap010@gmail.com,GET,/orders/me,18.382,200,ok,0,steady
1791234527.8094115,kiemthugialap009@gmail.com,GET,/concerts?on_sale=true,4.641,200,ok,0,steady
1791234527.8104548,kiemthugialap077@gmail.com,GET,/orders/me,5.208,200,ok,0,steady
1791234527.8128054,kiemthugialap078@gmail.com,GET,/orders/me,3.267,200,ok,0,steady
1791234527.8404236,kiemthugialap056@gmail.com,GET,/concerts/{id},4.6,200,ok,0,steady
1791234527.8420503,kiemthugialap076@gmail.com,GET,/orders/me,7.399,200,ok,0,steady
1791234527.8904154,kiemthugialap005@gmail.com,GET,/orders/me,4.774,200,ok,0,steady
1791234527.9257576,kiemthugialap021@gmail.com,GET,/orders/me,5.812,200,ok,0,steady
1791234527.927299,kiemthugialap029@gmail.com,GET,/orders/me,8.262,200,ok,0,steady
1791234527.929295,kiemthugialap046@gmail.com,GET,/concerts/{id},3.041,200,ok,0,steady
1791234527.9296217,kiemthugialap045@gmail.com,GET,/concerts,3.712,200,ok,0,steady
1791234527.9425652,kiemthugialap037@gmail.com,GET,/orders/me,5.074,200,ok,0,steady
1791234527.9476767,kiemthugialap086@gmail.com,GET,/orders/me,4.87,200,ok,0,steady
1791234527.9479995,kiemthugialap025@gmail.com,GET,/orders/me,4.446,200,ok,0,steady
1791234527.9758508,kiemthugialap079@gmail.com,GET,/concerts/{id},5.346,200,ok,0,steady
1791234527.9774466,kiemthugialap058@gmail.com,GET,/orders/me,8.118,200,ok,0,steady
1791234528.0080476,kiemthugialap092@gmail.com,GET,/orders/me,6.16,200,ok,0,steady
1791234528.008502,kiemthugialap041@gmail.com,GET,/orders/me,5.897,200,ok,0,steady
1791234528.0112715,kiemthugialap016@gmail.com,GET,/orders/me,2.662,200,ok,0,steady
1791234528.0138724,kiemthugialap071@gmail.com,GET,/orders/me,2.495,200,ok,0,steady
1791234528.0424197,kiemthugialap042@gmail.com,GET,/concerts,5.393,200,ok,0,steady
1791234528.0434985,kiemthugialap062@gmail.com,GET,/orders/me,5.892,200,ok,0,steady
1791234528.0469491,kiemthugialap096@gmail.com,GET,/orders/me,4.357,200,ok,0,steady
1791234528.048175,kiemthugialap093@gmail.com,GET,/orders/me,4.561,200,ok,0,steady
1791234528.194701,kiemthugialap069@gmail.com,GET,/concerts/{id},6.855,200,ok,0,steady
1791234528.1963863,kiemthugialap051@gmail.com,GET,/concerts/{id},9.981,200,ok,0,steady
1791234528.1967301,kiemthugialap072@gmail.com,GET,/orders/me,9.171,200,ok,0,steady
1791234528.1976438,kiemthugialap100@gmail.com,GET,/orders/me,10.342,200,ok,0,steady
1791234528.2008214,kiemthugialap067@gmail.com,GET,/orders/me,5.459,200,ok,0,steady
1791234528.2011707,kiemthugialap007@gmail.com,GET,/orders/me,6.257,200,ok,0,steady
1791234528.2255306,kiemthugialap075@gmail.com,GET,/orders/me,7.303,200,ok,0,steady
1791234528.2259538,kiemthugialap015@gmail.com,GET,/orders/me,5.721,200,ok,0,steady
1791234528.2446132,kiemthugialap059@gmail.com,GET,/orders/me,4.758,200,ok,0,steady
1791234528.290707,kiemthugialap002@gmail.com,GET,/orders/me,4.556,200,ok,0,steady
1791234528.3105028,kiemthugialap090@gmail.com,GET,/orders/me,7.706,200,ok,0,steady
1791234528.3109999,kiemthugialap030@gmail.com,GET,/orders/me,7.214,200,ok,0,steady
1791234528.3241367,kiemthugialap083@gmail.com,GET,/concerts/{id},4.645,200,ok,0,steady
1791234528.3618245,kiemthugialap099@gmail.com,GET,/concerts,7.414,200,ok,0,steady
1791234528.3623567,kiemthugialap073@gmail.com,GET,/concerts,9.229,200,ok,0,steady
1791234528.3630347,kiemthugialap052@gmail.com,GET,/orders/me,9.025,200,ok,0,steady
1791234528.4092255,kiemthugialap006@gmail.com,GET,/orders/me,24.129,200,ok,0,steady
1791234528.4111042,kiemthugialap043@gmail.com,GET,/concerts/{id},26.634,200,ok,0,steady
1791234528.4115283,kiemthugialap020@gmail.com,GET,/concerts?on_sale=true,10.144,200,ok,0,steady
1791234528.4145012,kiemthugialap039@gmail.com,GET,/orders/me,4.966,200,ok,0,steady
1791234528.4230046,kiemthugialap084@gmail.com,GET,/orders/me,8.232,200,ok,0,steady
1791234528.4240067,kiemthugialap088@gmail.com,GET,/orders/me,8.372,200,ok,0,steady
1791234528.4397929,kiemthugialap050@gmail.com,GET,/orders/me,5.595,200,ok,0,steady
1791234528.4612846,kiemthugialap031@gmail.com,GET,/orders/me,8.869,200,ok,0,steady
1791234528.463293,kiemthugialap060@gmail.com,GET,/orders/me,9.955,200,ok,0,steady
1791234528.4658444,kiemthugialap023@gmail.com,GET,/concerts,3.803,200,ok,0,steady
1791234528.4671454,kiemthugialap027@gmail.com,GET,/orders/me,5.623,200,ok,0,steady
1791234528.4937868,kiemthugialap047@gmail.com,GET,/concerts?on_sale=true,8.749,200,ok,0,steady
1791234528.4950762,kiemthugialap046@gmail.com,GET,/orders/me,8.075,200,ok,0,steady
1791234528.5241158,kiemthugialap078@gmail.com,GET,/orders/me,6.111,200,ok,0,steady
1791234528.540792,kiemthugialap018@gmail.com,GET,/concerts?on_sale=true,5.459,200,ok,0,steady
1791234528.5417078,kiemthugialap036@gmail.com,GET,/orders/me,7.292,200,ok,0,steady
1791234528.5728133,kiemthugialap035@gmail.com,GET,/orders/me,20.843,200,ok,0,steady
1791234528.5743144,kiemthugialap080@gmail.com,GET,/orders/me,23.098,200,ok,0,steady
1791234528.5780897,kiemthugialap013@gmail.com,GET,/orders/me,5.049,200,ok,0,steady
1791234528.579156,kiemthugialap087@gmail.com,GET,/orders/me,4.722,200,ok,0,steady
1791234528.607897,kiemthugialap033@gmail.com,GET,/orders/me,5.641,200,ok,0,steady
1791234528.6252716,kiemthugialap048@gmail.com,GET,/concerts?on_sale=true,4.66,200,ok,0,steady
1791234528.6262193,kiemthugialap098@gmail.com,GET,/orders/me,6.71,200,ok,0,steady
1791234528.6415033,kiemthugialap061@gmail.com,GET,/orders/me,4.867,200,ok,0,steady
1791234528.675267,kiemthugialap064@gmail.com,GET,/concerts/{id},4.645,200,ok,0,steady
1791234528.6917825,kiemthugialap066@gmail.com,GET,/orders/me,5.968,200,ok,0,steady
1791234528.7078793,kiemthugialap053@gmail.com,GET,/concerts/{id},4.293,200,ok,0,steady
1791234528.7096386,kiemthugialap017@gmail.com,GET,/orders/me,6.937,200,ok,0,steady
1791234528.7123673,kiemthugialap038@gmail.com,GET,/concerts?on_sale=true,2.583,200,ok,0,steady
1791234528.723513,kiemthugialap049@gmail.com,GET,/orders/me,4.027,200,ok,0,steady
1791234528.742756,kiemthugialap022@gmail.com,GET,/orders/me,7.493,200,ok,0,steady
1791234528.7432723,kiemthugialap032@gmail.com,GET,/orders/me,6.67,200,ok,0,steady
1791234528.7781928,kiemthugialap074@gmail.com,GET,/orders/me,5.536,200,ok,0,steady
1791234528.7817628,kiemthugialap008@gmail.com,GET,/orders/me,3.374,200,ok,0,steady
1791234528.8066392,kiemthugialap095@gmail.com,GET,/concerts,4.95,200,ok,0,steady
1791234528.8082895,kiemthugialap009@gmail.com,GET,/orders/me,7.174,200,ok,0,steady
1791234528.8113346,kiemthugialap094@gmail.com,GET,/concerts?on_sale=true,2.811,200,ok,0,steady
1791234528.8580403,kiemthugialap024@gmail.com,GET,/orders/me,4.24,200,ok,0,steady
1791234528.8629496,kiemthugialap034@gmail.com,GET,/concerts/{id},3.803,200,ok,0,steady
1791234528.8642921,kiemthugialap093@gmail.com,GET,/orders/me,5.785,200,ok,0,steady
1791234528.86517,kiemthugialap075@gmail.com,GET,/orders/me,6.986,200,ok,0,steady
1791234528.8671,kiemthugialap004@gmail.com,GET,/orders/me,2.683,200,ok,0,steady
1791234528.8915596,kiemthugialap028@gmail.com,GET,/orders/me,5.186,200,ok,0,steady
1791234528.9081285,kiemthugialap067@gmail.com,GET,/concerts/{id},5.064,200,ok,0,steady
1791234528.9099247,kiemthugialap026@gmail.com,GET,/orders/me,6.015,200,ok,0,steady
1791234528.9135237,kiemthugialap091@gmail.com,GET,/concerts,5.254,200,ok,0,steady
1791234528.9150023,kiemthugialap070@gmail.com,GET,/orders/me,6.432,200,ok,0,steady
1791234528.9153903,kiemthugialap077@gmail.com,GET,/orders/me,6.597,200,ok,0,steady
1791234528.9491231,kiemthugialap040@gmail.com,GET,/orders/me,14.302,200,ok,0,steady
1791234528.9508283,kiemthugialap097@gmail.com,GET,/orders/me,13.682,200,ok,0,steady
1791234528.9511702,kiemthugialap081@gmail.com,GET,/orders/me,13.766,200,ok,0,steady
1791234528.9520545,kiemthugialap057@gmail.com,GET,/orders/me,16.314,200,ok,0,steady
1791234528.9543931,kiemthugialap089@gmail.com,GET,/orders/me,4.972,200,ok,0,steady
1791234528.9901433,kiemthugialap006@gmail.com,GET,/concerts?on_sale=true,3.965,200,ok,0,steady
1791234529.0099227,kiemthugialap076@gmail.com,GET,/orders/me,5.511,200,ok,0,steady
1791234529.0103762,kiemthugialap058@gmail.com,GET,/orders/me,6.552,200,ok,0,steady
1791234529.0273328,kiemthugialap084@gmail.com,GET,/concerts?on_sale=true,6.658,200,ok,0,steady
1791234529.028469,kiemthugialap027@gmail.com,GET,/orders/me,8.95,200,ok,0,steady
1791234529.0289142,kiemthugialap003@gmail.com,GET,/orders/me,7.899,200,ok,0,steady
1791234529.0427933,kiemthugialap011@gmail.com,GET,/orders/me,6.509,200,ok,0,steady
1791234529.0578158,kiemthugialap044@gmail.com,GET,/orders/me,4.688,200,ok,0,steady
1791234529.0733225,kiemthugialap037@gmail.com,GET,/concerts,3.651,200,ok,0,steady
1791234529.0900278,kiemthugialap100@gmail.com,GET,/concerts,4.066,200,ok,0,steady
1791234529.111632,kiemthugialap065@gmail.com,GET,/orders/me,6.999,200,ok,0,steady
1791234529.1127207,kiemthugialap071@gmail.com,GET,/orders/me,7.438,200,ok,0,steady
1791234529.1147518,kiemthugialap012@gmail.com,GET,/orders/me,2.934,200,ok,0,steady
1791234529.176271,kiemthugialap087@gmail.com,GET,/orders/me,6.649,200,ok,0,steady
1791234529.1934888,kiemthugialap014@gmail.com,GET,/concerts,7.067,200,ok,0,steady
1791234529.1945508,kiemthugialap015@gmail.com,GET,/concerts/{id},6.088,200,ok,0,steady
1791234529.1952412,kiemthugialap062@gmail.com,GET,/orders/me,7.422,200,ok,0,steady
1791234529.1991138,kiemthugialap051@gmail.com,GET,/orders/me,3.71,200,ok,0,steady
1791234529.259118,kiemthugialap055@gmail.com,GET,/orders/me,6.126,200,ok,0,steady
1791234529.2594934,kiemthugialap063@gmail.com,GET,/orders/me,5.919,200,ok,0,steady
1791234529.2737396,kiemthugialap039@gmail.com,GET,/concerts?on_sale=true,3.946,200,ok,0,steady
1791234529.2932901,kiemthugialap032@gmail.com,GET,/concerts?on_sale=true,6.764,200,ok,0,steady
1791234529.2938755,kiemthugialap082@gmail.com,GET,/orders/me,8.695,200,ok,0,steady
1791234529.3112586,kiemthugialap098@gmail.com,GET,/orders/me,5.662,200,ok,0,steady
1791234529.3602931,kiemthugialap033@gmail.com,GET,/orders/me,7.444,200,ok,0,steady
1791234529.3607707,kiemthugialap068@gmail.com,GET,/orders/me,6.892,200,ok,0,steady
1791234529.3761368,kiemthugialap004@gmail.com,GET,/concerts,5.539,200,ok,0,steady
1791234529.37743,kiemthugialap022@gmail.com,GET,/orders/me,7.189,200,ok,0,steady
1791234529.377995,kiemthugialap096@gmail.com,GET,/orders/me,8.69,200,ok,0,steady
1791234529.4093266,kiemthugialap079@gmail.com,GET,/orders/me,7.154,200,ok,0,steady
1791234529.4134412,kiemthugialap088@gmail.com,GET,/orders/me,6.002,200,ok,0,steady
1791234529.4138322,kiemthugialap075@gmail.com,GET,/orders/me,7.639,200,ok,0,steady
1791234529.425259,kiemthugialap054@gmail.com,GET,/orders/me,5.432,200,ok,0,steady
1791234529.4284363,kiemthugialap091@gmail.com,GET,/concerts,2.967,200,ok,0,steady
1791234529.475118,kiemthugialap042@gmail.com,GET,/concerts?on_sale=true,5.976,200,ok,0,steady
1791234529.4760273,kiemthugialap010@gmail.com,GET,/concerts?on_sale=true,5.964,200,ok,0,steady
1791234529.4782977,kiemthugialap017@gmail.com,GET,/orders/me,3.042,200,ok,0,steady
1791234529.4811883,kiemthugialap016@gmail.com,GET,/orders/me,2.747,200,ok,0,steady
1791234529.4832275,kiemthugialap020@gmail.com,GET,/concerts,1.931,200,ok,0,steady
1791234529.4891734,kiemthugialap056@gmail.com,GET,/concerts,3.947,200,ok,0,steady
1791234529.49208,kiemthugialap001@gmail.com,GET,/concerts?on_sale=true,2.707,200,ok,0,steady
1791234529.521879,kiemthugialap025@gmail.com,GET,/concerts,19.734,200,ok,0,steady
1791234529.5278046,kiemthugialap019@gmail.com,GET,/orders/me,24.669,200,ok,0,steady
1791234529.5318327,kiemthugialap050@gmail.com,GET,/orders/me,24.966,200,ok,0,steady
1791234529.5329862,kiemthugialap067@gmail.com,GET,/orders/me,13.185,200,ok,0,steady
1791234529.5333064,kiemthugialap069@gmail.com,GET,/orders/me,11.231,200,ok,0,steady
1791234529.5336263,kiemthugialap024@gmail.com,GET,/orders/me,14.424,200,ok,0,steady
1791234529.534811,kiemthugialap029@gmail.com,GET,/orders/me,6.82,200,ok,0,steady
1791234529.5574758,kiemthugialap040@gmail.com,GET,/concerts/{id},6.139,200,ok,0,steady
1791234529.589743,kiemthugialap052@gmail.com,GET,/orders/me,5.373,200,ok,0,steady
1791234529.592426,kiemthugialap066@gmail.com,GET,/concerts,2.502,200,ok,0,steady
1791234529.6093855,kiemthugialap090@gmail.com,GET,/concerts/{id},3.975,200,ok,0,steady
1791234529.6249495,kiemthugialap072@gmail.com,GET,/concerts?on_sale=true,5.114,200,ok,0,steady
1791234529.629313,kiemthugialap059@gmail.com,GET,/orders/me,4.159,200,ok,0,steady
1791234529.633359,kiemthugialap099@gmail.com,GET,/orders/me,3.817,200,ok,0,steady
1791234529.6587892,kiemthugialap085@gmail.com,GET,/concerts,7.371,200,ok,0,steady
1791234529.6597848,kiemthugialap005@gmail.com,GET,/orders/me,7.403,200,ok,0,steady
1791234529.6897662,kiemthugialap041@gmail.com,GET,/orders/me,5.2,200,ok,0,steady
1791234529.7277622,kiemthugialap064@gmail.com,GET,/orders/me,9.348,200,ok,0,steady
1791234529.729834,kiemthugialap071@gmail.com,GET,/orders/me,10.745,200,ok,0,steady
1791234529.7335117,kiemthugialap023@gmail.com,GET,/orders/me,5.497,200,ok,0,steady
1791234529.7338424,kiemthugialap045@gmail.com,GET,/orders/me,5.197,200,ok,0,steady
1791234529.7578611,kiemthugialap007@gmail.com,GET,/concerts/{id},6.08,200,ok,0,steady
1791234529.7589397,kiemthugialap038@gmail.com,GET,/orders/me,6.437,200,ok,0,steady
1791234529.7952154,kiemthugialap062@gmail.com,GET,/concerts?on_sale=true,9.493,200,ok,0,steady
1791234529.795662,kiemthugialap026@gmail.com,GET,/concerts/{id},7.523,200,ok,0,steady
1791234529.7959795,kiemthugialap092@gmail.com,GET,/concerts?on_sale=true,8.503,200,ok,0,steady
1791234529.7967646,kiemthugialap087@gmail.com,GET,/orders/me,10.213,200,ok,0,steady
1791234529.7988043,kiemthugialap043@gmail.com,GET,/orders/me,4.479,200,ok,0,steady
1791234529.8279996,kiemthugialap021@gmail.com,GET,/concerts?on_sale=true,8.681,200,ok,0,steady
1791234529.8292956,kiemthugialap002@gmail.com,GET,/orders/me,8.902,200,ok,0,steady
1791234529.8577807,kiemthugialap077@gmail.com,GET,/orders/me,5.012,200,ok,0,steady
1791234529.911382,kiemthugialap086@gmail.com,GET,/orders/me,8.613,200,ok,0,steady
1791234529.9117937,kiemthugialap015@gmail.com,GET,/orders/me,7.99,200,ok,0,steady
1791234529.9579875,kiemthugialap084@gmail.com,GET,/concerts,5.301,200,ok,0,steady
1791234529.95921,kiemthugialap018@gmail.com,GET,/orders/me,4.674,200,ok,0,steady
1791234529.9925961,kiemthugialap091@gmail.com,GET,/orders/me,7.06,200,ok,0,steady
1791234530.0242734,kiemthugialap031@gmail.com,GET,/orders/me,4.581,200,ok,0,steady
1791234530.0272374,kiemthugialap011@gmail.com,GET,/orders/me,2.802,200,ok,0,steady
1791234530.0448625,kiemthugialap051@gmail.com,GET,/concerts?on_sale=true,8.193,200,ok,0,steady
1791234530.046249,kiemthugialap061@gmail.com,GET,/orders/me,9.287,200,ok,0,steady
1791234530.0467565,kiemthugialap095@gmail.com,GET,/orders/me,11.149,200,ok,0,steady
1791234530.0585961,kiemthugialap033@gmail.com,GET,/orders/me,5.269,200,ok,0,steady
1791234530.073802,kiemthugialap012@gmail.com,GET,/concerts/{id},4.185,200,ok,0,steady
1791234530.0914614,kiemthugialap050@gmail.com,GET,/orders/me,4.459,200,ok,0,steady
1791234530.1447988,kiemthugialap042@gmail.com,GET,/concerts?on_sale=true,7.604,200,ok,0,steady
1791234530.1468537,kiemthugialap100@gmail.com,GET,/orders/me,11.079,200,ok,0,steady
1791234530.1472542,kiemthugialap072@gmail.com,GET,/orders/me,10.473,200,ok,0,steady
1791234530.147569,kiemthugialap024@gmail.com,GET,/orders/me,9.102,200,ok,0,steady
1791234530.1780486,kiemthugialap035@gmail.com,GET,/orders/me,7.946,200,ok,0,steady
1791234530.1787124,kiemthugialap029@gmail.com,GET,/orders/me,8.036,200,ok,0,steady
1791234530.1926181,kiemthugialap078@gmail.com,GET,/orders/me,5.932,200,ok,0,steady
1791234530.1960235,kiemthugialap028@gmail.com,GET,/orders/me,3.219,200,ok,0,steady
1791234530.198228,kiemthugialap065@gmail.com,GET,/concerts/{id},2.047,200,ok,0,steady
1791234530.2380657,kiemthugialap059@gmail.com,GET,/concerts/{id},17.998,200,ok,0,steady
1791234530.2401311,kiemthugialap057@gmail.com,GET,/orders/me,19.69,200,ok,0,steady
1791234530.240573,kiemthugialap047@gmail.com,GET,/orders/me,21.369,200,ok,0,steady
1791234530.2429376,kiemthugialap009@gmail.com,GET,/orders/me,4.697,200,ok,0,steady
1791234530.2632203,kiemthugialap076@gmail.com,GET,/orders/me,10.303,200,ok,0,steady
1791234530.2637403,kiemthugialap016@gmail.com,GET,/orders/me,9.604,200,ok,0,steady
1791234530.26499,kiemthugialap073@gmail.com,GET,/orders/me,8.184,200,ok,0,steady
1791234530.266735,kiemthugialap008@gmail.com,GET,/concerts,2.864,200,ok,0,steady
1791234530.2764091,kiemthugialap070@gmail.com,GET,/orders/me,6.217,200,ok,0,steady
1791234530.2781599,kiemthugialap005@gmail.com,GET,/orders/me,8.567,200,ok,0,steady
1791234530.2805858,kiemthugialap093@gmail.com,GET,/concerts/{id},3.422,200,ok,0,steady
1791234530.2815924,kiemthugialap081@gmail.com,GET,/orders/me,4.828,200,ok,0,steady
1791234530.3067026,kiemthugialap030@gmail.com,GET,/orders/me,4.804,200,ok,0,steady
1791234530.309821,kiemthugialap083@gmail.com,GET,/orders/me,2.975,200,ok,0,steady
1791234530.3240666,kiemthugialap085@gmail.com,GET,/orders/me,5.007,200,ok,0,steady
1791234530.3400972,kiemthugialap060@gmail.com,GET,/orders/me,4.727,200,ok,0,steady
1791234530.3590548,kiemthugialap039@gmail.com,GET,/concerts,6.873,200,ok,0,steady
1791234530.3617542,kiemthugialap097@gmail.com,GET,/orders/me,8.812,200,ok,0,steady
1791234530.364254,kiemthugialap049@gmail.com,GET,/orders/me,8.585,200,ok,0,steady
1791234530.3646076,kiemthugialap013@gmail.com,GET,/orders/me,7.601,200,ok,0,steady
1791234530.3921525,kiemthugialap096@gmail.com,GET,/orders/me,5.269,200,ok,0,steady
1791234530.3950987,kiemthugialap075@gmail.com,GET,/orders/me,2.798,200,ok,0,steady
1791234530.4253905,kiemthugialap036@gmail.com,GET,/concerts/{id},22.358,200,ok,0,steady
1791234530.4300992,kiemthugialap077@gmail.com,GET,/concerts,8.561,200,ok,0,steady
1791234530.430614,kiemthugialap021@gmail.com,GET,/orders/me,26.315,200,ok,0,steady
1791234530.4310925,kiemthugialap053@gmail.com,GET,/orders/me,9.081,200,ok,0,steady
1791234530.4719,kiemthugialap086@gmail.com,GET,/concerts,20.774,200,ok,0,steady
1791234530.4723706,kiemthugialap002@gmail.com,GET,/orders/me,20.401,200,ok,0,steady
1791234530.4952095,kiemthugialap046@gmail.com,GET,/orders/me,22.6,200,ok,0,steady
1791234530.4958076,kiemthugialap066@gmail.com,GET,/orders/me,22.737,200,ok,0,steady
1791234530.4999142,kiemthugialap098@gmail.com,GET,/orders/me,12.991,200,ok,0,steady
1791234530.501792,kiemthugialap080@gmail.com,GET,/orders/me,10.522,200,ok,0,steady
1791234530.537021,kiemthugialap063@gmail.com,GET,/concerts?on_sale=true,17.927,200,ok,0,steady
1791234530.537931,kiemthugialap037@gmail.com,GET,/concerts,19.285,200,ok,0,steady
1791234530.5389125,kiemthugialap018@gmail.com,GET,/orders/me,21.056,200,ok,0,steady
1791234530.5577161,kiemthugialap061@gmail.com,GET,/orders/me,6.343,200,ok,0,steady
1791234530.5586646,kiemthugialap032@gmail.com,GET,/orders/me,5.729,200,ok,0,steady
1791234530.610317,kiemthugialap027@gmail.com,GET,/concerts,6.16,200,ok,0,steady
1791234530.6107311,kiemthugialap048@gmail.com,GET,/orders/me,7.481,200,ok,0,steady
1791234530.6110628,kiemthugialap001@gmail.com,GET,/orders/me,7.277,200,ok,0,steady
1791234530.643162,kiemthugialap088@gmail.com,GET,/concerts?on_sale=true,7.085,200,ok,0,steady
1791234530.6446545,kiemthugialap071@gmail.com,GET,/orders/me,7.929,200,ok,0,steady
1791234530.6470802,kiemthugialap094@gmail.com,GET,/orders/me,3.678,200,ok,0,steady
1791234530.659009,kiemthugialap074@gmail.com,GET,/concerts,5.628,200,ok,0,steady
1791234530.6603281,kiemthugialap025@gmail.com,GET,/orders/me,8.692,200,ok,0,steady
1791234530.692769,kiemthugialap041@gmail.com,GET,/concerts,7.75,200,ok,0,steady
1791234530.7426894,kiemthugialap034@gmail.com,GET,/orders/me,6.34,200,ok,0,steady
1791234530.7461553,kiemthugialap019@gmail.com,GET,/orders/me,3.278,200,ok,0,steady
1791234530.773646,kiemthugialap052@gmail.com,GET,/concerts?on_sale=true,4.29,200,ok,0,steady
1791234530.7929347,kiemthugialap089@gmail.com,GET,/concerts,8.188,200,ok,0,steady
1791234530.794698,kiemthugialap055@gmail.com,GET,/orders/me,9.015,200,ok,0,steady
1791234530.845647,kiemthugialap064@gmail.com,GET,/concerts?on_sale=true,10.169,200,ok,0,steady
1791234530.846223,kiemthugialap020@gmail.com,GET,/concerts/{id},10.038,200,ok,0,steady
1791234530.8467524,kiemthugialap058@gmail.com,GET,/orders/me,12.091,200,ok,0,steady
1791234530.8471582,kiemthugialap082@gmail.com,GET,/orders/me,11.453,200,ok,0,steady
1791234530.8480763,kiemthugialap006@gmail.com,GET,/orders/me,12.113,200,ok,0,steady
1791234530.8921075,kiemthugialap003@gmail.com,GET,/concerts/{id},6.802,200,ok,0,steady
1791234530.8931952,kiemthugialap010@gmail.com,GET,/orders/me,8.736,200,ok,0,steady
1791234530.925418,kiemthugialap067@gmail.com,GET,/orders/me,5.427,200,ok,0,steady
1791234530.928586,kiemthugialap044@gmail.com,GET,/orders/me,3.013,200,ok,0,steady
1791234530.940372,kiemthugialap100@gmail.com,GET,/concerts?on_sale=true,4.821,200,ok,0,steady
1791234530.9572246,kiemthugialap023@gmail.com,GET,/concerts/{id},5.096,200,ok,0,steady
1791234530.958236,kiemthugialap062@gmail.com,GET,/concerts?on_sale=true,4.501,200,ok,0,steady
1791234530.9607172,kiemthugialap095@gmail.com,GET,/orders/me,3.318,200,ok,0,steady
1791234530.9734108,kiemthugialap005@gmail.com,GET,/orders/me,4.092,200,ok,0,steady
1791234530.976598,kiemthugialap013@gmail.com,GET,/orders/me,3.047,200,ok,0,steady
1791234531.0251443,kiemthugialap092@gmail.com,GET,/orders/me,4.644,200,ok,0,steady
1791234531.0399022,kiemthugialap038@gmail.com,GET,/concerts/{id},4.001,200,ok,0,steady
1791234531.0565104,kiemthugialap021@gmail.com,GET,/concerts/{id},3.892,200,ok,0,steady
1791234531.0613673,kiemthugialap036@gmail.com,GET,/orders/me,4.362,200,ok,0,steady
1791234531.061823,kiemthugialap070@gmail.com,GET,/orders/me,5.176,200,ok,0,steady
1791234531.0907214,kiemthugialap017@gmail.com,GET,/orders/me,21.641,200,ok,0,steady
1791234531.0919452,kiemthugialap050@gmail.com,GET,/orders/me,22.021,200,ok,0,steady
1791234531.0964706,kiemthugialap014@gmail.com,GET,/concerts,5.554,200,ok,0,steady
1791234531.0979156,kiemthugialap022@gmail.com,GET,/orders/me,9.359,200,ok,0,steady
1791234531.0985663,kiemthugialap093@gmail.com,GET,/orders/me,9.353,200,ok,0,steady
1791234531.1269515,kiemthugialap081@gmail.com,GET,/orders/me,7.704,200,ok,0,steady
1791234531.1293168,kiemthugialap054@gmail.com,GET,/orders/me,10.959,200,ok,0,steady
1791234531.1328087,kiemthugialap080@gmail.com,GET,/concerts?on_sale=true,5.008,200,ok,0,steady
1791234531.1338549,kiemthugialap065@gmail.com,GET,/concerts?on_sale=true,4.354,200,ok,0,steady
1791234531.1343763,kiemthugialap069@gmail.com,GET,/orders/me,7.178,200,ok,0,steady
1791234531.1741147,kiemthugialap033@gmail.com,GET,/orders/me,5.394,200,ok,0,steady
1791234531.1919093,kiemthugialap057@gmail.com,GET,/orders/me,5.151,200,ok,0,steady
1791234531.2257264,kiemthugialap045@gmail.com,GET,/orders/me,6.069,200,ok,0,steady
1791234531.2566962,kiemthugialap015@gmail.com,GET,/concerts/{id},3.723,200,ok,0,steady
1791234531.2737715,kiemthugialap072@gmail.com,GET,/concerts?on_sale=true,3.93,200,ok,0,steady
1791234531.3112955,kiemthugialap009@gmail.com,GET,/concerts?on_sale=true,4.664,200,ok,0,steady
1791234531.3133686,kiemthugialap029@gmail.com,GET,/orders/me,9.816,200,ok,0,steady
1791234531.3146102,kiemthugialap090@gmail.com,GET,/orders/me,9.32,200,ok,0,steady
1791234531.3268223,kiemthugialap026@gmail.com,GET,/orders/me,4.426,200,ok,0,steady
1791234531.32967,kiemthugialap091@gmail.com,GET,/orders/me,2.709,200,ok,0,steady
1791234531.376228,kiemthugialap068@gmail.com,GET,/concerts?on_sale=true,23.696,200,ok,0,steady
1791234531.3800776,kiemthugialap084@gmail.com,GET,/orders/me,26.666,200,ok,0,steady
1791234531.381853,kiemthugialap004@gmail.com,GET,/concerts/{id},10.968,200,ok,0,steady
1791234531.3834262,kiemthugialap056@gmail.com,GET,/concerts/{id},13.494,200,ok,0,steady
1791234531.3845067,kiemthugialap079@gmail.com,GET,/orders/me,13.249,200,ok,0,steady
1791234531.3854263,kiemthugialap078@gmail.com,GET,/orders/me,9.029,200,ok,0,steady
1791234531.4072974,kiemthugialap087@gmail.com,GET,/concerts/{id},3.708,200,ok,0,steady
1791234531.4133961,kiemthugialap007@gmail.com,GET,/orders/me,5.839,200,ok,0,steady
1791234531.4138634,kiemthugialap063@gmail.com,GET,/concerts/{id},5.635,200,ok,0,steady
1791234531.4211369,kiemthugialap001@gmail.com,GET,/concerts,2.8,200,ok,0,steady
1791234531.4253228,kiemthugialap043@gmail.com,GET,/orders/me,4.042,200,ok,0,steady
1791234531.4426906,kiemthugialap011@gmail.com,GET,/concerts,4.448,200,ok,0,steady
1791234531.4465005,kiemthugialap088@gmail.com,GET,/orders/me,3.651,200,ok,0,steady
1791234531.491008,kiemthugialap027@gmail.com,GET,/orders/me,5.318,200,ok,0,steady
1791234531.5070438,kiemthugialap040@gmail.com,GET,/concerts,4.411,200,ok,0,steady
1791234531.5237725,kiemthugialap006@gmail.com,GET,/concerts/{id},4.421,200,ok,0,steady
1791234531.5574837,kiemthugialap099@gmail.com,GET,/orders/me,4.827,200,ok,0,steady
1791234531.5602262,kiemthugialap055@gmail.com,GET,/concerts?on_sale=true,2.512,200,ok,0,steady
1791234531.5752242,kiemthugialap083@gmail.com,GET,/orders/me,6.724,200,ok,0,steady
1791234531.5756671,kiemthugialap018@gmail.com,GET,/orders/me,6.37,200,ok,0,steady
1791234531.6069248,kiemthugialap003@gmail.com,GET,/concerts/{id},4.713,200,ok,0,steady
1791234531.6079605,kiemthugialap048@gmail.com,GET,/orders/me,5.098,200,ok,0,steady
1791234531.6110666,kiemthugialap076@gmail.com,GET,/orders/me,2.979,200,ok,0,steady
1791234531.6230085,kiemthugialap086@gmail.com,GET,/orders/me,5.417,200,ok,0,steady
1791234531.6234283,kiemthugialap028@gmail.com,GET,/concerts/{id},4.772,200,ok,0,steady
1791234531.6589253,kiemthugialap062@gmail.com,GET,/concerts?on_sale=true,4.866,200,ok,0,steady
1791234531.6599245,kiemthugialap060@gmail.com,GET,/orders/me,4.972,200,ok,0,steady
1791234531.6744556,kiemthugialap008@gmail.com,GET,/concerts?on_sale=true,4.266,200,ok,0,steady
1791234531.692647,kiemthugialap044@gmail.com,GET,/concerts,5.788,200,ok,0,steady
1791234531.6930687,kiemthugialap036@gmail.com,GET,/concerts?on_sale=true,5.389,200,ok,0,steady
1791234531.694209,kiemthugialap058@gmail.com,GET,/orders/me,5.643,200,ok,0,steady
1791234531.7438717,kiemthugialap002@gmail.com,GET,/concerts?on_sale=true,5.898,200,ok,0,steady
1791234531.7549982,kiemthugialap024@gmail.com,GET,/orders/me,17.478,200,ok,0,steady
1791234531.7573843,kiemthugialap012@gmail.com,GET,/orders/me,20.981,200,ok,0,steady
1791234531.7632995,kiemthugialap085@gmail.com,GET,/concerts/{id},19.209,200,ok,0,steady
1791234531.763961,kiemthugialap005@gmail.com,GET,/orders/me,8.767,200,ok,0,steady
1791234531.768611,kiemthugialap066@gmail.com,GET,/orders/me,4.453,200,ok,0,steady
1791234531.7755437,kiemthugialap096@gmail.com,GET,/orders/me,6.767,200,ok,0,steady
1791234531.8102753,kiemthugialap031@gmail.com,GET,/concerts,6.038,200,ok,0,steady
1791234531.8108814,kiemthugialap032@gmail.com,GET,/concerts/{id},7.842,200,ok,0,steady
1791234531.8124938,kiemthugialap035@gmail.com,GET,/orders/me,7.991,200,ok,0,steady
1791234531.8556166,kiemthugialap025@gmail.com,GET,/concerts,4.316,200,ok,0,steady
1791234531.8939955,kiemthugialap047@gmail.com,GET,/concerts,11.663,200,ok,0,steady
1791234531.8962924,kiemthugialap045@gmail.com,GET,/orders/me,16.514,200,ok,0,steady
1791234531.8966937,kiemthugialap052@gmail.com,GET,/orders/me,14.774,200,ok,0,steady
1791234531.8971357,kiemthugialap042@gmail.com,GET,/orders/me,16.432,200,ok,0,steady
1791234531.89755,kiemthugialap065@gmail.com,GET,/orders/me,16.532,200,ok,0,steady
1791234531.900579,kiemthugialap080@gmail.com,GET,/orders/me,6.315,200,ok,0,steady
1791234531.9010072,kiemthugialap075@gmail.com,GET,/orders/me,6.103,200,ok,0,steady
1791234531.9237752,kiemthugialap046@gmail.com,GET,/orders/me,5.394,200,ok,0,steady
1791234531.9412086,kiemthugialap097@gmail.com,GET,/concerts?on_sale=true,5.883,200,ok,0,steady
1791234531.9462357,kiemthugialap084@gmail.com,GET,/orders/me,4.763,200,ok,0,steady
1791234531.9754062,kiemthugialap020@gmail.com,GET,/orders/me,6.956,200,ok,0,steady
1791234531.979846,kiemthugialap039@gmail.com,GET,/orders/me,4.187,200,ok,0,steady
1791234532.0058372,kiemthugialap079@gmail.com,GET,/concerts?on_sale=true,4.524,200,ok,0,steady
1791234532.022484,kiemthugialap059@gmail.com,GET,/concerts?on_sale=true,4.084,200,ok,0,steady
1791234532.0424438,kiemthugialap049@gmail.com,GET,/orders/me,7.874,200,ok,0,steady
1791234532.043957,kiemthugialap072@gmail.com,GET,/orders/me,8.959,200,ok,0,steady
1791234532.0477576,kiemthugialap051@gmail.com,GET,/orders/me,5.046,200,ok,0,steady
1791234532.0489824,kiemthugialap077@gmail.com,GET,/orders/me,4.865,200,ok,0,steady
1791234532.0737023,kiemthugialap017@gmail.com,GET,/orders/me,5.619,200,ok,0,steady
1791234532.0787237,kiemthugialap074@gmail.com,GET,/orders/me,4.834,200,ok,0,steady
1791234532.081232,kiemthugialap093@gmail.com,GET,/concerts,2.355,200,ok,0,steady
1791234532.0903418,kiemthugialap069@gmail.com,GET,/orders/me,3.77,200,ok,0,steady
1791234532.1237118,kiemthugialap038@gmail.com,GET,/orders/me,4.857,200,ok,0,steady
1791234532.127541,kiemthugialap081@gmail.com,GET,/concerts/{id},2.968,200,ok,0,steady
1791234532.1278772,kiemthugialap037@gmail.com,GET,/concerts/{id},4.028,200,ok,0,steady
1791234532.1781714,kiemthugialap004@gmail.com,GET,/concerts?on_sale=true,8.501,200,ok,0,steady
1791234532.17985,kiemthugialap016@gmail.com,GET,/orders/me,8.726,200,ok,0,steady
1791234532.209673,kiemthugialap053@gmail.com,GET,/orders/me,6.487,200,ok,0,steady
1791234532.2145581,kiemthugialap030@gmail.com,GET,/concerts/{id},4.642,200,ok,0,steady
1791234532.243347,kiemthugialap098@gmail.com,GET,/orders/me,8.392,200,ok,0,steady
1791234532.250726,kiemthugialap073@gmail.com,GET,/concerts/{id},7.054,200,ok,0,steady
1791234532.2520463,kiemthugialap054@gmail.com,GET,/orders/me,5.719,200,ok,0,steady
1791234532.2911081,kiemthugialap021@gmail.com,GET,/concerts?on_sale=true,6.217,200,ok,0,steady
1791234532.2936623,kiemthugialap012@gmail.com,GET,/orders/me,8.163,200,ok,0,steady
1791234532.3228931,kiemthugialap064@gmail.com,GET,/concerts,4.76,200,ok,0,steady
1791234532.3433342,kiemthugialap036@gmail.com,GET,/orders/me,7.782,200,ok,0,steady
1791234532.3442094,kiemthugialap001@gmail.com,GET,/orders/me,9.55,200,ok,0,steady
1791234532.392894,kiemthugialap041@gmail.com,GET,/concerts/{id},7.122,200,ok,0,steady
1791234532.3944674,kiemthugialap034@gmail.com,GET,/orders/me,9.673,200,ok,0,steady
1791234532.3960145,kiemthugialap028@gmail.com,GET,/concerts?on_sale=true,2.846,200,ok,0,steady
1791234532.398634,kiemthugialap019@gmail.com,GET,/concerts/{id},2.457,200,ok,0,steady
1791234532.4083548,kiemthugialap043@gmail.com,GET,/orders/me,6.573,200,ok,0,steady
1791234532.4568732,kiemthugialap015@gmail.com,GET,/concerts,5.18,200,ok,0,steady
1791234532.462394,kiemthugialap061@gmail.com,GET,/orders/me,5.263,200,ok,0,steady
1791234532.4732907,kiemthugialap080@gmail.com,GET,/orders/me,4.745,200,ok,0,steady
1791234532.5074732,kiemthugialap031@gmail.com,GET,/orders/me,4.72,200,ok,0,steady
1791234532.5105455,kiemthugialap071@gmail.com,GET,/orders/me,2.927,200,ok,0,steady
1791234532.523029,kiemthugialap010@gmail.com,GET,/concerts?on_sale=true,3.919,200,ok,0,steady
1791234532.5266042,kiemthugialap060@gmail.com,GET,/orders/me,3.392,200,ok,0,steady
1791234532.5320122,kiemthugialap007@gmail.com,GET,/orders/me,5.216,200,ok,0,steady
1791234532.5323803,kiemthugialap100@gmail.com,GET,/orders/me,5.211,200,ok,0,steady
1791234532.5583847,kiemthugialap084@gmail.com,GET,/orders/me,6.981,200,ok,0,steady
1791234532.5621321,kiemthugialap096@gmail.com,GET,/concerts?on_sale=true,3.473,200,ok,0,steady
1791234532.581561,kiemthugialap046@gmail.com,GET,/orders/me,13.349,200,ok,0,steady
1791234532.5925498,kiemthugialap094@gmail.com,GET,/concerts/{id},6.802,200,ok,0,steady
1791234532.6063287,kiemthugialap033@gmail.com,GET,/orders/me,4.994,200,ok,0,steady
1791234532.6096578,kiemthugialap056@gmail.com,GET,/orders/me,3.111,200,ok,0,steady
1791234532.6236875,kiemthugialap026@gmail.com,GET,/orders/me,5.253,200,ok,0,steady
1791234532.6263075,kiemthugialap075@gmail.com,GET,/orders/me,4.211,200,ok,0,steady
1791234532.6412537,kiemthugialap035@gmail.com,GET,/orders/me,5.125,200,ok,0,steady
1791234532.6740394,kiemthugialap011@gmail.com,GET,/concerts/{id},5.249,200,ok,0,steady
1791234532.6745405,kiemthugialap025@gmail.com,GET,/concerts?on_sale=true,6.45,200,ok,0,steady
1791234532.707755,kiemthugialap068@gmail.com,GET,/concerts?on_sale=true,6.136,200,ok,0,steady
1791234532.7086535,kiemthugialap029@gmail.com,GET,/orders/me,5.211,200,ok,0,steady
1791234532.7458022,kiemthugialap040@gmail.com,GET,/orders/me,9.188,200,ok,0,steady
1791234532.7474306,kiemthugialap016@gmail.com,GET,/orders/me,11.758,200,ok,0,steady
1791234532.7477999,kiemthugialap078@gmail.com,GET,/orders/me,12.997,200,ok,0,steady
1791234532.7500677,kiemthugialap023@gmail.com,GET,/orders/me,4.034,200,ok,0,steady
1791234532.7757518,kiemthugialap092@gmail.com,GET,/concerts/{id},6.586,200,ok,0,steady
1791234532.7769935,kiemthugialap067@gmail.com,GET,/concerts?on_sale=true,8.91,200,ok,0,steady
1791234532.7773585,kiemthugialap050@gmail.com,GET,/orders/me,7.782,200,ok,0,steady
1791234532.7794323,kiemthugialap058@gmail.com,GET,/orders/me,3.49,200,ok,0,steady
1791234532.7824864,kiemthugialap089@gmail.com,GET,/orders/me,2.934,200,ok,0,steady
1791234532.8111017,kiemthugialap022@gmail.com,GET,/concerts/{id},9.165,200,ok,0,steady
1791234532.8116264,kiemthugialap072@gmail.com,GET,/concerts?on_sale=true,7.334,200,ok,0,steady
1791234532.8126085,kiemthugialap070@gmail.com,GET,/orders/me,9.896,200,ok,0,steady
1791234532.8264165,kiemthugialap082@gmail.com,GET,/orders/me,7.652,200,ok,0,steady
1791234532.831611,kiemthugialap020@gmail.com,GET,/orders/me,4.936,200,ok,0,steady
1791234532.8599248,kiemthugialap013@gmail.com,GET,/orders/me,7.632,200,ok,0,steady
1791234532.8653605,kiemthugialap086@gmail.com,GET,/orders/me,5.116,200,ok,0,steady
1791234532.8681273,kiemthugialap002@gmail.com,GET,/concerts?on_sale=true,2.602,200,ok,0,steady
1791234532.9066885,kiemthugialap008@gmail.com,GET,/orders/me,5.137,200,ok,0,steady
1791234532.9419694,kiemthugialap095@gmail.com,GET,/orders/me,5.921,200,ok,0,steady
1791234532.9765024,kiemthugialap062@gmail.com,GET,/concerts?on_sale=true,5.519,200,ok,0,steady
1791234532.9780478,kiemthugialap066@gmail.com,GET,/concerts,6.397,200,ok,0,steady
1791234532.9812984,kiemthugialap014@gmail.com,GET,/orders/me,4.562,200,ok,0,steady
1791234533.0070887,kiemthugialap063@gmail.com,GET,/concerts?on_sale=true,5.806,200,ok,0,steady
1791234533.0464976,kiemthugialap069@gmail.com,GET,/concerts,9.63,200,ok,0,steady
1791234533.0493677,kiemthugialap099@gmail.com,GET,/concerts/{id},10.68,200,ok,0,steady
1791234533.0499475,kiemthugialap090@gmail.com,GET,/orders/me,13.725,200,ok,0,steady
1791234533.0504105,kiemthugialap009@gmail.com,GET,/orders/me,15.3,200,ok,0,steady
1791234533.0569162,kiemthugialap044@gmail.com,GET,/orders/me,5.657,200,ok,0,steady
1791234533.0643327,kiemthugialap055@gmail.com,GET,/orders/me,7.068,200,ok,0,steady
1791234533.0704947,kiemthugialap087@gmail.com,GET,/concerts?on_sale=true,5.317,200,ok,0,steady
1791234533.0927072,kiemthugialap024@gmail.com,GET,/concerts?on_sale=true,7.597,200,ok,0,steady
1791234533.110955,kiemthugialap057@gmail.com,GET,/orders/me,9.139,200,ok,0,steady
1791234533.1226995,kiemthugialap036@gmail.com,GET,/concerts,4.431,200,ok,0,steady
1791234533.140488,kiemthugialap051@gmail.com,GET,/orders/me,5.964,200,ok,0,steady
1791234533.1576223,kiemthugialap083@gmail.com,GET,/orders/me,6.039,200,ok,0,steady
1791234533.1906044,kiemthugialap064@gmail.com,GET,/orders/me,5.901,200,ok,0,steady
1791234533.2071373,kiemthugialap075@gmail.com,GET,/orders/me,5.454,200,ok,0,steady
1791234533.209773,kiemthugialap043@gmail.com,GET,/concerts?on_sale=true,2.448,200,ok,0,steady
1791234533.2621067,kiemthugialap073@gmail.com,GET,/concerts?on_sale=true,8.369,200,ok,0,steady
1791234533.2625902,kiemthugialap093@gmail.com,GET,/concerts/{id},10.646,200,ok,0,steady
1791234533.2640238,kiemthugialap019@gmail.com,GET,/orders/me,10.818,200,ok,0,steady
1791234533.2643945,kiemthugialap091@gmail.com,GET,/orders/me,8.965,200,ok,0,steady
1791234533.2920277,kiemthugialap056@gmail.com,GET,/concerts,4.638,200,ok,0,steady
1791234533.2929287,kiemthugialap018@gmail.com,GET,/orders/me,6.101,200,ok,0,steady
1791234533.310915,kiemthugialap003@gmail.com,GET,/concerts/{id},8.847,200,ok,0,steady
1791234533.3129,kiemthugialap088@gmail.com,GET,/concerts,9.834,200,ok,0,steady
1791234533.3161705,kiemthugialap027@gmail.com,GET,/orders/me,4.962,200,ok,0,steady
1791234533.3282025,kiemthugialap097@gmail.com,GET,/orders/me,8.425,200,ok,0,steady
1791234533.3777838,kiemthugialap041@gmail.com,GET,/orders/me,9.081,200,ok,0,steady
1791234533.3782284,kiemthugialap085@gmail.com,GET,/orders/me,7.382,200,ok,0,steady
1791234533.393417,kiemthugialap074@gmail.com,GET,/orders/me,7.833,200,ok,0,steady
1791234533.3948932,kiemthugialap065@gmail.com,GET,/orders/me,7.969,200,ok,0,steady
1791234533.3972914,kiemthugialap004@gmail.com,GET,/orders/me,3.636,200,ok,0,steady
1791234533.4080195,kiemthugialap081@gmail.com,GET,/orders/me,4.781,200,ok,0,steady
1791234533.4258084,kiemthugialap077@gmail.com,GET,/concerts/{id},7.312,200,ok,0,steady
1791234533.4269457,kiemthugialap070@gmail.com,GET,/orders/me,7.811,200,ok,0,steady
1791234533.4589198,kiemthugialap006@gmail.com,GET,/orders/me,6.535,200,ok,0,steady
1791234533.4592862,kiemthugialap011@gmail.com,GET,/orders/me,5.727,200,ok,0,steady
1791234533.4754348,kiemthugialap048@gmail.com,GET,/orders/me,5.361,200,ok,0,steady
1791234533.479069,kiemthugialap047@gmail.com,GET,/orders/me,3.424,200,ok,0,steady
1791234533.4818158,kiemthugialap007@gmail.com,GET,/orders/me,2.62,200,ok,0,steady
1791234533.4948995,kiemthugialap076@gmail.com,GET,/concerts/{id},4.481,200,ok,0,steady
1791234533.4960077,kiemthugialap098@gmail.com,GET,/orders/me,6.342,200,ok,0,steady
1791234533.5259037,kiemthugialap068@gmail.com,GET,/orders/me,5.883,200,ok,0,steady
1791234533.5617907,kiemthugialap045@gmail.com,GET,/orders/me,8.057,200,ok,0,steady
1791234533.5627868,kiemthugialap005@gmail.com,GET,/orders/me,10.873,200,ok,0,steady
1791234533.563111,kiemthugialap009@gmail.com,GET,/orders/me,10.364,200,ok,0,steady
1791234533.564955,kiemthugialap030@gmail.com,GET,/orders/me,2.987,200,ok,0,steady
1791234533.5901616,kiemthugialap084@gmail.com,GET,/orders/me,5.371,200,ok,0,steady
1791234533.59318,kiemthugialap059@gmail.com,GET,/concerts?on_sale=true,2.8,200,ok,0,steady
1791234533.5965414,kiemthugialap034@gmail.com,GET,/orders/me,3.21,200,ok,0,steady
1791234533.6070852,kiemthugialap023@gmail.com,GET,/orders/me,3.667,200,ok,0,steady
1791234533.6231785,kiemthugialap090@gmail.com,GET,/concerts?on_sale=true,4.353,200,ok,0,steady
1791234533.6411283,kiemthugialap042@gmail.com,GET,/orders/me,5.594,200,ok,0,steady
1791234533.6447058,kiemthugialap015@gmail.com,GET,/orders/me,3.368,200,ok,0,steady
1791234533.6728086,kiemthugialap044@gmail.com,GET,/concerts?on_sale=true,4.361,200,ok,0,steady
1791234533.6912735,kiemthugialap082@gmail.com,GET,/orders/me,5.979,200,ok,0,steady
1791234533.6922827,kiemthugialap026@gmail.com,GET,/orders/me,6.46,200,ok,0,steady
1791234533.694252,kiemthugialap079@gmail.com,GET,/orders/me,2.835,200,ok,0,steady
1791234533.6970248,kiemthugialap033@gmail.com,GET,/orders/me,2.662,200,ok,0,steady
1791234533.705125,kiemthugialap032@gmail.com,GET,/orders/me,4.193,200,ok,0,steady
1791234533.7133539,kiemthugialap061@gmail.com,GET,/orders/me,5.246,200,ok,0,steady
1791234533.7240438,kiemthugialap094@gmail.com,GET,/orders/me,4.983,200,ok,0,steady
1791234533.7607038,kiemthugialap039@gmail.com,GET,/concerts/{id},8.239,200,ok,0,steady
1791234533.7621293,kiemthugialap017@gmail.com,GET,/orders/me,8.53,200,ok,0,steady
1791234533.7663677,kiemthugialap080@gmail.com,GET,/orders/me,4.039,200,ok,0,steady
1791234533.7703576,kiemthugialap091@gmail.com,GET,/orders/me,3.763,200,ok,0,steady
1791234533.7941325,kiemthugialap052@gmail.com,GET,/orders/me,7.808,200,ok,0,steady
1791234533.7945905,kiemthugialap058@gmail.com,GET,/orders/me,9.071,200,ok,0,steady
1791234533.8063982,kiemthugialap020@gmail.com,GET,/orders/me,4.996,200,ok,0,steady
1791234533.812043,kiemthugialap092@gmail.com,GET,/orders/me,5.351,200,ok,0,steady
1791234533.8238955,kiemthugialap008@gmail.com,GET,/orders/me,3.946,200,ok,0,steady
1791234533.8615975,kiemthugialap049@gmail.com,GET,/orders/me,8.59,200,ok,0,steady
1791234533.862139,kiemthugialap018@gmail.com,GET,/orders/me,10.701,200,ok,0,steady
1791234533.86246,kiemthugialap050@gmail.com,GET,/orders/me,9.102,200,ok,0,steady
1791234533.8905442,kiemthugialap064@gmail.com,GET,/orders/me,4.991,200,ok,0,steady
1791234533.9291267,kiemthugialap060@gmail.com,GET,/concerts?on_sale=true,8.337,200,ok,0,steady
1791234533.9309201,kiemthugialap071@gmail.com,GET,/orders/me,9.545,200,ok,0,steady
1791234533.9313211,kiemthugialap089@gmail.com,GET,/orders/me,9.582,200,ok,0,steady
1791234533.9319475,kiemthugialap072@gmail.com,GET,/orders/me,9.886,200,ok,0,steady
1791234533.9417896,kiemthugialap028@gmail.com,GET,/orders/me,5.09,200,ok,0,steady
1791234533.9612215,kiemthugialap053@gmail.com,GET,/orders/me,6.97,200,ok,0,steady
1791234533.9632952,kiemthugialap021@gmail.com,GET,/orders/me,10.301,200,ok,0,steady
1791234533.9728947,kiemthugialap038@gmail.com,GET,/concerts?on_sale=true,4.182,200,ok,0,steady
1791234533.9905603,kiemthugialap027@gmail.com,GET,/orders/me,4.748,200,ok,0,steady
1791234534.0265687,kiemthugialap096@gmail.com,GET,/orders/me,5.825,200,ok,0,steady
1791234534.02749,kiemthugialap001@gmail.com,GET,/orders/me,6.275,200,ok,0,steady
1791234534.0293944,kiemthugialap037@gmail.com,GET,/orders/me,2.658,200,ok,0,steady
1791234534.0409994,kiemthugialap062@gmail.com,GET,/concerts,3.785,200,ok,0,steady
1791234534.042016,kiemthugialap043@gmail.com,GET,/orders/me,5.755,200,ok,0,steady
1791234534.0750728,kiemthugialap078@gmail.com,GET,/concerts?on_sale=true,5.167,200,ok,0,steady
1791234534.0764623,kiemthugialap057@gmail.com,GET,/orders/me,5.683,200,ok,0,steady
1791234534.0798862,kiemthugialap069@gmail.com,GET,/orders/me,4.336,200,ok,0,steady
1791234534.0802283,kiemthugialap054@gmail.com,GET,/orders/me,5.015,200,ok,0,steady
1791234534.1100845,kiemthugialap010@gmail.com,GET,/orders/me,6.847,200,ok,0,steady
1791234534.1112564,kiemthugialap086@gmail.com,GET,/orders/me,7.104,200,ok,0,steady
1791234534.1125772,kiemthugialap055@gmail.com,GET,/concerts/{id},2.29,200,ok,0,steady
1791234534.1463065,kiemthugialap090@gmail.com,GET,/concerts?on_sale=true,6.304,200,ok,0,steady
1791234534.1474435,kiemthugialap016@gmail.com,GET,/concerts,9.269,200,ok,0,steady
1791234534.1480694,kiemthugialap098@gmail.com,GET,/orders/me,9.377,200,ok,0,steady
1791234534.1486013,kiemthugialap047@gmail.com,GET,/orders/me,11.138,200,ok,0,steady
1791234534.1745508,kiemthugialap066@gmail.com,GET,/concerts/{id},3.49,200,ok,0,steady
1791234534.2086377,kiemthugialap014@gmail.com,GET,/orders/me,7.534,200,ok,0,steady
1791234534.243097,kiemthugialap079@gmail.com,GET,/concerts,6.527,200,ok,0,steady
1791234534.2953641,kiemthugialap045@gmail.com,GET,/concerts,6.851,200,ok,0,steady
1791234534.296293,kiemthugialap012@gmail.com,GET,/concerts?on_sale=true,6.548,200,ok,0,steady
1791234534.2969034,kiemthugialap023@gmail.com,GET,/orders/me,10.318,200,ok,0,steady
1791234534.308342,kiemthugialap046@gmail.com,GET,/orders/me,6.925,200,ok,0,steady
1791234534.311768,kiemthugialap019@gmail.com,GET,/concerts,3.181,200,ok,0,steady
1791234534.3412113,kiemthugialap083@gmail.com,GET,/concerts/{id},6.116,200,ok,0,steady
1791234534.3760436,kiemthugialap041@gmail.com,GET,/concerts,5.566,200,ok,0,steady
1791234534.3774083,kiemthugialap097@gmail.com,GET,/concerts,8.49,200,ok,0,steady
1791234534.3786492,kiemthugialap035@gmail.com,GET,/orders/me,10.629,200,ok,0,steady
1791234534.3793156,kiemthugialap029@gmail.com,GET,/orders/me,10.003,200,ok,0,steady
1791234534.381423,kiemthugialap018@gmail.com,GET,/orders/me,5.18,200,ok,0,steady
1791234534.4132757,kiemthugialap075@gmail.com,GET,/orders/me,10.674,200,ok,0,steady
1791234534.415148,kiemthugialap068@gmail.com,GET,/orders/me,13.621,200,ok,0,steady
1791234534.4177508,kiemthugialap049@gmail.com,GET,/orders/me,4.182,200,ok,0,steady
1791234534.4219284,kiemthugialap031@gmail.com,GET,/concerts?on_sale=true,3.689,200,ok,0,steady
1791234534.4274862,kiemthugialap081@gmail.com,GET,/orders/me,5.385,200,ok,0,steady
1791234534.4280052,kiemthugialap002@gmail.com,GET,/concerts,4.703,200,ok,0,steady
1791234534.4300022,kiemthugialap004@gmail.com,GET,/concerts,1.861,200,ok,0,steady
1791234534.433173,kiemthugialap030@gmail.com,GET,/orders/me,3.035,200,ok,0,steady
1791234534.460018,kiemthugialap017@gmail.com,GET,/concerts?on_sale=true,5.948,200,ok,0,steady
1791234534.4610345,kiemthugialap070@gmail.com,GET,/concerts/{id},7.276,200,ok,0,steady
1791234534.4617002,kiemthugialap093@gmail.com,GET,/orders/me,8.448,200,ok,0,steady
1791234534.462924,kiemthugialap032@gmail.com,GET,/concerts/{id},2.731,200,ok,0,steady
1791234534.4650025,kiemthugialap073@gmail.com,GET,/concerts,1.963,200,ok,0,steady
1791234534.4953537,kiemthugialap087@gmail.com,GET,/concerts?on_sale=true,8.664,200,ok,0,steady
1791234534.4978244,kiemthugialap100@gmail.com,GET,/orders/me,10.375,200,ok,0,steady
1791234534.4981592,kiemthugialap051@gmail.com,GET,/orders/me,13.028,200,ok,0,steady
1791234534.498499,kiemthugialap033@gmail.com,GET,/orders/me,11.304,200,ok,0,steady
1791234534.50432,kiemthugialap088@gmail.com,GET,/orders/me,8.222,200,ok,0,steady
1791234534.5048223,kiemthugialap095@gmail.com,GET,/orders/me,8.361,200,ok,0,steady
1791234534.5052881,kiemthugialap056@gmail.com,GET,/orders/me,9.72,200,ok,0,steady
1791234534.523605,kiemthugialap025@gmail.com,GET,/concerts?on_sale=true,4.962,200,ok,0,steady
1791234534.5404167,kiemthugialap022@gmail.com,GET,/concerts/{id},4.527,200,ok,0,steady
1791234534.5762093,kiemthugialap028@gmail.com,GET,/orders/me,5.322,200,ok,0,steady
1791234534.5918832,kiemthugialap099@gmail.com,GET,/orders/me,6.243,200,ok,0,steady
1791234534.5948014,kiemthugialap053@gmail.com,GET,/orders/me,2.769,200,ok,0,steady
1791234534.6278915,kiemthugialap085@gmail.com,GET,/orders/me,8.201,200,ok,0,steady
1791234534.6322277,kiemthugialap058@gmail.com,GET,/concerts/{id},3.865,200,ok,0,steady
1791234534.6326492,kiemthugialap040@gmail.com,GET,/orders/me,14.428,200,ok,0,steady
1791234534.637407,kiemthugialap069@gmail.com,GET,/orders/me,9.366,200,ok,0,steady
1791234534.6738749,kiemthugialap082@gmail.com,GET,/concerts?on_sale=true,3.801,200,ok,0,steady
1791234534.6914093,kiemthugialap013@gmail.com,GET,/orders/me,5.857,200,ok,0,steady
1791234534.6946037,kiemthugialap090@gmail.com,GET,/orders/me,3.023,200,ok,0,steady
1791234534.725429,kiemthugialap086@gmail.com,GET,/orders/me,6.346,200,ok,0,steady
1791234534.731417,kiemthugialap020@gmail.com,GET,/orders/me,5.72,200,ok,0,steady
1791234534.7366273,kiemthugialap077@gmail.com,GET,/orders/me,4.913,200,ok,0,steady
1791234534.7424762,kiemthugialap098@gmail.com,GET,/orders/me,5.427,200,ok,0,steady
1791234534.756853,kiemthugialap067@gmail.com,GET,/orders/me,5.454,200,ok,0,steady
1791234534.7910569,kiemthugialap027@gmail.com,GET,/concerts,5.313,200,ok,0,steady
1791234534.806381,kiemthugialap059@gmail.com,GET,/concerts,4.084,200,ok,0,steady
1791234534.8245423,kiemthugialap063@gmail.com,GET,/concerts?on_sale=true,4.687,200,ok,0,steady
1791234534.915105,kiemthugialap007@gmail.com,GET,/orders/me,78.638,200,ok,0,steady
1791234534.928447,kiemthugialap003@gmail.com,GET,/concerts,12.367,200,ok,0,drain
1791234534.9317825,kiemthugialap006@gmail.com,GET,/orders/me,15.523,200,ok,0,drain
1791234534.9321566,kiemthugialap014@gmail.com,GET,/orders/me,16.916,200,ok,0,drain
1791234534.9325233,kiemthugialap047@gmail.com,GET,/orders/me,16.714,200,ok,0,drain
1791234534.9326553,kiemthugialap091@gmail.com,GET,/orders/me,17.082,200,ok,0,drain
